0.00400000	0.00000000	0.00000000	  18.41701889   -9.69134235 -487.73220825   11.19192314   16.31396103    2.01690912	 -16.28834915  -10.70614529 -516.30633545    4.48477364   -8.00550652    1.45605385	  14.30045055   -0.31785264 -510.96369050   11.85060438    2.46618228    2.30355085	 -25.83152249   -3.19556716 -537.63020342    5.46339208  -25.09675688    1.30180947	29.25540801	0	0.00000000	0.00000000	0.00000000	-0.00495028 -0.00085938  0.01229986	 0.00391489  0.00388837 -0.00137916	  4.78601921   4.18009673 -19.17912722 -40.58554649  14.63513184  11.85460091   4.33539692  -3.22135864  -7.98102379 -44.81412649  -7.33151627   5.00691235	-0.00239301 -0.00083602 -0.23520522  0.61096907 -0.36457348 -0.00370456 -0.00216770  0.00064427 -0.23800474  0.61211193 -0.35770890 -0.00156466	
0.00398000	0.00221173	0.00000000	  18.10037804   -9.01259422 -488.68682861   11.17424107   16.36543274    2.04752469	 -20.60221863  -16.23189354 -514.78021240    4.45524406   -7.87143183    1.48567975	  14.48904089   -0.53761661 -510.88964118   11.86353627    2.49525315    2.29873074	 -26.53055748   -4.04092128 -537.64050437    5.50844182  -25.13168802    1.32557638	29.27931080	0	0.00000000	0.00000000	0.00000000	-0.00497750 -0.00086923  0.01236479	 0.00301680  0.00168981 -0.00470926	  4.79287515   4.21530782 -19.11207003 -40.47113672  14.53656481  11.83126854   4.32555583  -3.18231868  -7.94502758 -44.76591797  -7.30402711   4.97537374	-0.00239301 -0.00083602 -0.23520522  0.61096907 -0.36457348 -0.00370456 -0.00216770  0.00064427 -0.23800474  0.61211193 -0.35770890 -0.00156466	
0.00400800	0.00443901	0.00000000	  17.44985199   -9.32267761 -486.08984375   11.13436890   16.30797768    2.04662371	 -20.90063477  -17.25344086 -513.73492432    4.43085527   -7.81895828    1.49220240	  14.41746176   -0.37512343 -511.06225861   11.84924878    2.47452970    2.31003768	 -26.67176936   -5.40981480 -536.85958016    5.55808352  -25.12018563    1.40759468	40.42604023	0	0.00000000	0.00000000	0.00000000	-0.00498575 -0.00085946  0.01238558	-0.00351607 -0.00197958  0.00198702	  4.81580786   4.33346575 -18.88076425 -40.07262798  14.19607713  11.74907459   4.29116434  -3.04740469  -7.81936528 -44.60410148  -7.21024757   4.86676193	-0.00239301 -0.00083602 -0.23520522  0.61096907 -0.36457348 -0.00370456 -0.00216770  0.00064427 -0.23800474  0.61211193 -0.35770890 -0.00156466	
0.00399600	0.00665963	0.00000000	  19.33606911  -10.36665154 -487.10763550   11.12649632   16.31026649    2.05055785	 -19.06672096  -16.52439308 -515.57073975    4.44147491   -7.87825012    1.48590004	  14.43439655   -0.49344058 -511.05260451   11.85209518    2.47615731    2.30828203	 -26.53732145   -4.93736673 -537.60903337    5.57441957  -25.11022285    1.36846775	40.52534870	0	0.00000000	0.00000000	0.00000000	-0.00492062 -0.00082120  0.01228283	-0.00351607 -0.00197958  0.00198702	  4.88235413   4.85716331 -18.63013065 -39.25527233  13.48309889  11.67206160   4.31784693  -2.73717476  -7.72267055 -44.68827035  -6.92209744   4.75331490	-0.00239301 -0.00083602 -0.23520522  0.61096907 -0.36457348 -0.00370456 -0.00216770  0.00064427 -0.23800474  0.61211193 -0.35770890 -0.00156466	
0.00398400	0.00887358	0.00000000	  17.82982445   -9.16783047 -490.08682251   11.18394470   16.34526634    2.05789948	 -15.03632641  -14.76167965 -513.65679932    4.37478352   -8.01215076    1.46459842	  14.65565495   -0.51183166 -510.51461218   11.85606599    2.49159645    2.32243606	 -24.28487828   -3.72072945 -537.02600291    5.52341387  -25.00700871    1.31358350	41.38160057	0	0.00000000	0.00000000	0.00000000	-0.00494758 -0.00085922  0.01234444	-0.00031994  0.00224181 -0.00446857	  4.95783150   5.34537477 -18.21134700 -38.21775262  12.60390138  11.52199244   4.31238548  -2.37082740  -7.52118427 -44.63027682  -6.61727026   4.56377083	-0.00239301 -0.00083602 -0.23520522  0.61096907 -0.36457348 -0.00370456 -0.00216770  0.00064427 -0.23800474  0.61211193 -0.35770890 -0.00156466	
0.00400400	0.01109864	0.00000000	  17.27735138  -10.40802097 -488.51345825   11.17023087   16.28631210    2.06063461	 -20.11653709  -16.32516861 -515.25177002    4.44282532   -7.85762882    1.50888777	  14.17357539   -0.63957718 -511.19306788   11.87526147    2.42049640    2.32385393	 -25.70817179   -4.27135728 -537.63669471    5.52690398  -25.08234073    1.34614174	41.42191858	0	0.00000000	0.00000000	0.00000000	-0.00495344 -0.00087509  0.01232923	-0.00036865 -0.00177935  0.00175441	  5.09637013   6.64125395 -17.97078865 -36.54746063  11.20456877  11.43011742   4.49100244  -1.74505654  -7.44703012 -45.35066020  -5.95105874   4.41032368	-0.00239301 -0.00083602 -0.23520522  0.61096907 -0.36457348 -0.00370456 -0.00216770  0.00064427 -0.23800474  0.61211193 -0.35770890 -0.00156466	
0.00399200	0.01331703	0.00000000	  17.82122231   -9.82561779 -487.74600220   11.17406940   16.19231224    2.05855393	 -19.94182587  -16.21003723 -514.23626709    4.44451046   -7.86287642    1.49685013	  14.10841072   -0.52874135 -511.00320403   11.86045809    2.36743429    2.31435496	 -24.41432913   -4.05367635 -537.17886525    5.48308286  -25.00686238    1.35275183	40.12746953	0	0.00000000	0.00000000	0.00000000	-0.00494434 -0.00086123  0.01221823	-0.00036865 -0.00177935  0.00175441	  5.24547176   7.56850286 -17.47123143 -34.82781444   9.81154794  11.23409195   4.58928656  -1.15908067  -7.23078958 -45.67152655  -5.41138339   4.18188515	-0.00239301 -0.00083602 -0.23520522  0.61097676 -0.36458114 -0.00370456 -0.00216770  0.00064427 -0.23800474  0.61211193 -0.35770890 -0.00156466	
0.00400000	0.01553987	0.00000000	  16.83167267  -10.10505867 -486.94696045   11.16842556   16.10149002    2.02614975	 -20.43861771  -17.64700508 -515.24041748    4.44260597   -7.87853003    1.53771353	  13.77922047   -0.45624256 -510.46735281   11.85915758    2.27799415    2.30472301	 -25.85630698   -5.34301040 -537.48890605    5.55295924  -25.08632187    1.40140663	40.03154734	0	0.00000000	0.00000000	0.00000000	-0.00494132 -0.00088717  0.01220841	-0.00368383 -0.00383012  0.00187134	  5.45101095   9.68885706 -17.25752032 -32.15233717   7.87013255  11.04467512   4.95357497  -0.30200626  -7.17613975 -47.20654508  -4.47181006   3.92260815	-0.00239301 -0.00081301 -0.23520522  0.61099207 -0.36460415 -0.00370456 -0.00216770  0.00065194 -0.23800474  0.61211193 -0.35770890 -0.00156466	
0.00399200	0.01775827	0.00000000	  17.94155121   -9.16927052 -486.36605835   11.20380974   15.80020714    2.07343531	 -21.29065514  -16.57825661 -514.31573486    4.46343946   -7.81798363    1.50832105	  14.22213948   -0.36788418 -509.03645406   11.83910391    2.16209278    2.32116555	 -25.73622955   -4.57329824 -537.70796711    5.57931673  -25.05600190    1.36960467	37.10671057	0	0.00000000	0.00000000	0.00000000	-0.00494301 -0.00094717  0.01216075	 0.00215387  0.00047735 -0.00000686	  5.67555931  11.00594788 -16.72276770 -29.69420810   6.09992127  10.76867691   5.17987198   0.43378122  -6.96750866 -48.08409753  -3.76832549   3.66287810	-0.00239301 -0.00076699 -0.23520522  0.61101508 -0.36465785 -0.00370456 -0.00216770  0.00066728 -0.23800474  0.61211193 -0.35770124 -0.00156466	
0.00397600	0.01996777	0.00000000	  15.99445820   -7.38258648 -483.55780029   11.25348473   15.36508465    2.13313317	 -19.69951820  -15.19940186 -513.83166504    4.49405050   -7.75105715    1.54322016	  13.57850017    0.49313687 -507.97952098   11.81828042    1.87629364    2.31387254	 -25.61008695   -4.71143403 -536.85058036    5.57811345  -24.97051770    1.36316791	37.11358435	0	0.00000000	0.00000000	0.00000000	-0.00493402 -0.00114659  0.01216703	 0.00215387  0.00047735 -0.00000686	  5.99377214  13.86860656 -16.53255888 -25.92989921   3.80998527  10.35233439   5.67724325   1.37259922  -6.94948918 -50.45750760  -2.67713733   3.23086335	-0.00239301 -0.00069029 -0.23520522  0.61106879 -0.36473453 -0.00370456 -0.00216770  0.00069796 -0.23800474  0.61210424 -0.35768589 -0.00156466	
0.00401600	0.02219950	0.00000000	  13.18815708   -8.32499790 -480.84628296   11.21781158   14.96970463    2.09757710	 -19.05642319  -15.88094997 -512.70373535    4.51803207   -7.67076397    1.49072206	  12.11072220    1.09121075 -506.63554493   11.80097526    1.43103293    2.31100105	 -25.43827773   -5.08467891 -535.45353392    5.57813843  -24.86256114    1.39983572	35.49920520	0	0.00000000	0.00000000	0.00000000	-0.00484163 -0.00145652  0.01203780	-0.00481970 -0.00143378 -0.00147458	  6.28795352  15.46493602 -15.99268463 -22.78334029   1.84889466   9.94223494   6.04589763   2.16302183  -6.80422334 -51.90640005  -1.98246492   2.95425115	-0.00239301 -0.00058291 -0.23520522  0.61116081 -0.36486492 -0.00371223 -0.00215984  0.00074398 -0.23799707  0.61208886 -0.35767055 -0.00156466	
0.00397600	0.02440900	0.00000000	  13.67207432   -6.84600782 -474.14404297   11.26394176   14.35219955    2.16591001	 -19.60772324  -15.36332512 -513.98413086    4.51523638   -7.53345013    1.53695643	  11.03943504    2.35197555 -501.58277295   11.73633998    0.93893030    2.30484620	 -25.76694414   -4.27494206 -534.66291438    5.57467803  -24.72068978    1.39033576	35.43544373	0	0.00000000	0.00000000	0.00000000	-0.00470902 -0.00191631  0.01183063	-0.00687358 -0.00116210  0.00062443	  6.64735825  18.87429238 -15.69436721 -17.56558124  -0.18911839   9.03566772   6.59056276   2.86679188  -6.79362210 -54.69782904  -1.05481010   2.19329323	-0.00239301 -0.00042951 -0.23520522  0.61131424 -0.36503366 -0.00372757 -0.00215984  0.00080534 -0.23799707  0.61206585 -0.35763222 -0.00157233	
0.00399600	0.02662962	0.00000000	  12.71707535   -5.12899399 -467.24942017   11.30114651   13.66255665    2.21121383	 -21.66687393  -14.50412941 -512.72705078    4.77336502   -7.36947060    1.65773559	   8.95481022    3.38954645 -495.99960109   11.69992245    0.39572525    2.30776547	 -25.77145034   -3.58707780 -536.00889033    5.59256427  -24.65166545    1.40764201	34.61820872	0	0.00000000	0.00000000	0.00000000	-0.00454709 -0.00267258  0.01160719	-0.00687358 -0.00116210  0.00062443	  6.97955739  20.58848418 -15.13975201 -13.63348371  -2.08877889   8.43591308   7.10104044   3.55816678  -6.76404924 -56.64192840  -0.54378429   1.87440459	-0.00239301 -0.00021476 -0.23520522  0.61156732 -0.36526376 -0.00375058 -0.00215984  0.00088971 -0.23798940  0.61202753 -0.35759386 -0.00159534	
0.00399200	0.02884801	0.00000000	   9.22988129   -2.85829854 -458.59805298   11.26519108   12.96654510    2.35265589	 -12.79982662  -15.82935143 -511.58679199    4.55913687   -7.48655367    1.57280076	   6.63519754    5.05482702 -488.47593535   11.60450464   -0.16496146    2.30907589	 -24.83255237   -2.13357803 -535.66908778    5.59374134  -24.50765086    1.37958267	34.29002000	0	0.00000000	0.00000000	0.00000000	-0.00426009 -0.00380654  0.01109411	-0.01023741 -0.00432219  0.00159732	  7.19885863  24.24669925 -14.63621683  -6.96234877  -3.60168242   7.00913863   7.55270925   3.90969752  -6.71435623 -59.48788265  -0.14281105   0.72125148	-0.00238534  0.00009971 -0.23520522  0.61194319 -0.36557823 -0.00380427 -0.00215199  0.00101243 -0.23798172  0.61197382 -0.35754785 -0.00163369	
0.00399200	0.03106641	0.00000000	   4.32287407    0.33441257 -443.08139038   11.19681931   11.95497227    2.39995861	 -21.40828705  -17.21921349 -517.45825195    4.50815010   -7.07789564    1.60077333	   3.56020446    6.64653589 -476.96778955   11.44135267   -0.92706323    2.33072545	 -24.63146164   -3.84736730 -537.20586491    5.61940966  -24.38447025    1.42844157	34.07317672	0	0.00000000	0.00000000	0.00000000	-0.00384445 -0.00525372  0.01026018	-0.02151340 -0.01025339  0.00184254	  7.40079550  25.73276600 -14.03300646  -2.39540095  -5.24690720   6.21178328   8.15442715   4.43314928  -6.80037970 -61.78611327   0.08692309   0.42798153	-0.00238534  0.00052155 -0.23520522  0.61248004 -0.36601540 -0.00390398 -0.00214414  0.00119650 -0.23797406  0.61189711 -0.35750180 -0.00170272	
0.00400400	0.03329147	0.00000000	  -1.43184006    1.48977137 -428.84170532   11.09451008   10.91381264    2.47719789	 -17.13136673  -17.21747398 -517.16510010    4.52073860   -7.08519888    1.53602791	  -0.67078306    9.32686070 -461.80384154   11.16367680   -1.74466293    2.28778326	 -25.12780949   -4.29440784 -538.94908638    5.62273420  -24.34318221    1.43286756	33.98243972	0	0.00000000	0.00000000	0.00000000	-0.00329176 -0.00714712  0.00913437	-0.02151340 -0.01025339  0.00184254	  7.28431800  29.09012775 -13.34709505   5.46726962  -6.23109072   4.14373094   8.37089302   4.27825055  -6.74148316 -64.64511162  -0.29123502  -1.06672300	-0.00237767  0.00108913 -0.23520522  0.61322403 -0.36656764 -0.00405738 -0.00213628  0.00148029 -0.23795871  0.61181277 -0.35744047 -0.00181010	
0.00399200	0.03550987	0.00000000	  -8.10181236    4.09415102 -407.63601685   10.94090843    9.96404266    2.54035974	 -17.01725769  -17.61246109 -520.65533447    4.48532057   -6.94384098    1.50895703	  -5.61510564   10.65974523 -446.02105019   10.90949513   -2.57339882    2.27056990	 -23.62204409   -5.18359286 -540.79797134    5.65122917  -24.22150521    1.43697228	34.57481631	0	0.00000000	0.00000000	0.00000000	-0.00249618 -0.00947963  0.00766969	-0.04175275 -0.01046394 -0.00018713	  7.26796426  29.78904426 -12.78991662  10.11209701  -7.70833786   3.34915346   8.95512938   4.63321764  -6.88198556 -67.58275431  -0.21510768  -0.92638258	-0.00237000  0.00176408 -0.23522824  0.61422110 -0.36720425 -0.00431815 -0.00212057  0.00186379 -0.23793571  0.61172074 -0.35738677 -0.00197883	
0.00400000	0.03773271	0.00000000	 -13.60743427    5.95029545 -388.57113647   10.59241009    9.39100075    2.51573491	 -15.66837883  -19.46275520 -527.94970703    4.42224169   -6.67908144    1.45134592	 -11.48613997   13.16605041 -424.69965063   10.45782599   -3.22758910    2.21112604	 -22.54402845   -5.16288412 -544.59048111    5.59815757  -24.08746524    1.40527766	34.42832444	0	0.00000000	0.00000000	0.00000000	-0.00135403 -0.01257586  0.00550392	-0.07905651 -0.01772915  0.00169376	  6.84177863  32.32428098 -11.97418972  17.51276557  -8.36858794   0.81367196   8.47439878   3.94775612  -6.74026871 -70.64195875  -1.07812814  -2.37162607	-0.00236233  0.00259243 -0.23528959  0.61551732 -0.36800960 -0.00468631 -0.00211272  0.00233165 -0.23789737  0.61159801 -0.35733309 -0.00223194	
0.00398400	0.03994665	0.00000000	 -19.53998375    8.17782879 -362.96194458   10.08549023    8.74232006    2.49390054	 -14.63195419  -19.95573807 -542.93792725    4.42872858   -6.57087183    1.39595687	 -17.75966894   14.67917533 -403.25895219   10.01833753   -3.66053588    2.14741226	 -22.91548509   -6.93080127 -554.71575779    5.78404077  -24.15811109    1.40835158	36.01872253	0	0.00000000	0.00000000	0.00000000	 0.00026546 -0.01714657  0.00218311	-0.07905651 -0.01772915  0.00169376	  6.66381057  31.60675376 -11.28652112  21.61031347  -9.57668823  -0.09045692   9.12570292   3.81750980  -6.96945646 -74.13360048  -1.21275198  -1.58957211	-0.00235466  0.00358184 -0.23541231  0.61713570 -0.36895299 -0.00518485 -0.00210487  0.00291456 -0.23785134  0.61142927 -0.35727939 -0.00256175	
0.00400000	0.04216949	0.00000000	 -24.12189674    8.56878281 -337.66253662    9.52950382    8.60889244    2.54809809	 -13.20991135  -21.13199615 -559.10607910    4.52532387   -6.63832188    1.27811432	 -23.79290219   16.07852391 -377.47741328    9.36716787   -3.71826626    2.09682097	 -21.37624694   -8.12263630 -570.35207998    5.89747254  -24.46936990    1.35563272	35.73521000	0	0.00000000	0.00000000	0.00000000	 0.00190474 -0.02191894 -0.00113578	-0.07905651 -0.01772915  0.00169376	  6.06254571  33.01140279  -9.94386236  28.80042334  -9.58569793  -2.43362555   8.22633665   2.72264235  -6.97939249 -76.85515709  -2.26600563  -3.31592460	-0.00235466  0.00475534 -0.23561174  0.61911452 -0.37003443 -0.00588281 -0.00210487  0.00360485 -0.23778999  0.61117619 -0.35724103 -0.00291456	
0.00399600	0.04439011	0.00000000	 -27.46450806   10.16936016 -297.61621094    8.75325203    8.38392448    2.54557323	 -10.60004807  -22.10905457 -590.79302979    4.61033535   -6.92408848    1.18292344	 -27.85793803   16.18648130 -344.65754898    8.63317048   -3.29731171    2.12693490	 -19.43041847   -7.82564569 -594.80141843    5.97418893  -25.23297690    1.22772606	34.86616953	0	0.00000000	0.00000000	0.00000000	 0.00382966 -0.02708153 -0.00516036	-0.12322543 -0.03382224  0.00425319	  5.55139707  31.31100697  -9.02893724  32.19108770 -10.54349505  -2.85770998   8.75869938   2.39328247  -7.52850611 -80.14753166  -1.50727774  -2.10675761	-0.00235466  0.00606689 -0.23593387  0.62146151 -0.37127697 -0.00677252 -0.00210487  0.00443320 -0.23770562  0.61085403 -0.35722572 -0.00332874	
0.00400000	0.04661295	0.00000000	 -27.34520531   11.99637318 -265.21109009    8.09334660    8.54441929    2.46389151	 -11.10741329  -23.49808884 -625.57440186    4.79903841   -7.12511301    1.03275001	 -30.17215370   16.89002051 -312.65068971    7.89110762   -2.54068556    2.10688553	 -17.98083127   -8.62865059 -621.91908792    6.17678443  -26.14148919    1.16233807	34.69072233	0	0.00000000	0.00000000	0.00000000	 0.00666310 -0.03335558 -0.01092418	-0.15541594 -0.04971545  0.00377670	  5.03745674  29.77496899  -8.15637035  35.00577214 -11.34926233  -3.13265732   8.97151710   1.57223103  -7.96423623 -82.44650456  -0.27195033  -1.02155130	-0.00235466  0.00756252 -0.23633270  0.62416899 -0.37268823 -0.00786932 -0.00210487  0.00537660 -0.23758289  0.61045521 -0.35722572 -0.00384262	
0.00398800	0.04882912	0.00000000	 -24.15938187   11.87612534 -240.19602966    7.42556095    8.25498962    2.51904774	  -9.09662914  -19.37346840 -660.32769775    5.15586519   -7.73799992    0.84340239	 -29.00372455   17.02468645 -283.64347377    7.21286487   -1.60802628    2.12150161	 -19.30891799   -9.70655656 -655.26065597    6.51111836  -27.54469910    0.94570031	34.19814577	0	0.00000000	0.00000000	0.00000000	 0.00960810 -0.04096324 -0.01696650	-0.20661258 -0.06088320  0.00968296	  4.39822757  26.97759277  -7.67162500  36.80673290 -12.94350248  -3.42429777   9.14169079   0.41528440  -8.71290056 -84.92649144   1.16990873   0.92545747	-0.00235466  0.00921922 -0.23682357  0.62729061 -0.37424523 -0.00916553 -0.00209701  0.00647340 -0.23742950  0.60999501 -0.35722572 -0.00443320	
0.00399200	0.05104752	0.00000000	 -19.43550873   10.11633015 -225.43923950    6.78844309    7.84715557    2.69663215	 -10.26330566  -25.30374908 -700.87683105    5.06904697   -7.85751009    0.79324573	 -24.98748071   15.96349597 -260.39661556    6.52421258   -0.96877400    2.19932728	 -19.64873452   -9.29358163 -695.43135243    6.61888999  -29.20989008    0.82978580	35.19549830	0	0.00000000	0.00000000	0.00000000	 0.01217953 -0.04919836 -0.02284256	-0.26505192 -0.06867614  0.01703089	  3.99425680  24.02407219  -7.03716080  37.53778452 -14.23061232  -3.88275395   8.83148911  -1.44643263  -9.55310044 -86.44929445   2.63399528   2.56081020	-0.00235466  0.01103699 -0.23742183  0.63081878 -0.37597093 -0.01065349 -0.00208916  0.00770825 -0.23721474  0.60955018 -0.35722572 -0.00501612	
0.00399200	0.05326591	0.00000000	 -21.31436348    9.09539986 -200.41833496    5.96660566    6.97038937    2.35358787	 -22.33192444  -24.06923676 -741.16094971    5.56462765   -7.15103626    0.67500794	 -22.94876838   14.56430423 -239.53091141    5.92765965   -0.87963909    2.11346369	 -24.22305141   -8.20020270 -734.86615419    6.88447177  -30.44844157    0.74949162	35.92116973	0	0.00000000	0.00000000	0.00000000	 0.01361398 -0.05806716 -0.02806022	-0.26505192 -0.06867614  0.01703089	  3.41814515  19.95188010  -6.47840676  37.38000922 -16.22413159  -4.04806476   8.94766684  -4.30857887 -10.60564257 -87.87271823   5.24226593   4.78521306	-0.00235466  0.01287777 -0.23811978  0.63461536 -0.37786540 -0.01232553 -0.00208130  0.00907349 -0.23694628  0.60915130 -0.35718736 -0.00564505	
0.00400000	0.05548875	0.00000000	 -25.96183777    8.69978714 -156.44207764    4.81392479    7.20619106    2.04931569	 -17.73842812  -20.40622330 -772.29284668    6.10908556   -6.61486769    0.70088524	 -25.67126312   10.46145142 -204.17138457    5.14377557   -0.51817344    1.99634388	 -27.27731662   -8.33815308 -769.45637243    7.28437891  -31.16589890    0.73478130	37.87496409	0	0.00000000	0.00000000	0.00000000	 0.01755518 -0.06263796 -0.03492597	-0.32647573 -0.10103138  0.00777798	  2.68255394  16.05653345  -5.53840647  35.89571378 -17.45911483  -4.12105108   8.46477667  -7.10497951 -11.58338174 -88.38805620   7.82062349   6.49150202	-0.00236233  0.01494864 -0.23890212  0.63865745 -0.37994397 -0.01416631 -0.00208130  0.01056913 -0.23660882  0.60875249 -0.35713366 -0.00622029	
0.00400000	0.05771159	0.00000000	 -20.72362137    6.61046267 -113.36389160    3.86522174    6.59281111    1.92572176	 -19.02317810  -25.15120125 -805.68640137    6.50449133   -5.52348852    0.61662167	 -25.97242162    8.57366472 -160.97944743    4.11799165    0.60250865    1.90158433	 -25.22758752   -7.91570900 -805.13836458    7.75770091  -31.36630787    0.66540028	39.14884655	0	0.00000000	0.00000000	0.00000000	 0.02100749 -0.06766986 -0.03954211	-0.36682087 -0.09663911  0.00656972	  1.51165115  11.49518068  -4.91803280  32.97448802 -18.47311850  -3.70590557  -0.20864096 -11.02929130 -12.44400185 -87.61414404  10.39195814   7.89498020	-0.00237000  0.01712689 -0.23979950  0.64291424 -0.38222191 -0.01613748 -0.00207345  0.01215679 -0.23619464  0.60841501 -0.35704929 -0.00672650	
0.00398800	0.05992776	0.00000000	-19.23404694   7.34011841 -72.85780334   2.94646883   5.32412720   1.52486038	 -14.59209824  -26.13260841 -827.08984375    7.18040657   -3.79535079    0.74706697	 -22.45153511   10.06356625 -124.22281246    3.12537170    1.20275340    1.51020709	 -23.61771205   -7.05038874 -832.29003341    8.37173292  -30.83667140    0.66116702	40.54916215	0	0.00000000	0.00000000	0.00000000	 0.02197463 -0.07576015 -0.04424405	-0.36682087 -0.09663911  0.00656972	  0.45848409   7.77824160  -4.09791365  29.86103743 -19.23877156  -3.37428204  -0.11172293 -15.49160539 -13.59333334 -86.48118462  12.27538779   8.99693362	-0.00238534  0.01935116 -0.24082726  0.64733976 -0.38470697 -0.01818534 -0.00209701  0.01379815 -0.23574212  0.60819256 -0.35690355 -0.00715602	
0.00398800	0.06214393	0.00000000	-17.92999840  12.72632313 -41.55345154   2.24772072   3.40264463   0.79819524	  -7.42331553  -30.41901398 -846.91387939    7.70004320   -1.74891746    0.81459886	-19.68933475  11.83993143 -89.75746320   2.12233188   1.05077954   0.75303014	 -20.30150317  -10.15682600 -853.46975810    9.04981831  -29.40684687    0.86332984	42.67572562	0	0.00000000	0.00000000	0.00000000	 0.02353678 -0.08254358 -0.05172877	-0.42646153 -0.11674062  0.02347218	 -0.71472082   4.36847024  -3.18416539  26.83233781 -19.89162030  -3.05887821   0.20805182 -20.39062161 -14.31176596 -84.44095831  15.29040403  10.08633665	-0.00238534  0.02161378 -0.24194707  0.65189570 -0.38739142 -0.02027922 -0.00215199  0.01537815 -0.23519756  0.60811585 -0.35669649 -0.00747815	
0.00400000	0.06436677	0.00000000	-16.72760963   8.52651501 -23.25763321   1.36135221   1.98238814  -0.12783691	   4.13377142  -41.98231888 -885.48388672    8.03075886   -0.28608370    0.67257953	-18.70062271  10.45448660 -61.67216963   1.23523247   0.29409151   0.13719605	 -10.74444425  -18.38839076 -883.71685212   10.13158621  -27.84378150    1.19723381	44.48175835	0	0.00000000	0.00000000	0.00000000	 0.02439598 -0.08635973 -0.05818150	-0.44801198 -0.13340955  0.00753485	 -1.64166085   2.18894013  -3.32014598  24.17720939 -19.61701297  -2.83528052   0.30237826 -25.43351197 -14.49560818 -81.57493661  17.48325309   9.85803323	-0.00237767  0.02388408 -0.24307455  0.65622920 -0.39031366 -0.02241145 -0.00221482  0.01711155 -0.23453794  0.60816956 -0.35638967 -0.00766990	
0.00398800	0.06658294	0.00000000	-17.04774475   0.34567881 -14.79331112   0.57481229   1.38298357  -0.80939698	  -1.37058949  -55.79330063 -933.73657227    8.48267746    3.72061491    0.05330672	-17.81773781   4.42460269 -46.25973819   0.80766684  -0.28146694  -0.32408237	  -8.75686644  -27.12418965 -924.30038731   11.26318032  -26.54530687    1.14576408	45.63863862	0	0.00000000	0.00000000	0.00000000	 0.02701641 -0.08864940 -0.06572019	-0.44801198 -0.13340955  0.00753485	 -2.09011124   0.44074168  -3.91477880  21.84308941 -18.77586777  -2.08232607   0.27005916 -30.77984928 -14.44641957 -78.90217605  20.02028585   9.95002043	-0.00237000  0.02612369 -0.24435543  0.66088480 -0.39350435 -0.02451301 -0.00224624  0.01882961 -0.23378628  0.60829997 -0.35596785 -0.00771592	
0.00399600	0.06880356	0.00000000	-6.54289579 -8.71871662 -8.49253559 -0.35217649 -0.44659567 -1.22258914	   0.85779363  -66.93537903 -978.18597412    9.18533325    8.16662216   -0.48200923	-11.52126487  -1.87608153 -34.12607266   0.44708039  -1.00790509  -0.74041492	 -10.65534497  -37.07471290 -966.19179595   12.61933192  -23.70352458    0.97902758	46.28561233	0	0.00000000	0.00000000	0.00000000	 0.02966913 -0.08778366 -0.07633930	-0.43846639 -0.11017505  0.00789968	 -2.48626007  -0.26950046  -4.37371314  20.39730116 -17.82406143  -1.56466414   0.21461025 -35.22141289 -14.34524254 -76.51472546  22.21941202   9.78751074	-0.00237767  0.02832495 -0.24572065  0.66554046 -0.39685610 -0.02653786 -0.00225409  0.02052466 -0.23290426  0.60849172 -0.35554600 -0.00766223	
0.00400000	0.07102640	0.00000000	-12.78282070  -1.07348442 -10.88451195   0.47504890   0.54138124  -0.76030666	   11.35676289   -74.32139587 -1011.78326416     9.92787647    12.49783421    -0.77844524	-11.11867110  -2.92582021 -32.14483337   0.44139251  -1.18885456  -0.85158508	   -7.40826195   -47.21461535 -1008.31925104    14.01642275   -20.35573109     0.91761501	47.50200740	0	0.00000000	0.00000000	0.00000000	 0.03256566 -0.08755213 -0.08456088	-0.42881978 -0.13324111  0.00603817	 -2.98835117  -0.97309473  -5.29971297  18.80757183 -17.03088278  -0.94228411   0.15401661 -39.95721753 -14.21951182 -73.78674349  24.80441899   9.38835205	-0.00237767  0.03052621 -0.24717027  0.67015773 -0.40031523 -0.02832495 -0.00224624  0.02214301 -0.23189183  0.60877550 -0.35504743 -0.00748582	
0.00399200	0.07324479	0.00001613	-11.89633179   7.45802355  -4.76790857   0.83207166   0.25196931  -0.58297116	   20.00860977   -82.22689819 -1030.97326660    10.62489319    17.34062576    -1.09912145	-11.87659441   2.80998172 -30.41171376   0.36122615  -0.92555948  -0.75192994	   -1.08709081   -54.62438556 -1038.15025514    15.27622852   -16.39145141     0.88114771	48.30190888	0	0.00000000	0.00000000	0.00000000	 0.03608322 -0.08658822 -0.08904686	-0.44220159 -0.16411310  0.00783506	 -3.61571840  -1.39247653  -6.59475160  17.64823428 -16.54103592  -0.60310563   0.11392185 -44.53946345 -14.35758642 -71.36393060  26.89220415   8.51892536	-0.00237767  0.03270447 -0.24867357  0.67475969 -0.40385103 -0.03011971 -0.00223838  0.02369233 -0.23075669  0.60912830 -0.35454124 -0.00721738	
0.00400000	0.07548556	0.00005041	-10.02438259   5.60291290  -3.32353950   0.72971272   0.07251177   0.15426239	   25.05720711   -93.73880005 -1053.45336914    10.94528675    22.01877594    -1.46265101	-10.44132336   6.45210917 -27.54057243   0.34701787  -1.06529503  -0.53427984	    5.62437803   -61.25998939 -1061.66313332    16.35978804   -11.75771124     0.74666775	49.73013873	0	0.00000000	0.00000000	0.00000000	 0.03908419 -0.08327765 -0.08862674	-0.45519627 -0.15050091 -0.01048895	 -4.09025106  -1.66480553  -8.30974739  16.56255922 -15.83634480  -0.32421389   0.11415747 -48.75265501 -14.48889837 -68.80297202  29.60481741   7.62941835	-0.00238534  0.03485971 -0.25022289  0.67933095 -0.40724880 -0.03183009 -0.00223838  0.02514194 -0.22953716  0.60956550 -0.35403502 -0.00693359	
0.00399600	0.07776220	0.00005931	-13.25384903   0.59435827  -8.78727245   0.39865863   0.78710616  -0.59555107	   29.49436951   -90.02869415 -1056.25415039    11.97584820    26.80194283    -1.66178727	-13.00437010   4.35238847 -27.68514014   0.40053776  -0.90323641  -0.61930971	   10.16963195   -68.56277624 -1075.49832694    17.43613409    -6.64277449     0.74319199	51.05419616	0	0.00000000	0.00000000	0.00000000	 0.04206998 -0.07825067 -0.08765400	-0.43151164 -0.15394504 -0.02140717	 -4.54393222  -2.24870826 -10.31892167  15.35968505 -14.40828767  -0.00669743   0.12723434 -53.84159404 -15.05104993 -66.23676414  31.72762910   6.49086511	-0.00240835  0.03713000 -0.25184891  0.68377179 -0.41093802 -0.03342544 -0.00223838  0.02649184 -0.22830999  0.61014074 -0.35355181 -0.00668048	
0.00398800	0.08004429	0.00005485	-6.83553028 -5.44364452 -3.23826432  0.08127671 -0.20949496 -1.34558225	   32.49712753   -99.63448334 -1045.83874512    11.92823029    32.00905609    -1.87874246	-11.27273773  -1.91989986 -27.30976929   0.37785441  -0.92724058  -0.52486005	   11.36561276   -72.32568621 -1075.34276507    18.24602521    -1.63621734     0.75581432	52.08548242	0	0.00000000	0.00000000	0.00000000	 0.04347411 -0.07461940 -0.08320931	-0.43151164 -0.15394504 -0.02140717	 -5.03618706  -3.23118131 -12.48093712  14.49213850 -13.13091203  -0.02016215   0.13182892 -58.38227877 -15.49584825 -63.61859054  34.60139326   5.18534509	-0.00244670  0.03944631 -0.25344425  0.68806696 -0.41468862 -0.03489805 -0.00223838  0.02773437 -0.22698309  0.61087704 -0.35314530 -0.00646573	
0.00399600	0.08232587	0.00007409	-3.68102860 -7.98745108 -5.49446774 -0.13005173 -0.39034289 -0.56302196	   34.16624832  -109.77952576 -1044.17565918    11.88549805    36.43040848    -2.20478177	 -5.99264055  -6.03196566 -27.12751950   0.44776470  -1.13979821  -0.93737310	   10.54724554   -81.11939029 -1071.50578526    18.86729375     3.21905376     0.74134764	54.26324432	0	0.00000000	0.00000000	0.00000000	 0.04330537 -0.07145872 -0.08106887	-0.44437568 -0.14388213  0.00614308	 -5.12518976  -4.32257008 -14.48015832  14.33582483 -11.98588412  -0.32427684   0.13418512 -62.28212718 -15.22911520 -61.03325040  37.90455911   4.05210147	-0.00248505  0.04183932 -0.25501660  0.69224703 -0.41845453 -0.03619427 -0.00223838  0.02886184 -0.22566387  0.61171305 -0.35282317 -0.00630466	
0.00398800	0.08462439	0.00010607	-7.18103313 -1.08051634 -8.43866444  0.41886759  0.01529915 -0.67894942	   37.23939133  -120.62614441 -1043.31701660    11.77887726    40.73848724    -2.74585438	 -3.81281231  -2.81424676 -29.58717146   0.40005242  -0.97162357  -0.75163358	   11.03957009   -93.36307092 -1070.80226480    19.57240116     8.19410280     0.66870143	55.84048075	0	0.00000000	0.00000000	0.00000000	 0.04304146 -0.06451145 -0.07898736	-0.43986539 -0.12751651 -0.01800974	 -5.00007446  -6.33989141 -16.96309630  13.85703411 -10.64994505  -0.59585532   0.15931804 -67.38961338 -15.73527496 -58.33907689  41.69982054   2.55862457	-0.00251573  0.04432436 -0.25657359  0.69636577 -0.42226648 -0.03730641 -0.00224624  0.02988194 -0.22441368  0.61266410 -0.35261610 -0.00619728	
0.00400800	0.08696955	0.00012313	-3.75797057  4.62099409 -6.09377050  0.81334502 -0.29780117 -0.11045222	   37.66498184  -127.84836578 -1039.45324707    11.24036312    43.67375565    -3.06929469	 -4.04493013   1.37848762 -29.67123164   0.45865435  -1.02441531  -0.45243243	   10.60867602  -102.67555806 -1067.72992456    19.95229566    12.34432182     0.57057722	56.92758433	0	0.00000000	0.00000000	0.00000000	 0.03998924 -0.05679255 -0.07217658	-0.43986539 -0.12751651 -0.01800974	 -5.38996922  -8.01007725 -19.33786586  14.38783613  -9.73399616  -0.98161499   0.15931804 -72.58198365 -15.09244589 -56.14973062  45.48081180   0.75920404	-0.00254641  0.04682475 -0.25812289  0.70042318 -0.42609376 -0.03826514 -0.00224624  0.03078699 -0.22325552  0.61370724 -0.35253939 -0.00612825	
0.00398400	0.08932035	0.00015364	-8.02463722  7.77792358 -4.04885864  0.87619412  0.53826910 -0.28457493	   44.82391739  -136.29878235 -1021.96014404    10.95329189    48.01221848    -3.60538864	 -4.70400251   5.65491969 -29.17868994   0.39002675  -0.83595251  -0.52545508	   12.18046041  -113.65930099 -1058.74553266    20.26702788    16.64838972     0.36790070	58.20436639	0	0.00000000	0.00000000	0.00000000	 0.04076813 -0.04568375 -0.07193995	-0.37512167 -0.10842592  0.00623780	 -5.75209529  -9.80787689 -21.76091228  15.09943909  -9.01911243  -1.55846879   0.15943585 -77.08933030 -14.40540891 -55.07504796  48.90308305  -0.71782396	-0.00259243  0.04928679 -0.25961852  0.70446521 -0.42994404 -0.03912417 -0.00224624  0.03157699 -0.22224309  0.61479634 -0.35255474 -0.00608990	
0.00400800	0.09171840	0.00016348	-5.49024677  3.73940873 -3.84778166  0.54537386  0.22966479 -0.64306468	   49.58994675  -141.04968262 -1007.55371094    10.66452122    50.87803268    -3.75344968	 -8.11909475   5.48258486 -29.41213003   0.34177517  -0.73899791  -0.52416148	   18.63965251  -121.01824246 -1044.03275643    20.33106878    20.98901903     0.26158588	59.08858778	0	0.00000000	0.00000000	0.00000000	 0.04099023 -0.03340038 -0.07166187	-0.32422108 -0.12491488 -0.00116398	 -5.97503401 -11.66791259 -24.80095780  15.64363034  -7.91605500  -1.82681461   0.18174135 -82.61454199 -13.84828732 -53.98321375  51.48099166  -3.01990447	-0.00265379  0.05160310 -0.26106048  0.70851487 -0.43375599 -0.03988349 -0.00225409  0.03222893 -0.22140707  0.61596221 -0.35265443 -0.00605922	
0.00399200	0.09411848	0.00016556	-4.28120184 -0.50892091 -6.03508472  0.28583425  0.01242003 -0.71992004	  50.09741974 -139.03590393 -989.40637207   10.62745762   52.98670197   -3.80359674	 -5.68301362   1.88299276 -28.49452922   0.31513103  -0.77231331  -0.68505374	   19.99274323  -122.54284485 -1026.68336083    20.25905765    24.36581139     0.23158856	59.18419271	0	0.00000000	0.00000000	0.00000000	 0.03926532 -0.02241555 -0.06925347	-0.32422108 -0.12491488 -0.00116398	 -5.98232295 -13.05573723 -27.80823256  16.56674586  -6.97362072  -2.29079414   0.20923001 -87.11675444 -12.86188236 -53.37913505  53.55639390  -5.30131220	-0.00272282  0.05368932 -0.26246405  0.71255696 -0.43755260 -0.04059679 -0.00226195  0.03274281 -0.22075513  0.61718172 -0.35276181 -0.00605155	
0.00398800	0.09651866	0.00014966	-5.62756109  0.01040621 -8.83583641  0.43136826  0.12853983 -1.04090869	  51.45879745 -143.55572510 -976.52392578   10.19377232   56.87432098   -4.04308939	 -4.42912660   0.57127110 -29.05146673   0.34692842  -0.80122142  -0.88796789	   20.61252582  -126.33018807 -1010.06937470    20.22009030    27.97060672     0.25232631	60.84257838	0	0.00000000	0.00000000	0.00000000	 0.03596131 -0.01375073 -0.06785465	-0.33580071 -0.16531865  0.01036406	 -5.67181350 -13.74482243 -30.62283002  17.32278521  -5.95190511  -2.65466610   0.21406020 -90.59345730 -11.75974341 -53.28412418  54.16274091  -7.28747161	-0.00278417  0.05549941 -0.26384464  0.71662199 -0.44128785 -0.04122572 -0.00226195  0.03308796 -0.22031027  0.61841655 -0.35284618 -0.00605155	
0.00399600	0.09890561	0.00013460	 1.24585533  6.92357635 -6.52056074  0.73315722 -0.42004880 -0.62029785	  50.48899078 -161.21894836 -997.28778076    9.93649292   60.98349380   -4.78892517	 -2.48614700   2.83229199 -29.99426275   0.29972740  -0.86020716  -0.78615249	   20.45570320  -137.71994785 -1012.84332723    20.55683661    31.55283189     0.02892547	60.62511690	0	0.00000000	0.00000000	0.00000000	 0.03127273 -0.00737683 -0.06617553	-0.36812596 -0.17526141  0.05374403	 -5.12000635 -14.33579096 -33.81371463  17.96734937  -5.11469116  -3.04801847   0.20286828 -93.69386079 -11.19490311 -54.05111193  53.64368760  -9.45065328	-0.00281485  0.05691068 -0.26525590  0.72077143 -0.44495404 -0.04178563 -0.00226195  0.03328738 -0.22004950  0.61965907 -0.35291523 -0.00609757	
0.00398800	0.10127138	0.00011080	-1.27251279  4.63867283 -6.22602987  0.65278929 -0.08205659 -0.47378159	   69.71440125  -177.72715759 -1020.44458008     9.00076103    64.36891937    -5.79458380	 -1.53061863   5.57000561 -29.32108092   0.28668465  -0.90045265  -0.72282218	   27.22333995  -154.03659338 -1030.27265632    21.05872505    35.18839304    -0.22810977	60.05633096	0	0.00000000	0.00000000	0.00000000	 0.02437378  0.00173275 -0.07128142	-0.33576555 -0.10249430  0.05003648	 -4.40837208 -14.19216730 -37.06966547  18.15450993  -4.18325623  -3.19298110   0.21386405 -96.50182389 -11.04228599 -54.75167799  51.94702869 -11.32474064	-0.00283786  0.05790009 -0.26675922  0.72504354 -0.44856656 -0.04231485 -0.00226980  0.03338708 -0.21995746  0.62090158 -0.35300726 -0.00616660	
0.00400000	0.10361736	0.00009293	-6.54423094  5.78473043 -3.33361506  0.67420876  0.32847503 -0.46339983	   80.72202301  -189.59934998 -1037.34802246     8.19116116    66.90200806    -6.20784712	 -5.04463222   5.15245787 -28.13151930   0.30466765  -0.79355784  -0.54879907	   39.08504957  -169.43107229 -1048.62189065    21.21935108    38.66511446    -0.57579472	61.54306772	0	0.00000000	0.00000000	0.00000000	 0.01978997  0.02062693 -0.07475205	-0.26985077 -0.13305345  0.03915744	 -3.97556250 -13.72344434 -39.86615611  18.44267052  -3.50706919  -3.17857634   0.21386405 -99.47725211 -10.73440205 -55.68096023  49.60457114 -13.30526585	-0.00284553  0.05848300 -0.26837754  0.72937703 -0.45214841 -0.04283641 -0.00227765  0.03344077 -0.21999581  0.62215179 -0.35314530 -0.00624330	
0.00398800	0.10593683	0.00013568	-3.04318285  1.69421148 -4.28673458  0.49153721 -0.02973066 -0.46519497	   84.11797333  -200.86978149 -1046.28063965     7.47134638    69.05731201    -6.85568476	 -5.25026966   4.04768697 -27.66806799   0.32258842  -0.79528013  -0.61661739	   47.16469660  -183.50273015 -1063.70664996    21.25228015    41.44156390    -0.87805926	61.73224975	0	0.00000000	0.00000000	0.00000000	 0.01567787  0.04065782 -0.07594775	-0.22376867 -0.14256595  0.00376682	  -3.20575122  -12.63348845  -43.17572294   18.22501419   -2.45007711   -2.80664008    0.24582947 -103.67207163  -10.78667628  -56.25810758   46.34792479  -15.74909213	-0.00285320  0.05866708 -0.27014929  0.73376423 -0.45573792 -0.04332728 -0.00227765  0.03347145 -0.22017221  0.62343270 -0.35338309 -0.00628165	
0.00398800	0.10830380	0.00018885	-5.43808508 -1.21650231 -5.88437891  0.30322599  0.04641871 -0.76518536	   89.14119720  -203.59422302 -1051.90844727     6.94399214    69.76638031    -7.00638580	 -4.58837262   1.15489344 -28.08377092   0.35857775  -0.82707677  -0.68962126	   51.33338202  -190.37081632 -1073.46261825    21.07363928    43.10181114    -1.08668633	61.17814524	0	0.00000000	0.00000000	0.00000000	 0.00988257  0.05836221 -0.07636688	-0.22376867 -0.14256595  0.00376682	  -2.26844639  -10.92981699  -45.54334450   17.81006299   -1.82075202   -2.22586427    0.23558003 -106.72875230   -9.98014182  -57.26724182   43.63514991  -17.53462714	-0.00284553  0.05857505 -0.27212813  0.73822045 -0.45931211 -0.04381048 -0.00227765  0.03348679 -0.22044833  0.62473655 -0.35375890 -0.00629699	
0.00400800	0.11074097	0.00025488	-5.69826460  1.00584364 -5.91648579  0.46840945  0.37609360 -0.67349255	   86.71797943  -201.66955566 -1059.98156738     6.43055677    69.90851593    -6.85150957	 -5.50808113   0.35006768 -27.52720746   0.37221237  -0.68589769  -0.64392135	   51.79803770  -193.53405426 -1081.42758764    20.70101797    43.68478326    -1.16409256	61.02817449	0	0.00000000	0.00000000	0.00000000	 0.00440827  0.07123348 -0.07361829	-0.20309806 -0.13235646  0.01318611	  -1.17425401   -8.95263694  -48.12752248   16.53949935   -1.05772341   -1.28519386    0.23016078 -109.52748148   -9.09419938  -58.13530553   40.40460633  -18.89238892	-0.00284553  0.05822990 -0.27430639  0.74271500 -0.46284026 -0.04424000 -0.00227765  0.03349447 -0.22080114  0.62597907 -0.35431880 -0.00630466	
0.00398800	0.11324043	0.00034133	-5.09465075  1.96473086 -2.87981963  0.43054304  0.09714681 -0.41578880	   87.98925018  -197.38604736 -1056.54492188     5.91615152    68.09708405    -6.27802324	 -7.02514409  -1.29904246 -27.05137724   0.47886552  -0.74953244  -0.49746776	   53.79969746  -192.15814001 -1084.53803762    19.99856486    43.04555684    -0.93491239	59.58030757	0	0.00000000	0.00000000	0.00000000	-0.00108838  0.08461782 -0.07155756	-0.16031322 -0.12918540  0.02765999	  -0.18252919   -7.24956773  -50.54380879   14.82879729   -0.26525143   -0.50830762    0.22745116 -113.40153492   -8.52187065  -59.27451569   36.83862711  -20.25145957	-0.00284553  0.05767766 -0.27673775  0.74717885 -0.46625337 -0.04454679 -0.00227765  0.03349447 -0.22119232  0.62732130 -0.35507047 -0.00631233	
0.00400000	0.11584263	0.00043545	-7.47377205  4.76907444 -5.42376423  0.74833345  0.34273747 -0.50032276	   87.48368073  -192.30560303 -1054.17443848     5.47756910    65.71298218    -5.91669750	 -6.47136052   2.68608463 -27.19003247   0.39958250  -0.70995294  -0.55337078	   53.94279700  -187.98009406 -1081.84512101    19.19313439    41.09766884    -0.61804458	56.13253231	0	0.00000000	0.00000000	0.00000000	-0.00722498  0.10119824 -0.06762278	-0.16031322 -0.12918540  0.02765999	   0.59830595   -5.22658112  -52.80742570   12.96582249    0.70696486    0.45657728    0.22591963 -118.07310152   -7.83776753  -59.70985123   34.20350892  -21.05160770	-0.00284553  0.05699505 -0.27946055  0.75161207 -0.46956676 -0.04476922 -0.00227765  0.03349447 -0.22161415  0.62868655 -0.35604453 -0.00635068	
0.00399200	0.11854498	0.00052915	-2.87898898  3.53507781 -5.75544691  0.54181087  0.06134652 -0.50865954	   73.93789673  -187.19326782 -1038.81787109     4.43715477    60.31695557    -5.36284542	 -5.28562969   4.82854324 -28.04409945   0.34516059  -0.69998879  -0.58337499	   48.72661720  -183.57629863 -1070.84852233    18.14674145    37.52978041    -0.35642365	51.07832608	0	0.00000000	0.00000000	0.00000000	-0.01376238  0.11855861 -0.06310905	-0.11500813 -0.11022545  0.02227483	   1.49000261   -2.86708857  -53.99165176   11.17569550    1.39372312    1.34289187    0.24080312 -122.72916073   -6.34800764  -59.25383103   32.43840588  -21.58577207	-0.00282252  0.05631242 -0.28249785  0.75596857 -0.47276512 -0.04488427 -0.00228551  0.03349447 -0.22205134  0.63005179 -0.35723338 -0.00641971	
0.00399600	0.12135371	0.00063574	 0.82574123  1.36970711 -7.60382748  0.42915580 -0.26813790 -0.73249233	   62.36760330  -186.63423157 -1022.37487793     3.01906013    55.01203537    -4.34873152	 -1.57973335   2.55153367 -29.08940194   0.38003329  -0.85203947  -0.65220079	   38.95840379  -181.85716900 -1057.02860987    16.83029858    32.27074212     0.24751514	46.16671611	0	0.00000000	0.00000000	0.00000000	-0.02016722  0.13461977 -0.05980166	-0.10538772 -0.09953952  0.02435198	   2.57415973   -0.13463380  -55.72162295    8.82888525    2.48553533    2.73991743    0.31003587 -128.39727592   -4.92456530  -58.24903325   30.87582812  -22.03550030	-0.00280718  0.05558378 -0.28584960  0.76025605 -0.47584075 -0.04490728 -0.00230122  0.03348679 -0.22247319  0.63140172 -0.35861397 -0.00651175	
0.00399200	0.12427868	0.00072711	-0.93110228  0.74197525 -9.34068871  0.38335240 -0.01002732 -0.62207609	   55.12474823  -182.70712280 -1011.52642822     2.17195916    49.96222687    -3.35956240	 -0.47272893   1.04643154 -30.46748654   0.35183991  -0.81752727  -0.65144810	   30.91228193  -179.77245344 -1045.38574183    15.57215979    26.76879536     1.20155521	42.04504433	0	0.00000000	0.00000000	0.00000000	-0.02589279  0.14590554 -0.05830172	-0.10538772 -0.09953952  0.02435198	   3.02041300    1.95790998  -55.26299083    7.12553245    3.85893502    3.66200123    0.48278400 -133.43086819   -3.23350886  -57.52270947   29.66979918  -22.25861986	-0.00279184  0.05485514 -0.28928572  0.76419836 -0.47875530 -0.04483825 -0.00233263  0.03344844 -0.22290270  0.63277459 -0.36015561 -0.00660379	
0.00399200	0.12730519	0.00081840	 2.58517122  6.38272953 -7.98749733  0.76176333 -0.14950195 -0.34011158	  44.76598740 -169.95372009 -992.81109619    1.35050166   41.45866013   -2.64972067	  0.38332472   3.46852366 -30.80496970   0.33704615  -0.66662846  -0.61718086	   22.66056884  -175.42766823 -1031.43238138    14.24539043    19.91705397     2.00755226	38.40629748	0	0.00000000	0.00000000	0.00000000	-0.02970120  0.16201848 -0.05365432	-0.07023716 -0.09471345  0.02836545	   3.09848510    4.11541032  -54.11942819    5.43320299    5.07153167    4.71900247    0.56097039 -137.81927046   -0.87951164  -55.92056618   27.60264816  -23.21594197	-0.00278417  0.05414184 -0.29319736  0.76840150 -0.48149347 -0.04463883 -0.00237976  0.03338708 -0.22330153  0.63413984 -0.36181229 -0.00667281	
0.00398800	0.13043095	0.00092019	 4.44570112  8.23278809 -5.47141886  0.86957914 -0.30519715 -0.23915963	  26.93237686 -164.96806335 -989.72235107    0.95469743   35.64400864   -2.27962828	  2.79834555   6.32597384 -29.81532582   0.33617798  -0.68688064  -0.55254557	    9.19040100  -165.09554736 -1017.47056838    12.97590702    12.44885069     2.19137033	35.14923922	0	0.00000000	0.00000000	0.00000000	-0.03334775  0.17811468 -0.04883566	-0.07023716 -0.09471345  0.02836545	   3.23756017    5.71056744  -53.24363286    3.68557928    6.09117969    5.89468821    0.73206929 -142.29212273    1.23067791  -54.48952158   26.81968729  -24.23003078	-0.00276883  0.05348223 -0.29723173  0.77261996 -0.48410124 -0.04434738 -0.00242688  0.03326437 -0.22367737  0.63552809 -0.36345366 -0.00671883	
0.00400000	0.13367650	0.00106298	  3.03096437   8.31007290 -12.26575756   0.85783434  -0.14389372  -0.18165152	   2.56846118 -157.17477417 -977.04962158    0.15166116   28.13999367   -1.51260030	  3.15324058   7.65006640 -31.22375385   0.27419647  -0.70568600  -0.43745588	   -9.60694450  -155.88278558 -1004.73664540    11.74802323     4.21926667     2.50598660	32.58406899	0	0.00000000	0.00000000	0.00000000	-0.03693210  0.19428690 -0.04407306	-0.07023716 -0.09471345  0.02836545	   3.47004235    7.27700690  -51.85101654    2.38033814    7.32476177    6.95199194    0.89751380 -146.07384543    3.90265186  -53.71847324   25.70400689  -25.38423529	-0.00276116  0.05280728 -0.30128911  0.77685374 -0.48652491 -0.04397922 -0.00249757  0.03302660 -0.22403784  0.63693935 -0.36524841 -0.00678786	
0.00399600	0.13707854	0.00121921	-1.14970553  8.57249451 -9.81252575  0.71818584 -0.03612272 -0.55658007	 -15.54055786 -156.23080444 -968.47540283   -0.90019655   21.12921524   -0.23356546	  1.96625020   7.53804989 -32.46529381   0.25147452  -0.72761354  -0.58592275	 -29.00289610 -154.18670637 -996.53359321   10.62340767   -3.94886548    3.43208997	30.09157446	0	0.00000000	0.00000000	0.00000000	-0.04334742  0.19964719 -0.03790039	-0.06208301  0.02085117  0.10841054	   3.74946344    9.09945401  -51.94601501    0.94828175    8.89025661    8.11144018    1.14723089 -149.71914212    5.03887885  -53.79677772   24.26788205  -26.87016817	-0.00276116  0.05214767 -0.30531579  0.78112584 -0.48877218 -0.04354971 -0.00258396  0.03261242 -0.22435999  0.63841200 -0.36705086 -0.00691058	
0.00399200	0.14065199	0.00137371	 1.06917965  5.71403742 -9.23400402  0.60377854 -0.06905589 -0.70698106	 -25.80849457 -153.85101318 -976.39477539   -2.07859588   15.12787247    0.45219690	  0.64090505   6.89751585 -33.08190566   0.25432791  -0.70910208  -0.75245184	 -42.69834867 -155.03219662 -994.53947115    9.57017127  -11.06819329    4.35940393	29.31816862	0	0.00000000	0.00000000	0.00000000	-0.04962090  0.20531692 -0.03754949	-0.07072796  0.00834261  0.12643247	   4.01921151   10.71841708  -52.27172260    1.11288509    9.77222662    9.06355809    1.54012632 -153.17824332    5.96644337  -52.83285461   23.81337111  -27.97298434	-0.00274583  0.05148805 -0.30936551  0.78544402 -0.49082774 -0.04304349 -0.00270177  0.03200650 -0.22463609  0.63992298 -0.36881492 -0.00708699	
0.00400400	0.14440382	0.00156553	 1.28226173  9.98542786 -9.55468369  0.89285886 -0.02786886 -0.58170515	 -42.88480759 -158.84860229 -975.62707520   -3.05857229   11.41016579    0.30416512	  0.35779868   8.70495468 -32.05901812   0.25154372  -0.71558988  -0.92353714	 -56.27450139 -157.16104731 -997.75957721    8.47138293  -17.35363452    4.77006833	27.12287376	0	0.00000000	0.00000000	0.00000000	-0.05456918  0.21371330 -0.03835964	-0.07072796  0.00834261  0.12643247	   3.97671557   12.83255702  -52.96756509    1.71860287   10.55504274    9.88416273    2.03076459 -155.87157822    6.58086037  -52.23805025   22.91802872  -29.29900935	-0.00269981  0.05080543 -0.31347659  0.78976983 -0.49256879 -0.04242990 -0.00286670  0.03117815 -0.22495824  0.64153361 -0.37049463 -0.00729408	
0.00399200	0.14836217	0.00177137	-2.78643918 13.59197712 -4.99193525  1.13133478  0.25694895 -0.17463139	 -63.93666077 -157.69943237 -979.00677490   -4.43483639    7.55514383   -0.49789476	 -1.49491893  11.54785289 -32.55708609   0.21674672  -0.76719714  -0.86490350	 -74.27152622 -160.44954669 -998.65674811    7.47810503  -22.89462257    4.56096049	24.23489100	0	0.00000000	0.00000000	0.00000000	-0.05442290  0.22425251 -0.03929145	-0.06196438  0.00023772  0.10585012	   4.00953895   15.07293772  -54.13104669    2.20209091   11.75694238   10.59301944    2.69792050 -157.34656960    6.73475222  -51.26095706   21.34364035  -30.57027921	-0.00261544  0.05007679 -0.31776404  0.79406500 -0.49422550 -0.04167058 -0.00309447  0.03010437 -0.22530338  0.64322871 -0.37206697 -0.00747048	
0.00398800	0.15254709	0.00200101	-3.22746372 15.88108444 -3.04626155  1.32771528  0.37724584  0.09463843	 -70.31133270 -158.37216187 -978.62255859   -5.59203672    5.89173937   -0.21040662	 -3.23358166  14.43040991 -27.91338683   0.21577808  -0.50289050  -0.56882655	 -88.12592141 -162.16184083 -998.35950864    6.26817692  -26.62899311    4.43331800	22.12689693	0	0.00000000	0.00000000	0.00000000	-0.05185178  0.23291469 -0.04081531	-0.03916117 -0.04234873  0.11756972	   3.86454710   18.25252807  -55.07590174    3.50124574   13.45849888   11.31390483    3.53758968 -157.87149080    7.06128403  -50.09836133   19.46436780  -31.33295082	-0.00254641  0.04924844 -0.32219726  0.79826808 -0.49565977 -0.04078854 -0.00338507  0.02878514 -0.22566387  0.64503109 -0.37351656 -0.00759320	
0.00399200	0.15698944	0.00223007	-2.15942883 16.67820930 -2.15203500  1.36955130  0.15892346  0.02809868	 -64.26345062 -160.80494690 -981.93792725   -6.60029507    4.82026529   -0.01576928	 -2.65817125  16.53390619 -26.16635898   0.20528630  -0.45055591  -0.51000532	  -91.27369577  -164.36406383 -1000.10243217     5.23311421   -28.55091406     4.66039212	20.73440029	0	0.00000000	0.00000000	0.00000000	-0.04276237  0.23657522 -0.04528252	-0.03916117 -0.04234873  0.11756972	   3.85599474   21.51167490  -56.31892236    4.64277443   15.02732139   11.60712595    4.47488388 -158.37962352    7.11511876  -50.08145891   17.22785336  -33.49448387	-0.00250039  0.04834339 -0.32670715  0.80239451 -0.49687162 -0.03978378 -0.00374635  0.02723582 -0.22605503  0.64697927 -0.37483579 -0.00766223	
0.00400000	0.16169082	0.00246261	 1.44813097 17.88523865 -5.82090950  1.25680876 -0.09623046 -0.11691490	 -68.32012177 -168.98181152 -984.88690186   -8.44134045    4.48343134    0.28043950	  0.60439176  17.80780890 -25.48888065   0.16050472  -0.47235380  -0.62433537	  -92.86073430  -170.28574832 -1004.23706424     4.17339183   -29.71004793     5.06007977	20.25458099	0	0.00000000	0.00000000	0.00000000	-0.03676721  0.24197984 -0.04501148	-0.01588818 -0.06616814  0.12121581	   3.85423325   26.11832352  -57.39104974    5.86828337   16.55333150   11.94453759    5.40428415 -158.07942246    7.59587802  -48.99923143   15.33789227  -35.22159634	-0.00247738  0.04730796 -0.33123240  0.80643654 -0.49787638 -0.03864864 -0.00415476  0.02557145 -0.22652289  0.64909619 -0.37603998 -0.00766990	
0.00399600	0.16664843	0.00271384	  1.45039129  17.29934502 -11.07069874   1.28161776   0.11032620  -0.50936449	 -71.35073090 -177.60188293 -978.58758545  -10.35181713    5.42666245    0.94675690	  2.53377581  17.40597109 -30.32294154   0.08238675  -0.44399281  -0.78393300	  -94.98233991  -178.76214482 -1002.51215379     2.93775893   -29.68426623     5.78933198	20.11484246	0	0.00000000	0.00000000	0.00000000	-0.03267097  0.24492874 -0.04290639	 0.01215525 -0.02709766  0.17681262	   4.09000679   29.75468687  -59.04600670    6.65946244   17.69768822   12.10384932    6.35430172 -158.38407410    7.82408167  -49.32011116   12.79042164  -37.44110250	-0.00245437  0.04621116 -0.33569628  0.81042486 -0.49861267 -0.03739844 -0.00457887  0.02386107 -0.22709046  0.65140480 -0.37715212 -0.00766990	
0.00399200	0.17188305	0.00298175	  2.46937537  21.59388351 -15.57738590   1.43498325  -0.11736143  -0.58412242	 -69.67315674 -180.39614868 -967.52514648  -11.72158432    6.47528982    1.64657235	  2.93672260  17.93102842 -34.49176632   0.10645052  -0.59573779  -0.96717834	 -95.75910945 -186.75309352 -994.04898383    1.66056249  -28.56160798    6.72190301	19.85499554	0	0.00000000	0.00000000	0.00000000	-0.03052357  0.24516788 -0.04034204	 0.01215525 -0.02709766  0.17681262	   4.57181186   33.40919627  -60.51775917    7.19690232   18.75870217   12.60972694    7.47734204 -159.10146531    8.73190537  -49.30653895   10.90815211  -39.74304590	-0.00242369  0.04506068 -0.34014484  0.81442857 -0.49908054 -0.03603320 -0.00505011  0.02214301 -0.22778076  0.65391284 -0.37822589 -0.00766990	
0.00400000	0.17741986	0.00328031	  2.71777654  22.14413452 -11.92988205   1.53973949  -0.31058729  -0.38804531	 -68.31521606 -177.56130981 -943.93200684  -13.46696472    8.41080666    2.29974365	  3.77506120  19.64305010 -34.02360262   0.13718233  -0.80508493  -1.11655476	 -94.39885257 -190.11385403 -978.48412874    0.20766303  -26.64292763    7.58587695	19.53349146	0	0.00000000	0.00000000	0.00000000	-0.02791535  0.24943471 -0.04635623	 0.05546682 -0.06866568  0.20423913	   4.99285937   36.21028331  -61.04361120    7.42599962   19.48227460   12.77891916    8.72533966 -159.50834255    9.06809059  -50.65648666    8.23331440  -41.87168031	-0.00234699  0.04395621 -0.34468541  0.81844759 -0.49927229 -0.03458359 -0.00557633  0.02047864 -0.22857843  0.65642858 -0.37926900 -0.00766990	
0.00398400	0.18327962	0.00357126	-1.90792048 23.45601273 -6.38121414  1.63402224  0.32456964 -0.23801078	 -65.11248016 -165.88232422 -915.46832275  -14.22289944   10.35902500    2.56892633	  0.67985904  22.23743694 -33.23983054   0.05874904  -0.66396288  -0.98850452	 -92.69996295 -185.83333411 -955.11471201   -1.36739482  -24.08501525    7.89619671	19.44946533	0	0.00000000	0.00000000	0.00000000	-0.02472952  0.25481801 -0.05209539	 0.05920549 -0.11119626  0.19967717	   5.14657737   38.79153933  -61.03820733    7.05436212   20.35480668   12.97048786    9.90642168 -160.52450590    8.67330063  -51.96751673    5.81141347  -44.04926793	-0.00221660  0.04275971 -0.34939474  0.82246661 -0.49923393 -0.03304194 -0.00613396  0.01882961 -0.22948347  0.65925878 -0.38032743 -0.00766990	
0.00400400	0.18947385	0.00388243	 2.12638235 24.41750145  0.34748310  1.50191331 -0.27855438 -0.29610121	 -57.23839951 -156.02783203 -898.58129883  -14.68773174   11.92956448    2.61409211	 -0.14150278  23.06149051 -27.75658190   0.01736915  -0.56043069  -0.91139026	 -88.21031255 -177.16136421 -930.99803249   -2.86291957  -21.18393357    7.85652421	18.97569115	0	0.00000000	0.00000000	0.00000000	-0.02239046  0.26073788 -0.05856161	 0.05920549 -0.11119626  0.19967717	   4.97636599   40.59057012  -60.50260059    6.36069907   21.31699917   12.66786072   11.22510463 -161.26696614    8.34838390  -53.30920924    3.02691939  -45.97082098	-0.00205553  0.04159388 -0.35428813  0.82642430 -0.49892715 -0.03142359 -0.00673086  0.01713456 -0.23051125  0.66219634 -0.38145491 -0.00766990	
0.00399600	0.19600947	0.00420526	 -4.04182529  25.56112099 -10.47231293   1.57321870   0.45461851   0.03715853	 -37.99293518 -145.42956543 -897.60894775  -15.52393055   13.19473648    2.46817946	  0.68416211  23.66903937 -26.15561931  -0.00528094  -0.56335182  -0.88807467	 -75.46291987 -166.35541795 -918.91586153   -4.30199964  -18.36337705    7.50146883	18.62967322	0	0.00000000	0.00000000	0.00000000	-0.01611010  0.26779746 -0.06105326	 0.12433590 -0.11510376  0.16417224	   4.72685852   42.32764480  -60.01352133    5.34264191   22.28482077   12.43422713   12.53785815 -162.23521246    8.23017506  -54.20918748    0.62963379  -48.16004887	-0.00188680  0.04044339 -0.35928890  0.83032829 -0.49833655 -0.02969786 -0.00735133  0.01537048 -0.23163106  0.66521060 -0.38269743 -0.00768524	
0.00399600	0.20290390	0.00451777	 -7.52281809  25.76684189 -15.67747211   1.77114594   1.10689318  -0.04592400	 -30.17615318 -145.81063843 -912.57702637  -16.58455849   13.55732441    2.51037002	 -4.23008085  25.24082744 -33.81629029  -0.03077429  -0.31057257  -0.79458791	 -62.14036876 -162.13484046 -924.16724008   -5.55997433  -16.82292913    7.34316796	17.73799904	0	0.00000000	0.00000000	0.00000000	-0.01179277  0.27265998 -0.06569925	 0.12771034 -0.10900255  0.15178664	   4.45557137   44.11227909  -60.09535781    4.17408628   23.24993651   11.97385867   13.63282051 -162.53243768    7.53932988  -55.74891191   -1.59713179  -49.60676315	-0.00174874  0.03931592 -0.36429736  0.83420926 -0.49760026 -0.02789544 -0.00794823  0.01366010 -0.23285824  0.66826326 -0.38405502 -0.00773126	
0.00398800	0.21014121	0.00483690	 6.50214481 23.90498924 -6.37235212  1.61401212 -1.15073133  0.00900192	 -30.59754181 -151.67730713 -934.90014648  -18.56904793   13.34099007    3.09069324	  0.07989116  24.81331301 -32.03985552   0.01470704  -0.74846060  -0.78902163	 -57.15918235 -166.02671357 -941.18486458   -7.04620830  -16.73067197    7.76906037	17.23078705	0	0.00000000	0.00000000	0.00000000	-0.01231262  0.27382837 -0.06650591	 0.12771034 -0.10900255  0.15178664	   4.29499357   47.02131483  -60.14949494    3.76545654   23.60695690   11.76609272   14.76238001 -163.35250420    7.42162470  -56.30791702   -2.63174459  -50.62468941	-0.00164136  0.03823446 -0.36897600  0.83783710 -0.49666452 -0.02603932 -0.00852942  0.01172728 -0.23417746  0.67134655 -0.38555831 -0.00776194	
0.00399200	0.21773544	0.00516449	 6.45994711 26.24645424 -6.88109875  1.59721315 -0.85948503 -0.74495703	 -38.07063293 -157.62728882 -948.96496582  -20.08984947   13.17233658    3.46447825	  5.44505572  25.26680317 -30.00877184  -0.04982631  -0.97528887  -1.28584553	 -61.20012706 -173.31481878 -959.59948455   -8.41805357  -17.69445981    8.48367093	16.67678377	0	0.00000000	0.00000000	0.00000000	-0.01374745  0.27398920 -0.07246202	 0.12945964 -0.10517224  0.18687360	   4.36663982   49.24266021  -59.84347093    3.06705465   24.26796876   11.38877061   15.84120307 -163.69625918    6.85955405  -56.18325717   -3.39875918  -51.56757370	-0.00154165  0.03724505 -0.37397677  0.84172577 -0.49549103 -0.02412184 -0.00910276  0.00971777 -0.23556571  0.67445284 -0.38724568 -0.00776961	
0.00400000	0.22569819	0.00548513	 -8.37232685  21.06740761 -16.48947716   1.44903398   0.95892984  -0.37912056	 -52.09629440 -159.31427002 -973.81042480  -22.23287392   11.78187180    3.59253526	 -2.63029674  22.46311677 -35.34493454   0.01276069  -0.53711971  -1.04050951	 -70.65475789 -178.08482580 -981.22426447  -10.13787933  -19.93654624    8.94966138	16.45222204	0	0.00000000	0.00000000	0.00000000	-0.01367774  0.27625902 -0.07914986	 0.12981716 -0.15372511  0.17872522	   4.80881146   51.52035206  -60.65543164    2.71875075   24.62834711   11.11876573   16.73946287 -164.37200875    5.73409020  -57.09898707   -3.49402121  -52.73576152	-0.00142660  0.03641669 -0.37914628  0.84563744 -0.49407211 -0.02215068 -0.00962898  0.00763155 -0.23699231  0.67761284 -0.38897911 -0.00776961	
0.00398400	0.23400842	0.00580945	 2.15470815 19.33476257 -7.57498121  1.20193887 -0.40773025 -0.56148696	 -49.22499084 -151.21144104 -964.44165039  -23.54936600   10.13438320    3.26065254	 -1.93829443  20.61919580 -35.24119964   0.00569956  -0.68268607  -1.10721957	 -74.25471057 -177.91590441 -985.36223780  -11.73345848  -21.43609086    8.89200308	16.10852277	0	0.00000000	0.00000000	0.00000000	-0.01090038  0.28192985 -0.08581369	 0.12981716 -0.15372511  0.17872522	   5.05365353   53.10855885  -60.49586539    1.93200943   25.35591283   10.58686819   17.58851692 -163.92051585    4.60411628  -57.44596450   -3.71712233  -53.65457049	-0.00128087  0.03577242 -0.38451523  0.84955674 -0.49243841 -0.02024854 -0.01012378  0.00549165 -0.23844193  0.68084186 -0.39100397 -0.00776961	
0.00400000	0.24268799	0.00610201	 3.00402927 21.52721977 -0.59007961  1.48465347 -0.55571479 -0.38426027	 -44.36067963 -148.73052979 -956.31628418  -23.86127090    8.81705570    3.20044422	  1.66132962  20.30265196 -26.28124889   0.04445694  -0.74404141  -1.02533365	 -69.74002088 -174.55297999 -977.43068703  -12.93231135  -22.58439740    8.68525978	15.78945430	0	0.00000000	0.00000000	0.00000000	-0.00803717  0.28653597 -0.08661235	 0.14855331 -0.16553348  0.16036101	   5.39338260   54.31992820  -60.84173073    1.55172949   25.87903658   10.13829251   18.33075814 -164.11971846    3.66446050  -57.75017893   -2.80177360  -54.68605961	-0.00114282  0.03535058 -0.39005288  0.85343772 -0.49058229 -0.01813165 -0.01057146  0.00334408 -0.23986085  0.68419361 -0.39320523 -0.00776961	
0.00399200	0.25168827	0.00639415	 -4.91264772  32.07808304 -13.42087460   1.94298303   0.61759865  -0.14038968	 -29.69157600 -141.40446472 -933.41607666  -24.88200378    5.64941120    3.46605468	 -2.32287159  26.38982005 -29.54035490  -0.01869678  -0.41523218  -0.87536514	 -56.55269743 -167.90973838 -957.87755889  -14.34915282  -23.69015723    8.62699810	15.45193478	0	0.00000000	0.00000000	0.00000000	-0.00557767  0.29195820 -0.08809948	 0.15668215 -0.18941003  0.14012473	   5.59062718   54.06839795  -60.84974942    0.24603158   26.64999529    9.39062213   18.77364270 -163.40479128    1.47325967  -59.32498376   -2.56281007  -55.10490457	-0.00103544  0.03515116 -0.39565191  0.85721129 -0.48850375 -0.01598408 -0.01092489  0.00120417 -0.24124144  0.68769109 -0.39553687 -0.00776961	
0.00400000	0.26101771	0.00664585	  2.59572148  31.36382103 -13.48276424   1.67846584   0.07456981   0.56680197	 -30.19729614 -144.23150635 -919.81884766  -26.44058228    2.63222551    4.35508299	 -1.18283414  29.08310810 -34.40651869  -0.11170911  -0.41375547  -0.59594730	 -51.75112114 -168.27169812 -945.12731180  -15.47119122  -25.60771328    9.20710876	15.37276291	0	0.00000000	0.00000000	0.00000000	-0.00560643  0.29777559 -0.08990279	 0.15884677 -0.17827561  0.13034100	   6.02613796   53.50755995  -61.02427252   -0.63268178   27.60385652    8.70235377   19.26325951 -162.65597502   -0.40121907  -60.38116892   -1.49946539  -55.50587367	-0.00098175  0.03512048 -0.40125093  0.86094654 -0.48637918 -0.01382116 -0.01124690 -0.00091272 -0.24249931  0.69129598 -0.39797589 -0.00776961	
0.00400000	0.27062687	0.00689850	  7.12588501  25.89759254 -12.55343342   1.84496951  -0.68297970  -0.35366991	 -44.33969879 -146.19004822 -911.11651611  -27.53619194    0.76843667    5.10460281	  4.77487588  26.99326721 -35.01002741   0.00863546  -0.74934765  -0.97537275	 -59.38843082 -171.20680335 -933.49680845  -16.69137488  -28.42432730   10.24410472	15.35499199	0	0.00000000	0.00000000	0.00000000	-0.01253247  0.29627529 -0.09024439	 0.15202832 -0.11816015  0.15653113	   6.49206973   51.73846304  -60.39241106   -2.18786667   28.53916585    7.95178944   19.76108477 -161.08844046   -2.77308262  -62.01348940   -0.61479355  -55.47221413	-0.00097408  0.03518951 -0.40689600  0.86465877 -0.48389414 -0.01168893 -0.01153750 -0.00296825 -0.24384153  0.69501585 -0.40046862 -0.00776961	
0.00398800	0.28051016	0.00713266	 5.75966120 20.34298134 -8.34052753  1.14957654 -0.65528059 -0.66409075	 -56.10216522 -139.65696716 -910.43499756  -29.09039116   -1.68145704    5.73166752	  6.17835243  23.23418592 -33.10372599  -0.09040037  -0.92758604  -1.18061304	 -70.11174728 -171.86146711 -927.04745488  -18.20153134  -31.39431786   11.12088207	15.34499869	0	0.00000000	0.00000000	0.00000000	-0.01837579  0.29599318 -0.09599821	 0.16615727 -0.13001390  0.17233289	   7.21872280   49.82811682  -59.98942889   -3.83595757   29.75450109    7.29323572   20.28580870 -158.79722248   -5.72305676  -63.05746974    1.16330437  -55.49884372	-0.00096641  0.03530456 -0.41274047  0.86834031 -0.48114830 -0.00958738 -0.01182024 -0.00502379 -0.24518377  0.69882011 -0.40299201 -0.00776961	
0.00398400	0.29065150	0.00736580	 -9.44874859  19.56216621 -12.29454517   1.26345563   1.03871775  -0.46370581	 -59.88350296 -138.10131836 -922.41674805  -30.62207794   -4.21444035    6.32638264	 -2.81290334  20.02262438 -35.20988869  -0.01373873  -0.50189324  -1.24700491	 -75.98113943 -169.74947204 -931.73199625  -19.83985749  -34.12907609   11.73841929	15.45577845	0	0.00000000	0.00000000	0.00000000	-0.02189661  0.29849787 -0.10515776	 0.16615727 -0.13001390  0.17233289	   7.74469874   47.91622699  -59.11826655   -6.05062861   30.94003520    6.68618517   20.81803519 -156.41563991   -9.00419915  -64.83083192    2.20667786  -55.44995325	-0.00091272  0.03541194 -0.41879967  0.87194520 -0.47815704 -0.00746281 -0.01209513 -0.00705631 -0.24655668  0.70267045 -0.40551540 -0.00776194	
0.00400400	0.30106306	0.00755602	 1.89505029 27.39777184 -3.60682654  1.77393746 -0.51437014 -0.18895705	 -58.24158096 -128.94981384 -928.33428955  -31.57884598   -5.85880804    7.01849747	 -1.87090598  24.27113117 -30.33456375  -0.03486242  -0.52352335  -1.28446855	 -76.15159727 -163.67833893 -940.92700399  -21.48065970  -36.52078289   12.25035779	15.99350937	0	0.00000000	0.00000000	0.00000000	-0.02050810  0.30234736 -0.11148552	 0.16897263 -0.20003706  0.14979870	   8.29084893   46.43538450  -57.80767231   -8.10520847   32.38904710    5.99867203   21.19863782 -153.77009336  -11.68604094  -65.40590156    3.75288060  -55.25366285	-0.00081301  0.03547330 -0.42510435  0.87543499 -0.47489735 -0.00535359 -0.01234646 -0.00909650 -0.24799863  0.70654374 -0.40799278 -0.00773126	
0.00399200	0.31167936	0.00772214	 1.68054962 27.22497940 -0.99481320  1.84963751 -0.53856313  0.40360296	 -60.51873398 -123.80092621 -932.86975098  -32.74122620   -7.02295303    7.86607027	  1.70592295  26.84668102 -25.02204085  -0.01656542  -0.75063205  -0.69027073	 -77.80491791 -158.70574743 -946.43169762  -22.93768450  -38.28481049   12.94918797	16.31041450	0	0.00000000	0.00000000	0.00000000	-0.01677037  0.30502219 -0.11405197	 0.17001755 -0.16784297  0.14610733	   8.58284559   44.73596058  -56.10406633  -10.84375756   33.14513152    5.13590165   21.58560293 -149.76887878  -15.49785582  -68.06105719    3.80453175  -54.42331598	-0.00069796  0.03549631 -0.43137830  0.87874073 -0.47133851 -0.00331340 -0.01257422 -0.01111369 -0.24954794  0.71051675 -0.41038579 -0.00768524	
0.00400400	0.32248697	0.00787326	 -8.13038731  18.13581848 -14.50760746   1.30670667   1.17836881   0.21978091	 -66.29483032 -119.11949921 -940.33319092  -33.91716766   -7.19605541    8.65901566	 -3.34085137  23.42585011 -30.64876353   0.09110345  -0.38613126  -0.51564298	 -81.19892443 -155.42892495 -952.47594332  -24.39900128  -39.36977830   13.70433760	16.95544495	0	0.00000000	0.00000000	0.00000000	-0.01700048  0.30610941 -0.11461552	 0.16700671 -0.16623131  0.15155131	   9.15184367   42.93614422  -53.91577680  -13.41708721   33.49958379    4.38658031   22.05912104 -146.90024673  -18.44261950  -70.10178747    4.07885908  -54.00870590	-0.00059825  0.03553466 -0.43757561  0.88183171 -0.46748054 -0.00140359 -0.01279413 -0.01309252 -0.25125065  0.71465081 -0.41266376 -0.00761621	
0.00398800	0.33345363	0.00802960	 -1.28226638  11.98987103 -16.12002563   0.85748225   0.20150435  -0.76004988	 -69.37670898 -116.97483826 -942.14727783  -34.85134888   -6.30509567    9.02204895	 -2.83565510  15.74644929 -36.30819676   0.08595053  -0.52784354  -0.85551363	 -85.07901211 -153.45517628 -956.43092968  -25.76580136  -39.42277892   14.29660383	17.47064214	0	0.00000000	0.00000000	0.00000000	-0.02123711  0.30932586 -0.11957418	 0.15789812 -0.15133096  0.15052675	   9.65476694   40.79276884  -50.62430203  -16.76214002   33.54236234    3.69301718   22.57681511 -142.93059122  -22.03548914  -73.26704914    2.96426144  -53.22919915	-0.00052922  0.03562669 -0.44378823  0.88464653 -0.46334648  0.00043718 -0.01303761 -0.01508670 -0.25309142  0.71896899 -0.41482666 -0.00749349	
0.00399200	0.34459627	0.00819785	 6.28193998  6.26073551 -9.87751675  0.39113101 -0.77146655 -0.90990531	 -64.65944672 -111.41608429 -929.02062988  -35.76177216   -4.07585144    9.28684616	  4.02791290   8.32498242 -33.50622806   0.09463624  -0.94139949  -0.98382713	 -82.99635502 -149.96727225 -949.97643833  -27.04850788  -37.61959446   14.50225659	17.97654060	0	0.00000000	0.00000000	0.00000000	-0.02468170  0.31456183 -0.12922663	 0.18379246 -0.18411757  0.13442628	  10.15122951   38.73826539  -47.97440239  -19.84207867   33.65853281    2.94631254   23.13130666 -139.00726048  -25.70837711  -76.90955906    1.20466903  -52.41821318	-0.00046786  0.03581077 -0.45002386  0.88723129 -0.45890561  0.00222427 -0.01328893 -0.01712689 -0.25514698  0.72346354 -0.41689754 -0.00729408	
0.00400000	0.35593036	0.00836775	 -6.46243954  15.79152584 -12.22638893   1.15825891   0.73624796  -0.49074540	 -48.27219009 -105.62696075 -917.35552979  -36.07260895   -1.45102632    9.11820793	 -1.55968813  10.06152543 -32.47521487   0.22348695  -0.55672483  -1.17650340	 -73.93274352 -145.79508776 -941.73102028  -27.91311309  -34.61389418   14.36172326	18.35866224	0	0.00000000	0.00000000	0.00000000	-0.02406474  0.31926926 -0.13460269	 0.19814551 -0.20425630  0.12757214	  10.43859819   36.68185068  -44.24931531  -23.39544654   33.53126210    2.12016794   23.75090715 -134.43404370  -29.48943102  -80.93884275   -1.36524743  -51.27053777	-0.00036816  0.03610990 -0.45626715  0.88951695 -0.45418862  0.00398068 -0.01355597 -0.01922845 -0.25743261  0.72811151 -0.41889939 -0.00703330	
0.00398400	0.36744440	0.00853389	 -7.72254944  18.72476578 -11.55885696   1.37493110   0.53323692   0.11956777	 -30.29012299  -95.40654755 -926.81140137  -36.22824860    0.10097168    9.38949394	 -5.61525056  16.36702879 -33.67095122   0.14997765  -0.52468288  -0.61570923	 -55.14855978 -137.11304443 -942.82465032  -28.85088235  -31.25355997   14.07300276	18.94863884	0	0.00000000	0.00000000	0.00000000	-0.02173473  0.32674156 -0.13740856	 0.22328645 -0.21577334  0.09124804	  10.62774086   35.06881282  -40.29265698  -27.15969134   33.69715556    1.25776638   24.28313188 -130.30303821  -32.43643412  -83.66646127   -3.89547218  -50.40894474	-0.00022243  0.03655475 -0.46237239  0.89153409 -0.44932589  0.00562971 -0.01383086 -0.02142971 -0.25993299  0.73284382 -0.42084754 -0.00674951	
0.00399600	0.37914976	0.00866522	  5.01518631  17.44849014 -13.39666271   1.41992700  -0.85408556   0.52903509	  -5.36395073  -80.77895355 -958.41101074  -36.91697311    1.14687502   10.55613899	  3.27522572  18.61469243 -33.32142947   0.19185698  -1.04974363  -0.29826940	 -32.19618108 -126.48086778 -964.92742404  -30.20562465  -28.98649136   14.39251355	20.04330090	0	0.00000000	0.00000000	0.00000000	-0.02126306  0.33079664 -0.13625442	 0.24204910 -0.12871633  0.10624821	  10.60936485   34.07014511  -36.28126272  -31.65880165   33.36557114    0.38086983   24.72656790 -124.53341371  -35.40656701  -87.77748492   -7.61680961  -48.81245466	-0.00009971  0.03711466 -0.46830890  0.89327520 -0.44430211  0.00713301 -0.01409004 -0.02371534 -0.26266348  0.73760682 -0.42277268 -0.00639670	
0.00400400	0.39100552	0.00875774	 -2.22339869   7.52172041 -21.81601524   0.77429444   0.41636151  -0.84592098	  -3.93230391  -74.26892853 -967.02655029  -37.42107773    2.00269818   11.13963223	  2.34171260  13.84532358 -37.72175432   0.22263833  -0.78964935  -0.60245754	 -24.05342848 -119.43317968 -979.58699011  -31.25643673  -27.87740878   14.88273311	20.51361060	0	0.00000000	0.00000000	0.00000000	-0.02749258  0.32805213 -0.13058730	 0.23220042 -0.12842193  0.13279965	  11.27708333   32.94768421  -31.67171675  -36.25966228   33.43909691   -0.88127171   25.09283748 -118.63123342  -37.38939850  -89.57771432   -9.41135723  -47.05522349	-0.00000767  0.03781262 -0.47421473  0.89469409 -0.43895617  0.00846757 -0.01431781 -0.02603932 -0.26557803  0.74238521 -0.42469785 -0.00595951	
0.00399600	0.40295964	0.00876836	 -4.60636425   2.33397102 -21.70818520   0.40328386   0.38126567  -1.10465419	  -3.22938919  -70.55502319 -963.44555664  -37.76340485    2.54504180   10.76068020	 -1.74059568   6.16913748 -42.07381305   0.26987307  -0.79731808  -0.99680528	 -20.05976253 -114.23251814 -982.04737681  -32.14652580  -26.96891037   14.69362104	20.96503397	0	0.00000000	0.00000000	0.00000000	-0.03162552  0.33412562 -0.13810448	 0.21276711 -0.16506466  0.11938206	  11.81751435   31.37168331  -26.90959301  -41.72439939   32.91489470   -3.09878517   25.38649809 -112.50907186  -39.94592572  -92.43633760  -11.78955938  -44.79473662	 0.00009204  0.03866398 -0.48013589  0.89574486 -0.43329579  0.00967175 -0.01452201 -0.02831728 -0.26861531  0.74720186 -0.42668435 -0.00543796	
0.00398800	0.41492116	0.00873049	 -1.57954454   4.99593353 -11.38072014   0.38852060  -0.09405769  -1.10161090	  -0.35621694  -74.62223816 -932.54559326  -38.00617981    3.31089282    9.27490234	 -0.95160938   3.97232727 -36.91443211   0.21164467  -1.00125807  -1.31662514	 -16.22082125 -114.72261117 -964.41389225  -32.47008724  -25.59336079   13.69042743	21.36179975	0	0.00000000	0.00000000	0.00000000	-0.03438547  0.34412439 -0.14305072	 0.22440616 -0.14776732  0.05965638	  11.87380703   29.95380517  -21.24814181  -47.76903117   31.70048949   -5.55614562   25.62168512 -105.18756135  -42.29133903  -93.88301455  -13.43016817  -41.44243476	 0.00027612  0.03958436 -0.48608774  0.89636612 -0.42731327  0.01076854 -0.01468694 -0.03051854 -0.27173698  0.75173479 -0.42874753 -0.00476301	
0.00400000	0.42684722	0.00862452	-13.54803181  17.18064690 -16.30617142   1.42332482   1.26523364  -0.45134172	  16.34628487  -73.23664093 -893.60772705  -37.45606995    2.75539684    8.74578476	 -7.14668032  10.65556160 -37.77613170   0.24076491  -0.67983655  -1.01102445	  -4.32147388 -113.67674634 -935.74455148  -32.36697314  -23.97011177   12.84516583	21.35424865	0	0.00000000	0.00000000	0.00000000	-0.03666835  0.35390390 -0.13094858	 0.23275902 -0.15198193  0.03807095	 11.47918157  28.19169722 -14.21984428 -54.00134410  29.68339628  -8.27461326  25.87988485 -96.16279344 -44.05676277 -94.74605654 -15.27217891 -37.35743710	 0.00052922  0.04068883 -0.49196288  0.89647353 -0.42108530  0.01161990 -0.01484402 -0.03264311 -0.27488929  0.75650549 -0.43094113 -0.00387330	
0.00398800	0.43864888	0.00847648	  0.99426532  18.35591888 -12.73485279   1.40652561  -0.69169676   0.42476413	  34.12296677  -63.01154327 -878.04174805  -36.80204010    0.58824718    8.97482109	 -5.08012212  17.82027777 -37.00820266   0.24130075  -0.91955994  -0.36674712	  12.54395819 -108.76000119 -910.71932076  -32.17973553  -23.32949872   12.47272842	21.69515096	0	0.00000000	0.00000000	0.00000000	-0.03903406  0.36338402 -0.11881171	 0.23275902 -0.15198193  0.03807095	 11.47013935  25.83729121  -7.01703349 -61.98455786  26.95939036 -10.92044695  26.08801622 -86.82512199 -45.64680215 -95.13556244 -15.92025417 -33.50961633	 0.00080534  0.04187000 -0.49760026  0.89598262 -0.41470394  0.01224116 -0.01497754 -0.03466796 -0.27805698  0.76123780 -0.43323442 -0.00277650	
0.00398800	0.45028597	0.00827669	 -1.07666743   8.71938705 -18.74741936   0.77850145  -0.67426252  -0.38516712	  38.07476425  -48.87618637 -897.08831787  -36.33496475   -1.95382273    9.43456173	  0.23510378  13.65967145 -36.50839781   0.25489241  -1.39851321  -0.44268546	  24.57008479  -94.99844698 -912.04474649  -32.52935010  -24.93853162   12.37239409	22.43665960	0	0.00000000	0.00000000	0.00000000	-0.04240028  0.36964966 -0.11045635	 0.24053338 -0.07671438  0.02888080	 11.28646933  23.08303304   0.29050500 -71.36216640  23.81466764 -13.87181055  26.10808332 -76.71140925 -47.55059955 -95.36152430 -16.85377100 -29.07357953	 0.00107379  0.04312786 -0.50299984  0.89485520 -0.40801579  0.01248660 -0.01507179 -0.03660844 -0.28118628  0.76592410 -0.43563512 -0.00141893	
0.00399600	0.46170545	0.00803398	-11.96021748   0.11659255 -27.87936401   0.27106762   1.28600383  -0.88768131	  30.17703247  -30.74658775 -921.74133301  -35.93956375   -3.11267281    9.76166725	 -6.31599800   5.38756517 -46.49664431   0.26992308  -0.90357285  -0.77411544	  23.07686146  -77.23770450 -932.60500875  -33.24677313  -27.56824514   12.28384839	23.04400820	0	0.00000000	0.00000000	0.00000000	-0.05267914  0.37067281 -0.11244859	 0.21376266 -0.04143176  0.01217268	 10.52429728  20.61488405   7.53504425 -81.34813029  18.67464261 -16.59799627  25.95060993 -66.63152647 -49.85818758 -97.35654846 -17.34018401 -24.76112545	 0.00131922  0.04444708 -0.50811571  0.89302975 -0.40108222  0.01236388 -0.01509535 -0.03827281 -0.28410086  0.77056444 -0.43813550  0.00020709	
0.00400000	0.47285742	0.00777383	 -1.71162260  -2.11348844 -23.04455948   0.04516522  -0.22289887  -1.56367290	  27.55532455  -19.29022789 -911.63793945  -35.10647583   -6.16225529    9.85857010	 -3.33494100   0.32216178 -47.91096022   0.30736655  -1.09972966  -1.32216274	  20.19193343  -62.91288098 -935.48481728  -33.46185745  -30.27189957   12.13423040	23.89758536	0	0.00000000	0.00000000	0.00000000	-0.05768721  0.37349771 -0.11804669	 0.19540199 -0.07344614 -0.03087798	  8.83161587  18.05268330  13.93201325 -90.76469920  11.95419025 -19.41113293  25.56894527 -57.92776567 -50.67806836 -99.37452435 -17.58110943 -21.01681684	 0.00155699  0.04578165 -0.51268697  0.89065206 -0.39399523  0.01185000 -0.01504823 -0.03986048 -0.28714579  0.77525073 -0.44065890  0.00215524	
0.00398800	0.48371360	0.00747884	 -0.24232015   4.01253605 -18.19463158   0.61042964  -1.22764611  -1.01804554	  11.58985996  -19.27431297 -854.82421875  -33.18429947   -8.97934628    9.38806438	 -0.01873094   3.35848595 -43.36173404   0.31642577  -1.61751177  -1.14974730	   8.62150720  -55.23985783 -903.39739695  -32.40679908  -33.03765957   11.72547001	24.07749897	0	0.00000000	0.00000000	0.00000000	-0.05913717  0.37617024 -0.12146857	 0.19731688 -0.07245830 -0.06377162	   7.66131683   14.99937153   20.01529843 -100.06866641    4.08531854  -22.01585779   25.47053495  -50.11995734  -51.79259244 -102.88434938  -17.32621236  -18.12838056	 0.00184845  0.04712388 -0.51726586  0.88728499 -0.38698491  0.01098330 -0.01499325 -0.04120272 -0.29014474  0.78006744 -0.44318998  0.00441019	
0.00400800	0.49425301	0.00709210	 -5.62342215  12.80032444 -23.33725357   1.07393956   0.41897249   0.24815968	   5.20896721  -17.85985374 -800.27288818  -31.18817329  -11.61174297    9.18861294	 -1.29798064   9.55979080 -42.88116240   0.34580712  -1.32506081  -0.65760611	   1.56646745  -50.07864143 -855.79862645  -30.88662821  -34.63990241   11.43598743	24.07691449	0	0.00000000	0.00000000	0.00000000	-0.05736002  0.37644075 -0.11992042	 0.19548360 -0.07552704 -0.07805941	   6.83284374   10.63427315   25.05380995 -109.96357434   -1.12671250  -24.95165359   25.51742404  -42.02935470  -51.58094870 -106.45482474  -16.96891297  -14.98011241	 0.00217825  0.04847378 -0.52145368  0.88291311 -0.38015872  0.00966408 -0.01496969 -0.04235320 -0.29307464  0.78499150 -0.44559065  0.00699495	
0.00398000	0.50434703	0.00668924	 -0.48439336   9.78827667 -27.19903183   1.03852081   0.01495824  -0.11863162	   7.84715891  -11.13067627 -763.31176758  -29.15562439  -13.07514286    9.11694241	 -0.52162800  11.62722364 -47.99326777   0.35217393  -1.12647546  -0.46855265	   2.22610390  -40.75087183 -806.16029803  -29.02160132  -35.26566821   11.00940179	23.44236858	0	0.00000000	0.00000000	0.00000000	-0.05659807  0.37144636 -0.12073335	 0.18136730 -0.06121514 -0.07790491	   7.35681562    6.22468636   27.96736601 -119.47014798   -8.91514691  -26.89886343   25.57075283  -35.94813567  -50.37096623 -111.01731415  -14.53042182  -12.98856099	 0.00248505  0.04980068 -0.52510452  0.87739080 -0.37336317  0.00783097 -0.01496969 -0.04337330 -0.29595852  0.78995395 -0.44815239  0.00991718	
0.00400800	0.51400888	0.00625818	  8.94809818  -8.03987789 -31.72065544  -0.04014161  -1.41510320  -0.62293720	  13.78093147   16.12758446 -733.38763428  -25.16255379  -15.72153187    8.64719105	  8.10775012   1.86377901 -52.53454667   0.43073981  -1.67237483  -0.46778612	   5.86175455  -19.31076625 -770.36844445  -27.05881680  -36.31127848    9.95618345	21.97563292	0	0.00000000	0.00000000	0.00000000	-0.05789336  0.36472636 -0.12263363	 0.15789392 -0.02217002 -0.08162542	   8.27631327    2.95209035   30.08642966 -128.89271575  -18.27732857  -28.10293801   25.57000698  -30.06103870  -49.60758637 -114.32814327  -12.33365616  -11.33045234	 0.00276116  0.05111990 -0.52819550  0.87068731 -0.36664435  0.00543796 -0.01496183 -0.04431669 -0.29883474  0.79485500 -0.45067579  0.01316922	
0.00399600	0.52318496	0.00583721	   0.96773994  -35.06275558 -114.70166779    2.97144413   -7.46775579   -2.96699405	  10.80962849   38.33758545 -758.97229004  -22.60163879  -18.30843163    8.54102516	  9.29368080 -16.80791513 -90.52779013   2.95808064  -5.83961582  -1.19006947	   8.00223329    5.59201586 -772.11974931  -25.90655377  -38.58751420    9.05013074	20.33966571	0	0.00000000	0.00000000	0.00000000	-0.06419409  0.35868784 -0.12491912	 0.14471721 -0.04193456 -0.09652216	   9.33538177    0.70538963   31.21289547 -136.64649133  -27.87263009  -28.64028343   25.32818244  -24.64271503  -48.48744156 -116.36453373   -8.28464610   -9.49538767	 0.00302194  0.05245446 -0.53070354  0.86279500 -0.36006355  0.00250039 -0.01491471 -0.04526776 -0.30171093  0.79954129 -0.45310715  0.01668971	
0.00398800	0.53188872	0.00542158	   4.44079256  -48.96252441 -192.83792114    7.89664650  -20.30427933   -3.02102542	   6.24819565   50.36786652 -778.77325439  -21.15292358  -19.39336967    8.84375000	  14.38332272  -32.76748881 -177.64901038    9.12752962  -19.16374230   -1.85055067	   3.71075946   24.17465096 -793.49519834  -24.83050666  -41.45972268    8.61632800	18.79398740	0	0.00000000	0.00000000	0.00000000	-0.06739680  0.35238301 -0.13032033	 0.12817491 -0.03897489 -0.12356617	  10.94666381   -2.66627595   29.99078863 -141.91162432  -36.51172509  -27.90421508   24.94404357  -19.32689509  -46.53657667 -119.49975845   -3.27031417   -7.75153461	 0.00329806  0.05380436 -0.53260571  0.85378283 -0.35421142 -0.00095874 -0.01482046 -0.04624951 -0.30458716  0.80398220 -0.45536211  0.02047864	
0.00399200	0.54013276	0.00510064	  56.81277084    0.58223611 -423.00436401   21.81754303  -52.46700668   -2.50089169	  -4.91339016   42.27254486 -804.35583496  -19.74235535  -19.68954468    9.78133965	  57.08653968   -4.08223304 -340.87690974   18.17462254  -44.28211765   -2.98394204	  -5.19127219   27.43462757 -815.96404540  -23.30336517  -43.62154497    9.14403893	17.45544910	0	0.00000000	0.00000000	0.00000000	-0.06913579  0.34416178 -0.13353936	 0.13277423 -0.00875463 -0.10504809	  11.22504166   -5.25269415   27.42767961 -143.97614034  -43.68529128  -25.67667965   24.43593150  -14.12734073  -44.27966604 -122.38991376    0.19790345   -6.69467161	 0.00363553  0.05513893 -0.53392494  0.84389633 -0.34821355 -0.00516951 -0.01467123 -0.04728495 -0.30742502  0.80816227 -0.45740229  0.02447466	
0.00399600	0.54802233	0.00476816	  89.79729462   48.19193268 -714.43176270   36.17148209  -85.17150879   -1.88057768	  -7.50536013   13.67187977 -808.65399170  -19.62757874  -18.08783531    9.18755150	 108.68406495   44.69077197 -560.70000732   28.45405116  -76.30039842   -3.78130559	  -8.97709967   13.98335470 -826.40582420  -21.56979528  -43.65745214    9.53759427	17.57826572	0	0.00000000	0.00000000	0.00000000	-0.07065289  0.33310121 -0.12970511	 0.12751128  0.00004594 -0.08645693	  10.91244887   -6.93538145   22.12063749 -143.72170891  -50.43591774  -20.76319899   23.76692915   -9.26480790  -42.64715885 -125.97186842    1.18237172   -5.85574002	 0.00411107  0.05660388 -0.53476858  0.83408654 -0.34216201 -0.01052311 -0.01445918 -0.04836641 -0.31015551  0.81210458 -0.45918939  0.02870077	
0.00400000	0.55554461	0.00440964	 170.87777710   46.87808228 -887.59558105   40.70862198 -109.53728485   -4.46885157	  20.95536423   -9.75653839 -789.13934326  -19.24230766  -16.33379745    7.05011892	 190.55198918   78.16633288 -776.32749598   36.93559540 -106.97792070   -5.60903969	   3.06743783   -8.30223706 -821.61420211  -19.58173840  -41.24481129    8.82368363	18.20969373	0	0.00000000	0.00000000	0.00000000	-0.07438319  0.32338504 -0.12769050	 0.10664589  0.00971117 -0.07214894	  10.68454935   -8.17758214   15.39373784 -144.72929411  -56.81788218  -12.38920815   23.09019096   -3.49388272  -40.16184918 -127.47523182    1.12949167   -4.64959472	 0.00476301  0.05805349 -0.53516746  0.82489800 -0.33595705 -0.01734165 -0.01419214 -0.04952456 -0.31266356  0.81577849 -0.46071568  0.03314932	
0.00398000	0.56265730	0.00412198	  181.30819702    24.16522408 -1040.65515137    39.58007431  -118.68461609    -7.36049700	  43.81061935  -21.52608490 -733.08660889  -17.31638527  -15.05766392    4.71321154	 250.15764925   73.82937538 -950.26013285   40.68609624 -127.32628010   -7.88247836	  27.00877489  -22.45040104 -786.65505972  -17.18122370  -37.08746134    6.84629948	20.37624667	0	0.00000000	0.00000000	0.00000000	-0.07754709  0.31652573 -0.12672026	 0.08582260 -0.00018305 -0.07302474	   9.62388144   -9.31083612    9.00596599 -147.73755057  -65.71474745   -2.45282095   22.43128181    2.48429336  -37.47779122 -126.91959975    0.92002375   -3.70715524	 0.00563738  0.05943407 -0.53532851  0.81646109 -0.32941464 -0.02556378 -0.01390154 -0.05083611 -0.31482649  0.81913024 -0.46198124  0.03783563	
0.00399600	0.56945914	0.00400843	  212.16581726    29.94782257 -1007.18646240    34.67834473  -119.66576385    -8.76005745	  53.52373123  -11.46612167 -648.94067383  -13.90390205  -14.16648102    3.94040918	 281.57612307   65.37964536 -994.27090104   38.33000246 -133.03643526   -9.49121531	  44.04369656  -17.63750724 -711.16830339  -14.37319319  -32.49592401    5.07439382	22.32972682	0	0.00000000	0.00000000	0.00000000	-0.06874767  0.33284597 -0.11445675	 0.16493574 -0.04759316 -0.16230815	   8.54432606   -8.19287210    3.67752785 -153.08970186  -76.38549527    8.83134565   21.83096208    7.44766768  -34.98395264 -121.69916316    2.35066703   -4.60960132	 0.00679553  0.06065359 -0.53538984  0.80931276 -0.32267278 -0.03493641 -0.01360309 -0.05233941 -0.31649086  0.82216752 -0.46297064  0.04273669	
0.00400000	0.57613707	0.00397124	 208.88519287   76.49933624 -982.69000244   26.39221382 -119.91339111   -8.98504639	  56.66552353   25.81917953 -522.95672607   -8.27061558  -14.10667324    5.60271454	 290.61234919   85.22991198 -982.14646038   29.44665786 -134.10296326  -10.80160117	  52.11740726   12.21060583 -597.46818537  -11.31540116  -28.10675249    4.82734745	24.26956860	0	0.00000000	0.00000000	0.00000000	-0.05155830  0.35086281 -0.08395792	 0.30998789 -0.09549374 -0.31188839	   4.05041679   -2.26945749   -3.89928966 -161.93896734  -87.33312529   23.75943961   21.47537310   12.24179747  -32.69728573 -110.30732212    4.06861993   -7.56577880	 0.00821447  0.06165067 -0.53535920  0.80366004 -0.31573921 -0.04532912 -0.01334391 -0.05417252 -0.31756464  0.82477528 -0.46368393  0.04742301	
0.00399600	0.58277136	0.00396010	 108.03884888  150.34944153 -965.80688477   16.48037910 -106.36024475   -6.24883795	  50.97340393   53.34817123 -381.15438843   -2.55661535  -14.55715942    5.34542799	 229.65547362  136.89402761 -993.26764210   17.04307797 -131.76419130  -11.58207118	  50.45278703   42.39006402 -473.96663806   -8.05571836  -24.64633762    4.53127208	24.79457432	0	0.00000000	0.00000000	0.00000000	-0.03656050  0.35905044 -0.04372284	 0.37572087 -0.12607262 -0.32509466	  -3.66506396    5.64062377  -10.81989590 -171.60318820  -97.09056132   40.47038898   20.88161200   17.90942890  -31.25280799  -98.13795232    5.90761950  -11.49001703	 0.00974078  0.06202650 -0.53508306  0.79924983 -0.30861387 -0.05596728 -0.01308473 -0.05623572 -0.31804785  0.82677710 -0.46408278  0.05233174	
0.00398800	0.58938885	0.00391381	   2.77932453  111.84127045 -926.74584961    5.73924255  -88.98096466   -5.02640963	  31.30032158   51.63844299 -312.06250000    0.00617080  -15.01963997    1.57602072	 137.77468153  132.62938201 -966.38212618    7.23272076 -123.12796176  -10.45726540	  37.74618675   53.33881258 -384.83379548   -5.33530954  -23.14589246    1.93707030	26.54714064	0	0.00000000	0.00000000	0.00000000	-0.02928445  0.33271298 -0.00357108	 0.34364242 -0.00804494 -0.27920955	  -8.80535020   15.82422632  -16.80824751 -186.53474046 -105.19990157   54.51151993   19.93508928   24.12609121  -30.52274971  -82.67217603   10.00826607  -13.20126903	 0.01117505  0.06196514 -0.53453851  0.79568332 -0.30147317 -0.06641369 -0.01275486 -0.05846000 -0.31810918  0.82841080 -0.46418250  0.05691068	
0.00400400	0.59596384	0.00381917	 -46.72130966  105.98343658 -914.43511963   -0.73921299  -81.85433197   -9.63291359	  24.06458092   37.83392715 -265.57327271    0.65174949  -14.75893497   -0.56921595	  55.67431249  108.27862607 -950.75273612   -0.97977787 -115.58030878  -11.21334713	  26.74899804   45.46129392 -317.11017746   -2.96392277  -21.90165853   -0.80933791	28.27948862	0	0.00000000	0.00000000	0.00000000	-0.03314949  0.31400060  0.02524666	 0.21715880  0.00732117 -0.25830142	 -10.81895950   26.60112360  -21.12489289 -201.72177275 -111.95558256   68.46994288   18.66415814   30.17741547  -27.89603275  -68.74981917   12.97532280  -12.98707120	 0.01236388  0.06149728 -0.53372550  0.79273808 -0.29474667 -0.07620815 -0.01231504 -0.06071495 -0.31792513  0.82952297 -0.46399841  0.06092203	
0.00399200	0.60242689	0.00378238	 -60.69118881  137.85536194 -896.83062744   -8.01856709  -81.88481140   -7.23481512	  18.03565025   17.04837608 -230.22621155   -0.56363058  -13.15209866    0.85970777	  17.59110149  108.00902215 -932.18969609   -9.16290259 -113.81478152  -10.72422349	  20.69882395   29.92730644 -271.41712225   -2.01561563  -20.10923110   -0.50250120	29.03553648	0	0.00000000	0.00000000	0.00000000	-0.04311821  0.28918844  0.05280063	 0.13710522  0.13712073 -0.18788763	 -10.49234201   38.06580469  -25.29280343 -214.74852351 -113.96701055   78.09424868   17.07427744   34.83116660  -26.49351933  -57.60722960   14.66741215  -12.15974431	 0.01329961  0.06080699 -0.53276676  0.78994626 -0.28861076 -0.08442262 -0.01174955 -0.06282417 -0.31771037  0.83015954 -0.46349218  0.06431213	
0.00398800	0.60884690	0.00370849	  -4.67031479  189.88713074 -883.23211670   -9.09514046  -82.68144989  -10.52576828	   9.39981842    9.54003334 -208.06831360   -1.20962572  -10.88028240    3.07084060	  30.58109033  142.04926742 -923.61507531  -15.32944985 -112.49317419  -12.45979605	  13.16681968   19.94959399 -244.39482007   -1.87502921  -18.17198361    1.16121845	29.64648668	0	0.00000000	0.00000000	0.00000000	-0.06423166  0.26923805  0.07366290	 0.11740981  0.09749787 -0.17878512	  -7.95726779   49.13386452  -25.04322931 -222.47131725 -113.73948542   84.03033607   15.43110747   36.13887771  -24.56849569  -48.37327726   15.27535114  -10.95442806	 0.01409728  0.06013203 -0.53183872  0.78690898 -0.28305775 -0.09068125 -0.01108982 -0.06452689 -0.31759530  0.83039731 -0.46268687  0.06716534	
0.00400000	0.61519140	0.00369504	  20.39069557  216.16017151 -881.18615723   -8.14292812  -82.89739227  -16.97353554	   8.23305511    0.18194380 -197.96775818   -1.55906773   -9.37004089    4.03049660	  59.83328177  179.27557104 -910.65182099  -17.96542978 -110.20297478  -18.87359062	   7.71346116    8.26025060 -227.43863237   -1.64133670  -16.09334874    3.06011442	30.13821919	0	0.00000000	0.00000000	0.00000000	-0.08159981  0.24541519  0.07377019	 0.07633631  0.12880805 -0.07561054	  -7.05099950   57.52705962  -25.38285290 -226.61257513 -111.73833365   86.96674413   13.51540413   35.27220214  -22.40255888  -39.95764790   14.30142720   -9.98942376	 0.01477223  0.05969485 -0.53110236  0.78352654 -0.27813366 -0.09486903 -0.01032013 -0.06596116 -0.31757998  0.83034360 -0.46163610  0.06958903	
0.00399600	0.62151879	0.00364084	  52.53885651  256.57815552 -936.00683594   -8.44421959  -90.46761322  -22.10952568	   4.38338280   -2.06612659 -186.03993225   -1.76199174   -7.64515114    4.38078928	  88.24046266  214.06618204 -937.19685248  -20.02884825 -113.54317485  -25.18410716	   3.16348889    2.10713790 -215.63381473   -1.55204178  -14.29176911    3.86929895	30.71768086	0	0.00000000	0.00000000	0.00000000	-0.09426573  0.22767056  0.07080794	 0.06966927  0.07237095 -0.08339226	  -2.55591297   65.41698807  -24.25816406 -226.60005459 -109.70213135   89.16323514   11.50776971   31.73714721  -20.02468728  -34.05923909   13.34482245   -9.53132151	 0.01537815  0.05961048 -0.53064221  0.78020549 -0.27381551 -0.09707795 -0.00945619 -0.06701194 -0.31764901  0.83007520 -0.46037054  0.07167524	
0.00398000	0.62777704	0.00370584	  56.12343597  291.59463501 -990.85058594   -8.21399307  -97.24449158  -26.25229263	   1.70532334    9.88724232 -162.41500854   -1.28213906   -6.64827156    4.12187433	 102.74102430  247.40849284 -982.00443346  -21.94283963 -120.34350704  -30.20723055	   1.19194589    7.86997235 -199.91034263   -1.74271740  -12.77703097    3.90853287	31.04334603	0	0.00000000	0.00000000	0.00000000	-0.09465647  0.23520887  0.07365247	 0.09753983  0.10517638 -0.12123115	  -1.64432832   69.80317037  -24.53152503 -221.85982805 -106.00825373   88.32654535    9.35122270   25.75212240  -18.75510400  -28.46204951   11.84904640  -10.42574235	 0.01600709  0.05985592 -0.53037375  0.77660060 -0.27000356 -0.09739242 -0.00851371 -0.06777126 -0.31774104  0.82965332 -0.45902064  0.07347766	
0.00400000	0.63411862	0.00370888	   56.61418533   311.06176758 -1021.82373047    -6.15426254   -98.49317169   -29.01867294	   0.60646796   28.15829277 -125.37356567    0.08119971   -5.28995037    2.22339272	  108.99086994   274.80226669 -1024.06897418   -22.30474074  -125.12698906   -34.65741327	  -0.74160284   20.17781093 -171.08993201   -1.82800815  -10.90154500    2.64762817	31.66056264	0	0.00000000	0.00000000	0.00000000	-0.08958257  0.24149613  0.08116241	 0.11576391  0.06758987 -0.22582667	  -1.56954674   72.59229803  -24.13579902 -217.04981390 -104.77848201   86.99358614    7.21058231   20.18624742  -18.26617379  -25.89612565    9.68023995  -11.76186874	 0.01682777  0.06027776 -0.53024334  0.77304178 -0.26664415 -0.09610388 -0.00751626 -0.06836184 -0.31779474  0.82910877 -0.45747131  0.07495795	
0.00400000	0.64046359	0.00377465	   61.50056839   317.76409912 -1045.08312988    -4.27956724  -100.85682678   -28.40914536	  5.15682220  35.50991440 -80.86401367   0.83786881  -3.89995384   0.58075559	  114.03448118   291.55304268 -1051.85620054   -21.11156172  -127.75245941   -36.47665844	   1.26945069   32.34689860 -128.90443549   -1.65095675   -8.08627183    0.56044944	31.84316274	0	0.00000000	0.00000000	0.00000000	-0.08327807  0.23936472  0.08782286	 0.08956753  0.04412158 -0.21642105	  -5.56502061   75.12300276  -24.60387494 -211.28390455 -103.69935517   82.15453442    5.13901632   15.64467536  -15.46552365  -22.43017654    7.34982794  -12.79167219	 0.01780184  0.06063825 -0.53015131  0.76972073 -0.26366824 -0.09333504 -0.00650310 -0.06892941 -0.31780240  0.82843381 -0.45582229  0.07602407	
0.00399600	0.64687937	0.00375203	   64.55850220   309.72018433 -1074.85705566    -2.79984999  -105.44096375   -27.29557800	  7.78735065  20.77162743 -49.12006760   0.04389808  -2.96054626  -0.43921903	  119.11475383   298.43420844 -1079.36152798   -19.64332705  -131.88807031   -36.51128535	  4.90817829  28.56401425 -93.24896285  -1.47483557  -5.68461846  -0.64132496	32.10455710	0	0.00000000	0.00000000	0.00000000	-0.08681012  0.20979285  0.09469896	 0.03165533  0.09612104 -0.12161521	  -6.29345838   79.18943916  -25.15150165 -206.65295472 -105.10853584   76.97236454    3.20996128   12.26089011  -14.05060800  -20.87842288    5.64896798  -12.62438497	 0.01889097  0.06073796 -0.53002858  0.76679850 -0.26102978 -0.08936970 -0.00550564 -0.06950466 -0.31774873  0.82757479 -0.45410424  0.07659931	
0.00399200	0.65326786	0.00380091	   62.92098999   280.82382202 -1076.34387207    -0.89692336  -105.77413940   -25.73751068	  5.98893499   6.89637709 -36.03902435  -0.56497192  -2.50455427  -0.63074028	  120.13543707   283.12514917 -1091.20997664   -16.19565978  -134.21947365   -34.89988218	  5.15595517  13.94138628 -68.90688141  -1.20670244  -4.14771544  -0.81261200	32.40314384	0	0.00000000	0.00000000	0.00000000	-0.09701137  0.17972884  0.10661850	-0.11273471  0.12378176 -0.03398704	  -6.31595096   84.17872696  -26.79491611 -202.13407878 -105.83584328   69.32608759    1.41485538   11.48789293  -13.11257743  -19.02025708    4.67540954  -11.61419898	 0.02004145  0.06059223 -0.52987522  0.76430577 -0.25881317 -0.08438426 -0.00458672 -0.07008757 -0.31769502  0.82655472 -0.45237085  0.07674504	
0.00399200	0.65971071	0.00371496	   47.76357651   247.33508301 -1041.51855469     3.64725447  -101.03605652   -22.48061943	  2.13707042  -1.64082909 -29.48128700  -0.86118501  -1.72799253  -0.53081298	  109.57612801   256.32549102 -1077.50887785   -10.80294185  -131.88610781   -31.75007022	  3.36312340   3.89010660 -55.29596230  -0.93781368  -3.21720305  -0.66212227	32.54506241	0	0.00000000	0.00000000	0.00000000	-0.10864233  0.15363366  0.11896274	-0.20375695  0.13738929 -0.04518205	  -4.86253151   91.25096741  -27.97028100 -198.93231850 -107.85878673   62.67389073   -0.36839094   12.86723271  -13.50620284  -19.41673965    4.74586866  -10.75166092	 0.02113058  0.06033145 -0.52969879  0.76221186 -0.25672698 -0.07850912 -0.00363639 -0.07058611 -0.31769502  0.82531983 -0.45062977  0.07655329	
0.00398800	0.66605574	0.00374203	   34.21311188   232.47232056 -1033.11206055     9.04746819   -99.86988831   -20.71911812	  2.56201077   3.55349708 -23.77854729  -0.64116687  -1.38267529  -0.31784996	   97.17493497   243.95493731 -1061.30790172    -5.00376670  -129.52224882   -29.60688433	  1.30706544   2.29119254 -49.09953380  -0.83110699  -2.64794161  -0.51213388	31.90900295	0	0.00000000	0.00000000	0.00000000	-0.11714868  0.13263997  0.12491844	-0.22983465  0.14691777 -0.05583251	  -5.60634329   97.04356696  -30.14601745 -196.67610867 -109.56613873   54.55490483   -1.92045489   15.26045176  -12.73557457  -20.06501350    5.07241786   -9.45820368	 0.02221971  0.06005533 -0.52958375  0.76051682 -0.25494754 -0.07202806 -0.00273318 -0.07089291 -0.31781775  0.82387787 -0.44889638  0.07611611	
0.00400800	0.67244196	0.00371751	   30.18304634   196.11647034 -1028.19763184    12.07513237   -98.70334625   -19.78299141	 -0.33375496   4.11580515 -17.51722717  -0.33246657  -1.69623458  -0.13123329	   86.89370298   217.51183201 -1050.20721813     1.19170946  -128.34648914   -27.13252073	  0.62847228   4.25607610 -43.36814050  -0.72713083  -2.55306561  -0.39115562	31.42800048	0	0.00000000	0.00000000	0.00000000	-0.12076862  0.10911202  0.12624871	-0.26467739  0.12968942 -0.03280577	  -4.94895062  102.86732200  -31.47391019 -194.64992872 -111.05785572   48.25702504   -3.34980078   17.33708527  -12.92689539  -20.44622451    6.48671646   -9.36314934	 0.02317845  0.05984825 -0.52956843  0.75918227 -0.25355163 -0.06532456 -0.00190066 -0.07098494 -0.31804016  0.82216752 -0.44717064  0.07551019	
0.00399200	0.67879212	0.00388851	   13.07075691   142.83302307 -1010.63726807    15.96088409   -95.35777283   -15.76314068	  2.24186254  13.36732292 -19.94960785   0.18865238  -1.22565734   0.00830649	   72.61102660   175.92386266 -1036.78725515     7.85168958  -126.01571860   -23.09415340	  3.01612855  11.12537856 -41.93317699  -0.73375810  -2.25700539  -0.42617755	30.73606811	0	0.00000000	0.00000000	0.00000000	-0.12322139  0.08908251  0.13019019	-0.32886014  0.18084368 -0.07097765	  -3.93432167  107.35927646  -33.68592503 -195.04583087 -113.66655046   41.75823984   -4.52636645   18.25490021  -12.87525224  -18.03950911    7.58627592   -8.74076618	 0.02399145  0.05977155 -0.52970648  0.75809312 -0.25256988 -0.05878980 -0.00116239 -0.07090057 -0.31832397  0.82019633 -0.44545260  0.07473553	
0.00399600	0.68533450	0.00402506	    8.16062927   130.31600952 -1004.65057373    19.76374626   -95.50601196   -13.79893970	  0.90171182   8.14869118 -17.80172539  -0.10980152  -1.01262343  -0.30286250	   67.97317627   155.84130073 -1026.92063019    12.85427773  -124.81533071   -20.30217314	  3.56998220  10.85187065 -43.41068104  -0.71003287  -1.85118667  -0.34892872	30.66345635	0	0.00000000	0.00000000	0.00000000	-0.12352629  0.07788443  0.13132999	-0.35365433  0.10535205 -0.08637220	  -3.48963141  110.52759445  -35.29629801 -197.57539512 -115.20009479   38.61923602   -5.52303646   15.38407510  -12.16438933  -15.34971612    7.57616302   -6.97589149	 0.02464340  0.05980223 -0.53002095  0.75718808 -0.25203300 -0.05240077 -0.00051051 -0.07059378 -0.31867677  0.81797206 -0.44371152  0.07376145	
0.00399600	0.69202864	0.00425989	   16.98169136   127.35002899 -1006.83099365    23.03221703   -96.62002563   -14.06814861	  8.72093582   3.03447795 -21.45272827  -0.50678331  -1.63179684  -0.33487993	   70.98867632   150.44047320 -1023.95078435    17.31940886  -124.86777154   -19.49670720	  6.45710905   5.45226947 -43.25219786  -0.69840737  -1.94823947  -0.43045245	30.81368241	0	0.00000000	0.00000000	0.00000000	-0.12218209  0.06129489  0.12621114	-0.38190795  0.07501572 -0.04892628	  -2.34339456  110.49278984  -37.57214085 -199.80391754 -115.11196291   35.02886708   -6.15693114   10.93923793  -10.99072310   -9.74325250    5.78610808   -4.32924545	 0.02509592  0.05986359 -0.53050411  0.75647479 -0.25189492 -0.04634922  0.00002356 -0.07011825 -0.31906793  0.81554836 -0.44197047  0.07266466	
0.00398800	0.69897932	0.00453634	  16.54768944   95.87718964 -993.11413574   27.09938240  -95.78656006  -13.01279163	  0.96147615   5.94057941 -26.72597504  -0.39918980  -1.54695690  -0.60696512	   73.34519429   132.61143299 -1015.89196563    22.61909628  -124.21564706   -18.49971918	  2.19183322   4.85033416 -47.46622161  -0.76346177  -2.31508001  -0.56563721	31.16223158	0	0.00000000	0.00000000	0.00000000	-0.12135543  0.04576860  0.12525693	-0.42396331  0.13838199 -0.07787111	  -0.46596308  109.00698677  -37.57535718 -204.44132179 -112.12288237   31.32348407   -6.57154284    6.14149734  -10.30935618   -2.30142679    4.49205308   -2.48427709	 0.02537971  0.05989427 -0.53117907  0.75594556 -0.25207135 -0.04095728  0.00044768 -0.06951232 -0.31948978  0.81296360 -0.44021404  0.07151417	
0.00398800	0.70623726	0.00489608	  11.18057060   66.15111542 -977.28063965   27.59108353  -92.82032776  -11.09521198	  5.40526724   5.43224335 -23.77179146  -0.63319165  -2.45889354  -0.63977897	   70.58562778   110.86013745 -1005.32224102    26.00021013  -122.36733053   -16.42936325	  2.91054374   5.74279881 -47.17761701  -0.89502849  -2.87087231  -0.64538432	32.16058957	0	0.00000000	0.00000000	0.00000000	-0.11926841  0.03057549  0.12793838	-0.44394427  0.05573406 -0.08368797	  -0.60003615  107.54340839  -38.60578301 -206.36894668 -109.36787127   28.54771116   -6.75779989    0.83463164   -9.47428782    6.31917814    2.46825615   -1.50918738	 0.02552544  0.05994796 -0.53206879  0.75562346 -0.25230142 -0.03647039  0.00073827 -0.06876834 -0.31993464  0.81027150 -0.43848065  0.07035601	
0.00400400	0.71390396	0.00524948	  15.28322697   51.17561340 -949.11224365   27.12148476  -90.41403198  -10.00287342	 -0.10249059   4.48402596 -30.66030502  -0.79327530  -2.39228272  -0.72718370	  70.06414056   88.76855830 -979.38992049   27.48486843 -118.83495954  -14.14029212	  1.29373386   5.21330231 -51.43387195  -1.05229149  -3.42936210  -0.78656391	33.16368347	0	0.00000000	0.00000000	0.00000000	-0.11768267  0.01996863  0.12876954	-0.39358533  0.08872683 -0.09206869	   1.02176485  105.30841508  -39.64124804 -208.07344557 -107.11217424   27.33759354   -6.83520097   -4.13277942   -8.74557307   14.96345121    1.80750943   -0.83269034	 0.02557912  0.06001699 -0.53315026  0.75544703 -0.25245485 -0.03299592  0.00094248 -0.06796300 -0.32043317  0.80757171 -0.43674725  0.06923621	
0.00398800	0.72195446	0.00560940	  23.11630249   33.69471359 -892.75946045   25.94519806  -87.09536743   -8.84707737	 -1.20122230   6.32495308 -33.52830505  -0.80538708  -2.31025958  -1.04997015	  75.98312527   74.17525593 -940.85231431   27.69484060 -114.46833481  -12.72630627	 -1.09380610   5.06789072 -55.58460687  -1.21500149  -3.76444724  -0.92555203	34.16033984	0	0.00000000	0.00000000	0.00000000	-0.11593134  0.00945678  0.12795495	-0.39358533  0.08872683 -0.09206869	   1.45808045  102.99158580  -40.34241333 -208.28862533 -104.13393918   27.22400122   -6.73400242   -9.00936808   -7.72481039   22.54457994    1.33144696   -0.74609793	 0.02556378  0.06014737 -0.53437746  0.75536269 -0.25255454 -0.03039582  0.00104458 -0.06717300 -0.32096240  0.80494094 -0.43503687  0.06817776	
0.00400000	0.73041171	0.00599454	  29.28461075   27.76262856 -848.53729248   24.14914894  -82.84318542   -7.19965410	 -1.85988128   6.24137163 -36.94429398  -0.72603190  -2.37597179  -1.47124028	  80.12342392   65.04426878 -897.96854444   27.04795189 -109.64353756  -11.21698896	 -2.94662917   8.25781187 -58.80560866  -1.23557037  -3.91215203  -1.64065072	35.15864033	0	0.00000000	0.00000000	0.00000000	-0.11440125 -0.00086656  0.12710283	-0.39358533  0.08872683 -0.09206869	   2.02033304  101.33022771  -41.04730641 -208.97150431 -102.09075264   28.99078911   -6.69441833  -13.00217210   -7.52146504   28.91684055    2.37625344   -1.56874645	 0.02550242  0.06040048 -0.53574270  0.75528598 -0.25262359 -0.02854738  0.00109170 -0.06643669 -0.32150698  0.80245584 -0.43336481  0.06719601	
0.00400000	0.73929703	0.00633261	  30.50903130   25.40484428 -815.32873535   22.89082718  -79.36759949   -5.77542305	  0.66239482  -3.74288917 -34.10972977  -1.38296056  -2.51072502  -2.93727446	  82.03610236   55.72151944 -855.91516980   25.52581425 -104.23822402   -9.26810453	 -0.94010207   2.03699353 -58.26838544  -1.16042234  -3.94820532  -2.37404075	35.93158851	0	0.00000000	0.00000000	0.00000000	-0.11915369 -0.00456761  0.12794565	-0.35490342  0.16663986 -0.12346604	   1.99811184   99.57594317  -40.48904409 -209.69483066  -99.81375142   31.64379657   -7.27431689  -17.60388272   -6.84437257   34.12454181    3.28918766   -2.76097272	 0.02538738  0.06080699 -0.53722298  0.75512487 -0.25265425 -0.02734320  0.00120951 -0.06564669 -0.32208222  0.80026227 -0.43172348  0.06626796	
0.00398800	0.74855137	0.00664943	  28.17391396   17.58513260 -792.12457275   21.36330986  -77.16303253   -5.43492556	 -2.06325889  -6.79586935 -35.84798431  -1.72849989  -2.60467196  -2.42780447	  81.71506865   46.77651641 -826.25114098   24.20828900 -100.44274115   -7.97566396	 -1.30069232  -5.54181112 -59.59770271  -1.20473017  -4.12657582  -2.28895811	36.25366630	0	0.00000000	0.00000000	0.00000000	-0.12690804 -0.00470685  0.13072945	-0.31658626  0.18926301 -0.16408465	   2.29011446   95.71689545  -38.91458823 -210.10522633  -96.91157360   33.46836713   -8.15266668  -21.80568981   -4.45543140   38.88534800    5.34173873   -3.67841124	 0.02518029  0.06134388 -0.53884131  0.75481808 -0.25268492 -0.02662223  0.00145299 -0.06486437 -0.32268047  0.79840618 -0.43012813  0.06547029	
0.00399600	0.75816232	0.00693430	  25.76924896   25.74229431 -789.71289062   21.50447273  -76.37760925   -6.44731665	  0.34732807   4.19347715 -36.14693069  -1.10708249  -3.45649028  -1.05179846	  80.58269013   47.76428159 -811.87805502   23.29325327  -98.55226556   -8.15844519	 -0.45378229   0.74992651 -59.84177919  -1.33476361  -4.45502380  -1.87362698	36.38218984	0	0.00000000	0.00000000	0.00000000	-0.13310004 -0.01562049  0.12154675	-0.28528601  0.26310472 -0.14271155	   2.05195142   92.59966773  -36.76384708 -210.27923980  -94.35877789   35.13159099   -8.93040713  -25.45724091   -1.87678853   43.22766652    6.71313993   -5.07225674	 0.02488116  0.06200349 -0.54053634  0.75433487 -0.25272328 -0.02618505  0.00175144 -0.06412806 -0.32327104  0.79704094 -0.42854047  0.06469563	
0.00400000	0.76809210	0.00713550	  24.69547653   43.68592453 -798.06335449   22.99143600  -77.06416321   -9.12923908	 -3.04365945   7.32314920 -35.44702911  -0.72654170  -2.88524127  -1.32986975	  78.21792133   61.17757343 -813.21618835   23.25371380  -98.56522191  -10.51866625	 -2.14614230   5.38472574 -58.24047745  -1.30862277  -4.57201432  -1.54375609	35.47523398	0	0.00000000	0.00000000	0.00000000	-0.14135017 -0.01449650  0.11462937	-0.22123382  0.24487464 -0.11690856	   3.53471668   89.92669117  -34.13409268 -212.06798209  -91.88955028   35.94397380   -9.22292862  -28.55591239    0.50882794   47.36596777    8.45503745   -6.04271016	 0.02455136  0.06268612 -0.54223907  0.75369829 -0.25275397 -0.02601631  0.00201847 -0.06348378 -0.32384628  0.79600549 -0.42696047  0.06394397	
0.00399200	0.77824098	0.00730614	  25.01529503   56.18923950 -836.00805664   25.24617004  -81.59936523  -12.32759666	-10.66061115  -8.84762669 -26.34066963  -1.31337726  -0.84105265  -0.85967749	  80.48095514   74.30373057 -834.23240768   24.33735593 -101.78523976  -13.92772949	 -9.16891688  -2.86384716 -53.99436853  -0.94653670  -3.56738506  -0.74712511	33.82567267	0	0.00000000	0.00000000	0.00000000	-0.15092701 -0.01171616  0.11029282	-0.24618310  0.26788278 -0.15305016	   4.06710176   86.69154187  -31.15947190 -213.35311739  -88.84967312   35.92541718   -9.04912014  -31.61900995    3.13643876   51.39303707    9.59133139   -6.92541739	 0.02433660  0.06353747 -0.54393411  0.75283158 -0.25275397 -0.02607000  0.00215984 -0.06293922 -0.32439852  0.79539955 -0.42536512  0.06313863	
0.00399200	0.78857958	0.00737522	  32.46775055   56.03694916 -878.63159180   25.48500252  -86.61222839  -10.83477974	 -3.97645140 -17.61462975  -8.00960064  -1.65699840  -0.53424561  -1.08033943	  87.91362632   83.54850384 -868.13083305   24.97356149 -106.51369915  -14.62306521	 -7.26683659 -13.81365401 -39.75198242  -0.54058416  -2.23798658  -0.64169695	32.82708258	0	0.00000000	0.00000000	0.00000000	-0.15915372 -0.00960453  0.10483596	-0.26921602  0.29886731 -0.16438679	   2.76676761   83.70591796  -29.06171860 -214.26143267  -86.58431448   35.97364919   -8.77878599  -33.78134459    5.74796922   54.24160793   11.05407544   -7.95651557	 0.02426757  0.06449621 -0.54552180  0.75177312 -0.25275397 -0.02627709  0.00217555 -0.06247902 -0.32492775  0.79521549 -0.42375442  0.06233330	
0.00398800	0.79899269	0.00740477	  36.63860321   45.58853531 -922.00982666   25.36258888  -90.81283569   -9.68523407	-11.32552910 -17.41092300  -3.38626671  -1.22646153   0.40612924  -0.47571513	  98.10942872   78.32463146 -914.82358332   25.49356320 -112.44070998  -13.37861079	 -9.48991472 -17.36966655 -29.52261535  -0.19704822  -1.26305301  -0.18012764	32.17222609	0	0.00000000	0.00000000	0.00000000	-0.16606188 -0.00849041  0.09828882	-0.25419364  0.30043333 -0.13462801	   2.08773067   80.40537152  -27.81171821 -214.47917325  -84.78532615   36.46581274   -8.24239856  -34.99200594    7.92992689   55.84428702   12.59211809   -8.40353276	 0.02429825  0.06550863 -0.54692543  0.75060731 -0.25274628 -0.02653019  0.00210487 -0.06212621 -0.32544929  0.79545325 -0.42212075  0.06154330	
0.00399600	0.80944312	0.00738542	  27.99661446   34.79298782 -995.33471680   26.58313560  -98.24414825  -10.24103451	-15.40167427  -4.78172112  -1.10404336  -0.30825934   1.29729235  -0.05050429	 100.61880046   70.80073966 -975.13023589   26.90467769 -120.61256015  -12.99282996	-13.37684833 -10.28980470 -25.32731050   0.01574229  -0.48183605   0.12735908	31.90731543	0	0.00000000	0.00000000	0.00000000	-0.17174727 -0.00871357  0.09302196	-0.22646568  0.27429905 -0.08148071	   2.43166779   75.46963178  -26.44981050 -214.43131682  -83.00715339   36.41042624   -7.81510271  -36.05423546   10.12275022   57.22031480   14.96985720   -8.62911338	 0.02434427  0.06643669 -0.54818326  0.74950284 -0.25273097 -0.02673728  0.00197920 -0.06185009 -0.32600918  0.79602081 -0.42047939  0.06073796	
0.00400000	0.81987429	0.00737196	   17.36829948    49.28078842 -1044.17736816    27.86948395  -102.14221191   -11.49749756	-13.98132324 -13.71858788  10.47083187  -0.74176323   0.66631413  -0.00460792	   97.17509076    75.10004776 -1028.69704574    28.08771278  -127.62505974   -14.10102455	-12.63995658  -8.97572559 -20.89311350   0.10584830  -0.36919640   0.31453610	31.48223018	0	0.00000000	0.00000000	0.00000000	-0.17540072 -0.00131857  0.08934050	-0.19571738  0.31124027 -0.07398279	   4.20748453   71.53961795  -25.33478710 -214.03042014  -81.28918953   36.47487540   -7.31323352  -36.18343259   11.32399704   57.70079921   16.93804069   -8.56531108	 0.02439029  0.06720369 -0.54925704  0.74861312 -0.25270027 -0.02692136  0.00180642 -0.06166602 -0.32668415  0.79683381 -0.41880736  0.05984825	
0.00399200	0.83028603	0.00726046	    8.46006680    57.94437408 -1062.51916504    28.47463799  -103.43045807   -11.62297535	-16.21654510 -22.65078545  -2.09831929  -1.56371379   1.33477819  -0.43511277	   90.47991754    84.93658509 -1064.04514642    28.41823947  -132.14040848   -14.88845824	-15.50652212 -18.11020605 -20.72572997   0.08313298  -0.26605098   0.32489652	30.76730862	0	0.00000000	0.00000000	0.00000000	-0.17424628  0.00797040  0.08084287	-0.18453491  0.26578945 -0.13607761	   5.46822254   67.48554193  -24.97610608 -213.01729851  -79.30517246   36.32942802   -6.71311086  -36.48774058   13.24050091   56.72204008   18.65402041   -7.80572407	 0.02440563  0.06771757 -0.55026948  0.74782312 -0.25265425 -0.02713612  0.00158650 -0.06155097 -0.32744348  0.79787695 -0.41719666  0.05888184	
0.00398800	0.84057158	0.00713457	   16.51750946    56.18706512 -1072.15417480    28.47271347  -105.21786499   -12.64546013	-19.61374855 -22.13251114   4.24401236  -1.35782552   1.46717083  -0.21137027	   94.25847562    87.92771394 -1082.24876736    28.65015993  -134.59516424   -15.74326101	-19.51215147 -22.24421679 -18.45411915   0.14875169  -0.14261847   0.32596230	30.25773148	0	0.00000000	0.00000000	0.00000000	-0.16792052  0.01395625  0.07060133	-0.17842555  0.21016410 -0.12188419	   5.73180893   63.92929267  -24.17942731 -210.64711905  -76.58538716   35.47724584   -5.97656450  -36.19554383   15.06901058   56.21206477   19.82637302   -7.44307927	 0.02442097  0.06793232 -0.55117452  0.74727094 -0.25259289 -0.02740456  0.00131947 -0.06146660 -0.32831785  0.79907346 -0.41541725  0.05790776	
0.00399200	0.85071951	0.00694145	   12.35760880    54.88825989 -1051.98522949    27.10607719  -102.90814209   -12.35771275	-17.88750458 -11.69462013   1.36370027  -0.66322273   1.33059108   0.05844453	   94.43968642    85.36975435 -1079.05485986    28.23915647  -134.45262836   -15.86283372	-18.92124736 -16.30721756 -18.25914377   0.13406805  -0.27045112   0.60305730	30.12502158	0	0.00000000	0.00000000	0.00000000	-0.16335267  0.01506077  0.06250744	-0.17842555  0.21016410 -0.12188419	   7.79405169   60.67497160  -23.53068236 -209.04001835  -74.32339121   35.05913326   -5.05623521  -35.09277174   16.57246473   54.07102856   21.51556413   -6.92081166	 0.02445932  0.06790165 -0.55198753  0.74697179 -0.25251618 -0.02770369  0.00098175 -0.06141291 -0.32928425  0.80038500 -0.41357648  0.05695669	
0.00400400	0.86065942	0.00670537	    8.90435982    59.98243332 -1018.76220703    25.90353584   -98.75594330   -12.32223320	-18.68403435  -9.29284000  -3.67196989  -0.61200565   1.46042347   0.69468790	   87.15672160    84.89180304 -1054.50338243    26.64389711  -130.93864054   -15.60533439	-19.24273856 -10.85542665 -22.11472183   0.12239250  -0.23327509   0.73955314	29.78598665	0	0.00000000	0.00000000	0.00000000	-0.15357012  0.01784128  0.05683340	-0.12508399  0.17200938 -0.05713055	   8.76343385   57.08696931  -22.88615042 -206.25194520  -71.78999103   33.49515938   -4.19763812  -33.66105628   18.19833662   51.16879537   22.61124465   -6.93522322	 0.02456670  0.06771757 -0.55273920  0.74692577 -0.25239348 -0.02800281  0.00062832 -0.06140524 -0.33031967  0.80177325 -0.41165134  0.05599029	
0.00399200	0.87033027	0.00646060	   5.84923744   55.28492737 -978.03497314   24.23073387  -94.85251617  -11.39802933	-14.42594910 -17.77535820  -2.11332631  -1.05363309   0.85813457   0.03229170	   82.76686482    82.97542229 -1019.18927723    25.03892133  -126.17326874   -15.00842350	-16.34252682 -13.45471819 -23.33903663   0.13359603  -0.37860546   0.65361687	29.46240564	0	0.00000000	0.00000000	0.00000000	-0.14203662  0.02228508  0.05289990	-0.12840158  0.10032103 -0.05294842	  10.94087804   52.56575156  -20.49814535 -204.28742591  -69.23195975   32.20415220   -3.35698731  -32.94532913   19.81683947   47.81883064   24.04838481   -6.77709440	 0.02472777  0.06748747 -0.55341411  0.74693346 -0.25224775 -0.02826359  0.00023562 -0.06140524 -0.33140114  0.80330724 -0.40961879  0.05499320	
0.00399600	0.87973136	0.00620066	  14.88282204   45.51358795 -948.30389404   22.32544136  -92.63614655  -10.01658440	-14.18661118 -17.27534676  -0.28088033  -1.09397066   1.21351695   0.04643187	  84.10052224   75.45544069 -987.44454317   23.63860668 -122.24379935  -13.70244111	-14.20626550 -17.64414212 -22.10132287   0.09856235  -0.36810184   0.64319418	28.83292488	0	0.00000000	0.00000000	0.00000000	-0.13129932  0.02727439  0.04798519	-0.11976577  0.10529176 -0.04813289	  11.91380055   48.38269811  -19.89712637 -201.76907791  -67.11259319   29.97422638   -2.35819671  -31.70224892   21.49459467   43.29652590   25.55167988   -6.53792340	 0.02490417  0.06721903 -0.55398935  0.74693346 -0.25205600 -0.02851670 -0.00020420 -0.06142825 -0.33246726  0.80497158 -0.40744054  0.05400378	
0.00398800	0.88883907	0.00593957	  15.90994930   40.87877274 -930.76092529   21.21430779  -91.06342316   -9.40019798	-18.02055359 -11.92092323  -4.44850492  -0.68514240   1.46224999   0.44287318	  84.88271013   67.00487584 -960.14408975   22.33020188 -119.02440574  -12.34290631	-16.56257136 -13.22459205 -25.08920707   0.09735304  -0.25930956   0.66532625	28.41764437	0	0.00000000	0.00000000	0.00000000	-0.12246904  0.02990484  0.04556406	-0.13106368  0.06301408 -0.01883694	  13.24461132   43.55892091  -18.61256350 -199.03119509  -64.63571172   27.74188670   -1.23425282  -30.45853037   22.81006436   37.81615756   26.61491446   -6.08615880	 0.02509592  0.06691223 -0.55442655  0.74693346 -0.25181824 -0.02873145 -0.00068330 -0.06149728 -0.33349502  0.80672801 -0.40512425  0.05304505	
0.00400800	0.89766771	0.00569722	  12.34727001   36.75867081 -904.28295898   19.71833992  -87.85734558   -8.71908474	-9.96636105 -2.55696130 -1.15393436 -0.21146308  0.92118824  0.22626060	  82.31161357   61.16889792 -934.59082437   21.11775212 -115.67800209  -11.36689009	-15.19547105  -6.88715310 -24.66020745   0.09846213  -0.25006583   0.57044982	27.76497423	0	0.00000000	0.00000000	0.00000000	-0.11509360  0.03065182  0.04381234	-0.16032214  0.00966352 -0.00463882	  14.70935901   39.03361778  -18.27117246 -196.72832738  -63.11066992   25.23340596   -0.28989037  -29.10328747   23.68671415   31.88847474   26.95676780   -5.74066625	 0.02531835  0.06659009 -0.55473334  0.74692577 -0.25157279 -0.02891553 -0.00117810 -0.06162000 -0.33440775  0.80853808 -0.40264687  0.05206330	
0.00398400	0.90621364	0.00542495	   6.28620148   31.65977669 -887.82202148   18.58433342  -86.13339996   -7.78479195	-13.49137878 -12.29698181  -5.31804562  -0.79187500   1.05826485   0.18156378	  76.75235394   55.41609584 -916.63195243   20.21861514 -113.44170090  -10.51110400	-14.16610199  -7.26294799 -26.09817608   0.02762105  -0.30921173   0.42975116	27.27669027	0	0.00000000	0.00000000	0.00000000	-0.11090412  0.03091200  0.03930505	-0.16253656  0.03307599 -0.00025873	  15.84076730   34.00547213  -17.79713127 -193.17948042  -60.46234438   22.28277299    0.57695330  -27.74186417   23.84642954   24.97630381   26.86187600   -5.02377546	 0.02559446  0.06626796 -0.55493277  0.74691808 -0.25130436 -0.02905359 -0.00164148 -0.06181941 -0.33518240  0.81032521 -0.40003911  0.05105854	
0.00399200	0.91446143	0.00511839	   3.03994107   26.24892044 -883.37457275   17.65875244  -85.33693695   -6.88446808	-10.80287933 -12.66141891  -8.24937820  -0.86496931   1.04020905  -0.35427895	  70.94431235   47.40185896 -906.49985563   19.35119295 -112.03168905   -9.14197165	-12.17875516 -11.21119057 -28.77778902   0.00253435  -0.30681709   0.19612160	26.57748504	0	0.00000000	0.00000000	0.00000000	-0.10784824  0.03404785  0.03496522	-0.15376113  0.00959630 -0.00778422	  16.38778944   29.45493524  -17.93029643 -190.41633356  -58.54612657   18.91303818    1.26476573  -25.73846965   23.95570514   18.30683717   26.89617066   -4.58207542	 0.02590126  0.06588446 -0.55504781  0.74688745 -0.25103590 -0.02917631 -0.00207345 -0.06216456 -0.33576530  0.81205857 -0.39725491  0.05005378	
0.00399200	0.92236853	0.00474179	  -4.31831121   18.09637260 -874.21820068   16.37304306  -83.97164154   -5.72830868	-7.43627548 -4.56783533 -9.87499714 -0.42978999  0.64004016  0.17184408	  64.35894260   39.88572674 -899.36667070   18.54022183 -111.05581554   -7.81342344	 -9.39257970  -8.90993658 -30.75400611  -0.03813789  -0.45874805   0.26533163	26.32270277	0	0.00000000	0.00000000	0.00000000	-0.10501544  0.03791025  0.02995096	-0.13680355 -0.01420832  0.00509244	  16.60941884   24.03820230  -17.51456993 -187.64602366  -55.55445420   15.24669519    1.82322308  -23.45046984   23.36033250   11.43510257   26.64322594   -4.02635746	 0.02624641  0.06540893 -0.55510151  0.74683374 -0.25075212 -0.02931437 -0.00245044 -0.06266310 -0.33616415  0.81372297 -0.39434037  0.04914106	
0.00400000	0.92986149	0.00433009	  -9.77131367   16.29380226 -867.83551025   15.36262989  -82.46936035   -5.01995802	 -9.93382740   0.79668927 -15.28873348  -0.29160324   1.52990222   0.24707097	  58.45765116   33.45877188 -892.25233147   17.83628707 -109.96988188   -6.77152736	 -9.90790182  -2.76402801 -34.48076564  -0.17558277  -0.24305832   0.22579631	25.96683739	0	0.00000000	0.00000000	0.00000000	-0.10281386  0.04048447  0.02399312	-0.13023758 -0.00743258  0.00560262	  16.77544016   19.04059830  -17.06384385 -185.86625853  -53.95210787   11.35540417    1.96616521  -20.40073283   22.58844842    4.09440253   26.23492044   -3.38405229	 0.02661456  0.06484135 -0.55513984  0.74676472 -0.25039929 -0.02949844 -0.00271748 -0.06334572 -0.33637124  0.81526458 -0.39124939  0.04819000	
0.00398800	0.93689018	0.00389123	 -10.44455624   16.19386864 -851.86291504   14.54524040  -81.33539581   -4.68413496	 -4.69490147   2.62894678 -23.68878365  -0.82020539   2.39918852   0.15900645	  53.99741681   30.54807948 -879.67391465   16.83129795 -108.35319336   -6.00592816	 -8.24451022   0.41748991 -41.48267326  -0.65923951   0.52706298   0.17193415	25.87523579	0	0.00000000	0.00000000	0.00000000	-0.09867343  0.04135726  0.01834933	-0.09946178 -0.02580710  0.03367169	  16.88649330   14.47480122  -16.20375658 -183.87923505  -52.09165626    7.65250563    1.96113866  -17.20110024   21.04010676   -2.17296455   25.14027122   -3.03016841	 0.02699039  0.06419709 -0.55517054  0.74666500 -0.24995445 -0.02974388 -0.00289026 -0.06419709 -0.33640191  0.81654549 -0.38802803  0.04723893	
0.00400400	0.94344008	0.00342759	  -9.46312141   18.95789719 -832.15954590   13.27593231  -79.23256683   -4.51432514	 -9.54006195  -4.36415672 -76.24279022  -4.44145536  10.97952747  -0.31050414	  51.77087235   30.07222369 -863.89890200   15.65765230 -106.22840967   -5.60714203	-10.16708381  -2.38438085 -70.28884167  -2.59945487   4.51989163  -0.03168907	25.85649712	0	0.00000000	0.00000000	0.00000000	-0.09446314  0.04316148  0.01215593	-0.06975259 -0.04682719  0.03400990	  17.82836856   11.05373198  -15.30067199 -182.42635290  -51.20030130    4.22569683    1.84945507  -14.28948037   20.10892454   -7.22581915   23.49530848   -2.89188836	 0.02740456  0.06330737 -0.55520123  0.74654227 -0.24945590 -0.03010437 -0.00296880 -0.06523252 -0.33622551  0.81767297 -0.38467628  0.04631854	
0.00399200	0.94946796	0.00293396	  -5.25848293   19.83560944 -815.48132324   11.96908855  -77.94485474   -4.18206072	 -12.81425476  -16.22765350 -129.80725098   -8.11380386   19.50004768   -1.35854232	  52.01368860   29.71139278 -850.10743044   14.54113766 -104.32290933   -5.34890807	 -19.51048856  -12.70478227 -113.42794695   -4.90017055   10.03630651   -0.51071920	25.94636112	0	0.00000000	0.00000000	0.00000000	-0.09070472  0.04649143  0.00573508	-0.06975259 -0.04682719  0.03400990	  18.36186544    8.84221660  -13.90590226 -181.50991213  -51.05123998    1.22691054    1.66327685  -10.76856597   18.68382796  -11.92680423   22.00898627   -3.04960691	 0.02788777  0.06224893 -0.55523193  0.74637353 -0.24889600 -0.03064126 -0.00297666 -0.06645203 -0.33588803  0.81856269 -0.38129386  0.04552854	
0.00399200	0.95494717	0.00242972	  -4.63927269   17.48272514 -802.98858643   10.66013050  -76.65352631   -3.35718441	  -7.08836937  -20.72370911 -172.02743530  -10.98287296   26.57027054   -2.48666143	  52.96711727   26.35419525 -833.63451335   13.22204289 -102.32554431   -4.52584733	 -21.12052686  -22.22001767 -163.13374144   -7.84512080   16.83261504   -1.24652850	25.52659096	0	0.00000000	0.00000000	0.00000000	-0.08871799  0.05131840  0.00060354	-0.00232414 -0.06029134  0.00636574	  18.79904745    7.20799004  -12.47657389 -180.77144120  -52.09164736   -1.65621710    1.35088477   -6.60218679   17.96836749  -16.20406350   20.78254520   -3.52129233	 0.02844000  0.06102174 -0.55525494  0.74618179 -0.24822105 -0.03140825 -0.00292953 -0.06776359 -0.33538949  0.81916857 -0.37802649  0.04503767	
0.00399600	0.95986825	0.00197315	  -3.85023332    8.13874722 -787.85742188    8.73662758  -75.30369568   -2.10181379	 -19.37456703  -22.52560425 -226.28880310  -13.34461117   34.25822067   -3.21450114	  53.62877929   19.78773596 -818.37870838   11.87147583 -100.50564323   -3.27611514	 -30.54258656  -28.99023191 -215.29418740  -10.17640331   22.48062299   -1.82167536	25.36988323	0	0.00000000	0.00000000	0.00000000	-0.08835818  0.05574120 -0.00277356	 0.00605957 -0.06041115 -0.01193301	  18.20640073    5.10692605  -11.65976649 -180.93550219  -53.26331925   -4.06647797    1.21819183   -2.78443360   16.77768678  -20.48522973   19.73259199   -4.45516508	 0.02909194  0.05969485 -0.55525494  0.74590570 -0.24750008 -0.03239000 -0.00287456 -0.06904446 -0.33476055  0.81949836 -0.37494317  0.04490728	
0.00399600	0.96428186	0.00155089	  -2.11013746   -2.99482179 -769.76635742    6.61135340  -73.36718750   -0.49014372	 -15.12865067  -25.87530136 -275.80209351  -15.74228191   41.03254318   -2.72848964	  54.03679781    8.52818953 -803.25859040   10.49344072  -98.53337392   -1.49689978	 -35.15789235  -32.73063975 -263.05772823  -12.20588719   27.93290787   -2.31401890	25.08770307	0	0.00000000	0.00000000	0.00000000	-0.08984525  0.05777694 -0.00351495	 0.01172758 -0.06645879 -0.01687459	  16.35762026    3.46879235  -10.62034620 -179.99218220  -55.58439505   -5.85736131    1.12802772   -0.04427884   16.71826317  -23.88583046   19.08970321   -5.85858386	 0.02985126  0.05830660 -0.55523193  0.74556053 -0.24671008 -0.03364786 -0.00281958 -0.07039437 -0.33400890  0.81955975 -0.37218201  0.04516805	
0.00398800	0.96822172	0.00121840	  -2.45342207  -11.19562149 -753.13177490    4.71854973  -71.89417267    0.67297536	 -11.33436108  -36.97410965 -300.59072876  -17.34317589   45.04093170   -4.01331758	  53.69777588   -3.16468749 -783.66072430    8.84931506  -96.12656170    0.44245685	 -39.48018437  -44.19607314 -300.14426263  -13.90446736   32.77775051   -2.79208129	24.97575315	0	0.00000000	0.00000000	0.00000000	-0.09173192  0.06154941 -0.00342495	 0.02807277 -0.07501222 -0.02903403	  13.27286942    1.49450751   -8.65613764 -178.30802202  -57.58009525   -7.64422103    1.01654054    1.64060465   16.02351192  -26.64834971   19.08465007   -7.75697178	 0.03067961  0.05691068 -0.55514753  0.74508500 -0.24588174 -0.03513582 -0.00277245 -0.07166757 -0.33319589  0.81929898 -0.36984268  0.04579699	
0.00399200	0.97179431	0.00095147	   7.50311995  -13.20802784 -721.75341797    2.30780816  -69.66590881    2.01415920	 -10.77280235  -46.43389130 -327.25100708  -19.19678688   49.54731369   -5.95801449	  56.01900492   -9.97522774 -759.96423625    6.83658838  -93.16777228    1.94279237	 -43.26970987  -54.88742860 -329.93148415  -15.18235711   36.62174714   -3.95415415	25.03862046	0	0.00000000	0.00000000	0.00000000	-0.09438079  0.06761082 -0.00149399	 0.05218549 -0.06689110 -0.06507748	  10.07459548   -0.09178198   -6.65776549 -175.55128983  -58.78117073   -9.25327075    0.95539754    2.26147240   15.26094244  -29.73790592   19.45770263   -9.83767912	 0.03150796  0.05554543 -0.55500948  0.74440235 -0.24504571 -0.03680786 -0.00271748 -0.07282572 -0.33233687  0.81873906 -0.36811697  0.04679408	
0.00399600	0.97507238	0.00079065	  12.61536121  -11.08912563 -711.76098633    0.52848297  -68.85249329    2.37689400	  -3.26405978  -50.82475281 -333.82913208  -19.63618660   50.40267563   -7.42268944	  61.20997558  -13.54348530 -742.55056554    5.05670834  -90.94188300    2.96513400	 -41.07720630  -59.78703274 -345.54676195  -15.95066430   38.67938955   -5.24682799	25.04024451	0	0.00000000	0.00000000	0.00000000	-0.09872693  0.07555270  0.00152784	 0.06632102 -0.07992137 -0.08700635	   6.91198379   -1.27717258   -5.03478877 -173.02863997  -59.63033645  -10.60494435    0.77793692    1.66865749   14.63599259  -32.67870934   20.07002800  -13.03368586	 0.03228262  0.05423388 -0.55479473  0.74348199 -0.24426338 -0.03850291 -0.00266250 -0.07384582 -0.33148551  0.81782633 -0.36684376  0.04817466	
0.00399200	0.97816950	0.00059891	  17.74689674  -12.86227703 -712.02325439   -0.77184498  -69.25643921    2.70944333	  21.32798004  -45.04142761 -339.32962036  -19.07070923   49.07640457   -7.06270599	  68.00932262  -14.86763837 -734.37438740    3.26846517  -89.97434271    3.48071514	 -24.55264956  -61.03910700 -355.20271618  -16.02920404   39.62708109   -5.66615121	25.16141394	0	0.00000000	0.00000000	0.00000000	-0.10245020  0.07860426  0.00279062	 0.11160396 -0.08157165 -0.10510269	   4.68965932   -2.31881991   -3.13043215 -170.08603406  -60.38230781  -11.98468295    0.49209126    0.32347371   13.52975449  -35.35054390   21.63195952  -16.93031465	 0.03295757  0.05297602 -0.55445725  0.74227011 -0.24355775 -0.04042039 -0.00257611 -0.07473553 -0.33071086  0.81653780 -0.36612278  0.04988505	
0.00400400	0.98106021	0.00051477	  21.36818695   -4.62917471 -727.55267334   -2.59714818  -70.93195343    2.60336423	  61.58589554  -13.96727657 -332.67721558  -15.94673729   44.27953720   -4.23268032	  72.77009808  -12.68574711 -740.29471129    1.31466439  -90.74865871    3.54752076	   6.98728392  -44.04570467 -359.28499827  -15.44263698   39.10570856   -4.77570885	25.52881594	0	0.00000000	0.00000000	0.00000000	-0.10606790  0.07877265  0.00328650	 0.14626004 -0.09082809 -0.09483721	   3.10133138   -3.83624175   -1.60722101 -167.20350242  -61.38212569  -13.76659731    0.09224506   -1.16733660   11.82328104  -39.24677884   23.21164039  -21.04160168	 0.03350213  0.05183320 -0.55392033  0.74077451 -0.24296717 -0.04239922 -0.00245830 -0.07554087 -0.33005124  0.81487346 -0.36593103  0.05184087	
0.00398800	0.98384851	0.00048232	  24.93867111    9.13936710 -749.06390381   -4.06682634  -73.18032074    1.73693943	  77.33983612    5.02533436 -322.67721558  -13.32131290   40.19686890   -1.36602938	  77.96000598   -5.72965148 -752.25317696   -0.60189707  -92.51239089    3.00532447	  30.84457308  -22.51320341 -356.11609012  -14.35962032   37.33784964   -3.24819277	25.85896253	0	0.00000000	0.00000000	0.00000000	-0.10916029  0.07873358  0.00709627	 0.14941587 -0.09265213 -0.09005951	   2.35965465   -5.57696955    0.05824725 -162.37276148  -60.57901371  -15.00941457   -0.45643406   -3.67535498    9.50645256  -41.62511460   25.00168968  -25.04108332	 0.03390097  0.05076708 -0.55313033  0.73911780 -0.24236125 -0.04443941 -0.00227765 -0.07630786 -0.32957572  0.81284094 -0.36606911  0.05383505	
0.00400000	0.98660743	0.00052626	  18.12206650   20.42413712 -762.01928711   -5.05610704  -74.37905121    1.05223298	  92.33516693   16.97753906 -314.75900269  -11.92035675   37.72192764   -0.01785646	  78.10763240    4.80030205 -771.29582146   -2.75703746  -95.13706094    1.96063751	  52.29449366   -4.46810474 -348.88321558  -13.16676208   35.36573620   -1.43744047	25.38938435	0	0.00000000	0.00000000	0.00000000	-0.10983400  0.07188756  0.00767782	 0.16118601 -0.12616082 -0.05591756	   1.86925672   -6.10426555    1.43856031 -157.34878776  -60.11224224  -16.30410357   -0.91597028   -6.00469793    7.60937347  -42.75471235   26.12531094  -28.31749527	 0.03420777  0.04977767 -0.55205655  0.73737675 -0.24181668 -0.04651796 -0.00206560 -0.07707485 -0.32921523  0.81044787 -0.36644492  0.05565281	
0.00398800	0.98940849	0.00055311	  15.17482090   34.75042343 -778.65124512   -6.78421831  -75.57627869    0.31448147	  99.05780029   19.72593307 -299.16476440  -10.91448212   34.39916992    0.31810430	  75.97158752   16.12691373 -787.69297928   -4.97860503  -97.24491542    0.91793999	  65.46383206    4.43005902 -337.96599516  -12.29945560   33.31429185   -0.62669707	25.28694915	0	0.00000000	0.00000000	0.00000000	-0.10891571  0.06461549  0.00889744	 0.19203651 -0.12809593 -0.01641225	   2.75468293   -6.81942653    2.10377384 -151.34587001  -58.37062945  -16.48922911   -1.27371919   -8.13190405    4.00000761  -43.58334960   25.97709841  -30.73402857	 0.03439184  0.04881893 -0.55066830  0.73555899 -0.24127212 -0.04865786 -0.00186925 -0.07789553 -0.32899278  0.80780947 -0.36689743  0.05711009	
0.00399600	0.99224383	0.00061099	   7.03078938   42.91857910 -787.25097656   -8.30209255  -75.60717773   -0.80271739	  97.80348206   15.13629150 -286.65008545  -11.06174755   32.98493576   -0.92685217	  70.18597796   24.30035031 -799.96306566   -6.89255247  -98.66833242   -0.02310102	  72.22261082    5.17776108 -324.70181478  -11.98002938   31.89301097   -0.77458425	25.22820597	0	0.00000000	0.00000000	0.00000000	-0.10614901  0.06547616  0.01506669	 0.20299896 -0.14126900 -0.00690236	   3.64100690   -6.97587168    2.54997323 -145.57282040  -56.85118064  -16.53416882   -1.45726679   -9.74412112    0.98443086  -43.73440134   25.13896117  -32.37049060	 0.03446854  0.04787553 -0.54898095  0.73377955 -0.24073522 -0.05089747 -0.00171217 -0.07890029 -0.32883173  0.80498695 -0.36736530  0.05809951	
0.00399200	0.99514127	0.00064175	  -0.82930291   53.08637238 -777.22961426   -9.99957943  -74.29566956   -1.85911739	  92.52445221    1.96439409 -278.85037231  -12.15778732   32.68092346   -2.19809818	  61.97526020   29.78395281 -802.47221831   -8.99812428  -98.92795378   -1.31000443	  70.75169949   -2.24137188 -314.09977065  -11.94707795   30.76069403   -1.55964334	25.26263966	0	0.00000000	0.00000000	0.00000000	-0.10308712  0.06658482  0.02123262	 0.20299896 -0.14126900 -0.00690236	   4.19282394   -7.06691925    1.87551928 -139.37717112  -54.46351350  -15.90635395   -1.52229758  -10.62908742   -2.26922798  -42.84104809   24.06064718  -32.93575261	 0.03449155  0.04687844 -0.54707110  0.73207682 -0.24017532 -0.05322145 -0.00159436 -0.08004310 -0.32872435  0.80197269 -0.36781785  0.05860572	
0.00399200	0.99807292	0.00074190	 -10.62726879   66.49415588 -770.11889648  -10.92160320  -72.41641235   -2.86851668	  89.99450684   -3.90668488 -275.69229126  -13.16794872   32.85284042   -3.72481227	  52.68676430   39.81998441 -796.75297661  -11.04515929  -98.02679419   -2.55379574	  69.78092512  -10.00799085 -308.32226752  -12.35610338   30.48798327   -2.88520940	25.31266439	0	0.00000000	0.00000000	0.00000000	-0.09973013  0.06862984  0.02680160	 0.23908988 -0.15978805  0.01559470	   4.25341175   -6.74465800    0.92345944 -132.62692998  -52.77132285  -15.68664532   -1.41964621  -11.04784945   -4.58225291  -42.61370352   23.08662872  -33.00153762	 0.03449922  0.04578165 -0.54499257  0.73042780 -0.23960775 -0.05559145 -0.00153938 -0.08133931 -0.32865530  0.79868996 -0.36827803  0.05869009	
0.00400800	0.00112479	0.00078455	 -14.63591957   76.53517151 -758.05633545  -11.50033188  -70.92410278   -3.63745499	  81.91464233   -8.00865936 -278.79605103  -13.72320271   33.33028412   -4.62322712	  45.01141049   50.84329504 -787.22402118  -12.77052134  -96.49391020   -3.95147451	  65.63612648  -16.42144674 -306.31238959  -12.86071808   30.33273391   -3.92937044	25.59404926	0	0.00000000	0.00000000	0.00000000	-0.09891214  0.07871911  0.03027629	 0.27800945 -0.18124037 -0.03701155	   5.02620083   -5.39365485   -0.62522038 -125.73938535  -51.45044085  -14.64831975   -1.25541948  -10.53680206   -7.44436901  -42.28331992   21.41163756  -32.63090313	 0.03449922  0.04457747 -0.54282969  0.72884780 -0.23901717 -0.05792310 -0.00154723 -0.08275825 -0.32863230  0.79510808 -0.36876124  0.05844466	
0.00398000	0.00420849	0.00089166	 -16.39454269   83.55099487 -732.51281738  -12.28554535  -68.75938416   -3.31885767	  75.69698334  -21.61665726 -285.68698120  -15.51636791   34.58171082   -4.66624546	  39.46754605   58.82586735 -769.32948824  -14.30770524  -94.26213544   -4.38916981	  58.78562309  -28.38647820 -310.26272730  -13.42911705   30.50685624   -4.14030411	25.61881357	0	0.00000000	0.00000000	0.00000000	-0.10078477  0.08643316  0.02974954	 0.30877619 -0.21349312 -0.09966706	   3.68628993   -3.77482158   -2.67025275 -118.83357221  -51.09121415  -14.14118856   -0.99627738  -10.41362187   -8.81129142  -43.00265518   19.88283259  -32.37553682	 0.03448388  0.04325825 -0.54063606  0.72737521 -0.23841891 -0.06023941 -0.00159436 -0.08424621 -0.32869366  0.79124248 -0.36926743  0.05798446	
0.00401200	0.00742900	0.00093565	 -20.01064682   75.20653534 -700.19104004  -13.34215069  -65.28948212   -4.63548183	  75.15042114  -10.94157887 -304.57943726  -15.85739422   36.35752869   -4.16199398	  33.57660220   57.41921531 -743.22758211  -15.16586347  -90.99840125   -4.80816322	  56.26381177  -27.73876051 -321.34971063  -14.25617050   31.44537245   -4.45484237	25.85763579	0	0.00000000	0.00000000	0.00000000	-0.10185982  0.09142899  0.02556407	 0.31459063 -0.26092543 -0.10768691	   2.57007620   -1.34552461   -5.21407019 -112.15617532  -51.03217918  -12.82704148   -0.93501635   -9.27340848  -10.65547448  -43.01951502   17.24024606  -32.28263419	 0.03449155  0.04179330 -0.53847319  0.72599459 -0.23780532 -0.06248669 -0.00163363 -0.08587990 -0.32888541  0.78718507 -0.36983502  0.05740922	
0.00398800	0.01068507	0.00105231	 -25.66622734   71.90317535 -672.34948730  -14.17185783  -62.43786240   -3.08468580	  80.96096802   -0.13871309 -316.16711426  -15.42609024   37.01568222   -2.90396380	  27.74588042   51.23259228 -721.57351086  -15.77104762  -87.99257179   -4.50464894	  59.05233142  -20.30520021 -332.33988222  -14.81092398   32.32532044   -4.24030482	25.84387022	0	0.00000000	0.00000000	0.00000000	-0.10744854  0.08745797  0.02966165	 0.28935991 -0.24397841 -0.11975813	   1.64985779    1.33645941   -6.70193876 -106.41305432  -52.25312704  -12.35415749   -0.99706283   -8.36615823  -11.91321241  -41.95873835   15.57844329  -32.23877413	 0.03449155  0.04028233 -0.53639460  0.72470605 -0.23719174 -0.06459592 -0.00164148 -0.08774368 -0.32903880  0.78302801 -0.37050998  0.05673427	
0.00399600	0.01407525	0.00113424	 -24.98486710   71.80000305 -648.11407471  -14.11028290  -60.24459076   -2.81997013	  91.89992523   16.92983246 -313.31390381  -14.45338631   36.95249557   -2.77135158	  23.44806418   48.71823618 -690.13707290  -16.36293069  -84.36797557   -3.60433058	  70.88619661   -6.30663117 -337.91562560  -15.23860484   33.13715277   -3.86459913	26.09546021	0	0.00000000	0.00000000	0.00000000	-0.11148159  0.08250718  0.03165206	 0.27047292 -0.14775566 -0.11200830	   0.94005563    4.72834528   -7.89746320 -100.72896215  -53.45990113  -11.20854556   -1.23209306   -6.61661644  -13.45086427  -39.48076850   13.50517784  -32.46313860	 0.03446854  0.03880971 -0.53446180  0.72350955 -0.23662415 -0.06645970 -0.00161007 -0.08999863 -0.32906950  0.77880186 -0.37132299  0.05595961	
0.00398800	0.01755203	0.00125361	 -28.18843460   69.67021942 -623.01617432  -13.62991810  -56.75178528   -4.96467733	 107.95633698   27.93128586 -312.72351074  -13.77704048   35.60284424   -1.13331807	  20.72339850   47.85483667 -662.94018202  -16.16391533  -80.70312891   -4.44518523	  83.07718835    5.52049729 -339.74811015  -15.22215559   33.30551159   -3.19701813	25.42955949	0	0.00000000	0.00000000	0.00000000	-0.11460583  0.07194613  0.02877964	 0.17701602 -0.31274738 -0.07418172	  1.10578574   8.14106128  -8.61099705 -97.20354470 -56.17999685 -10.30824678  -1.37652775  -5.03299680 -15.49818345 -38.58653007  11.71044737 -32.57351453	 0.03446854  0.03750582 -0.53282046  0.72242045 -0.23611794 -0.06802437 -0.00156294 -0.09256038 -0.32880104  0.77457577 -0.37227404  0.05500087	
0.00399200	0.02116371	0.00138009	 -36.16935730   75.59069824 -602.84411621  -13.28457355  -54.94200134   -4.88131428	 122.75042725   13.65880108 -318.86572266  -14.73196888   33.60412598   -2.51210523	  13.78781165   47.29770588 -643.89357222  -15.97169300  -78.20156780   -5.20093342	  99.80848494    3.27994146 -342.60736457  -15.19190420   32.92204883   -3.32941763	25.63043230	0	0.00000000	0.00000000	0.00000000	-0.13358456  0.07031539  0.03957000	 0.18225790 -0.13223744 -0.09818723	  1.48669450  11.94930562  -8.44754910 -94.02575022 -59.61685451  -8.59842534  -1.58693596  -4.06769579 -18.50242419 -36.30800061  10.47121897 -32.76757866	 0.03448388  0.03636301 -0.53149354  0.72136199 -0.23568076 -0.06929757 -0.00149226 -0.09528320 -0.32814142  0.77048004 -0.37336317  0.05387339	
0.00400800	0.02492485	0.00151377	 -40.11450195   81.17237854 -590.74645996  -12.87134647  -53.61029434   -4.80685043	 132.90060425    6.33312321 -320.87609863  -15.43253040   32.48157120   -4.90509939	   6.31554808   53.30835265 -626.28406493  -16.06081821  -76.18739749   -5.36312215	 114.79971854   -7.61148055 -346.66403576  -15.45711486   31.94219932   -5.15689892	25.02292155	0	0.00000000	0.00000000	0.00000000	-0.15406213  0.07729080  0.04598207	 0.22060653 -0.05001972 -0.17084298	  1.61432794  15.53476043  -8.70080003 -93.54448005 -62.77526013  -7.90502965  -1.62549896  -3.60497928 -20.07576725 -34.35525755  10.27200695 -32.64852643	 0.03449155  0.03542728 -0.53058082  0.72025752 -0.23541999 -0.07028698 -0.00143728 -0.09803669 -0.32706764  0.76685220 -0.37455967  0.05247747	
0.00398800	0.02882346	0.00165960	 -50.80370712   86.79032898 -579.97741699  -11.95695877  -51.07218933   -6.02617931	 119.24914551   -4.08216763 -314.53173828  -16.72036934   31.44621277   -6.32392073	  -1.14000943   59.59429527 -613.62867754  -15.84185180  -74.18322509   -6.27960205	 114.26374675  -19.20906126 -342.18613236  -15.71323060   30.68716124   -6.45423423	25.14979219	0	0.00000000	0.00000000	0.00000000	-0.17482488  0.09035288  0.03920016	 0.29377076 -0.03336869 -0.23364231	 -0.23955704  18.39316958  -9.52354630 -93.64931040 -65.49257751  -6.85326689  -1.52214050  -3.76819367 -22.07092836 -30.25001665  10.11039717 -32.48319656	 0.03449155  0.03477534 -0.53005928  0.71906871 -0.23535863 -0.07103097 -0.00142942 -0.10084388 -0.32564873  0.76328570 -0.37584054  0.05098951	
0.00399600	0.03288858	0.00180477	 -55.91133499   95.31679535 -586.20458984  -11.91991711  -51.28952026   -6.30646086	 105.77487183   14.31649399 -386.20330811  -20.35883141   26.12757301   -7.09363174	  -8.29717767   64.31578272 -609.26120568  -15.81566964  -73.44331077   -7.05847468	 104.21832891  -16.58959357 -369.02277341  -17.97994802   26.67171334   -7.67000520	25.26464521	0	0.00000000	0.00000000	0.00000000	-0.19286597  0.10211556  0.02615334	 0.30529563 -0.07111503 -0.26377087	 -1.64102772  20.72691514  -9.98103377 -95.36735723 -68.28422612  -6.63564087  -1.26339130  -4.09537995 -22.86700311 -27.66615361  10.86342721 -32.73268158	 0.03446087  0.03419242 -0.52993655  0.71779549 -0.23551202 -0.07153718 -0.00146869 -0.10349000 -0.32395366  0.76003361 -0.37720579  0.04948621	
0.00399600	0.03711506	0.00197619	 -57.32448578  107.49538422 -601.10052490  -11.78443336  -53.46701431   -7.38491583	 101.10196686   25.15582848 -460.35351562  -23.19796562   19.85046196   -8.98597527	 -10.10365113   74.01280446 -621.61661017  -16.34647608  -74.88657376   -7.77372774	  96.39716565   -6.87008124 -437.40148992  -22.24124218   18.58050697   -9.32607008	25.38294591	0	0.00000000	0.00000000	0.00000000	-0.20691189  0.10737330  0.01589068	 0.33409687 -0.02278992 -0.27436531	 -2.75385139  22.49363218 -11.72862854 -96.92344001 -69.98820046  -6.03406848  -1.07827280  -4.52063379 -24.18592869 -24.68392787  12.21769998 -32.45467463	 0.03441485  0.03366320 -0.53017431  0.71643025 -0.23584183 -0.07192067 -0.00152367 -0.10600572 -0.32218191  0.75699633 -0.37866309  0.04803660	
0.00399200	0.04152983	0.00215004	 -49.05184174  119.38227844 -613.53485107  -11.25148678  -55.45486450   -9.40100384	  71.05167389   37.98364258 -509.52404785  -24.40056038   15.38445377   -8.74089813	  -5.68910339   85.21999208 -635.45130499  -16.63897412  -77.15420236   -9.98995859	  77.91054431   -0.04270532 -500.35140077  -25.47729666    9.85045523   -9.86937418	25.49198437	0	0.00000000	0.00000000	0.00000000	-0.21876290  0.11013669  0.00975827	 0.33604628 -0.06487638 -0.28585658	 -3.42160723  24.54708423 -12.72042815 -98.87420531 -72.51536697  -6.55946442  -1.06366441  -5.97093765 -24.42371639 -21.90828915  14.20599217 -32.97807704	 0.03436116  0.03312631 -0.53074193  0.71498829 -0.23627134 -0.07216611 -0.00157080 -0.10838339 -0.32046387  0.75410479 -0.38014337  0.04671738	
0.00399200	0.04613781	0.00236017	 -36.94802475  126.46869659 -614.24017334  -11.06404877  -56.45592117  -10.19110489	  40.70899582   36.01633453 -541.03607178  -25.47372246   12.01226997   -6.38877153	   6.46509660   96.59249142 -642.30542897  -16.96028726  -78.24603937  -11.75366521	  47.55565442    1.09551311 -544.19322994  -27.27800923    2.28394512   -8.00605335	25.36840131	0	0.00000000	0.00000000	0.00000000	-0.22438192  0.10904823  0.00497282	 0.30840612 -0.04947050 -0.33108841	 -4.11935021  26.34441919 -14.76584601 -99.12663745 -73.43276912  -6.81714741  -1.11412632  -7.69487095 -24.75830202 -19.08044621  15.49328955 -33.75423087	 0.03427679  0.03252039 -0.53149354  0.71354634 -0.23676988 -0.07228116 -0.00157080 -0.11050795 -0.31897590  0.75158137 -0.38159299  0.04559757	
0.00400400	0.05098602	0.00258826	 -13.95884800  129.84698486 -610.28063965  -10.58413029  -58.06948090  -10.67080212	 -15.29623699   48.21773911 -589.70166016  -27.15967751    5.49657917   -2.92947674	  27.33019870  103.86890005 -638.64337178  -16.98586644  -78.42283800  -12.76195038	   0.47820224    6.44503027 -588.58275010  -29.52377690   -7.62313761   -4.69495721	25.55954607	0	0.00000000	0.00000000	0.00000000	-0.22582275  0.10115731  0.00028792	 0.25401965 -0.09276058 -0.31200935	 -4.61339759  29.10281149 -16.33059407 -99.97871047 -73.91038398  -7.78846910  -1.29743808  -9.65351914 -24.09795710 -17.74882819  16.33278476 -34.55052621	 0.03416175  0.03181475 -0.53236794  0.71228081 -0.23732978 -0.07235019 -0.00155509 -0.11260184 -0.31754929  0.74970996 -0.38295823  0.04468485	
0.00399600	0.05608328	0.00285169	   6.00003147  115.31965637 -587.44055176  -10.59639549  -57.52716827  -12.28042412	 -62.08007431   40.08295822 -613.81512451  -29.97346687   -4.62608290   -0.20942432	  46.57654777   99.62217786 -624.22943417  -16.42345047  -77.60153519  -13.80595030	 -43.80952624    6.77404609 -623.20003646  -32.05620246  -19.31805068   -1.24335100	25.52252158	0	0.00000000	0.00000000	0.00000000	-0.22435575  0.08558243  0.00685596	 0.16741254 -0.01083188 -0.23951083	 -3.92433786  31.85834698 -18.07285121 -98.39374931 -72.56495908  -8.10971111  -1.36977335 -11.65992289 -23.42835015 -16.84036009  15.91914505 -35.85736790	 0.03405437  0.03107077 -0.53326529  0.71111500 -0.23793571 -0.07243456 -0.00152367 -0.11453465 -0.31628376  0.74856710 -0.38420075  0.04399456	
0.00397600	0.06146222	0.00308911	  12.52359486  100.92144775 -548.41552734  -10.21190643  -54.60798645  -11.25857735	 -70.05657959   20.97171402 -567.28814697  -29.00266457   -8.77861977   -0.92612600	  58.03014154   89.23622972 -599.02914551  -15.49160622  -74.69206147  -13.81312039	 -71.53991760   -4.74995866 -615.22673699  -32.20570491  -26.83985475    0.57339460	25.74885502	0	0.00000000	0.00000000	0.00000000	-0.22027816  0.06598005  0.02444724	 0.11646959 -0.04201268 -0.20078063	 -2.24424081  34.45857780 -19.05328843 -96.22651775 -71.01605131  -7.94376232  -1.58925280 -13.67633613 -23.28495815 -18.41452806  15.36311312 -37.04536659	 0.03398534  0.03031145 -0.53407830  0.71010256 -0.23854931 -0.07252660 -0.00147655 -0.11625271 -0.31523299  0.74803025 -0.38519785  0.04362641	
0.00400000	0.06711836	0.00337666	  19.08049774  103.88224030 -526.83508301   -9.16847038  -51.97028732  -10.76951981	 -62.32726288   11.58786583 -514.68225098  -26.82183266  -10.81822586   -1.83649218	  65.02422369   85.36168463 -563.97003924  -14.57811728  -70.09787364  -13.06285718	 -73.43052879  -17.42634533 -564.86215117  -29.76308490  -29.49664812    0.60904161	25.73425037	0	0.00000000	0.00000000	0.00000000	-0.22216268  0.05933424  0.03248098	 0.12086142 -0.02525776 -0.21290903	 -0.86122243  36.26624903 -20.79005074 -92.02197701 -69.00314047  -7.08784975  -1.75308676 -16.21391808 -23.03284047 -22.09129250  13.80108896 -38.06227678	 0.03399301  0.02958281 -0.53473026  0.70928186 -0.23920891 -0.07264165 -0.00141372 -0.11777135 -0.31443530  0.74800724 -0.38604152  0.04353436	
0.00400000	0.07309409	0.00360562	  11.57320595  105.61558533 -494.67706299   -8.14738274  -49.24915695   -9.92526436	 -39.91292572   12.75163937 -444.30709839  -22.76903152  -13.54713058   -3.03861880	  64.66341446   86.50418281 -533.57831774  -13.74430150  -66.26893240  -12.47073517	 -59.44273207  -20.69254821 -504.87709849  -26.46624883  -29.75907007   -0.22509068	26.31514058	0	0.00000000	0.00000000	0.00000000	-0.23080497  0.05778987  0.03854081	 0.14397117 -0.02115011 -0.21575989	  0.09680574  37.60599591 -23.15208911 -88.07367238 -65.73049170  -5.66210446  -1.84753099 -18.50568589 -23.23748644 -27.26548141  11.72752046 -39.43358089	 0.03400835  0.02890019 -0.53517509  0.70866829 -0.23990688 -0.07279504 -0.00135088 -0.11912125 -0.31392142  0.74845207 -0.38662443  0.04355738	
0.00399200	0.07931984	0.00388693	   1.17114162   97.12395477 -477.41903687   -8.03880978  -46.72887421   -9.21682930	 -38.21167374   12.30846882 -402.09075928  -20.54467201  -14.50056362   -2.51239204	  55.60356689   83.49769026 -514.68913433  -13.18708226  -63.81258523  -11.75610883	 -49.54214564  -18.89119699 -457.18050353  -23.87247499  -29.51741361   -0.55279627	26.53180604	0	0.00000000	0.00000000	0.00000000	-0.24249398  0.05005951  0.04723230	 0.16213447  0.04244920 -0.20382002	  0.63768770  38.20772274 -25.63760201 -83.52264307 -61.79777091  -4.13427098  -1.83394363 -21.10377711 -23.03998591 -34.56343975   7.51210315 -39.97043976	 0.03398534  0.02824058 -0.53544354  0.70825410 -0.24061251 -0.07302514 -0.00131947 -0.12035611 -0.31369901  0.74918836 -0.38696191  0.04355738	
0.00398400	0.08585380	0.00413324	 -12.33807468   92.38792419 -464.02899170   -7.88270426  -44.76352692   -8.85115242	 -30.93283653    9.06227398 -370.73641968  -19.32052994  -14.39035988   -1.86620712	  41.15905532   77.49739795 -498.71504885  -12.71881466  -61.55181004  -11.00089522	 -43.76509407  -17.03662275 -415.35060104  -21.74432682  -28.34148900   -0.09521572	27.52871366	0	0.00000000	0.00000000	0.00000000	-0.24533378  0.04016448  0.04710816	 0.15799097  0.05040901 -0.14918341	  1.12291801  38.09877079 -27.75444833 -78.43375014 -56.84020693  -3.00132337  -1.82357626 -24.83865590 -23.40847439 -43.69068272   3.04472519 -40.98385228	 0.03394699  0.02765000 -0.53558928  0.70798570 -0.24143319 -0.07325524 -0.00129591 -0.12149125 -0.31376037  0.75002444 -0.38709229  0.04346533	
0.00399600	0.09266818	0.00437950	 -23.51830673   92.70556641 -452.35330200   -7.29316998  -42.18859100   -9.38684082	 -40.58053207   -3.63222218 -341.44387817  -18.04182816  -14.11619186   -0.89745045	  29.16351900   74.62058114 -486.41726488  -12.18437006  -59.55966275  -11.01434336	 -43.76888668  -23.39095488 -381.46702917  -19.67038399  -27.42422374    0.73421781	28.16483236	0	0.00000000	0.00000000	0.00000000	-0.24233644  0.03066111  0.03971978	 0.10648514  0.01019439 -0.13365889	  1.85562961  38.13706624 -29.68645495 -72.04116258 -51.72285819  -1.04694943  -1.81042080 -28.20259267 -24.17502298 -55.40650336  -2.22842702 -40.78182949	 0.03393932  0.02709777 -0.53566599  0.70780927 -0.24230756 -0.07343165 -0.00128805 -0.12253436 -0.31417453  0.75080675 -0.38699260  0.04323524	
0.00400800	0.09976293	0.00458259	 -27.66532898  101.45696259 -446.98669434   -6.61835623  -41.32084274   -8.82419205	 -29.65722466   -4.93939161 -331.36895752  -18.36218834  -15.49182129    0.47791457	  22.20737164   78.31059970 -478.32509287  -11.91349291  -58.29716664  -11.04153094	 -40.82468627  -27.67962511 -363.72112547  -18.77873596  -26.93547923    1.97014386	28.78565626	0	0.00000000	0.00000000	0.00000000	-0.24346518  0.02816456  0.02930246	 0.11115252 -0.00168066 -0.14653742	  2.32667969  37.83092069 -30.61317239 -65.46821561 -45.78363321   0.29002940  -1.74004918 -31.45019930 -24.08078056 -66.34286727  -7.21272164 -40.42625658	 0.03395466  0.02659155 -0.53578871  0.70768654 -0.24322027 -0.07354669 -0.00129591 -0.12353145 -0.31489551  0.75138968 -0.38676250  0.04283641	
0.00399200	0.10707451	0.00479336	 -30.99906731  105.85462952 -437.53314209   -5.98225212  -40.11512756   -8.97204018	 -29.11228180   -5.05581331 -358.40994263  -19.39345360  -17.48390770    0.38978547	  17.16687391   84.53313954 -471.91906087  -11.75078566  -57.32247619  -10.97400038	 -36.48633732  -28.08833076 -365.58052764  -19.14256815  -27.97242411    2.86070400	29.27735929	0	0.00000000	0.00000000	0.00000000	-0.24284703  0.02324399  0.01818598	 0.12672317 -0.02119602 -0.11591836	  2.04885287  37.29912144 -31.63980011 -57.74802981 -40.03754966   2.35439685  -1.65067097 -34.67659728 -23.70225463 -77.15614223 -11.85561599 -39.99984485	 0.03395466  0.02613136 -0.53599578  0.70764053 -0.24415600 -0.07360038 -0.00131947 -0.12451319 -0.31594628  0.75168109 -0.38646337  0.04233019	
0.00398400	0.11461589	0.00494984	 -33.38962173  104.54646301 -427.89517212   -5.36225510  -38.75214767  -10.14455700	 -27.17446136   -1.27483749 -398.49584961  -21.50459862  -20.82009888    0.00736593	  13.07725369   87.07786254 -462.26202327  -11.13245390  -55.82213479  -11.73480927	 -35.16401743  -30.82630482 -394.93998188  -20.76124187  -31.50279872    2.99562120	29.85774825	0	0.00000000	0.00000000	0.00000000	-0.24102761  0.01739817  0.00702453	 0.15514024 -0.02531338 -0.09051233	  2.22987348  36.69589265 -30.56351717 -49.52430117 -33.33657905   3.12746161  -1.58528648 -36.14115072 -23.81353198 -87.59607976 -15.70060338 -40.05061458	 0.03393932  0.02564815 -0.53634095  0.70768654 -0.24503803 -0.07361572 -0.00133518 -0.12553330 -0.31731918  0.75164276 -0.38613355  0.04177029	
0.00399200	0.12233563	0.00510710	 -30.08467102  106.30247498 -418.43478394   -4.82462358  -38.34236145  -10.66516590	 -31.87918091    7.49720716 -466.63314819  -24.67400551  -25.67056465   -0.40808654	  12.59849872   88.59426529 -454.68984645  -10.61826287  -54.76441621  -12.47966962	 -35.47328623  -29.79943570 -439.19461175  -23.41906275  -36.42049081    2.99093728	30.32061921	0	0.00000000	0.00000000	0.00000000	-0.23634097  0.01418149 -0.00314469	 0.15092769 -0.07806443 -0.08436661	  1.10881239  36.34149480 -29.09102766 -40.80765261 -27.82086041   4.05829231  -1.53356814 -36.67452327 -24.20867495 -97.80447111 -20.30362425 -40.85169838	 0.03396233  0.02513427 -0.53680879  0.70783997 -0.24582803 -0.07361572 -0.00135874 -0.12660708 -0.31896824  0.75124395 -0.38578841  0.04120272	
0.00400400	0.13023683	0.00522424	 -27.02352715  108.58427429 -408.64709473   -4.40016413  -37.86465073  -10.74848461	 -37.51750946   16.54044724 -519.36370850  -27.06184387  -29.25202179   -0.67690015	  15.08137155   91.11205820 -442.19157342  -10.16168068  -53.60799185  -12.94844167	 -41.15056908  -25.21848122 -506.17100566  -27.35595558  -43.32379017    2.88410335	30.84854616	0	0.00000000	0.00000000	0.00000000	-0.23144663  0.01082335 -0.01267698	 0.13081225 -0.10034068 -0.08916376	   0.07773092   35.80054025  -26.74550897  -33.54308405  -23.90305404    4.79752882   -1.52748116  -36.63142060  -24.72757202 -105.69459513  -23.40226071  -41.85323294	 0.03400835  0.02459738 -0.53739172  0.70812374 -0.24646464 -0.07353903 -0.00137445 -0.12774223 -0.32089338  0.75057662 -0.38544327  0.04075019	
0.00399600	0.13826376	0.00536059	 -24.59434509  103.79382324 -383.28802490   -3.75170612  -35.62882996  -10.21156406	 -49.09666824   19.75137901 -612.29571533  -31.82783318  -35.84969330   -0.39897603	  15.96063070   90.77074419 -425.22999238   -9.54065887  -51.63436996  -12.80540976	 -49.43891921  -25.37279330 -582.12246060  -31.63541133  -51.21281211    3.24823531	31.26973333	0	0.00000000	0.00000000	0.00000000	-0.22749195  0.00567883 -0.02096463	 0.11635094 -0.08344159 -0.07450474	  -0.99745465   35.61461140  -24.63815696  -26.87389898  -20.49824295    5.93235885   -1.52284735  -36.84570828  -25.07736362 -113.34399200  -27.66327751  -43.39143579	 0.03403903  0.02407582 -0.53804368  0.70856857 -0.24690183 -0.07345466 -0.00138230 -0.12890038 -0.32305628  0.74979430 -0.38511348  0.04046641	
0.00398800	0.14643781	0.00548132	 -22.96201706   91.60805511 -343.10345459   -3.15789652  -32.26940155   -9.58922577	 -64.27828979   20.26302910 -693.39617920  -35.73730850  -40.91550064    0.15886605	  14.34574165   85.01263998 -398.12949144   -8.63199859  -48.43276700  -12.13796413	 -59.29680966  -28.47847676 -655.29364480  -35.69096084  -58.99660912    4.10487666	31.71995367	0	0.00000000	0.00000000	0.00000000	-0.22346392 -0.00297089 -0.02746578	 0.10488377 -0.10314902 -0.05241687	  -1.40661976   35.83018737  -22.28036407  -20.96045818  -17.53026951    6.89376647   -1.53023013  -37.33318172  -25.74804199 -120.68658739  -31.99759139  -45.38332825	 0.03403903  0.02349291 -0.53872627  0.70922822 -0.24711658 -0.07336262 -0.00139015 -0.13002019 -0.32541093  0.74890459 -0.38476831  0.04040505	
0.00399200	0.15474825	0.00561761	 -23.81753159   81.52130890 -318.28759766   -2.86812019  -29.56090736   -9.36316967	 -62.85190582   12.72428799 -722.47973633  -38.31318665  -44.01977539    0.78176552	  12.20810482   74.20381090 -362.31617694   -7.42039669  -43.94994919  -11.41319685	 -63.84617142  -37.78616646 -715.51309375  -39.31621674  -65.81601744    5.37959211	31.99814931	0	0.00000000	0.00000000	0.00000000	-0.22062448 -0.00995812 -0.03053391	 0.05937157 -0.10818639 -0.01225990	  -2.14179613   35.55412974  -20.37213044  -15.22557496  -14.95555644    8.25821211   -1.53482471  -38.60342437  -26.74855859 -128.21533174  -36.42893282  -48.12715950	 0.03403903  0.02296369 -0.53940886  0.71014094 -0.24713959 -0.07323223 -0.00139015 -0.13101727 -0.32787299  0.74808395 -0.38440785  0.04052009	
0.00399200	0.16321017	0.00571631	 -31.07680130   65.92794800 -262.71780396   -2.27494764  -23.80586624   -7.62539959	 -53.53940964    3.40136671 -769.64147949  -41.74745178  -50.05015182    1.47170568	   4.65992732   62.86505499 -321.10470703   -6.25163514  -38.55357146  -10.03391156	 -58.75675134  -49.00774901 -762.28422514  -42.24504061  -71.82795118    6.70947759	32.51086739	0	0.00000000	0.00000000	0.00000000	-0.22011883 -0.01357377 -0.02853661	 0.03397679 -0.05790445 -0.02659574	  -2.14591957   34.42363936  -18.65264952   -9.67414726  -12.34906702    9.28316220   -1.52430042  -39.56351071  -28.52895270 -135.82787213  -39.47191471  -50.93721344	 0.03403903  0.02253417 -0.54010683  0.71126074 -0.24696319 -0.07303281 -0.00139801 -0.13180727 -0.33032736  0.74747801 -0.38403967  0.04078087	
0.00401200	0.17179289	0.00584424	 -38.11438751   57.39821625 -226.86546326   -1.74146438  -19.11421394   -5.93036652	 -37.67332458   -2.78013062 -774.56701660  -42.38349533  -53.36050797    1.01549709	  -5.08846020   53.81741919 -282.50771441   -5.28410724  -33.33119669   -8.35255287	 -47.72485601  -57.68086514 -786.08695719  -43.76652447  -75.82210137    7.17692074	33.28046611	0	0.00000000	0.00000000	0.00000000	-0.22038744 -0.01489283 -0.02400372	 0.02546958 -0.06296429 -0.02692968	  -3.39800597   32.19027373  -17.04908940   -4.46920386   -9.87838514    9.70329376   -1.50340887  -41.20399553  -30.81143129 -144.71276478  -43.81009200  -53.91970381	 0.03402369  0.02219670 -0.54084319  0.71253395 -0.24670240 -0.07273369 -0.00140586 -0.13230582 -0.33269736  0.74717885 -0.38367918  0.04118738	
0.00398800	0.18050447	0.00596303	 -43.79647064   54.02065277 -205.40084839   -1.13041461  -16.04462814   -5.17777634	 -24.01770973   -1.90034664 -774.93078613  -42.03925323  -55.06313324    0.84209865	 -16.36999165   48.54681368 -249.42658927   -4.42435748  -28.36019028   -6.94801239	 -30.40411056  -62.01325183 -792.48740515  -43.97584314  -77.92073241    7.09130198	34.03311073	0	0.00000000	0.00000000	0.00000000	-0.22239108 -0.01474447 -0.01997895	 0.02185460 -0.03557048 -0.00887948	  -4.40894842   29.81912641  -15.29701765    0.73847151   -6.82347736    9.35081852   -1.47603779  -43.22441502  -33.33999863 -152.55305756  -46.84503956  -56.93032348	 0.03398534  0.02194359 -0.54159480  0.71384549 -0.24639562 -0.07235019 -0.00141372 -0.13255125 -0.33488327  0.74714053 -0.38330337  0.04168592	
0.00400000	0.18935475	0.00608330	 -50.20244217   50.93488312 -164.27613831   -0.25904649  -11.74800014   -4.06803799	  -6.90622568    6.83715820 -783.50274658  -41.57451248  -58.35729599    0.38770476	 -27.03286303   45.55922511 -215.85924862   -3.59684947  -23.77309274   -5.86749631	 -12.75260342  -57.73062364 -797.04852338  -44.02994765  -79.67113995    6.68597093	34.41187011	0	0.00000000	0.00000000	0.00000000	-0.22619408 -0.01259417 -0.01616139	 0.02217796  0.00204767 -0.02733698	  -5.44596845   27.86940548  -13.95959055    5.49691323   -4.24075885    9.08200972   -1.40385956  -45.27510115  -36.14720064 -160.17870274  -49.93699186  -59.16540820	 0.03392398  0.02176718 -0.54253054  0.71532577 -0.24608882 -0.07182863 -0.00143728 -0.13258961 -0.33685443  0.74719423 -0.38289687  0.04218446	
0.00398800	0.19833201	0.00619683	 -55.00576401   47.80649185 -137.32221985    0.34445992   -9.06882572   -3.45353580	  -6.82287073    7.60349131 -802.34173584  -42.54430389  -61.32867432   -0.22327884	 -34.58240214   44.36392680 -189.55383698   -2.90830402  -20.18367888   -5.14167652	  -3.88283866  -54.79831455 -809.33587457  -44.55916760  -82.22779684    6.16700066	34.61497530	0	0.00000000	0.00000000	0.00000000	-0.22922868 -0.01127019 -0.01523951	 0.01676065  0.01104032 -0.03326658	  -6.27715919   25.64329109  -12.96819966    9.63063982   -1.48599252    8.52785220   -1.19286240  -47.31924885  -39.20538187 -166.78017904  -52.45932694  -60.91820897	 0.03382427  0.02166747 -0.54361200  0.71685207 -0.24577434 -0.07122272 -0.00148440 -0.13253592 -0.33855715  0.74717122 -0.38249803  0.04264466	
0.00400000	0.20744213	0.00633826	 -54.07691193   47.27154922 -123.90218353    0.69705147   -7.40943766   -3.49971342	 -13.13614082    4.92208767 -820.22888184  -43.95238495  -63.33460999    0.36439040	 -39.23459237   42.78029477 -165.67015566   -2.25671333  -16.98949705   -4.72705608	  -5.61619441  -56.65581814 -830.68514663  -45.87643796  -85.86376282    6.39009759	34.72457529	0	0.00000000	0.00000000	0.00000000	-0.22968610 -0.01228072 -0.01716878	-0.01418055  0.00070423 -0.03361143	  -7.03405128   23.51151641  -11.93493917   13.18499985    1.13805546    8.03838488   -0.93368120  -49.34119217  -42.93925065 -173.06740243  -55.48478959  -62.51352817	 0.03369388  0.02162912 -0.54485452  0.71843976 -0.24543688 -0.07060912 -0.00155509 -0.13244388 -0.34002212  0.74714822 -0.38206086  0.04301281	
0.00399600	0.21670721	0.00646443	 -51.43595505   39.59978867 -107.88014221    0.73327249   -6.22544146   -3.62285733	 -20.82582283   -1.02361596 -849.10461426  -45.93253708  -65.51040649    2.16649842	 -39.65133509   38.42072599 -146.87733125   -1.69052810  -14.63749583   -4.55398226	 -11.64675176  -62.42295974 -855.46960640  -47.46254415  -89.31264764    7.91424610	34.60767659	0	0.00000000	0.00000000	0.00000000	-0.22820163 -0.01476086 -0.01996645	-0.01418055  0.00070423 -0.03361143	  -7.58888907   22.11732805  -11.35856978   15.75592656    3.88434762    7.50243400   -0.65588594  -50.43644830  -46.47412542 -177.21784869  -58.12209203  -63.58049821	 0.03352514  0.02162145 -0.54625046  0.72011948 -0.24509174 -0.06994951 -0.00164934 -0.13239019 -0.34123397  0.74714053 -0.38161600  0.04326592	
0.00398400	0.22610587	0.00659837	-40.59540939  33.67757034 -84.18579865   0.74828714  -5.80225420  -3.54553175	 -30.84643936   -0.33582035 -874.64855957  -47.21491241  -67.37126923    3.02849770	 -35.78533865   33.66071452 -128.15339255   -1.29695686  -12.79854924   -4.40259960	 -19.96806047  -65.77167976 -879.96289754  -48.93355069  -92.43212008    9.27430879	33.72974519	0	0.00000000	0.00000000	0.00000000	-0.22647170 -0.01714759 -0.02274333	-0.01418055  0.00070423 -0.03361143	  -8.31228339   20.83810548  -10.79202342   17.74591315    6.44907696    7.24886881   -0.35833778  -51.34477915  -49.91713070 -180.08877356  -61.29906712  -64.42480594	 0.03333339  0.02169048 -0.54778445  0.72188354 -0.24474658 -0.06927456 -0.00176715 -0.13238251 -0.34226173  0.74711752 -0.38117880  0.04344233	
0.00400000	0.23566227	0.00672326	-52.63203430  27.05886078 -79.39325714   0.45745853  -3.92826009  -3.05633807	 -33.38113785    4.28739262 -907.75372314  -48.46357727  -70.56256866    2.95300770	 -38.24413547   28.07361495 -112.54399444   -1.08823129  -11.11067706   -3.97920951	 -24.16558363  -65.21056447 -908.03466999  -50.46027924  -95.93876112    9.85435182	33.00294895	0	0.00000000	0.00000000	0.00000000	-0.22498578 -0.01885364 -0.02475478	-0.07956676 -0.01707686 -0.02480477	  -8.75011021   19.68393868   -9.88050372   19.40125218    8.43004551    6.68189692    0.09962771  -51.52697679  -52.73132611 -181.80620928  -63.34266729  -65.01231067	 0.03314165  0.02179786 -0.54943347  0.72365528 -0.24439377 -0.06859960 -0.00192423 -0.13238251 -0.34309775  0.74709451 -0.38075697  0.04355738	
0.00398400	0.24534857	0.00684148	-46.41758728  21.88170815 -60.43816376   0.50517142  -2.71489644  -2.38764930	 -35.00593567    6.42609501 -936.82250977  -49.90676498  -73.65764618    2.90919662	 -40.55595781   21.84033122 -100.84671463   -0.85206840   -9.41965452   -3.34117274	 -26.19430795  -64.56201330 -936.31668686  -52.04846581  -99.69237675   10.04763688	32.57237903	0	0.00000000	0.00000000	0.00000000	-0.22375211 -0.01872978 -0.02796589	-0.10469438 -0.03336881 -0.02827518	  -8.86894939   19.07036257   -8.93397276   19.72645636    9.62404568    6.26067543    0.71667554  -51.96947874  -55.50905030 -183.28013479  -65.63140152  -65.52573966	 0.03290388  0.02193592 -0.55116683  0.72542703 -0.24395658 -0.06787863 -0.00213628 -0.13238251 -0.34391841  0.74709451 -0.38038114  0.04363408	
0.00400000	0.25517517	0.00694469	-35.75282669  14.59777641 -46.15175247   0.36059022  -2.09415197  -1.61356652	 -39.13021469    3.22000790 -964.83142090  -51.63302994  -76.29107666    3.96111345	-36.19460805  17.64606886 -85.24035361  -0.69267817  -7.60193772  -2.56136410	 -28.30856155  -66.86595469 -964.28714641  -53.68724264 -103.42260438   10.70643335	32.27022396	0	0.00000000	0.00000000	0.00000000	-0.22245463 -0.01901930 -0.03024646	-0.10244831 -0.01565774 -0.02834419	  -9.07320292   18.23452328   -8.09429392   20.17949713   10.79950642    5.59879954    1.38449956  -51.81664245  -57.76198960 -184.44538578  -67.08959923  -66.14704916	 0.03260475  0.02212767 -0.55296928  0.72717577 -0.24342737 -0.06715000 -0.00239546 -0.13238251 -0.34470075  0.74709451 -0.38005900  0.04366475	
0.00398800	0.26510981	0.00701758	-34.66918945  13.82520485 -40.28208923   0.43094614  -1.18526232  -1.51772416	 -41.80172729   -2.41215467 -982.32116699  -53.04180145  -77.97734070    5.17503881	-31.42307283  13.99715957 -72.91744093  -0.45524917  -5.91898047  -2.04634680	 -31.02666966  -74.34877671 -989.52749304  -55.27906328 -106.75836114   12.36675921	32.51168857	0	0.00000000	0.00000000	0.00000000	-0.22053421 -0.01732707 -0.03147154	-0.12163735 -0.02933820 -0.02704077	  -9.42813172   17.45485588   -6.61083409   20.04611286   12.02335518    5.05849151    2.05271611  -51.63334957  -59.65258983 -185.36935263  -68.46360229  -66.39114394	 0.03226728  0.02238845 -0.55480236  0.72894752 -0.24283677 -0.06639068 -0.00267821 -0.13238251 -0.34551376  0.74709451 -0.37975988  0.04371077	
0.00400800	0.27513656	0.00706245	-32.89180374  10.54061985 -28.53351212   0.32309520  -0.19460094  -1.21839607	  -46.38183594    -5.22875690 -1003.36572266   -54.80258942   -80.86012268     6.64919710	-30.68038089  11.29883874 -63.34213282  -0.30487798  -4.31295514  -1.66782327	  -34.71048724   -80.93389359 -1010.70521610   -56.83251785  -109.98339216    14.09955667	32.75622924	0	0.00000000	0.00000000	0.00000000	-0.21725068 -0.01335081 -0.03181053	-0.13197125 -0.02921867 -0.04741514	  -9.73413687   15.78406377   -4.60695913   19.89254012   13.50951164    4.32374334    2.98321670  -50.69843208  -61.63495127 -185.48215917  -69.40672650  -66.30017287	 0.03189912  0.02274126 -0.55662018  0.73076528 -0.24220018 -0.06562369 -0.00302378 -0.13236718 -0.34634212  0.74709451 -0.37946841  0.04381048	
0.00398000	0.28519765	0.00708540	-27.69537163   4.70066833 -16.01668549   0.18286024  -0.01735128  -0.83064067	  -48.61516953    -7.44384146 -1013.11138916   -55.29391098   -82.40345764     7.66776609	-26.95400628   7.11716118 -52.47386154  -0.12980082  -3.40515779  -1.30682150	  -36.46177485   -85.21112845 -1025.09845268   -57.79710582  -112.35461252    15.39358247	33.38511367	0	0.00000000	0.00000000	0.00000000	-0.21144620 -0.00768614 -0.03109233	-0.12510098 -0.04876010 -0.05769508	 -10.25166515   13.69834889   -1.99878814   19.79199765   15.03585648    3.54699788    4.26950214  -49.62723458  -63.32236451 -185.42341236  -69.74691149  -66.15885898	 0.03150029  0.02317845 -0.55836123  0.73263675 -0.24150221 -0.06483369 -0.00347146 -0.13233650 -0.34723181  0.74709451 -0.37921530  0.04399456	
0.00399200	0.29529089	0.00708729	-31.50728989   2.15388703 -11.71803856   0.24894764   1.20689666  -0.91244704	  -49.45116043   -10.49399376 -1015.12329102   -55.34717560   -82.89688873     8.04628658	-27.96094251   3.44531801 -42.71916002   0.07949795  -2.27736724  -1.06543385	  -37.36382557   -88.72008587 -1031.97507343   -58.19505127  -113.76137384    16.38681046	34.07905509	0	0.00000000	0.00000000	0.00000000	-0.20621537 -0.00388990 -0.02673693	-0.13019354 -0.03512175 -0.07174141	 -11.04280762   11.05877560    0.64844182   19.44144848   16.49830451    2.66119996    5.90693958  -47.77317946  -64.86381208 -184.81007444  -69.48380471  -66.36364127	 0.03107077  0.02370767 -0.55997193  0.73453122 -0.24071988 -0.06404369 -0.00406051 -0.13225213 -0.34814453  0.74709451 -0.37899289  0.04434738	
0.00400800	0.30539513	0.00705635	-25.23582458   1.48087311  -5.10505915   0.25996664   1.33919501  -0.57161075	  -48.17358017   -12.77106762 -1022.13433838   -55.32746887   -84.00811005     7.54292917	-27.38184641   1.82749338 -36.95039717   0.16791740  -1.36473392  -0.82979165	  -36.36124202   -90.94347848 -1036.47526791   -58.28092614  -114.79917472    16.56300393	34.87075802	0	0.00000000	0.00000000	0.00000000	-0.20240474 -0.00145616 -0.02201492	-0.15309416 -0.00189383 -0.07578328	 -12.01034253    7.92430308    3.61496934   19.04088245   17.75390843    1.69308067    7.47969843  -46.29174677  -66.55673870 -184.74546715  -68.89240166  -66.88060528	 0.03060291  0.02429825 -0.56141382  0.73643333 -0.23983018 -0.06323835 -0.00472024 -0.13208339 -0.34913397  0.74709451 -0.37880880  0.04484592	
0.00398800	0.31545386	0.00697981	-24.86115456  -1.60324335  -6.23507404   0.17172998   1.00821674  -0.62003034	  -43.66144180   -12.88441467 -1020.40319824   -55.05764771   -85.26691437     6.65049934	-24.69964206  -0.17310885 -33.52191091   0.28049258  -1.17988237  -0.65501772	  -33.23087382   -90.71039026 -1039.94300874   -58.31610529  -115.80451391    15.97973283	35.63267621	0	0.00000000	0.00000000	0.00000000	-0.20078257  0.00195063 -0.02106051	-0.16822182 -0.02136469 -0.08289865	 -12.65003349    4.36263628    6.55141170   19.02277311   18.85561321    0.83846238    9.03243069  -44.55331216  -68.02585674 -185.11285095  -67.88166869  -67.17405911	 0.03008903  0.02495019 -0.56265634  0.73831248 -0.23885609 -0.06247136 -0.00542710 -0.13178426 -0.35016939  0.74709451 -0.37864774  0.04548252	
0.00399600	0.32543197	0.00688179	-27.48105049  -0.49424028 -11.02644634   0.17094854   1.57258523  -0.74626243	  -37.24249268    -7.78279829 -1017.40051270   -54.45995331   -85.56424713     6.20749378	-24.99803136  -1.36254887 -34.85214175   0.30576051  -1.04353229  -0.59389180	  -25.89929728   -87.77917137 -1038.36647097   -58.17809532  -116.19409071    15.15756434	36.84571949	0	0.00000000	0.00000000	0.00000000	-0.19927595  0.00472739 -0.01899002	-0.17024101 -0.00789419 -0.07862853	 -12.92662463    0.79794183    9.76094302   19.57282852   19.86690886    0.03927696   10.35566885  -42.91040132  -69.69827585 -186.01977366  -66.93458888  -67.33384434	 0.02952912  0.02563281 -0.56367648  0.74019158 -0.23776697 -0.06173505 -0.00613396 -0.13133174 -0.35125852  0.74709451 -0.37846366  0.04628019	
0.00399200	0.33529893	0.00674088	-27.52689552  -1.66765857  -8.57740688   0.13102743   1.60980582  -0.82039887	  -33.73203278    -6.50945044 -1003.55358887   -53.20987701   -84.81274414     5.62774515	-25.61766409  -0.26066910 -34.05347671   0.25876244  -0.86111813  -0.71376834	  -20.06440931   -85.07778015 -1030.42058125   -57.44023358  -115.54298931    14.29586714	37.73710346	0	0.00000000	0.00000000	0.00000000	-0.19849035  0.00775215 -0.01548310	-0.16104310  0.00535203 -0.07383654	 -12.90059816   -2.78603551   12.91400343   19.83963628   20.88890399   -0.81378528   11.57602012  -41.12994228  -71.53962165 -187.06704980  -66.17588618  -67.23212062	 0.02890019  0.02627709 -0.56448179  0.74201703 -0.23654746 -0.06103708 -0.00680155 -0.13070281 -0.35238600  0.74709451 -0.37824890  0.04720058	
0.00399200	0.34500927	0.00658485	-27.45016861  -0.18510246  -9.28070927   0.32139158   1.24171782  -0.84519207	 -29.90960121   -7.43969584 -989.11932373  -52.09742737  -83.62194061    5.47571564	-26.21051450  -1.50794384 -34.05205956   0.38312652  -1.08835781  -0.71448834	  -16.37127109   -81.78059652 -1017.83316192   -56.36788769  -114.15595116    13.57894344	38.79362232	0	0.00000000	0.00000000	0.00000000	-0.19798474  0.01235912 -0.01220620	-0.16104310  0.00535203 -0.07383654	 -12.65986958   -6.44020473   16.48667098   19.81343284   21.48337163   -1.77912501   12.68943973  -39.36367055  -73.52001317 -188.01922093  -65.47691425  -66.74556265	 0.02821757  0.02683699 -0.56508774  0.74382710 -0.23521289 -0.06039281 -0.00742987 -0.12989746 -0.35355181  0.74709451 -0.37797278  0.04822835	
0.00399200	0.35454619	0.00642990	-34.95278931   1.25022495 -10.03450871   0.39243439   2.24340081  -0.66036332	 -31.12813568  -10.63618851 -961.34930420  -50.56582642  -81.59956360    5.53030348	-29.85230573  -0.37566247 -34.79090246   0.34362078  -1.00691960  -0.64020237	 -14.71592334  -80.40896924 -996.59867819  -55.06310498 -111.98309891   13.29809069	39.68652013	0	0.00000000	0.00000000	0.00000000	-0.19596036  0.01775381 -0.01049149	-0.15811208 -0.00457077 -0.07212573	 -12.07930631  -10.50385747   20.05474377   19.48427661   22.00232193   -2.69567672   13.52930497  -38.82176151  -75.30864862 -189.60341660  -65.32888076  -66.06127034	 0.02747359  0.02724349 -0.56543285  0.74556822 -0.23373261 -0.05985592 -0.00798750 -0.12890805 -0.35472530  0.74709451 -0.37765831  0.04929446	
0.00399600	0.36391315	0.00627509	-34.34301758  -5.09276152 -11.55744171   0.12812936   1.89015841  -0.84232026	 -25.22182465  -10.54761887 -934.01965332  -48.70094681  -79.30144501    5.18889093	-31.90688040  -1.13259676 -36.74944657   0.39100473  -0.95249520  -0.68197736	 -12.04043909  -79.18292828 -971.76953829  -53.50053696 -109.22827346   12.84890486	39.95576987	0	0.00000000	0.00000000	0.00000000	-0.19138247  0.02178509 -0.00962415	-0.15946171 -0.00736083 -0.06348049	 -11.27724491  -13.82289266   23.21192273   18.04471722   22.29987609   -3.07614617   14.22563873  -39.08244047  -76.43158544 -189.38180747  -65.30005933  -65.33241824	 0.02669893  0.02746592 -0.56551725  0.74719423 -0.23212959 -0.05945708 -0.00846659 -0.12777290 -0.35590649  0.74709451 -0.37732852  0.05030689	
0.00399200	0.37310579	0.00608836	-29.53386688  -6.21134186 -21.43747711  -0.08729309   1.57404900  -0.86256605	 -17.41879463   -6.24976158 -905.21289062  -46.87038422  -77.84144592    4.80304861	-31.95042172  -3.98052168 -40.02884526   0.37444443  -1.30501224  -0.65604458	  -6.68488154  -74.27553692 -946.05690715  -51.75848645 -106.36561638   12.03449468	39.92191081	0	0.00000000	0.00000000	0.00000000	-0.18698182  0.02454323 -0.00711586	-0.16910721 -0.01343754 -0.06400495	 -10.35966418  -16.92495514   26.38308822   16.26557304   22.37459365   -3.39115568   14.82882444  -39.10455963  -77.39777493 -189.26019162  -65.35489304  -64.64471765	 0.02590126  0.02748893 -0.56549424  0.74871284 -0.23039620 -0.05918864 -0.00888285 -0.12649970 -0.35705698  0.74709451 -0.37699103  0.05138835	
0.00399200	0.38209090	0.00593942	-32.28849030  -5.18501854 -18.97951508  -0.11429127   1.77856684  -0.73257595	 -18.13906288   -3.17146087 -891.49530029  -45.70860291  -76.85469055    4.20175219	-30.99112606  -5.67066687 -41.38592298   0.36112681  -1.30970563  -0.62528980	  -2.55990762  -68.03788854 -924.38372996  -50.30217470 -104.09582822   11.08514818	39.34873141	0	0.00000000	0.00000000	0.00000000	-0.18411956  0.02838556 -0.00619703	-0.18098507 -0.00334908 -0.08095242	  -9.34752229  -19.75298694   29.18226583   14.25847076   22.21913721   -3.55214898   15.12162030  -38.84450746  -78.06036895 -188.90912424  -65.16644977  -63.72377946	 0.02509592  0.02721281 -0.56526411  0.75009346 -0.22853240 -0.05904291 -0.00920486 -0.12518814 -0.35816911  0.74709451 -0.37663823  0.05246980	
0.00400400	0.39091715	0.00575991	-28.27052116  -4.97563982 -14.06033230  -0.04162520   1.71396613  -0.67920929	 -14.98350430    0.89011514 -874.64874268  -44.03000641  -75.40934753    3.31529164	-30.69789901  -4.81384091 -41.90437408   0.38715711  -1.18858713  -0.65341190	   1.12172126  -62.09255075 -905.89110248  -48.92636491 -102.02131818    9.94975433	38.69474828	0	0.00000000	0.00000000	0.00000000	-0.18214726  0.03216418 -0.00600346	-0.18509835 -0.01135005 -0.07729451	  -8.38814481  -20.63319440   31.66032530   11.22277486   21.85630950   -3.28996434   15.21689044  -38.64199349  -78.31761201 -187.75396301  -65.48767211  -63.43331423	 0.02430592  0.02677563 -0.56491899  0.75130528 -0.22652289 -0.05900456 -0.00942478 -0.12386892 -0.35921988  0.74708682 -0.37627774  0.05349757	
0.00398400	0.39953279	0.00558683	-27.76823997 -12.90998363 -12.80940342  -0.14746976   1.55559051  -0.80054986	 -12.32008743    1.22474849 -864.87689209  -43.30889511  -75.00839233    3.15826797	-29.00615431  -7.19998306 -40.93113395   0.39229842  -1.29186050  -0.57001137	   3.57124241  -57.73464808 -894.57449609  -47.97311085 -100.81200589    9.15418417	37.72065884	0	0.00000000	0.00000000	0.00000000	-0.18056450  0.04077252 -0.01564139	-0.20017874 -0.05563133 -0.10391040	  -7.72519015  -22.35623466   34.21232702    8.34063079   21.19451227   -2.80284555   15.11117493  -38.47958151  -78.14074055 -186.14662635  -65.47022155  -62.83217600	 0.02356961  0.02625408 -0.56445110  0.75234836 -0.22437532 -0.05905058 -0.00955044 -0.12263407 -0.36020929  0.74708682 -0.37591726  0.05443330	
0.00400800	0.40796939	0.00540210	-35.02447128  -6.02212572  -9.48837090  -0.02740504   1.94500315  -0.64743900	 -13.56187820   -1.09225953 -868.33380127  -43.37965393  -75.01467133    2.93916011	-31.41911752  -8.11208360 -37.39856951   0.50932340  -1.18494994  -0.39709723	   4.82048068  -57.36385051 -889.43515792  -47.52365617 -100.25904540    8.73456788	36.48790515	0	0.00000000	0.00000000	0.00000000	-0.17755654  0.04496520 -0.01836356	-0.18876632 -0.01611420 -0.12771469	  -7.31759467  -22.17620686   36.11696936    4.56503459   19.48657198   -2.08260615   14.90720758  -38.29526720  -77.35439788 -184.23214290  -65.82058389  -62.78800365	 0.02288699  0.02570184 -0.56389123  0.75316906 -0.22207436 -0.05918097 -0.00956615 -0.12159863 -0.36109135  0.74708682 -0.37559512  0.05522330	
0.00399200	0.41619179	0.00522115	-35.99248505 -12.67301083 -13.16026974  -0.37740043   2.05235124  -0.56096476	 -10.35877419    9.38044453 -874.82507324  -42.91287613  -76.23188019    2.61844587	-35.04644157 -10.66175232 -38.28756580   0.48822291  -1.17268396  -0.26693488	   7.23880465  -50.96303735 -893.22506522  -47.64272554 -100.82825042    8.22119120	35.15780034	0	0.00000000	0.00000000	0.00000000	-0.17516983  0.04664931 -0.01852271	-0.18113643 -0.02671030 -0.12502535	  -7.09194031  -22.79076051   37.77617875    0.87757646   17.31675047   -1.41653055   14.42968563  -38.20781226  -76.19287474 -181.54873105  -65.08016481  -62.14139489	 0.02231175  0.02518796 -0.56325459  0.75369060 -0.21964300 -0.05934203 -0.00950332 -0.12067825 -0.36193502  0.74708682 -0.37528065  0.05590592	
0.00399200	0.42421308	0.00505026	-31.38409042 -12.46865559 -15.86821270  -0.19461377   1.68304360  -0.83650464	 -12.05000496   14.65029812 -895.71862793  -43.40617371  -77.63819122    1.92076063	-33.17704358 -12.79606126 -39.17912879   0.53315364  -1.25571255  -0.29582479	   8.53164392  -45.40503547 -904.16986110  -48.03010863 -102.09674582    7.52223398	33.62654925	0	0.00000000	0.00000000	0.00000000	-0.16926975  0.05312693 -0.02166940	-0.16991337 -0.00992570 -0.13232490	  -7.19446765  -22.39471236   39.34319455   -3.18492478   14.41604396   -0.53711768   14.09459541  -38.03164919  -74.50590487 -177.64039740  -64.20949427  -61.80143295	 0.02178252  0.02475845 -0.56241095  0.75393605 -0.21711193 -0.05948009 -0.00940121 -0.11997261 -0.36270967  0.74708682 -0.37498918  0.05645048	
0.00398800	0.43204221	0.00488406	-31.66698456 -10.95981693 -16.20900917  -0.35465962   1.68235958  -0.77463156	 -14.42714787   16.26954651 -909.02777100  -44.04399872  -79.06791687    2.13647223	-31.40606662 -12.31965063 -40.26547275   0.50250732  -1.32863724  -0.34086235	   7.39757123  -42.64810478 -921.49026798  -48.99396772 -104.28942802    7.28878119	32.63675155	0	0.00000000	0.00000000	0.00000000	-0.16497784  0.05898932 -0.02336768	-0.16112830 -0.01989800 -0.12322118	  -7.62962004  -22.07874400   40.62834005   -7.37186911   11.20266316   -0.13982677   13.77211165  -36.79145233  -72.33433593 -173.34493891  -62.89692997  -60.65263518	 0.02134534  0.02449000 -0.56136781  0.75386703 -0.21451950 -0.05958747 -0.00927555 -0.11952009 -0.36339229  0.74708682 -0.37470540  0.05693369	
0.00399600	0.43969107	0.00469878	-24.87671471 -10.69358063 -17.93431664  -0.30525967   1.28108859  -0.69282490	 -21.30948639   15.85147095 -928.91320801  -45.02317047  -80.22389984    2.29431057	-28.12838383 -12.68305709 -41.03804833   0.51577151  -1.41183309  -0.38882190	   3.41429696  -41.42726487 -939.55896302  -50.04085036 -106.45907989    7.43447207	31.62003412	0	0.00000000	0.00000000	0.00000000	-0.16070880  0.06531983 -0.02476993	-0.15321030  0.01064913 -0.11989775	  -8.55512554  -20.96276174   41.63079244  -12.84128537    6.07578839    0.36400177   13.31661969  -35.83235617  -69.90838053 -167.72362469  -61.77571351  -59.99046957	 0.02101553  0.02436728 -0.56009459  0.75348353 -0.21188872 -0.05963349 -0.00911847 -0.11928999 -0.36401355  0.74708682 -0.37436792  0.05739388	
0.00400400	0.44713843	0.00446517	-28.58689117 -10.73581696 -17.88419342  -0.24914256   1.33455205  -0.82731706	 -22.85253334   16.43574524 -935.06048584  -45.36581802  -80.66226196    2.29592538	-27.05305821 -11.60896413 -41.28057465   0.48387308  -1.47361482  -0.39250863	   0.47902588  -42.20448641 -951.61386978  -50.65223577 -107.75752666    7.51090195	31.22456261	0	0.00000000	0.00000000	0.00000000	-0.15478212  0.06910223 -0.02379656	-0.15321030  0.01064913 -0.11989775	  -9.30541894  -19.75775858   42.42406277  -18.41889457    0.53136873    0.40478647   12.69733304  -33.99642402  -66.87501067 -162.27824110  -61.04675353  -58.59956391	 0.02077777  0.02436728 -0.55856061  0.75283158 -0.20924261 -0.05964116 -0.00890641 -0.11925931 -0.36457348  0.74710220 -0.37399212  0.05780038	
0.00399600	0.45432174	0.00427041	-29.16684914  -8.56969929 -17.38051224  -0.18565515   1.41466498  -0.77889389	 -21.36207962   18.78481483 -935.79016113  -45.35901260  -80.95056152    2.44614434	-27.59301201  -9.84887130 -40.51918256   0.42988929  -1.46755486  -0.42078912	  -0.25959913  -42.26428483 -957.12846030  -50.97567219 -108.49010673    7.77881060	31.05902428	0	0.00000000	0.00000000	0.00000000	-0.14895278  0.07492936 -0.02419450	-0.15479294 -0.01285857 -0.10400305	 -10.39674913  -18.60843209   42.17582037  -23.84599538   -5.55312925    0.72733512   12.07459170  -32.35319796  -63.75682912 -156.91607182  -60.31168769  -57.71182465	 0.02060903  0.02446699 -0.55674285  0.75185752 -0.20665018 -0.05961815 -0.00866294 -0.11939737 -0.36504900  0.74711752 -0.37356260  0.05821456	
0.00398400	0.46128190	0.00404104	-25.31426239  -6.77069759 -19.67974472  -0.16873331   1.07291782  -0.68855417	 -23.45867729   16.91817665 -931.38317871  -45.20095062  -80.25251770    2.32073903	-26.79439492  -8.20578687 -40.77703403   0.35256776  -1.53914653  -0.43833530	  -0.67368291  -42.39085579 -956.03274153  -50.94062190 -108.29869565    7.73842708	30.69756282	0	0.00000000	0.00000000	0.00000000	-0.14356548  0.08102404 -0.02306834	-0.17620273  0.00290139 -0.09202545	 -11.38946743  -17.93825386   41.71433509  -29.04769958  -11.66806058    0.73865156   11.52351741  -30.71966545  -60.89389997 -150.19101678  -58.85927243  -56.61865113	 0.02047864  0.02458204 -0.55457997  0.75049996 -0.20434153 -0.05954145 -0.00839590 -0.11955076 -0.36545551  0.74714053 -0.37307939  0.05865174	
0.00400000	0.46799603	0.00383700	-24.17220688  -6.87096739 -17.36841965  -0.20019209   0.90116572  -0.66727328	 -28.18247223    9.32851601 -921.43316650  -45.12921143  -79.09764862    2.83867192	-24.16562208  -7.80931372 -42.29477226   0.25702588  -1.69098294  -0.41232756	  -3.14024298  -44.32260724 -950.29953096  -50.63407807 -107.58086222    7.92328585	30.21860700	0	0.00000000	0.00000000	0.00000000	-0.13855746  0.08727579 -0.02082957	-0.18851430 -0.01516240 -0.10146871	 -12.58167167  -17.25660240   40.11322804  -34.15067334  -17.35233479    0.96651570   11.04348164  -29.21251519  -58.16718743 -144.86064428  -57.50231829  -55.70491727	 0.02036359  0.02465874 -0.55209494  0.74872053 -0.20208658 -0.05944941 -0.00814458 -0.11963513 -0.36577764  0.74717122 -0.37251180  0.05912728	
0.00399600	0.47448117	0.00361819	-23.05229950  -6.50168419 -21.28145981  -0.21911420   0.59492183  -0.79700363	 -31.44791794    7.72882271 -912.40692139  -45.05329132  -77.95005798    3.22329283	-22.77684875  -7.32268884 -43.82745242   0.22593871  -1.87888595  -0.46160727	  -8.14400582  -49.22580864 -939.96724724  -50.22145784 -106.26790781    8.57395383	30.02559341	0	0.00000000	0.00000000	0.00000000	-0.13323537  0.09194231 -0.01961895	-0.20824360 -0.01038268 -0.09076970	 -13.57900409  -17.20088701   37.38014441  -38.41303568  -22.14483731    0.98521503   10.50022185  -27.70477057  -55.87551335 -140.69845724  -57.37515261  -54.80577658	 0.02021786  0.02466641 -0.54925704  0.74649626 -0.20010775 -0.05933436 -0.00787754 -0.11964281 -0.36599240  0.74722487 -0.37186754  0.05961048	
0.00399200	0.48072091	0.00338410	-21.00511551   0.03470329 -31.44173622  -0.61199981  -0.45381114  -0.34311324	 -34.59941101    7.20934439 -889.83856201  -44.01065063  -75.59917450    3.52687311	-18.14802087  -3.73790776 -45.95053142  -0.10855720  -2.25429797  -0.41950483	 -12.62257881  -50.43327619 -924.67187719  -49.51996639 -104.36820755    8.94880270	29.91166627	0	0.00000000	0.00000000	0.00000000	-0.12735380  0.09597288 -0.01884252	-0.21035939 -0.00291316 -0.08651710	 -12.90804424  -16.67896621   33.81016768  -42.78483725  -25.83833489    0.86118500   10.00824824  -26.50277641  -53.82465923 -136.69641191  -57.52265858  -53.46332806	 0.02003378  0.02458971 -0.54612774  0.74376577 -0.19842038 -0.05921932 -0.00761836 -0.11949708 -0.36609977  0.74728626 -0.37113890  0.06012436	
0.00399200	0.48670045	0.00315240	-45.97439194   9.34982586 -75.70587921  -2.61877275  -2.93829393   1.72780681	 -35.15944672    9.70362568 -872.95019531  -43.07303619  -73.91419983    3.50760603	-30.69899481   2.69455462 -74.55132411  -1.92593952  -5.62645878   0.66052852	 -15.78351811  -48.17553941 -906.68532536  -48.56309200 -102.10374489    8.91407914	29.66363497	0	0.00000000	0.00000000	0.00000000	-0.12168417  0.09983572 -0.01786789	-0.21729662 -0.01560565 -0.08661785	 -11.54628971  -16.82535388   29.37189901  -47.15189883  -28.60504402    0.67876529    9.54435326  -25.56559294  -52.25178505 -133.99879733  -57.33071958  -51.81060910	 0.01981136  0.02436728 -0.54273760  0.74048305 -0.19710882 -0.05910427 -0.00736703 -0.11926698 -0.36613047  0.74734759 -0.37035656  0.06071495	
0.00400400	0.49242917	0.00289787	 -70.60808563   12.73969841 -145.32601929   -5.63170004   -8.12891960    3.86000967	 -40.08984756    7.52547073 -850.28125000  -42.03452301  -71.52667236    3.62141967	 -54.34433378    6.35441516 -137.36677520   -5.12550781  -13.27542679    2.85226145	 -20.02559267  -46.73445722 -884.00647305  -47.40955064  -99.32282599    8.91263639	29.18265319	0	0.00000000	0.00000000	0.00000000	-0.11559235  0.10331019 -0.01855629	-0.21844377 -0.03064728 -0.08287506	  -9.68508398  -15.84789806   24.32258371  -52.20183238  -30.99795246   -0.38579329    9.11128463  -24.53405310  -50.22649634 -130.63953182  -56.89167124  -50.19648427	 0.01955825  0.02402213 -0.53910977  0.73663276 -0.19618843 -0.05897388 -0.00713141 -0.11898319 -0.36613047  0.74743199 -0.36954355  0.06132854	
0.00398800	0.49786606	0.00264531	 -88.22426605   -5.59735584 -276.36029053  -11.16919136  -18.72093582    5.01159430	 -38.46518707    6.84497738 -818.78137207  -40.88588715  -69.33948517    3.82109499	 -70.66738973   -3.34435057 -224.59234386   -8.50644799  -23.47146856    4.53157565	 -22.00917133  -46.93653378 -859.88194921  -46.26427353  -96.63731524    9.03245168	28.59679408	0	0.00000000	0.00000000	0.00000000	-0.10943584  0.10621603 -0.01938529	-0.22228943 -0.03504982 -0.07608726	  -7.21453535  -15.15959995   19.20141931  -57.41439690  -31.65020160   -1.66735506    8.89243312  -24.48978267  -48.61209578 -126.79165836  -56.26464951  -48.11315685	 0.01922845  0.02353893 -0.53528249  0.73227626 -0.19566688 -0.05872077 -0.00693506 -0.11865339 -0.36613047  0.74750870 -0.36869988  0.06194213	
0.00400400	0.50303119	0.00239594	-117.95056152   -8.84885311 -396.74270630  -15.10015106  -26.42949104    5.85283279	 -36.26290512    8.08226013 -803.43933105  -39.88798904  -68.01022339    3.25520396	 -88.43037755  -19.14362914 -340.97526431  -12.62518487  -37.12019374    6.55308703	 -22.00731108  -44.53674062 -838.19545560  -45.10537284  -94.23198635    8.63356012	27.86074632	0	0.00000000	0.00000000	0.00000000	-0.10476618  0.10833416 -0.01947663	-0.22008677 -0.02822843 -0.06833363	  -3.95787878  -14.26489103   14.26233803  -62.75482202  -31.77326556   -3.61772626    8.81028106  -24.02079197  -46.60896965 -122.94546615  -55.50438015  -46.17976836	 0.01875291  0.02297136 -0.53134018  0.72750556 -0.19539076 -0.05820689 -0.00679369 -0.11827756 -0.36615348  0.74756235 -0.36786386  0.06267077	
0.00399200	0.50791246	0.00212990	-179.57589722   21.23304176 -652.18450928  -20.60566139  -43.18510437   11.41205788	 -33.12839890    8.53800201 -773.01666260  -38.30100632  -65.92095947    2.54320693	-133.10310769  -12.59507079 -560.16073231  -19.54005977  -60.93266311   10.77440650	 -20.77102565  -42.46021135 -811.18275519  -43.58549203  -91.37888657    7.86925754	27.34400089	0	0.00000000	0.00000000	0.00000000	-0.10108901  0.11287236 -0.01903352	-0.19906551 -0.03049019 -0.09549695	  -0.71822037  -14.10151293   10.14664547  -67.55048524  -30.78822767   -6.75711019    8.72153089  -23.60178799  -44.89720051 -118.65914954  -54.60133028  -44.48871726	 0.01811631  0.02225806 -0.52736717  0.72255081 -0.19531406 -0.05732485 -0.00669944 -0.11790174 -0.36621481  0.74758536 -0.36704317  0.06342242	
0.00398400	0.51249361	0.00192471	-264.29351807   57.72231674 -983.56604004  -29.94390297  -70.87882233   12.64875507	 -25.30454826    5.01236773 -708.89672852  -35.71507645  -61.17206573    2.36015391	-185.10550324    3.83059513 -810.09471455  -28.85720938  -92.02435586   14.04423298	 -16.84472155  -41.52351770 -768.67300023  -41.45536393  -86.81443283    7.24635040	26.74800276	0	0.00000000	0.00000000	0.00000000	-0.09716894  0.11882331 -0.01638697	-0.17262390 -0.05705713 -0.12732738	   2.58498422  -14.40067083    5.29212254  -71.01215859  -29.07049681  -10.43117435    8.59280439  -22.89242314  -42.49576418 -114.14830623  -52.98283687  -42.83738334	 0.01729563  0.02147573 -0.52340180  0.71774179 -0.19531406 -0.05602864 -0.00660520 -0.11754125 -0.36632988  0.74758536 -0.36623785  0.06422009	
0.00400800	0.51686007	0.00177353	 -274.88781738    74.73169708 -1149.05041504   -33.14141464   -82.00720978     9.93384552	 -17.14513779    6.32530499 -653.32800293  -33.18937683  -57.58738708    1.89117372	 -222.92670636    18.58708962 -1053.96688679   -37.06027333  -120.19996447    13.63335746	 -10.36422771  -38.18497862 -712.58203856  -38.77597235  -80.84415111    6.55893813	26.41084274	0	0.00000000	0.00000000	0.00000000	-0.09110699  0.12544211 -0.00808488	-0.13811154 -0.05711914 -0.14091934	   5.84787131  -14.40568192    0.59624993  -72.55434951  -27.29255505  -13.85452162    8.38769726  -22.09698673  -40.13971556 -109.82148710  -51.68299967  -40.60819953	 0.01619116  0.02058602 -0.51955920  0.71330857 -0.19525270 -0.05423388 -0.00651880 -0.11728048 -0.36649093  0.74758536 -0.36546317  0.06501009	
0.00397600	0.52104074	0.00162043	 -124.57811737    59.37100220 -1073.51745605   -30.61316299   -88.96080780     3.41637588	  -3.52638555   10.73789310 -550.32983398  -27.54819679  -49.20980453    0.42699796	 -154.58814463    16.93087973 -1116.87606436   -38.28926746  -129.07173902     9.09759028	  -1.36529783  -29.15073140 -628.99093791  -34.32241409  -71.57508644    4.88202851	26.35058226	0	0.00000000	0.00000000	0.00000000	-0.08470657  0.13299105  0.00066550	-0.13811154 -0.05711914 -0.14091934	  10.12297203  -12.74592113   -3.38310493  -74.16729851  -27.81378467  -18.48713078    8.16409400  -21.10527206  -37.51271436 -104.04537206  -50.06273381  -37.87170573	 0.01477223  0.01951990 -0.51614606  0.70945829 -0.19495358 -0.05196359 -0.00641670 -0.11718844 -0.36668268  0.74758536 -0.36474222  0.06575407	
0.00400000	0.52506453	0.00140909	  19.09462929   70.14345551 -882.03729248  -22.11202431  -83.84223938   -3.28772044	  -1.72622824    3.16678810 -432.77563477  -21.75382042  -37.73331833   -0.23288739	  -27.90165997    20.90527590 -1015.92070645   -33.78962822  -119.84108363     3.24588895	   2.73723175  -26.30153229 -529.55546980  -28.44652091  -59.35758684    3.21492580	25.88213246	0	0.00000000	0.00000000	0.00000000	-0.07916793  0.14130379  0.01249699	-0.00306965 -0.06880364 -0.16627518	 15.32045373 -10.46147441  -5.71108098 -76.44693606 -30.56185247 -23.39298263   7.93538687 -19.50850577 -34.31687835 -98.58854612 -47.44104575 -34.44874783	 0.01318456  0.01823903 -0.51352298  0.70648235 -0.19427863 -0.04937116 -0.00631460 -0.11721912 -0.36685142  0.74758536 -0.36414397  0.06634466	
0.00399200	0.52884901	0.00117561	  48.06845093   76.80013275 -785.11114502  -15.70992565  -74.86656189   -9.31571579	   4.09568119    2.56680274 -357.55374146  -18.12926674  -31.47714615    0.01204860	  47.65828007   35.81564233 -879.11817553  -26.88699997 -103.93281870   -4.32149784	   6.92006652  -22.19753634 -431.79208326  -23.02768488  -47.52545150    2.47114323	24.94874974	0	0.00000000	0.00000000	0.00000000	-0.07640854  0.15564615  0.02955776	 0.11571744 -0.18282254 -0.27323456	 18.47181462  -7.97702940  -7.64960354 -82.32237595 -35.67701141 -28.37268622   7.85374430 -17.08217055 -30.66334907 -92.71226476 -45.31314375 -31.31877323	 0.01175029  0.01678942 -0.51134473  0.70403570 -0.19316649 -0.04671738 -0.00622821 -0.11745688 -0.36688212  0.74753171 -0.36371443  0.06672815	
0.00399200	0.53237402	0.00091795	  24.86391258   85.81404114 -668.17956543  -10.48437405  -62.11429977  -10.92494583	  17.77218819    7.25776339 -273.18701172  -13.56191635  -24.88273621   -0.90302712	  55.25859616   50.37647300 -757.25917243  -21.04594729  -88.68512052   -9.19999500	  17.09121396  -15.05442808 -340.12552911  -18.07415059  -36.85287416    1.31326586	24.59988338	0	0.00000000	0.00000000	0.00000000	-0.06469471  0.17203036  0.04147919	 0.15725204 -0.27759739 -0.40522436	 18.09436899  -5.27425989  -9.27593541 -89.85251062 -41.48401371 -31.31662441   7.90287071 -14.20945224 -26.26943178 -85.49058311 -42.74119102 -28.88156280	 0.01073786  0.01522476 -0.50977236  0.70221794 -0.19171688 -0.04435505 -0.00618894 -0.11785572 -0.36665967  0.74740899 -0.36352268  0.06691990	
0.00400000	0.53561705	0.00066600	 -24.81142235   75.11515045 -563.60369873   -8.07619858  -47.84169769   -6.77216101	  31.83241844   16.61260605 -214.14353943   -9.41688824  -20.58899307   -2.56541967	  25.54980943   54.99758286 -651.81755481  -17.10160316  -75.18148172   -8.55918860	  28.77908647   -6.21310893 -273.73969540  -14.09688175  -29.16002931   -0.55615574	24.95595829	0	0.00000000	0.00000000	0.00000000	-0.04994078  0.18747601  0.05113199	 0.21930311 -0.25144445 -0.39900966	  14.99425699   -2.48271444  -12.04155772 -100.22354413  -48.43543814  -32.32194284    7.98105736  -11.19972392  -22.33460437  -77.89136847  -41.15314340  -26.70119824	 0.01020097  0.01356806 -0.50872928  0.70066857 -0.19012921 -0.04264466 -0.00618108 -0.11844631 -0.36613813  0.74717122 -0.36353037  0.06688154	
0.00399200	0.53857571	0.00042600	 -47.55335999   36.07846451 -496.74807739   -8.68898010  -38.99304199   -3.94881439	  44.21116638   26.54957962 -192.92073059   -7.18483496  -19.13597870   -2.91839099	 -11.28579579   36.15402627 -568.18314420  -14.27454269  -63.59204589   -5.29128321	  41.53601548    5.72233680 -233.79543382  -11.34262856  -24.21787261   -1.91786518	25.23585813	0	0.00000000	0.00000000	0.00000000	-0.04790545  0.18370098  0.06195132	 0.23519106 -0.18482827 -0.34031019	  12.52755949    1.26224153  -15.05750374 -114.42376782  -57.46828154  -31.19906250    8.04494921   -8.26992664  -18.55500089  -67.85675305  -39.55727852  -23.99750547	 0.01004757  0.01183466 -0.50810033  0.69901955 -0.18859524 -0.04154786 -0.00618894 -0.11927465 -0.36528677  0.74679536 -0.36380649  0.06655941	
0.00400000	0.54127198	0.00026359	 -45.45923996    2.93247485 -461.14254761  -10.95644760  -36.68452835   -0.77279425	  45.21138382   26.86529922 -191.56631470   -6.76593971  -19.39918900   -3.87735415	 -25.77756443    2.79770483 -509.55484619  -13.04795215  -56.47202518   -1.40874925	  49.06035511   10.94118851 -217.52701002  -10.05302296  -22.49693475   -3.01236589	25.44090123	0	0.00000000	0.00000000	0.00000000	-0.05836913  0.18529061  0.05696369	 0.14964272 -0.17938890 -0.32683150	  10.68359289    5.52989126  -19.21245009 -131.42328932  -65.48686511  -28.67769731    8.09859255   -5.88858357  -15.11140873  -56.12016915  -37.19560125  -21.34659322	 0.01013961  0.01011660 -0.50783193  0.69700235 -0.18734503 -0.04111835 -0.00619679 -0.12027941 -0.36418229  0.74635822 -0.36423600  0.06591514	
0.00399200	0.54378337	0.00013408	  -9.55110168  -12.72235584 -471.00057983  -13.63683128  -40.71582031    2.10443163	  35.24349213   16.96952438 -213.23707581   -8.94676876  -20.82831192   -3.79763484	 -10.15110127  -19.77008090 -493.77122436  -13.86081007  -54.93307793    2.11179339	  45.07286815    5.90183325 -225.73293832  -10.57012158  -23.55736650   -3.14628648	24.91068008	0	0.00000000	0.00000000	0.00000000	-0.07993928  0.18986638  0.04478802	 0.07465021 -0.13925870 -0.34584510	   9.20599166   10.86132809  -24.51950167 -147.20296816  -72.56725760  -25.47036921    8.01828522   -3.31332978  -11.65503397  -44.42692952  -35.30660877  -18.47631141	 0.01031602  0.00853660 -0.50779355  0.69443297 -0.18651669 -0.04110301 -0.00618108 -0.12137620 -0.36302415  0.74589801 -0.36476523  0.06495640	
0.00398800	0.54614854	0.00003222	  27.23508072  -10.31457806 -515.64129639  -15.52554989  -48.13711548    2.94270325	  30.16613579   11.05535412 -224.46241760  -10.61164761  -22.58453751   -1.95591915	  23.19069811  -28.49266426 -512.36826467  -15.69496765  -57.78110573    4.20517473	  38.27058480   -0.61010333 -239.89775587  -11.78857261  -25.64741400   -2.04369912	24.05043986	0	0.00000000	0.00000000	0.00000000	-0.09774119  0.18745326  0.04464503	 0.06202070 -0.11363308 -0.35043153	   7.40064776   16.25393514  -29.73272152 -161.57599550  -78.51652178  -22.61520313    7.87549975   -1.47818974   -8.40976908  -33.77932517  -33.20214460  -15.61213266	 0.01043107  0.00722505 -0.50793159  0.69123459 -0.18606415 -0.04130242 -0.00614967 -0.12249601 -0.36174327  0.74543780 -0.36539415  0.06385194	
0.00399600	0.54840493	0.00000000	  71.61103058   -3.98165250 -607.08868408  -17.93861198  -60.11591339    0.22093512	  10.09996510    1.72427487 -236.24906921  -12.56142235  -22.13848686   -0.24746133	  72.04614315  -31.77153763 -578.86980376  -18.74160324  -66.78730733    3.62252347	  24.25618539   -9.94437054 -252.16083958  -13.38137923  -27.43226894    0.20187763	23.79867281	0	0.00000000	0.00000000	0.00000000	-0.11340828  0.18152696  0.03970488	 0.00763734 -0.03191781 -0.29046768	   5.88402278   20.19531163  -34.03402854 -171.45819925  -82.98099200  -19.69405600    7.64255076    0.15660490   -5.97555578  -25.83884228  -30.41525730  -13.36827880	 0.01042340  0.00632767 -0.50814635  0.68756074 -0.18593377 -0.04140980 -0.00610254 -0.12357747 -0.36053142  0.74500829 -0.36608443  0.06276281	
0.00401600	0.55063671	0.00000000	 109.06692505   35.15901184 -727.59741211  -19.70763779  -75.28906250   -4.25240755	 -26.40857315    6.15987444 -261.64865112  -13.09019661  -19.91542625    2.12198305	 117.92836994  -18.72151887 -673.81154746  -22.41074830  -79.72301709    0.23891271	  -0.28812040  -13.73830487 -268.39923651  -14.56270222  -28.26597295    2.34628443	22.79879206	0	0.00000000	0.00000000	0.00000000	-0.12441378  0.18164069  0.03156358	 0.03431036 -0.03797857 -0.36583097	   6.63959180   21.84662878  -37.65748934 -178.60920367  -87.68282336  -18.05193467    7.40375109    0.16719429   -4.87514244  -20.43707327  -28.25748608  -10.99400394	 0.01034670  0.00589048 -0.50829977  0.68364143 -0.18600281 -0.04134077 -0.00601615 -0.12456688 -0.35939628  0.74464011 -0.36681309  0.06187310	
0.00398400	0.55285066	0.00000000	 115.96215820   82.76109314 -851.62377930  -20.60432625  -86.90390015   -7.97793436	 -43.77915955   20.92721176 -262.07333374  -12.20786095  -19.14253998    2.66857100	 146.76295019   12.88709399 -787.17626408  -26.65060607  -94.13343386   -4.28890030	 -24.11658988   -5.78270417 -280.45965861  -15.13134890  -28.82016351    3.55860522	21.97516042	0	0.00000000	0.00000000	0.00000000	-0.13542701  0.18405907  0.02308076	 0.04432067  0.00584945 -0.38001785	   4.29771462   22.09628492  -41.53183450 -182.91844157  -91.04110868  -16.36765320    7.01521415    0.09462392   -3.70135724  -15.49484883  -25.87996183   -9.51981855	 0.01031602  0.00585981 -0.50833046  0.67978346 -0.18613319 -0.04110301 -0.00589834 -0.12546426 -0.35829949  0.74441004 -0.36759540  0.06129019	
0.00398800	0.55506682	0.00000000	 108.72442627  117.37113190 -943.90887451  -21.87158012  -96.71247101  -11.31208801	 -59.51854324   33.38651276 -270.76489258  -11.27214432  -18.67003059    0.74646884	 164.81859590   51.50131174 -899.31760171  -31.09269885 -108.60942076   -9.16870290	 -42.70717561    9.46253193 -290.65885181  -15.31998911  -29.76329537    2.67459779	21.24849080	0	0.00000000	0.00000000	0.00000000	-0.14470960  0.18914806  0.02406335	 0.06075434  0.01986282 -0.38509380	   4.00852699   20.88407962  -44.51705723 -185.38589320  -95.29530350  -15.23639807    6.52304439   -0.60113590   -2.82900357  -12.26230306  -23.21297530   -7.74201030	 0.01037738  0.00627398 -0.50823843  0.67623228 -0.18615620 -0.04080388 -0.00573341 -0.12625426 -0.35725638  0.74434870 -0.36843911  0.06096038	
0.00399600	0.55728745	0.00000000	   94.92934418   138.85585022 -1027.18994141   -23.76771545  -102.03574371   -12.07071590	 -62.44645309   40.97134399 -266.72290039  -10.49610710  -18.33415794   -0.16348997	 165.49253645   78.01238680 -996.48135550  -35.17140721 -120.15202230  -12.21613043	 -52.23901318   19.26861571 -293.93509341  -15.21869610  -30.18166106    1.20001080	21.60104475	0	0.00000000	0.00000000	0.00000000	-0.15283077  0.19378271  0.02813171	 0.07045347  0.09927346 -0.38820913	   2.58917732   18.51710910  -48.10856249 -184.90749853  -98.04238851  -12.66898917    5.94133994   -2.18478514   -2.19975814   -9.07010490  -21.10297711   -5.99217440	 0.01048476  0.00671116 -0.50805432  0.67313361 -0.18610251 -0.04048941 -0.00552920 -0.12693688 -0.35629764  0.74443305 -0.36934415  0.06082233	
0.00400000	0.55951029	0.00000000	   88.05491638   154.44342041 -1051.04577637   -24.17951202  -103.95149994   -12.89674854	 -56.05569077   44.23231506 -247.97378540   -9.61495972  -17.39966202    0.44289938	  161.53626514    96.26080962 -1045.54312603   -37.98810596  -125.99521280   -13.94839816	 -52.56740228   26.81159589 -284.22183103  -14.80291715  -29.28346699    0.91190255	21.93350223	0	0.00000000	0.00000000	0.00000000	-0.16371284  0.18717499  0.03450267	 0.08046124  0.17685010 -0.26762914	   2.29398696   18.61921240  -51.05619745 -186.62591731 -101.22909027  -12.16688176    5.40990023   -2.19426414   -1.52682470   -6.77402325  -19.73617555   -4.46385629	 0.01059981  0.00701029 -0.50789326  0.67057955 -0.18607183 -0.04012126 -0.00529358 -0.12755814 -0.35537726  0.74464780 -0.37028754  0.06079932	
0.00398000	0.56172198	0.00000000	   75.44670105   176.37236023 -1054.49792480   -23.26263046  -103.88095856   -15.31005478	 -45.55775452   37.07089996 -215.01666260   -8.27073193  -15.17909336    0.30902547	  154.46826983   118.16996035 -1068.42743438   -39.38464271  -128.91806499   -16.38895346	 -44.84837075   26.78200895 -259.40687753  -13.44387210  -26.54916988    0.86618222	22.88326325	0	0.00000000	0.00000000	0.00000000	-0.17743512  0.18092494  0.04673990	 0.11040967  0.23550143 -0.19825976	   4.34079416   17.83757039  -53.21948598 -187.52918479 -101.93836292  -11.09308179    4.98865154   -2.41674649   -0.87527259   -3.55452182  -17.71811960   -2.45661081	 0.01071485  0.00700262 -0.50787026  0.66856235 -0.18606415 -0.03964572 -0.00506582 -0.12816407 -0.35451055  0.74496996 -0.37124628  0.06088369	
0.00400400	0.56394708	0.00000000	   55.32074356   176.61926270 -1006.27667236   -21.09059715   -97.38134766   -16.34999847	 -29.70505333   21.63730240 -171.77716064   -6.78014326  -13.30230808   -0.44316718	  141.03551326   131.86540860 -1051.24699519   -38.57547293  -126.70664909   -18.42792880	 -32.34697415   17.99039107 -220.14415226  -11.23386173  -22.75054965    0.54149178	24.45288524	0	0.00000000	0.00000000	0.00000000	-0.19225288  0.17135698  0.06493680	 0.07626633  0.22067417 -0.17152532	   6.35976528   19.69423973  -54.66786517 -191.73563682 -103.00695582  -12.46085920    4.52243950   -1.26772157    0.86760296   -0.98570488  -14.68229616   -0.96782216	 0.01081456  0.00655777 -0.50807732  0.66690570 -0.18606415 -0.03909349 -0.00483805 -0.12877765 -0.35365918  0.74540710 -0.37222803  0.06106776	
0.00400000	0.56616992	0.00000400	  49.55508804  175.38694763 -945.87701416  -19.63193893  -91.57802582  -14.59301949	 -19.66472244   17.65727997 -143.18838501   -6.34349823  -11.05029869   -1.78521574	  127.06507190   133.87297745 -1008.69106127   -36.91073165  -120.83262657   -18.60399710	 -18.26555265   11.75641348 -180.06579633   -9.57162420  -18.77590004   -0.33679924	25.87940851	0	0.00000000	0.00000000	0.00000000	-0.19978260  0.16563473  0.07365317	 0.07320436  0.29275539 -0.18546655	   8.15718431   21.89664986  -55.60444723 -196.17681700 -102.51416921  -13.86600764    3.73009101   -0.13676996    3.52115002    1.84290384  -11.85684128    0.47198598	 0.01092961  0.00568340 -0.50851452  0.66554809 -0.18606415 -0.03854126 -0.00455531 -0.12936825 -0.35285386  0.74593633 -0.37320212  0.06135922	
0.00399200	0.56839275	0.00005775	  53.49755478  151.09201050 -856.46478271  -18.19667435  -84.56173706  -13.30853748	 -28.02639961   23.68728256 -142.65100098   -4.67254829   -8.76581764   -0.39258683	 118.41210010  123.14040035 -929.98777200  -34.16703085 -111.86912152  -16.81640648	 -19.69587789   12.66148479 -166.45743695   -8.14045187  -16.13826369   -0.34277211	26.94135776	0	0.00000000	0.00000000	0.00000000	-0.19998933  0.15482298  0.06733925	 0.11888610  0.14431904 -0.14228577	   9.00821160   26.12769291  -56.49673412 -201.99642784 -101.92299912  -16.53981311    2.67958213    1.45264419    6.71108119    4.29169967   -9.06167542    1.50684226	 0.01105233  0.00441786 -0.50910509  0.66432095 -0.18609484 -0.03805039 -0.00418617 -0.12994349 -0.35220960  0.74645793 -0.37415317  0.06177339	
0.00398800	0.57067311	0.00009083	  59.35805130  125.85936737 -787.51678467  -16.94567871  -77.64170074  -12.81876755	 -28.86443520   24.35234833 -112.45571136   -3.23830628   -6.21223736   -1.21344483	 118.94095349  104.31476082 -857.88812438  -31.06418581 -102.99896607  -15.63166205	 -24.57365733   16.00493955 -147.49564280   -6.65906330  -13.85075003   -0.52391466	27.90613189	0	0.00000000	0.00000000	0.00000000	-0.19161772  0.12983063  0.04288919	 0.06153098  0.24137790 -0.05224276	  11.46443363   29.13675972  -56.30702055 -205.28601995 -101.72154492  -18.31460264    1.27340510    2.71695326   10.83648271    7.28781352   -8.03583584    1.72314645	 0.01120573  0.00285320 -0.50981075  0.66298634 -0.18614852 -0.03766689 -0.00370708 -0.13049571 -0.35187212  0.74696410 -0.37508124  0.06227961	
0.00400000	0.57299685	0.00012897	  72.88462830  107.68962860 -737.97485352  -16.84993172  -73.73842621  -10.19168282	-48.51309586  25.67668533 -92.57172394  -2.98102832  -3.90266371  -0.48783290	 123.99573379   84.44636617 -794.99499481  -28.67768696  -95.26708450  -13.55702445	 -37.50878597   18.11158789 -133.84822221   -5.60278411  -11.83777244   -0.71214666	29.40706106	0	0.00000000	0.00000000	0.00000000	-0.19399478  0.11955272  0.06602277	-0.01575140  0.04107797 -0.05059590	  14.42670042   32.92722596  -56.64240687 -208.82010313 -101.67737147  -20.15288899   -0.16104553    3.50556519   13.48460125    7.50401522   -8.33964645    2.32665175	 0.01138213  0.00117350 -0.51053935  0.66139102 -0.18626358 -0.03741378 -0.00312588 -0.13099426 -0.35183376  0.74737829 -0.37600929  0.06278582	
0.00399600	0.57536083	0.00014743	  81.91172028   89.73996735 -712.93347168  -17.60461426  -72.38445282   -8.59452057	-42.37656403  20.87428474 -83.48470306  -2.67799711  -3.47804880   0.67893124	 132.90795230   65.39744078 -749.21022062  -27.46279386  -89.99437112  -10.62324615	 -40.41675838   17.71231795 -117.24591121   -4.84351028   -9.87884442   -0.01325581	29.32148785	0	0.00000000	0.00000000	0.00000000	-0.19445443  0.10788711  0.07102894	0.00887671 0.04378649 0.02534933	  16.03010086   35.96518349  -56.43351017 -209.21402219 -101.82764203  -20.46589692   -1.48785809    3.59764327   16.99971282    8.74114439   -8.93711205    2.53058382	 0.01156621 -0.00043718 -0.51115298  0.65955794 -0.18644765 -0.03732175 -0.00250542 -0.13142377 -0.35207918  0.74758536 -0.37695268  0.06334572	
0.00398800	0.57774085	0.00016006	  87.11480713   87.88200378 -732.17352295  -18.93463135  -75.05197144   -8.65206432	-31.97155571  14.74732208 -77.88498688  -2.44132805  -3.33409095   0.50442612	 141.44323828   53.91434786 -741.88618980  -27.62104405  -89.46511375   -9.55516934	 -35.09788144   15.12883558 -106.44519775   -4.30504782   -8.62462685    0.30760709	29.78258607	0	0.00000000	0.00000000	0.00000000	-0.19899072  0.09192362  0.08027509	0.04075027 0.05959148 0.04568690	  18.61871791   39.24743236  -56.47384158 -209.69619458 -101.36828022  -20.70633348   -2.88111480    3.21544070   19.11048280    8.08827956   -9.46526573    3.22214268	 0.01176563 -0.00204786 -0.51156718  0.65744102 -0.18673144 -0.03732175 -0.00186139 -0.13176125 -0.35255474  0.74757773 -0.37794212  0.06394397	
0.00400400	0.58014381	0.00019235	  87.72529602   98.68888855 -772.63232422  -20.25489426  -79.21360016   -8.96067333	-29.91500092  12.34206295 -75.41743469  -2.62851071  -3.30694485   0.68761247	 148.01133333   53.67185027 -765.07059333  -28.98645271  -92.66137717   -9.51294001	 -29.97740687   10.73282661 -101.30984197   -4.00593295   -7.92229193    0.61862744	29.07080509	0	0.00000000	0.00000000	0.00000000	-0.20353763  0.09506458  0.08837632	0.05889852 0.06225441 0.05097456	  19.77336505   40.36521535  -57.15532013 -207.63157849 -100.90842854  -19.64741615   -3.94945248    2.53909885   21.74577972    9.03484052   -9.77778967    3.68391530	 0.01201107 -0.00346680 -0.51172054  0.65511703 -0.18707658 -0.03736776 -0.00124878 -0.13209873 -0.35319901  0.74739361 -0.37897754  0.06456524	
0.00397600	0.58256710	0.00020969	  82.81645966  112.86489105 -812.98168945  -21.30659676  -82.97408295   -9.15466976	-35.41826248  17.86497688 -78.70252991  -2.53143811  -3.37570810   0.73417968	 150.75690262   64.53918733 -810.18144970  -31.45991470  -98.56384638  -10.01036075	 -31.02708359   12.85022874 -102.40498573   -4.13416370   -8.07582083    0.65956581	29.17563577	0	0.00000000	0.00000000	0.00000000	-0.20848498  0.09708224  0.08426289	0.14051105 0.23237972 0.02990958	  20.61463654   41.66909212  -57.71894660 -205.08003763 -100.55852250  -18.89167708   -4.93791491    1.97218693   23.52686245    8.95972894  -10.34987356    4.08470756	 0.01230252 -0.00464029 -0.51165920  0.65265501 -0.18738338 -0.03739844 -0.00067544 -0.13245155 -0.35395065  0.74717885 -0.38003600  0.06523252	
0.00400000	0.58502299	0.00023711	  71.17837524  133.89744568 -895.10620117  -23.43186188  -90.26181793  -10.49961948	-40.49432755  19.67939949 -80.58183289  -2.76063800  -3.69805789   0.51601005	 150.42668043   77.90873259 -871.88834383  -34.39355225 -106.38200871  -11.17859316	 -34.57673505   15.45506443 -104.95940298   -4.40123319   -8.65016290    0.54155173	28.50478765	0	0.00000000	0.00000000	0.00000000	-0.21127407  0.09685508  0.07181953	0.12937463 0.12226122 0.02942123	  20.36736297   40.85013522  -58.51123192 -200.83488863 -100.41551726  -17.02331074   -5.88899279    1.75610674   25.87585957   10.32977173   -9.47614508    4.70160752	 0.01264767 -0.00558369 -0.51152879  0.65018529 -0.18753678 -0.03739844 -0.00014137 -0.13282737 -0.35470998  0.74694109 -0.38111743  0.06596116	
0.00399200	0.58750492	0.00025891	  64.94136810  143.79083252 -926.63867188  -24.43640709  -93.53680420  -11.16168499	-41.78742218  20.23624611 -80.82559204  -2.87152815  -3.84631014   0.33272412	 148.30212846   89.88516024 -922.85158369  -36.91656048 -113.24554775  -12.44230999	 -37.79493527   16.43763633 -105.95313985   -4.65717949   -9.07072603    0.36515119	28.59043622	0	0.00000000	0.00000000	0.00000000	-0.21470358  0.09301551  0.06990867	0.13408929 0.16086275 0.05225175	  20.33549009   40.39969209  -58.71481393 -197.17640028 -102.12430826  -15.95137466   -6.63029053    1.42409964   26.61471737   10.73332529   -9.39487601    4.36363397	 0.01303883 -0.00631233 -0.51150578  0.64794570 -0.18752912 -0.03732941  0.00033772 -0.13330290 -0.35551530  0.74662662 -0.38225260  0.06672815	
0.00399600	0.59001333	0.00027166	  52.44652176  162.58689880 -969.14160156  -25.22217178  -96.61543274  -11.45964432	-39.09431458  23.31246758 -81.80518341  -2.60336900  -4.10182619   0.29293862	 143.79563943  105.30731860 -967.61986151  -39.15240388 -118.92518211  -13.41342172	 -37.10702818   18.19979683 -106.47442356   -4.69816296   -9.30539008    0.17615682	28.27201859	0	0.00000000	0.00000000	0.00000000	-0.21783423  0.08910106  0.07174183	0.17177680 0.22097358 0.05217019	  20.83470405   38.89927477  -58.60856515 -193.03025206 -104.37802645  -14.08730716   -7.42656637    1.29387456   28.17846580   11.61821160   -8.64718318    4.22051224	 0.01352971 -0.00695660 -0.51161319  0.64564472 -0.18744475 -0.03719136  0.00077754 -0.13388582 -0.35629764  0.74624312 -0.38344142  0.06755650	
0.00399200	0.59253365	0.00029591	  49.94907379  177.76435852 -979.88299561  -24.87263489  -97.74340057  -12.04509163	-35.00699615  22.46277046 -76.95819092  -2.29824042  -3.90587497   0.19710517	 142.42871745  118.73773154 -991.16359743  -40.21405081 -121.76660492  -14.29354346	 -34.35252590   19.52391916 -105.14414181   -4.53446111   -9.13001762   -0.02712191	28.70818746	0	0.00000000	0.00000000	0.00000000	-0.21964683  0.08575414  0.07374506	0.17314305 0.18116628 0.05754170	  20.18438850   38.51713052  -57.44203847 -189.97114044 -105.78471909  -13.11796890   -8.11347542    1.44687145   29.11055684   12.66844355   -7.77564379    3.50276709	 0.01408194 -0.00762388 -0.51183558  0.64349711 -0.18744475 -0.03697660  0.00118595 -0.13458377 -0.35701862  0.74580598 -0.38457656  0.06840786	
0.00400400	0.59508759	0.00032103	  49.27457809  183.22219849 -982.14672852  -24.58840561  -98.23514557  -12.93439674	-34.68334579  26.05050087 -75.30217743  -1.97708189  -3.77707887   0.02914711	  142.63048011   129.18104172 -1000.49282529   -40.56821754  -123.21298595   -15.41585143	 -32.72868430   20.85052708 -102.55209308   -4.33366652   -8.90105101   -0.11161737	29.26616706	0	0.00000000	0.00000000	0.00000000	-0.22166029  0.07577080  0.06906401	0.18568927 0.22001933 0.07317857	  20.31768853   38.46248957  -56.25156579 -186.56556574 -107.57936938  -12.22925726   -8.52804775    1.50526011   30.68565264   14.42896486   -6.93864120    2.80587298	 0.01466485 -0.00839087 -0.51216543  0.64150298 -0.18747543 -0.03666980  0.00153153 -0.13541213 -0.35764754  0.74536109 -0.38581911  0.06927456	
0.00399600	0.59766495	0.00035556	  48.11697388  179.94686890 -968.11254883  -24.14822388  -97.26002502  -13.42318535	-33.57900238  21.33742905 -69.70107269  -2.00074983  -3.27301002  -0.12681040	 141.93939660  132.13260857 -995.65718924  -40.09702438 -123.21667297  -16.30073849	-31.01638976  19.77499005 -98.11775406  -4.00880472  -8.31366506  -0.33330124	30.93497523	0	0.00000000	0.00000000	0.00000000	-0.22225759  0.06526682  0.06805612	0.13902999 0.19139888 0.08131878	  20.45240734   39.56650885  -54.53514994 -184.72656835 -107.28186751  -12.07220257   -8.80332973    1.97290117   31.48746364   16.42327864   -5.85383353    2.04078490	 0.01530913 -0.00928825 -0.51267159  0.63967752 -0.18747543 -0.03629398  0.00179856 -0.13635552 -0.35813841  0.74494696 -0.38706928  0.07013359	
0.00399600	0.60028076	0.00038919	  48.18290710  172.56860352 -931.47216797  -22.95595741  -93.72120667  -12.71788597	-32.53568268  17.06926537 -63.16479492  -1.97398627  -2.90076971  -0.08091775	 140.89987888  129.05151689 -973.16572264  -38.80381531 -120.65874160  -16.17131827	-30.02315054  17.54629533 -93.46241134  -3.73566341  -7.68155627  -0.31693721	32.62744182	0	0.00000000	0.00000000	0.00000000	-0.22134959  0.05421966  0.06803405	0.12434570 0.22164140 0.08740286	  20.53677266   41.59626176  -53.75608744 -183.44462792 -108.33269082  -11.79705307   -8.86031038    2.30484782   33.00849771   18.25794568   -4.69248083    1.74931209	 0.01602243 -0.01029301 -0.51333892  0.63799012 -0.18747543 -0.03584145  0.00197135 -0.13738330 -0.35844523  0.74457878 -0.38832715  0.07095426	
0.00399200	0.60293174	0.00044733	  47.72439957  165.87004089 -899.35675049  -21.95970726  -90.64870453  -12.02846527	-30.11857033  16.64919853 -59.34245682  -1.79193890  -2.64530921  -0.08878376	 139.08691564  124.38713514 -943.26792201  -37.15145022 -116.88561683  -15.49602772	-28.81908260  14.86578570 -88.13427060  -3.42976560  -7.14195237  -0.27223594	33.92901812	0	0.00000000	0.00000000	0.00000000	-0.22178963  0.04368630  0.06817655	0.09681378 0.18210569 0.10010173	  20.54857794   43.60927605  -52.63116324 -184.04891847 -107.67503456  -12.75489829   -8.72137359    2.56977745   33.81064264   21.04121291   -3.73407484    1.53786888	 0.01681243 -0.01136679 -0.51409054  0.63636410 -0.18747543 -0.03533524  0.00205774 -0.13844940 -0.35857561  0.74424899 -0.38957736  0.07174426	
0.00399200	0.60564727	0.00049061	  45.00514603  156.65737915 -865.82928467  -21.08067131  -87.47795105  -10.96547127	-27.53921890  13.67696953 -58.05124283  -1.61233664  -2.38242006  -0.02078293	 134.39546015  118.05846552 -907.09380243  -35.32109015 -112.64928432  -14.41484339	-25.46592942  13.30767463 -83.40044424  -3.09103329  -6.52335652  -0.20722100	34.70952765	0	0.00000000	0.00000000	0.00000000	-0.22309538  0.03391053  0.06744261	0.09749497 0.17674757 0.12964512	  20.47983373   46.56631007  -52.75488955 -184.67243762 -108.16753437  -12.80379544   -8.54049634    2.49863222   35.09790961   24.00322189   -2.83575719    1.44692126	 0.01764845 -0.01246359 -0.51491123  0.63477647 -0.18747543 -0.03479068  0.00206560 -0.13953087 -0.35852960  0.74399585 -0.39081988  0.07251126	
0.00400400	0.60841763	0.00054931	  40.27181244  143.42379761 -837.79064941  -20.72356033  -84.37899017   -9.56684017	-29.02614594  14.59196091 -52.64212036  -1.43339241  -1.99279141   0.00101815	 129.56138720  108.56164081 -877.61333473  -33.85205416 -109.07154044  -13.00293517	-25.92945294  12.79269989 -80.20337697  -2.86072354  -6.09441530  -0.17274585	35.33082994	0	0.00000000	0.00000000	0.00000000	-0.22569718  0.02669650  0.06396972	0.10182749 0.22436898 0.12599418	  21.23076837   48.46851131  -52.35558571 -185.80539855 -107.81466601  -13.41490766   -8.20403208    2.57794735   35.56646329   27.16651258   -2.06009093    1.52076930	 0.01848446 -0.01355272 -0.51576257  0.63317347 -0.18747543 -0.03426145  0.00202633 -0.14061232 -0.35828415  0.74387312 -0.39202404  0.07323990	
0.00398000	0.61123985	0.00056722	  40.29591370  137.95138550 -824.02215576  -20.50621796  -83.25352478   -8.84868336	-32.93754959  14.49434376 -50.33898544  -1.27844691  -1.58136833   0.11312474	 126.69949387  100.45448957 -857.08510579  -32.75538554 -106.51546004  -11.83878164	-28.37666648  13.47747225 -77.18773361  -2.67959730  -5.78908519  -0.09956501	35.28391249	0	0.00000000	0.00000000	0.00000000	-0.22847096  0.02097258  0.06218911	0.10942899 0.17580492 0.12305504	  20.96785633   51.01349880  -52.99236343 -187.20181895 -108.56202191  -12.55895789   -8.07656176    2.38631407   36.44647791   29.94373060   -1.69928192    1.34716961	 0.01932815 -0.01455747 -0.51662159  0.63148606 -0.18748309 -0.03373990  0.00197135 -0.14164776 -0.35793135  0.74387312 -0.39320523  0.07394553	
0.00399600	0.61409092	0.00062815	  40.28599167  137.97511292 -825.19628906  -20.48622513  -83.35318756   -8.44517612	-33.08736801  10.35366344 -43.17669296  -1.37835550  -1.35746408   0.14934219	 125.86093619   97.58679581 -847.41432520  -32.19993092 -105.50957783  -11.08412651	-29.30700209  10.14506941 -71.92936068  -2.45129833  -5.34099447  -0.00964572	34.84727338	0	0.00000000	0.00000000	0.00000000	-0.23139636  0.01534038  0.05887971	0.09969371 0.17994679 0.14158695	  21.07111284   52.18816453  -53.08371950 -187.31178206 -108.84288546  -12.30849421   -8.09332998    2.53660895   36.67060365   32.35182455   -1.50479519    1.49385355	 0.02014116 -0.01547019 -0.51746529  0.62969130 -0.18749076 -0.03324136  0.00193993 -0.14259882 -0.35750949  0.74401122 -0.39434803  0.07461281	
0.00400400	0.61701411	0.00063905	  39.39173889  143.01034546 -832.65844727  -20.42625999  -84.21471405   -8.94418812	-28.95415115   8.40325451 -42.34174728  -1.42914534  -1.23866189   0.24025649	 127.27439650   99.52701641 -848.56804660  -32.14098054 -105.97192492  -11.20056620	-28.21294323   7.97405595 -68.78655187  -2.32375717  -4.96867641   0.12062954	33.98822004	0	0.00000000	0.00000000	0.00000000	-0.23432005  0.00965229  0.05241639	0.09969371 0.17994679 0.14158695	  21.52001003   53.30613936  -53.54309422 -186.51274017 -110.03333999  -10.76673373   -8.13413149    2.11148741   37.33358917   34.39808479   -1.83049499    1.28829778	 0.02090048 -0.01624485 -0.51827061  0.62781221 -0.18749844 -0.03276582  0.00192423 -0.14347319 -0.35707998  0.74420297 -0.39546016  0.07527242	
0.00398400	0.61993831	0.00068855	  41.38739395  153.78529358 -853.30621338  -20.42812538  -86.46550751  -10.02369404	-28.60720825  11.18645668 -40.40489960  -1.23038542  -1.09351027   0.37278756	 131.53298143  104.70914846 -859.85688433  -32.40007014 -107.55279941  -12.04407203	-27.40234089   8.77114890 -65.74216293  -2.22902281  -4.68461439   0.19917076	33.32541777	0	0.00000000	0.00000000	0.00000000	-0.23716061  0.00382187  0.04604495	0.09969371 0.17994679 0.14158695	  22.02883018   53.61081664  -54.21735356 -186.24256597 -111.48324786   -9.98534976   -8.18035212    2.22972084   37.44012269   35.62660791   -1.69565696    1.59339509	 0.02158310 -0.01689680 -0.51899159  0.62587172 -0.18749844 -0.03233631  0.00193208 -0.14425552 -0.35667348  0.74443305 -0.39654163  0.07586300	
0.00399600	0.62292421	0.00074828	  40.42726898  166.85746765 -877.69171143  -20.50989532  -89.20758057  -10.99755096	-28.07630348   9.94432354 -35.74726105  -1.08352578  -0.83625096   0.31897470	 135.75699375  116.27899558 -882.50928028  -32.99471611 -110.73675764  -13.45432979	-27.09100266   9.17813924 -62.77943024  -2.06931976  -4.37475129   0.24408994	32.60037264	0	0.00000000	0.00000000	0.00000000	-0.23965749 -0.00176022  0.03938732	0.12578065 0.21185032 0.15042239	  22.78593702   53.70810727  -54.58973744 -184.12508186 -112.53586347   -8.61737385   -8.20191129    1.93701434   38.03453497   36.68703314   -1.79790237    1.54433405	 0.02221204 -0.01744136 -0.51965892  0.62394655 -0.18749844 -0.03191447  0.00193208 -0.14493814 -0.35630530  0.74466312 -0.39761540  0.07647660	
0.00399600	0.62597644	0.00080267	  39.61171722  179.69819641 -909.31762695  -20.76956177  -92.66549683  -12.17312908	-27.54138184   5.11097383 -29.36133957  -1.33317614  -0.61842674   0.31984690	 139.26209519  128.99889350 -909.00192279  -33.75579278 -114.63451762  -14.98225057	-26.67938944   7.20266280 -57.81765943  -1.90540004  -3.99406904   0.22256693	31.97888911	0	0.00000000	0.00000000	0.00000000	-0.23954824 -0.00863386  0.03327430	0.13054221 0.18710210 0.17278898	  23.92010999   54.09033028  -54.83502853 -182.59060066 -113.64272347   -7.14300400   -8.20179349    1.90464831   38.94966522   37.10205970   -1.58477967    1.80989586	 0.02281796 -0.01791689 -0.52028781  0.62207508 -0.18750611 -0.03145427  0.00193208 -0.14542136 -0.35594481  0.74493158 -0.39868152  0.07705951	
0.00398800	0.62908471	0.00087397	  37.45415497  180.89775085 -926.01745605  -21.15094757  -94.71459198  -12.92721367	-28.21017838   1.71328664 -28.76137543  -1.11636162  -0.11509811   0.18097098	 142.52713309  135.68271185 -931.59275999  -34.26479718 -118.04761930  -16.16401870	-27.11576737   3.40594726 -54.56373361  -1.61471399  -3.57031308   0.16804694	31.84280458	0	0.00000000	0.00000000	0.00000000	-0.23780557 -0.01693895  0.02921618	0.12266751 0.16172608 0.19285434	  25.24465874   54.52292451  -54.92917679 -180.38038697 -114.12800095   -6.16956917   -8.22716180    1.87850488   39.79779113   37.31300294   -1.38943340    1.95823259	 0.02344689 -0.01840777 -0.52090907  0.62031871 -0.18750611 -0.03095573  0.00193993 -0.14576650 -0.35559967  0.74523836 -0.39972463  0.07761941	
0.00400400	0.63228112	0.00096265	  37.42296982  185.92759705 -941.47802734  -21.39437866  -96.56998444  -12.70967484	-23.12508583   7.12955141 -21.06533051  -0.72962606  -0.17288494   0.30790150	 144.88137138  140.49111754 -951.45943179  -34.70863466 -121.09036313  -16.71903806	-24.12453901   4.68041782 -48.87815741  -1.41308092  -2.98521275   0.17452529	31.70283189	0	0.00000000	0.00000000	0.00000000	-0.23638372 -0.02615440  0.02535290	0.09589473 0.15668840 0.22860135	  26.13201988   55.36001357  -54.53104716 -178.63804587 -115.02813634   -4.84226069   -8.22716180    1.72373965   40.79795607   37.94360676   -0.85847372    1.92979958	 0.02409116 -0.01890631 -0.52160704  0.61876172 -0.18750611 -0.03037281  0.00193993 -0.14595824 -0.35520852  0.74556822 -0.40076005  0.07817931	
0.00399200	0.63556945	0.00105872	  32.78839493  186.75135803 -941.04559326  -21.00277519  -96.31499481  -12.22855663	-17.80237389   5.47812271 -18.19719696  -0.53760028   0.10421900   0.34032729	 145.00975255  143.40992113 -959.33117423  -34.70617006 -122.34819418  -16.62429554	-20.16795722   4.87730643 -44.30785870  -1.12678737  -2.46964476   0.21630887	31.85614293	0	0.00000000	0.00000000	0.00000000	-0.23542718 -0.03412447  0.02228792	0.09412573 0.16733427 0.23701577	  27.66195906   57.01104643  -54.07531787 -177.05990285 -115.44884939   -3.70168338   -8.22692618    1.35058679   41.75091528   37.73889874   -0.27486133    2.04668863	 0.02478145 -0.01941252 -0.52241236  0.61745018 -0.18750611 -0.02969786  0.00193208 -0.14599659 -0.35471764  0.74595934 -0.40178016  0.07873154	
0.00399200	0.63896453	0.00117495	  30.34525681  185.14279175 -936.24523926  -20.32492638  -94.80090332  -11.75097752	-17.18469238   4.72479916 -16.52948952  -0.29630965   0.56212705   0.24357606	 141.42238468  142.74624452 -957.55782279  -33.98437996 -122.00652234  -16.26198235	-17.55784691   5.29530115 -40.95598593  -0.90097980  -1.84292756   0.15084773	32.18496674	0	0.00000000	0.00000000	0.00000000	-0.23525549 -0.04176608  0.01990876	0.09252421 0.15590715 0.25192743	  28.51652272   58.96164653  -53.73382422 -176.22962261 -115.77448593   -2.70487576   -8.19719891    0.93763318   42.59279619   38.00832183    0.19023214    1.98574453	 0.02547942 -0.01994175 -0.52328676  0.61632270 -0.18750611 -0.02893854  0.00193208 -0.14591222 -0.35407338  0.74639654 -0.40278491  0.07925310	
0.00399600	0.64249098	0.00127209	  25.49519157  180.36151123 -917.60498047  -19.74912071  -93.50038147  -11.13465405	-15.26668072   3.13842344  -7.67215729  -0.27999881   0.47307515   0.20752499	 136.63740346  141.47451676 -945.16093152  -32.88703288 -120.57488395  -15.68322717	-15.86319318   3.55011861 -34.82578201  -0.64390498  -1.36666111   0.13099627	32.71436061	0	0.00000000	0.00000000	0.00000000	-0.23558673 -0.04963308  0.01783173	0.07710200 0.15585603 0.27486688	  30.02237972   62.02147368  -53.24209385 -175.77953577 -116.02186058   -1.45543559   -8.19719891    0.04402438   43.59645935   38.17167208    0.87814274    1.88995864	 0.02618505 -0.02047097 -0.52434522  0.61541760 -0.18751377 -0.02807951  0.00193208 -0.14570513 -0.35326037  0.74691045 -0.40375900  0.07975931	
0.00398800	0.64612103	0.00138159	  23.28901482  176.05079651 -894.95269775  -18.62557411  -91.84706879  -10.88134766	-16.99178123   3.57673645 -10.34727859  -0.16993928   1.11377478   0.02581922	 133.67624049  139.68521992 -930.50075549  -31.69264855 -118.97280734  -15.27095748	-15.90016069   3.33530711 -32.24013930  -0.49261371  -0.96910443   0.08275119	33.41596544	0	0.00000000	0.00000000	0.00000000	-0.23596885 -0.05723680  0.01530785	0.07363550 0.16918548 0.26842378	  31.34292381   64.77475929  -52.61736910 -175.99878883 -116.43688546   -0.57409747   -8.19731672   -0.59767165   44.14726876   39.02606570    1.57872034    1.96164949	 0.02688301 -0.02094650 -0.52553403  0.61455095 -0.18752144 -0.02709777  0.00193208 -0.14543669 -0.35224792  0.74747801 -0.40469474  0.08023485	
0.00399200	0.64987493	0.00148192	  22.44738960  173.23727417 -883.89416504  -17.62843704  -89.94971466  -10.79698467	-16.09306526   1.29816628  -8.07070065  -0.15209699   1.10483623   0.16203980	 131.34210065  138.51428100 -914.50603016  -30.27759829 -116.97506472  -15.11405913	-16.51826836   1.27250350 -31.75609414  -0.32712384  -0.71442684   0.13411145	33.96419879	0	0.00000000	0.00000000	0.00000000	-0.23713103 -0.06665923  0.01311970	0.05263595 0.15477236 0.28482210	  31.86840398   67.77028449  -52.07217565 -175.71448210 -116.72659994    0.58855484   -8.17454021   -1.54949496   44.76567620   40.08606419    1.89782257    1.79916593	 0.02759631 -0.02133000 -0.52686095  0.61378396 -0.18752144 -0.02606233  0.00192423 -0.14509921 -0.35105911  0.74806857 -0.40555376  0.08068737	
0.00399200	0.65374035	0.00157410	  23.71521759  170.09770203 -867.31256104  -16.58605385  -88.61311340  -10.51476097	-14.10530567   1.22708118  -6.35818005  -0.11788119   0.92692006   0.20192590	 129.66202305  136.69182483 -896.89443326  -28.57879100 -114.78488360  -14.84653099	-14.74039139   1.81827720 -29.92051419  -0.27561074  -0.61337015   0.13609034	34.09952732	0	0.00000000	0.00000000	0.00000000	-0.23907140 -0.07661972  0.00981038	0.03171372 0.15838868 0.30845696	  32.54246757   70.46183246  -51.30315318 -175.32754789 -117.49244551    1.64684211   -8.14917190   -2.36746261   45.04696110   41.36397439    2.32824544    1.52584995	 0.02833262 -0.02160612 -0.52832586  0.61304760 -0.18752912 -0.02484281  0.00191637 -0.14470038 -0.34967086  0.74868983 -0.40642813  0.08110922	
0.00400800	0.65771711	0.00164707	  26.68962288  170.12725830 -862.60656738  -15.53072834  -88.46573639  -10.58417702	-17.69245148  -1.30083489  -6.33828115  -0.26873964   1.24908113   0.18720445	 132.24438983  137.95027243 -886.46667264  -27.28530799 -113.63108701  -14.87687031	-15.15493133   0.58104241 -28.96378982  -0.19980712  -0.47768383   0.20194646	34.15522053	0	0.00000000	0.00000000	0.00000000	-0.24138241 -0.08748468  0.00427394	0.03634285 0.16976065 0.31773257	  33.37395583   72.74776376  -50.27874362 -174.27876686 -118.19419242    2.65115103   -8.14928971   -3.44517974   45.20552385   42.62685211    2.52545407    1.07561514	 0.02906893 -0.02175184 -0.52991354  0.61231899 -0.18754445 -0.02348524  0.00191637 -0.14424019 -0.34807551  0.74937248 -0.40724880  0.08152339	
0.00398400	0.66176164	0.00170680	  30.60323143  170.07734680 -861.65008545  -14.85201740  -88.93070221  -10.83736610	-15.89413357  -1.84337568  -5.90366077  -0.24586448   1.23681092   0.15008576	 136.20160083  138.33248131 -881.90495782  -26.22835755 -113.38241586  -15.09229401	-16.01415949  -1.17766288 -29.10622812  -0.14651244  -0.42747804   0.21394757	34.13784135	0	0.00000000	0.00000000	0.00000000	-0.24377671 -0.09878760 -0.00163247	0.03634285 0.16976065 0.31773257	  33.64395178   74.85279518  -49.63760967 -174.10471752 -119.25268505    3.83840200   -8.15411991   -4.28789730   44.88729026   43.87284233    2.87644231    0.69641742	 0.02982825 -0.02176718 -0.53155494  0.61159801 -0.18755980 -0.02202796  0.00191637 -0.14373396 -0.34631142  0.75011647 -0.40801579  0.08189154	
0.00400000	0.66588145	0.00175408	  32.32279587  171.99876404 -875.80297852  -14.25047779  -90.13349152  -10.93830013	-16.86798096  -1.15603745  -3.70141888  -0.19769825   1.25982773   0.04902953	 140.12219120  140.56582986 -886.80935509  -25.19762774 -114.15015604  -15.36920499	-16.56284596  -1.18594692 -26.89879464  -0.11888059  -0.39841220   0.15042912	33.94347121	0	0.00000000	0.00000000	0.00000000	-0.24639901 -0.10945839 -0.00759191	0.01945755 0.16137948 0.34199426	  33.62446273   76.69497564  -49.24480587 -173.33919175 -120.17175565    4.70138101   -8.15871449   -5.09101528   44.22443819   45.03058861    2.87576591    0.28927226	 0.03053388 -0.02171349 -0.53325760  0.61082333 -0.18756746 -0.02044796  0.00191637 -0.14318174 -0.34452435  0.75092947 -0.40875211  0.08222135	
0.00399200	0.67004937	0.00176215	  34.94620132  174.42509460 -890.52655029  -13.87051105  -92.81678772  -11.48555756	-19.40532684  -2.13372803  -5.35711336  -0.22639431   1.54511118   0.06506529	 145.04773655  144.35741452 -895.89079451  -24.45622673 -116.15512848  -15.92018642	-18.33578116  -1.04304329 -28.46620947  -0.12731296  -0.36803517   0.11883512	33.85901743	0	0.00000000	0.00000000	0.00000000	-0.24878017 -0.12026268 -0.01278909	-0.00021090  0.15201047  0.37299694	  33.85644468   78.31748285  -48.25812836 -172.69171900 -121.64839604    5.98225089   -8.18655680   -5.91203331   43.35388209   46.08680049    3.07890461   -0.13201800	 0.03130087 -0.02168281 -0.53500634  0.61011773 -0.18756746 -0.01874524  0.00192423 -0.14255281 -0.34249949  0.75176549 -0.40943474  0.08250514	
0.00400400	0.67423296	0.00177405	  34.87842941  176.33587646 -904.68566895  -13.29930687  -94.27167511  -11.76915359	-15.23925495  -5.68116522  -4.42410803  -0.52234942   1.08337569   0.06283385	 150.18345729  147.79195668 -910.33442847  -23.75562328 -118.43508169  -16.46050082	-17.38468106  -3.63700087 -27.61186679  -0.07940799  -0.39869125   0.19481468	33.52299996	0	0.00000000	0.00000000	0.00000000	-0.25132281 -0.13107900 -0.01863856	-0.01136425  0.13857388  0.38628680	  33.88371309   80.14857908  -47.17692860 -171.96925496 -122.80968731    6.48514697   -8.24008164   -6.63961491   42.64820566   46.91936998    3.14601181   -0.48294187	 0.03205252 -0.02168281 -0.53676277  0.60948879 -0.18757513 -0.01691980  0.00193208 -0.14184718 -0.34039792  0.75263220 -0.41008666  0.08275825	
0.00398800	0.67842084	0.00176052	  34.89599991  180.24479675 -915.42724609  -12.19510269  -95.38682556  -11.80872822	-15.60546780  -5.94417286  -5.64490747  -0.44412279   1.27616906   0.04508904	 153.07034988  153.54562153 -923.90697130  -22.65269840 -120.36439397  -16.92612467	-16.54470854  -4.93853134 -27.62667609  -0.05434500  -0.41673340   0.21846078	33.21919888	0	0.00000000	0.00000000	0.00000000	-0.25372385 -0.14056894 -0.02480515	-0.00391419  0.13446387  0.41064729	  33.85918843   81.56842742  -45.77268176 -170.90530853 -124.11130657    7.40329807   -8.24283049   -7.34797069   41.97946677   47.61239650    3.60221187   -1.01838401	 0.03282718 -0.02168281 -0.53853452  0.60900557 -0.18757513 -0.01494097  0.00193993 -0.14102650 -0.33821967  0.75349885 -0.41068491  0.08299601	
0.00399200	0.68259591	0.00176293	  34.42250824  184.86799622 -915.21484375  -10.39917469  -95.54531860  -12.24433708	-17.30666924  -4.98180485  -3.59328103  -0.37901267   1.20968699   0.05877408	 153.95820725  159.41799145 -928.95009362  -21.25476803 -121.28212971  -17.42268463	-17.35661542  -4.71162997 -27.18865570  -0.06606306  -0.39899852   0.20361887	32.94162415	0	0.00000000	0.00000000	0.00000000	-0.25521375 -0.14988293 -0.03070709	-0.00293775  0.13126307  0.41884912	  33.89597256   83.72647189  -44.32714750 -169.73635819 -125.26431128    7.60736045   -8.19731672   -8.05496296   41.26650003   47.73730740    3.79101885   -1.35770702	 0.03359417 -0.02168281 -0.54030627  0.60872948 -0.18758281 -0.01284709  0.00193208 -0.14011377 -0.33598006  0.75441158 -0.41122949  0.08318776	
0.00400000	0.68677807	0.00175884	  31.34727859  173.54289246 -911.70330811   -9.42132282  -95.03289795  -12.00288582	-18.15650558  -6.62182713   0.23964509  -0.41811872   1.23171186   0.14530785	 154.18200534  159.49258562 -927.15385841  -19.42952644 -121.27241020  -17.48170266	-17.39009929  -5.60977831 -24.18939559  -0.01907686  -0.36551850   0.27558707	32.51445221	0	0.00000000	0.00000000	0.00000000	-0.25553469 -0.15758655 -0.03602522	0.00435790 0.12004560 0.43294859	  33.58619606   85.74058146  -42.94061851 -168.81045243 -126.27452613    8.24165711   -8.19719891   -8.77734803   40.41561517   47.79689792    4.31523129   -1.83802953	 0.03436116 -0.02168281 -0.54207033  0.60865277 -0.18759046 -0.01067650  0.00193208 -0.13909368 -0.33368677  0.75537801 -0.41169736  0.08330281	
0.00399200	0.69095129	0.00176088	  27.63772774  162.16340637 -919.46600342   -8.79968643  -95.21243286  -11.21712494	-17.90292168  -3.21591020  -1.96950042  -0.37413275   1.35069716   0.04291409	 152.39167091  150.49407717 -929.47617696  -17.39585322 -121.43477974  -16.66501221	-18.11180836  -4.01567899 -24.39978214  -0.09447079  -0.30274939   0.18759848	32.12667400	0	0.00000000	0.00000000	0.00000000	-0.25581456 -0.16506501 -0.04058796	-0.01138426  0.11513179  0.44765617	  33.03718396   87.76179056  -41.07805771 -167.32695287 -126.64570610    8.91105888   -8.19731672   -9.54089077   39.40574688   48.39902944    4.96174888   -2.18273744	 0.03513582 -0.02168281 -0.54379606  0.60866046 -0.18759814 -0.00845990  0.00193208 -0.13798921 -0.33132443  0.75638276 -0.41214222  0.08333349	
0.00398800	0.69512457	0.00175784	  32.79824448  171.70446777 -931.83087158   -7.17379618  -97.66230774  -10.24798679	-13.99474144  -4.25057268  -0.36846414  -0.37668401   0.99266803   0.06349484	 154.36466172  150.79772022 -938.10907110  -16.12453812 -122.85960260  -15.93445718	-16.62703352  -3.57955248 -23.67866771  -0.08931224  -0.34800774   0.18606633	31.80141285	0	0.00000000	0.00000000	0.00000000	-0.25618202 -0.17297398 -0.04479367	-0.01340533  0.11801259  0.44845318	  32.59871044   89.74798620  -39.26272838 -166.33341394 -126.97355112    9.84103594   -8.19719891  -10.16986676   38.24946538   48.56746658    5.68811949   -2.47955973	 0.03590281 -0.02167514 -0.54549879  0.60866046 -0.18760581 -0.00616660  0.00193208 -0.13679270 -0.32890075  0.75742584 -0.41249502  0.08331048	
0.00399600	0.69929886	0.00176693	  27.48497772  168.93087769 -951.81903076   -6.11717987  -99.35394287   -9.66144657	-17.99504280  -8.02005291  -5.46267986  -0.44550887   1.33196676  -0.14939736	 155.91414897  154.65376737 -954.03385490  -14.71662760 -125.20229713  -15.38291473	-16.16906010  -5.26072569 -25.50905444  -0.03012874  -0.39754707   0.12251646	31.46813442	0	0.00000000	0.00000000	0.00000000	-0.25792901 -0.18071901 -0.05020384	-0.03242856  0.10351250  0.45896753	  31.74374309   91.73681727  -37.42595466 -165.12640452 -126.87997280   10.17962396   -8.19731672  -10.91500321   37.05781967   48.33200704    5.89677434   -2.74877100	 0.03661611 -0.02165980 -0.54714018  0.60866046 -0.18760581 -0.00387330  0.00193208 -0.13551950 -0.32643104  0.75856870 -0.41277879  0.08319543	
0.00400000	0.70348549	0.00177349	  25.85369873  155.05511475 -969.17462158   -4.94558001 -101.05483246   -9.39144802	-16.10121346  -5.24899769  -1.98595703  -0.50817192   1.10807979  -0.07597697	 156.91354115  150.15151460 -970.98710831  -12.46619121 -127.75328090  -14.75190033	-15.99163925  -5.77507852 -24.12774566  -0.08844296  -0.35310230   0.12322062	31.23015983	0	0.00000000	0.00000000	0.00000000	-0.25967920 -0.18784739 -0.05481667	-0.04809071  0.09232193  0.46006027	  31.71339327   93.37450844  -35.26709076 -163.36436488 -126.51704823   11.15173233   -8.19719891  -11.61253786   35.79680367   48.00738512    6.51769344   -3.08255775	 0.03722971 -0.02164446 -0.54875082  0.60866046 -0.18760581 -0.00161068  0.00193208 -0.13416193 -0.32387698  0.75978822 -0.41300890  0.08304970	
0.00398400	0.70767051	0.00178800	  22.83377457  140.10949707 -993.07708740   -4.16969681 -103.71923828   -8.28528500	-16.37709236   0.11532141   1.44396293  -0.05797482   1.20646882   0.14305007	 158.81956074  137.86492931 -989.67427007  -10.51004762 -130.47771015  -13.57427125	-15.69024285  -4.20620590 -22.63775253  -0.07903389  -0.31413557   0.14370053	31.39195234	0	0.00000000	0.00000000	0.00000000	-0.26095526 -0.19402744 -0.05800063	-0.04506155  0.09850550  0.45914292	  31.49317295   94.84980046  -33.17813543 -161.50133533 -125.76112312   11.73321463   -8.17925260  -12.33032578   34.50105858   47.54904814    7.15047594   -3.45396327	 0.03775126 -0.02162912 -0.55033851  0.60866809 -0.18760581  0.00059825  0.00192423 -0.13274300 -0.32124618  0.76113045 -0.41318530  0.08288863	
0.00400000	0.71188062	0.00179086	   21.48373032   142.02117920 -1020.04351807    -2.79126120  -106.20197296    -7.28153133	-14.86277485  -1.55715227   2.07478595  -0.17366363   1.19907653   0.10972449	  162.51599595   135.27700600 -1012.13485005    -8.93650150  -133.63579448   -12.54787180	-15.33418391  -2.39965532 -21.90299453  -0.07355143  -0.19824797   0.17932581	31.59250207	0	0.00000000	0.00000000	0.00000000	-0.26084909 -0.19890975 -0.06058255	-0.04974643  0.08446133  0.45686678	  31.62498067   96.19525555  -31.15411610 -159.52063212 -124.94500488   12.71749021   -8.13762655  -13.10358925   32.92772309   47.04207220    7.93392862   -3.87565790	 0.03821145 -0.02161378 -0.55188018  0.60866809 -0.18760581  0.00279951  0.00190852 -0.13128571 -0.31856939  0.76256472 -0.41330037  0.08275057	
0.00400400	0.71609604	0.00179523	   17.61088371   142.84852600 -1043.80627441    -1.11830068  -108.77068329    -6.65348291	-10.63775253  -1.82153893   1.19532573  -0.30080736   0.86581981   0.05767062	  162.37826424   137.13150022 -1038.45694146    -6.96218357  -137.37923371   -11.64384879	-13.33762501  -2.49619706 -20.92665000  -0.07895090  -0.20284744   0.16826651	31.84824499	0	0.00000000	0.00000000	0.00000000	-0.26127359 -0.20376739 -0.06261742	-0.04511285  0.07592444  0.47129710	  31.56618888   97.48489241  -29.25801984 -157.54189016 -123.97862234   13.12376161   -8.04714859  -13.78714606   31.51159477   46.59992126    8.18170344   -4.32204735	 0.03857194 -0.02160612 -0.55342948  0.60867578 -0.18760581  0.00496243  0.00189281 -0.12982076 -0.31581590  0.76409101 -0.41333103  0.08262019	
0.00398000	0.72030306	0.00180739	   19.84074783   127.75917053 -1056.63513184     1.16678536  -110.57859039    -6.18017149	-11.04721355  -3.84445286   0.09606189  -0.39742833   0.83873278  -0.11545592	  165.41352447   132.54478918 -1056.86671401    -4.43260832  -140.03371291   -10.86357188	-11.54549241  -3.40214789 -21.52459592  -0.12462505  -0.24217326   0.05067950	32.21999011	0	0.00000000	0.00000000	0.00000000	-0.26170880 -0.20968363 -0.06347480	-0.04393017  0.07223260  0.47190529	  32.43253257   98.27782967  -27.29542702 -156.12118057 -123.23163336   14.38934005   -8.01808895  -14.41455248   29.80748663   46.05392789    8.81898818   -4.75340101	 0.03883272 -0.02158310 -0.55497879  0.60869110 -0.18760581  0.00703330  0.00186925 -0.12837882 -0.31300104  0.76561731 -0.41330802  0.08247446	
0.00400400	0.72453684	0.00181760	   20.32888985   116.78157806 -1065.29211426     2.19813061  -111.62218475    -5.77168131	-12.81282711  -3.04353404  -0.35529751  -0.37672454   0.87189776  -0.04810511	  169.23198016   121.97979345 -1068.90380046    -1.51299518  -141.87577854    -9.80156037	-12.25283823  -3.38609567 -22.25606930  -0.15229632  -0.32685595   0.05163708	32.29257545	0	0.00000000	0.00000000	0.00000000	-0.26349849 -0.21122086 -0.06467181	-0.03877517  0.05913098  0.45231424	  33.02073376   99.25852993  -25.81612438 -155.00132102 -122.28001686   15.43576457   -8.03878422  -14.73138478   28.44409846   45.48655014    9.28937724   -5.12754336	 0.03899378 -0.02156010 -0.55652809  0.60870647 -0.18760581  0.00895078  0.00186925 -0.12698290 -0.31012484  0.76738137 -0.41320065  0.08231339	
0.00398800	0.72877318	0.00181950	   19.21200943   105.97481537 -1076.93249512     4.52570581  -113.47991180    -4.52271795	-12.18716335  -0.78664047   3.49094796  -0.22754730   0.82907057   0.09857857	  172.04944378   112.27301735 -1080.00209388     1.50784133  -143.78400029    -8.35175744	-11.78079973  -1.79256658 -20.40924319  -0.13565871  -0.29671811   0.09032374	32.62469761	0	0.00000000	0.00000000	0.00000000	-0.26506269 -0.21207530 -0.06385553	-0.02079243  0.04766205  0.42588224	  33.35979995  100.11626010  -24.01732572 -153.57180162 -121.15160992   17.01154214   -8.03108713  -15.01455395   26.88242455   45.04318730    9.63287426   -5.71490415	 0.03907815 -0.02153709 -0.55806208  0.60870647 -0.18760581  0.01062281  0.00186139 -0.12564833 -0.30717960  0.76926821 -0.41304725  0.08210631	
0.00399200	0.73301375	0.00183411	   16.81760979   100.21304321 -1089.29980469     6.70466709  -114.58101654    -3.89639044	-10.90849781  -0.56598026   5.45669889  -0.19727974   0.95436543   0.02716566	  174.22255143   108.56679952 -1090.92937193     3.85784327  -145.30713515    -7.33703930	-12.00593064  -0.69080970 -18.72194531  -0.13798055  -0.19868221   0.05650954	32.93730977	0	0.00000000	0.00000000	0.00000000	-0.26587821 -0.21517638 -0.06091804	-0.02284547  0.04909279  0.42564762	  33.24668043  100.98286776  -22.64320765 -152.56397351 -120.12752524   18.07119675   -8.01973817  -15.01252196   25.69053154   44.42230025    9.73819107   -6.18728400	 0.03910116 -0.02149874 -0.55960375  0.60871410 -0.18760581  0.01225650  0.00185354 -0.12438281 -0.30416530  0.77124703 -0.41287085  0.08184553	
0.00399600	0.73727286	0.00183680	   15.17479610    83.71701813 -1092.07385254     7.85937834  -115.20662689    -3.13210058	-11.91971970  -4.30622101   1.72881138  -0.40535191   0.83971083  -0.09953757	  174.93145379    99.69177424 -1097.54109792     6.35092651  -146.49348659    -6.20499360	-11.54364413  -2.05888200 -19.48971768  -0.13896758  -0.22017116   0.02506576	33.35189477	0	0.00000000	0.00000000	0.00000000	-0.26758488 -0.22052524 -0.05842255	-0.02216359  0.04694129  0.43602694	  33.58375015  101.93848098  -20.89262209 -151.36174259 -119.05872508   19.86895643   -7.96016581  -15.15382137   24.22435432   43.94938296    9.88247828   -6.74849785	 0.03907048 -0.02143738 -0.56114542  0.60872948 -0.18760581  0.01372145  0.00183783 -0.12327834 -0.30111268  0.77332556 -0.41267911  0.08150806	
0.00400000	0.74153715	0.00184750	   11.97967052    76.99036407 -1091.40795898     9.16359329  -114.78451538    -2.27206874	-8.97472668 -4.03041315  1.44632840 -0.43511635  0.64498234 -0.11261681	  174.84701068    90.42830925 -1098.65512313     8.78297709  -146.74533157    -4.90050516	 -9.97847005  -3.70254496 -20.15469572  -0.14369249  -0.28325796   0.01685646	33.86245529	0	0.00000000	0.00000000	0.00000000	-0.27063964 -0.22284131 -0.05650317	-0.00212779  0.03469582  0.40862143	  33.99907358  102.72969033  -19.17599512 -150.05725229 -117.88954923   21.48567496   -7.91543724  -15.15017927   22.91955037   43.55335712   10.09709342   -7.32816028	 0.03902446 -0.02134534 -0.56256431  0.60873711 -0.18760581  0.01499466  0.00182212 -0.12218922 -0.29819813  0.77547312 -0.41245666  0.08109388	
0.00400000	0.74581337	0.00184561	   14.86809444    72.57947540 -1079.79772949    10.56853867  -114.05471039    -1.55523992	-10.61411762  -3.42387056   0.71534139  -0.32780522   0.80068308   0.02262340	  175.83028867    85.94038066 -1093.63482974    10.46255406  -146.14541421    -3.91636687	 -9.79882322  -3.68311678 -21.76868322  -0.11395014  -0.27884493   0.06284333	34.33536692	0	0.00000000	0.00000000	0.00000000	-0.27424532 -0.22359306 -0.05461586	-0.00636567  0.03081866  0.39654006	  33.45902760  103.61639690  -17.29342047 -148.73271940 -116.33412232   23.42119642   -7.92706117  -15.28986145   21.44694664   43.30137604   10.07948104   -8.11341027	 0.03900145 -0.02119194 -0.56407529  0.60874480 -0.18760581  0.01605310  0.00181427 -0.12119979 -0.29508415  0.77772808 -0.41218054  0.08062601	
0.00398800	0.75008076	0.00185831	    9.06280422    67.08413696 -1070.56811523    11.34349632  -112.95889282    -1.09453928	-6.60211945 -3.36634731  3.73333764 -0.37875521  0.64549041  0.03174557	  173.59020698    81.21973077 -1085.09986480    12.04305289  -145.16445501    -3.01656970	-10.08637314  -3.67925053 -20.51671116  -0.12152345  -0.30036338   0.12992429	34.78189052	0	0.00000000	0.00000000	0.00000000	-0.27786842 -0.22538967 -0.05136846	0.00529321 0.02268925 0.38599596	  33.17592155  104.45174372  -15.62631209 -147.55708544 -115.08190372   25.31747020   -7.92560823  -15.23159165   19.89975755   42.78605184   10.02672918   -8.80443117	 0.03898611 -0.02096951 -0.56554794  0.60875249 -0.18760581  0.01688145  0.00180642 -0.12027941 -0.29193950  0.78006744 -0.41185075  0.08008145	
0.00399200	0.75436449	0.00186022	    8.26752758    67.21177673 -1056.18688965    12.41452789  -111.14058685    -1.15535486	-11.39954472  -7.12244081   4.87572384  -0.63803321   0.95589179   0.05590816	  169.78368021    77.98125505 -1071.99668847    13.56582221  -143.38850077    -2.52438774	-10.71446833  -4.82675136 -18.95750380  -0.12188946  -0.18241142   0.16452630	35.09636960	0	0.00000000	0.00000000	0.00000000	-0.28078866 -0.22730776 -0.04861224	0.01506874 0.01283193 0.38244707	  32.49316836  105.01379384  -13.83182134 -146.35090943 -113.75755240   27.84251755   -7.87475379  -15.39713485   18.38018114   42.35935004    9.96081646   -9.47444143	 0.03897077 -0.02066272 -0.56696683  0.60875249 -0.18760581  0.01752573  0.00179071 -0.11941271 -0.28881016  0.78246808 -0.41150561  0.07942184	
0.00399600	0.75865263	0.00187609	    5.89876175    67.36386108 -1029.35815430    13.36049938  -108.60645294    -1.52412760	-12.10216141  -4.98608112  -3.10415936  -0.83854914   1.70289409   0.07837230	  166.54224355    78.02568189 -1054.85092353    14.57520848  -140.96214782    -2.57461067	-11.58783688  -5.22898228 -20.77835344  -0.25541218   0.09554290   0.17019029	35.59681341	0	0.00000000	0.00000000	0.00000000	-0.28301653 -0.22903159 -0.04568158	0.01738930 0.00140267 0.37504590	  32.05897414  105.84809977  -12.44187146 -145.17864001 -112.52419428   30.07957215   -7.80210432  -15.55590927   16.75712640   41.50472726    9.87790804   -9.98726023	 0.03895544 -0.02028689 -0.56831676  0.60876018 -0.18760581  0.01799359  0.00176715 -0.11858436 -0.28568852  0.78489178 -0.41111442  0.07867019	
0.00398800	0.76295394	0.00188583	    4.21248341    72.19655609 -1010.76208496    14.01557541  -106.67166138    -1.94622791	 -7.10686398  -0.78525037 -22.93886375  -1.82238865   5.23887491   0.74628353	  162.25907544    80.72723008 -1034.44713100    15.39048230  -138.31021873    -2.95307669	-10.79411949  -3.60985460 -32.81333665  -0.90941199   1.57169517   0.46564251	35.97987743	0	0.00000000	0.00000000	0.00000000	-0.28541701 -0.22898369 -0.04530206	 0.02375209 -0.00705816  0.35361522	  31.49301872  106.31694784  -10.98049272 -143.82410283 -111.17262981   32.74993022   -7.71146956  -15.84154075   15.18457550   40.64202030    9.67860643  -10.43855273	 0.03894009 -0.01984204 -0.56957459  0.60876018 -0.18760581  0.01830039  0.00174358 -0.11779436 -0.28262055  0.78731549 -0.41070026  0.07781883	
0.00399600	0.76727051	0.00188971	   0.15383027   73.94498444 -988.82244873   14.73771858 -104.04164124   -2.51823092	-19.84004593  -4.61550570 -74.24006653  -4.07785797  13.12964439   1.51068783	  157.28512941    84.90700004 -1013.23569180    15.85036435  -135.49858485    -3.54988815	-17.66728762  -4.02495621 -65.26482452  -2.36576359   5.70534712   1.22496827	36.11761850	0	0.00000000	0.00000000	0.00000000	-0.28713968 -0.22938566 -0.04504878	 0.02375209 -0.00705816  0.35361522	  30.81186569  106.97119842  -10.35823551 -142.44836122 -109.75576039   34.38413710   -7.60924998  -15.98717025   13.79750109   39.56888463    9.39550665  -10.68801107	 0.03892475 -0.01939718 -0.57074046  0.60876018 -0.18760581  0.01843845  0.00170431 -0.11701970 -0.27961397  0.78980052 -0.41028610  0.07690611	
0.00399600	0.77159137	0.00188578	  -3.44541574   73.38253784 -962.30303955   15.29171848 -101.25579834   -2.89524651	 -20.29207420   -3.12151551 -107.04295349   -5.96708918   19.22762489    2.19523168	 149.93957966   86.48211802 -991.80826937   16.51078251 -132.57224086   -3.98666947	 -26.59967582   -5.36118073 -102.40081204   -4.12442158   10.60590851    1.79284561	36.23807496	0	0.00000000	0.00000000	0.00000000	-0.28876570 -0.22943571 -0.04471477	 0.02852794 -0.02083322  0.34139304	  30.49812938  107.60891419   -9.40063621 -141.32861384 -108.44604198   36.28530890   -7.44514108  -16.27127185   12.22144342   38.51728285    9.14421690  -10.86726823	 0.03892475 -0.01892165 -0.57182193  0.60876018 -0.18759814  0.01846145  0.00165719 -0.11625271 -0.27666104  0.79236227 -0.40996394  0.07595504	
0.00400400	0.77591228	0.00189920	  -6.21143341   77.21043396 -937.79498291   15.89366722  -98.72245789   -3.53831458	 -24.87578773   -2.65221238 -137.59962463   -7.01569414   23.63754654    2.28977776	 144.58155990   89.46154671 -966.26220339   17.28583881 -129.14309592   -4.57562965	 -33.52053274   -7.10512616 -137.62091982   -5.71318178   15.06482687    2.29838223	36.41655899	0	0.00000000	0.00000000	0.00000000	-0.28999153 -0.23052155 -0.04438657	 0.02402050 -0.03296014  0.33464764	  29.78989585  107.98435369   -9.05201768 -139.83216979 -106.95119589   37.25754903   -7.36126058  -16.30813677   10.45056462   37.12791876    9.29219035  -11.11155458	 0.03893242 -0.01838476 -0.57281899  0.60876018 -0.18759814  0.01846145  0.00160221 -0.11547038 -0.27378485  0.79503137 -0.40984124  0.07502698	
0.00398800	0.78023928	0.00188606	  -9.79529667   76.22332001 -911.69207764   16.45785141  -95.38701630   -4.00765657	 -29.05185509   -1.03849447 -164.97750854   -7.76824188   27.10232544    2.70083499	 137.73193963   90.14121092 -940.17880194   18.08106622 -125.38321745   -5.10942838	 -42.04794699   -6.39840346 -163.69347805   -6.76333757   18.22783124    2.46345434	36.43890746	0	0.00000000	0.00000000	0.00000000	-0.29079216 -0.23167059 -0.04263725	-0.01676920 -0.05226209  0.30579123	  29.34754227  108.09382303   -8.70147459 -138.23043340 -105.54249947   38.67606314   -7.17547458  -16.62098811    8.61073261   35.70718213    9.72713653  -11.38270449	 0.03894776 -0.01777883 -0.57373935  0.60876018 -0.18759814  0.01846145  0.00153153 -0.11468805 -0.27101600  0.79777724 -0.40994093  0.07417563	
0.00399200	0.78455389	0.00189833	 -14.12684917   70.27230072 -873.43621826   16.90028000  -91.28729248   -3.72169900	 -28.01013947   -0.47770107 -165.91210938   -7.87032080   29.39875603    2.17752790	 131.20378384   88.07469151 -908.54041600   18.53166359 -121.21359331   -5.06285107	 -45.85837306   -6.96896349 -179.26614011   -7.27634390   20.42610220    2.63297417	36.49844504	0	0.00000000	0.00000000	0.00000000	-0.29131287 -0.23236113 -0.04037045	-0.01827604 -0.04957114  0.30168350	  28.28287505  107.44400369   -8.84253364 -136.27903221 -104.16299133   39.02645135   -6.91825668  -16.46099890    6.68347334   34.12722445   10.56452781  -11.96915959	 0.03894776 -0.01707320 -0.57462907  0.60876781 -0.18759814  0.01846145  0.00144513 -0.11387504 -0.26838523  0.80058444 -0.41032442  0.07341631	
0.00400400	0.78888881	0.00190932	 -18.09324646   69.37760925 -846.85064697   17.24525070  -88.13659668   -3.82307911	 -29.76650620   -5.51998329 -171.18083191   -8.12868404   29.97980499    2.14866829	 123.19104504   85.33334989 -879.54797318   19.01284993 -117.02042337   -4.87513916	 -49.36275404   -9.11836700 -185.97208131   -7.46761537   21.73288306    2.50420714	36.52261306	0	0.00000000	0.00000000	0.00000000	-0.29250119 -0.23249073 -0.03880558	-0.03173710 -0.06906346  0.28635250	  27.94730195  106.47839660   -8.36992837 -134.58478149 -102.76383525   40.00728280   -6.58194935  -16.95771626    4.85609008   32.11981112   11.84998663  -12.43205449	 0.03894009 -0.01620650 -0.57546508  0.60876781 -0.18759814  0.01846145  0.00133518 -0.11306970 -0.26593852  0.80342996 -0.41094568  0.07274903	
0.00398400	0.79322481	0.00194944	 -21.67646217   69.64925385 -822.95416260   17.76682472  -85.02088928   -4.03599453	 -28.36525345   -6.76746893 -170.63998413   -7.86591816   29.32504272    1.80273807	 114.30032075   83.73979486 -852.99398625   19.60649560 -113.03509024   -4.91984071	 -48.91976696  -11.47511221 -187.28076483   -7.34257807   22.03776269    2.29261864	36.68090573	0	0.00000000	0.00000000	0.00000000	-0.29419910 -0.23225017 -0.03738737	-0.03721221 -0.08170317  0.25204384	  27.23810317  105.08142240   -8.35964099 -132.40581960 -101.31304975   40.27522919   -6.10949328  -17.12564056    3.13934412   30.27408643   13.54802204  -13.12160101	 0.03892475 -0.01524777 -0.57628578  0.60876018 -0.18759814  0.01846145  0.00117810 -0.11227970 -0.26369125  0.80629849 -0.41177404  0.07222747	
0.00400000	0.79761428	0.00196692	 -27.67858315   69.13819122 -796.20227051   18.47596550  -81.97134399   -4.71590090	 -28.08035851   -5.74366331 -159.51028442   -7.28950214   27.68547821    1.61717486	 106.25878588   83.47472264 -829.21545773   20.11067014 -109.59114975   -5.23520194	 -48.39976525  -11.65115685 -182.68844440   -7.03578496   21.45909224    2.08606531	36.62423877	0	0.00000000	0.00000000	0.00000000	-0.29605234 -0.23124351 -0.03563657	-0.04066805 -0.09072171  0.24578229	  26.38367538  103.27452782   -8.43375681 -130.72507909 -100.06336176   40.76157918   -5.55563048  -17.66436084    1.67417899   27.84271346   15.19978428  -13.71115427	 0.03892475 -0.01422000 -0.57708347  0.60874480 -0.18759814  0.01846145  0.00097389 -0.11152038 -0.26165873  0.80900598 -0.41278648  0.07171359	
0.00398800	0.80201650	0.00200816	 -26.73619080   68.51288605 -776.68652344   19.00646973  -80.01309204   -5.33094692	 -26.36569023   -7.69622564 -150.06448364   -6.97848749   25.91246605    1.46219957	 100.71126934   83.32817337 -806.12754117   20.79034103 -106.50170932   -5.75777663	 -46.19904539  -12.23865292 -174.58277832   -6.58474903   20.26031110    1.88020563	36.69957734	0	0.00000000	0.00000000	0.00000000	-0.29788735 -0.23228795 -0.03684400	-0.04593942 -0.08994147  0.21780368	  26.03732722  101.06289145   -8.44273873 -128.50481365  -98.57345747   40.67093512   -5.07763734  -17.88469912    0.62286988   25.54161556   17.20401175  -14.20892148	 0.03892475 -0.01325359 -0.57785046  0.60871410 -0.18759814  0.01846145  0.00075398 -0.11078407 -0.25986397  0.81188220 -0.41395229  0.07126106	
0.00400000	0.80647129	0.00200757	 -27.30442238   66.33233643 -757.59448242   19.54001999  -78.13036346   -5.57713079	 -22.63985825  -11.07189655 -135.68493652   -6.73189354   23.72277451    0.97457784	  98.09214474   81.93958841 -785.41177734   21.50508150 -103.62101350   -6.03810554	 -43.20573905  -14.35526724 -162.39131960   -6.07050698   18.71452858    1.63921597	36.72432664	0	0.00000000	0.00000000	0.00000000	-0.29935832 -0.23433312 -0.03907359	-0.06931678 -0.10472443  0.18576322	  25.05859295   98.94653811   -8.70697835 -126.32920804  -97.22056146   40.61585846   -4.64382269  -18.46162260   -0.20374279   22.64644297   19.19954590  -14.73463738	 0.03892475 -0.01223349 -0.57860208  0.60867578 -0.18760581  0.01846145  0.00053407 -0.11007844 -0.25832230  0.81474304 -0.41521016  0.07083154	
0.00398400	0.81091648	0.00204920	 -29.36511993   63.01551437 -748.21099854   20.07684135  -76.79355621   -5.76382113	 -22.62669182  -11.35213947 -125.25186157   -6.11274433   21.87290955    0.80005878	  95.63079171   80.41557893 -771.23810329   22.07900744 -101.58624990   -6.15768505	 -41.43480334  -14.65884011 -151.81972368   -5.60400094   17.30006200    1.40762332	36.77250027	0	0.00000000	0.00000000	0.00000000	-0.30001713 -0.23738910 -0.04240789	-0.06817115 -0.11573341  0.17471172	  24.31278636   97.04425219   -9.18248058 -124.24059307  -95.80758684   39.98646694   -4.08116359  -18.23388800   -0.71514270   19.95252731   20.79793659  -15.20042306	 0.03892475 -0.01123641 -0.57935375  0.60861444 -0.18762115  0.01846145  0.00029845 -0.10939582 -0.25704142  0.81752723 -0.41649872  0.07037135	
0.00400000	0.81541687	0.00205579	 -32.29500961   59.11594772 -747.59295654   20.65066338  -76.75236511   -6.06326103	 -19.59510994  -11.79691219 -119.61012268   -5.74115849   20.46267700    0.81649590	  93.17658994   77.91316457 -764.44047267   22.89557163 -100.62602922   -6.24877100	 -38.56233399  -14.31270385 -143.63000381   -5.17863058   15.96172238    1.24598479	36.68194227	0	0.00000000	0.00000000	0.00000000	-0.30014364 -0.24146887 -0.04820960	-0.06737980 -0.12598482  0.16972047	  23.95233444   95.25635101   -9.51822347 -121.92677242  -94.37626484   39.82908912   -3.36236732  -18.65007287   -0.84590746   16.81386245   22.50772581  -15.46465583	 0.03892475 -0.01027000 -0.58011305  0.60853004 -0.18765183  0.01846145  0.00002356 -0.10875922 -0.25598300  0.82024235 -0.41778725  0.06988815	
0.00400000	0.81992453	0.00208976	 -33.29790115   57.98410034 -749.66888428   21.50602341  -77.28752136   -6.41407204	 -16.92571640  -10.03503132 -111.36601257   -5.39104795   19.04999542    0.74632037	  92.59197652   75.54325147 -765.28408807   23.88036628 -100.75436251   -6.39088603	 -34.43873429  -13.86848589 -135.02625892   -4.80963707   14.87422714    1.23545590	36.52763140	0	0.00000000	0.00000000	0.00000000	-0.30050643 -0.24481361 -0.05403120	-0.05720962 -0.13091247  0.16763415	  24.00463917   93.72923729  -10.51185565 -119.45263421  -93.01385845   39.04569524   -2.42224593  -18.38842291   -1.22123913   13.67105683   23.53790522  -15.63571503	 0.03892475 -0.00932660 -0.58088773  0.60843033 -0.18767484  0.01846145 -0.00032201 -0.10820698 -0.25513929  0.82287312 -0.41903743  0.06935893	
0.00399200	0.82446551	0.00211488	 -34.47012711   52.21929932 -758.63049316   22.20655823  -78.31804657   -6.30169153	 -17.48890686  -12.57187366 -107.58038330   -5.24249363   18.00199318    1.30432236	  93.61304964   73.50494276 -768.28673906   24.86444290 -101.50386492   -6.31468946	 -31.77265018  -15.96802651 -129.90243157   -4.42899870   13.95462754    1.54172046	36.33794656	0	0.00000000	0.00000000	0.00000000	-0.30120405 -0.24741469 -0.05950460	-0.05006650 -0.13180554  0.15509405	  24.21673285   92.13832763  -10.97791893 -116.65571683  -91.51793929   38.65679348   -1.08302461  -18.65558426   -1.03933952   10.35985117   24.38334791  -15.51649107	 0.03893242 -0.00842155 -0.58163172  0.60836130 -0.18768251  0.01846145 -0.00076969 -0.10767009 -0.25445667  0.82544255 -0.42021093  0.06876068	
0.00398400	0.82902998	0.00218107	 -35.11077881   48.72965240 -765.68798828   22.80713844  -79.48491669   -6.44351530	 -15.87780666  -13.09376144 -111.18626404   -5.10159492   18.06598282    1.41068316	  95.02185336   68.77089633 -777.06045328   26.09711461 -102.85769346   -6.07211878	 -30.48182604  -16.70120553 -129.07568353   -4.15621941   13.50284038    1.81380196	36.30976379	0	0.00000000	0.00000000	0.00000000	-0.30358792 -0.24735353 -0.06507504	-0.05445103 -0.14682185  0.10693001	  24.24021556   90.40164305  -12.17246697 -114.11428134  -90.53329521   37.89849814    0.58845932  -18.56255599   -0.91777484    7.17796666   25.09131185  -15.33471873	 0.03895544 -0.00752417 -0.58246005  0.60832298 -0.18768251  0.01843845 -0.00136659 -0.10717154 -0.25391978  0.82795060 -0.42127705  0.06810873	
0.00400800	0.83368134	0.00224894	 -36.13550186   43.10833359 -771.96539307   23.55335808  -80.37670135   -6.65297937	 -12.27040100  -11.85557461 -113.35845184   -5.15192270   18.45790100    1.13230360	  97.39349925   64.72543080 -784.53743848   27.30613855 -104.08182996   -5.95826040	 -29.19904689  -16.70315986 -131.19107104   -4.12046916   13.65517167    1.77775835	36.09687851	0	0.00000000	0.00000000	0.00000000	-0.30652042 -0.24552408 -0.06907755	-0.05674741 -0.12890349  0.05858103	  23.54744928   88.79358548  -13.81057268 -112.11754417  -89.73293815   37.28205111    2.79256139  -18.64550480   -0.79455563    3.58449342   25.39980869  -15.18014760	 0.03897844 -0.00664981 -0.58336508  0.60831529 -0.18768251  0.01841544 -0.00213628 -0.10673436 -0.25349027  0.83038199 -0.42215911  0.06738776	
0.00398800	0.83839709	0.00232401	 -32.64041519   37.61049652 -781.74359131   23.93654251  -81.12292480   -5.88775206	 -13.25282669  -12.46600151 -119.85007477   -5.48785114   19.98733330    0.66788059	 100.36846093   60.19537612 -790.25317237   28.14899808 -104.90202934   -5.50826937	 -29.98939739  -15.72004840 -134.50511268   -4.32680583   14.33640717    1.42282213	36.13009557	0	0.00000000	0.00000000	0.00000000	-0.31072968 -0.24128040 -0.07078147	-0.05205114 -0.13799558  0.03223061	  22.63967128   86.90440364  -15.74996888 -110.15196216  -88.85935911   36.19253855    4.79308775  -18.69361284   -0.66611065    0.05880447   25.50288300  -14.74618205	 0.03900912 -0.00574476 -0.58435452  0.60832298 -0.18768251  0.01836942 -0.00301593 -0.10634319 -0.25315279  0.83270597 -0.42297211  0.06661310	
0.00399600	0.84320062	0.00238946	 -29.95815086   29.11988258 -786.17279053   24.23382950  -82.21546936   -5.24746418	 -15.27130699  -11.91070652 -125.24247742   -5.93129110   21.55662155    0.24960464	 104.91802834   54.17703376 -796.69066802   28.89696906 -105.87037521   -4.53126724	 -32.04947488  -16.17424949 -140.68924915   -4.69358307   15.47777249    0.97952918	36.04454590	0	0.00000000	0.00000000	0.00000000	-0.31330120 -0.23956493 -0.07512072	-0.02537867 -0.11711874  0.01479896	  22.09109471   85.00390403  -17.24505740 -108.04757862  -87.96355398   35.42840760    6.52677547  -19.05392395   -0.37432230   -3.47378336   25.53057808  -14.44446606	 0.03900145 -0.00483971 -0.58546668  0.60832298 -0.18768251  0.01831573 -0.00389557 -0.10598271 -0.25289202  0.83490723 -0.42367005  0.06580009	
0.00399200	0.84807473	0.00242621	 -29.47450256   26.47445488 -799.09503174   24.87897873  -83.92183685   -5.22910643	 -18.46095848  -13.43519783 -136.29776001   -6.35063362   23.54698181   -0.21189855	 111.05438820   49.45240732 -806.16940150   29.73314824 -107.40257538   -3.93209513	 -34.98935700  -17.52422254 -148.25954235   -5.10034573   16.90669413    0.60361608	36.11160956	0	0.00000000	0.00000000	0.00000000	-0.31672249 -0.23734900 -0.07901094	 0.01121231 -0.10927541 -0.00498739	  21.93070291   82.49551785  -18.71466661 -106.34908887  -86.91266429   33.96935261    7.70271286  -19.23362484   -0.29811694   -6.31934413   26.05339145  -14.13518542	 0.03896311 -0.00396534 -0.58673221  0.60833830 -0.18768251  0.01824670 -0.00465741 -0.10566057 -0.25270027  0.83693975 -0.42429134  0.06494873	
0.00399600	0.85299188	0.00245101	 -23.54039001   26.56385422 -806.46752930   25.70027733  -85.65673828   -5.55550623	 -17.97397614  -10.92173290 -149.62638855   -6.84913063   25.52107811   -0.70664388	 116.23836934   48.30964404 -814.93056642   30.69585924 -109.01645585   -3.87333754	 -37.80001717  -18.58308612 -158.67467419   -5.60660339   18.30985367    0.24169415	36.16554860	0	0.00000000	0.00000000	0.00000000	-0.32113572 -0.23492723 -0.08270424	 0.01068626 -0.12022367 -0.01392867	  22.03859085   79.96135776  -20.03307898 -104.49110810  -85.96994351   32.60184454    8.59233234  -19.29059453   -0.29706214   -8.70054305   26.59499049  -13.95441005	 0.03892475 -0.00316767 -0.58813578  0.60835361 -0.18768251  0.01814699 -0.00534071 -0.10539213 -0.25257754  0.83873451 -0.42485124  0.06410504	
0.00399200	0.85793436	0.00247606	 -20.67629623   23.30592537 -814.08795166   26.31175995  -86.73280334   -5.56111956	 -16.51946640  -17.46599770 -161.58755493   -7.56786013   26.96224594   -1.05867136	 122.80299371   47.68328153 -821.91436993   31.53573019 -110.26601830   -3.87447692	 -39.44612806  -20.88351425 -169.77402135   -6.03143787   19.56809288   -0.09102381	36.32029444	0	0.00000000	0.00000000	0.00000000	-0.32777496 -0.23189780 -0.08445988	 0.01566491 -0.09330442 -0.02847798	  21.99717473   77.42481982  -21.17944066 -102.39586118  -85.18395381   31.04838422    9.17183906  -18.90648661    0.00373456  -11.06203896   27.33960020  -13.89510393	 0.03891708 -0.00246971 -0.58966208  0.60836899 -0.18768251  0.01800893 -0.00587478 -0.10519271 -0.25249317  0.84027612 -0.42537278  0.06328437	
0.00399600	0.86290693	0.00247922	 -17.18678665   18.17429733 -820.75067139   26.62131119  -87.93419647   -5.37191057	 -14.88163662  -21.41473770 -176.96733093   -8.38081551   28.82127762   -1.66529894	 130.12226543   44.46479992 -828.12425163   32.36252429 -111.51865050   -3.53856275	 -39.26593909  -25.21799389 -184.10920891   -6.60098080   21.12943408   -0.53070362	36.57686217	0	0.00000000	0.00000000	0.00000000	-0.33538395 -0.23008357 -0.08579893	 0.00598915 -0.08209016 -0.05465691	  22.07947567   75.10558080  -22.42980217 -100.58675883  -84.36609814   29.79993527    9.37042631  -18.09289809    0.32086082  -13.65124583   28.54160235  -13.99949001	 0.03894009 -0.00184845 -0.59133410  0.60839200 -0.18767484  0.01780184 -0.00625177 -0.10505465 -0.25246251  0.84156471 -0.42586365  0.06254038	
0.00400400	0.86788744	0.00247972	 -15.22470760   10.46749496 -820.03271484   26.61870956  -88.27003479   -4.79422188	 -12.46786976  -24.96750259 -188.22988892   -9.24200726   30.85573769   -2.36699176	 135.91170368   39.81141502 -830.82532048   32.86282605 -112.24698384   -2.98639195	 -39.50430809  -29.24318160 -196.38029231   -7.21503525   22.61051255   -1.04074899	36.84559996	0	0.00000000	0.00000000	0.00000000	-0.34381042 -0.22934149 -0.08676907	 0.00317256 -0.08935716 -0.05764886	 21.66817887  73.02242609 -23.45075295 -98.78054468 -84.03030108  28.35530003   9.37136903 -17.39495731   0.73492028 -16.26788265  29.61066726 -14.06784399	 0.03896311 -0.00129621 -0.59312886  0.60841501 -0.18767484  0.01753340 -0.00648739 -0.10493194 -0.25246251  0.84260011 -0.42632386  0.06188844	
0.00398000	0.87285519	0.00250340	 -14.64632702    5.93492413 -815.48468018   26.45757866  -87.83027649   -4.46254826	 -12.65957737  -27.95487785 -201.05284119   -9.84159184   32.23341370   -2.98879552	 139.50682065   34.45625414 -828.73975399   33.09661104 -112.23093514   -2.30826907	 -40.40798068  -32.96830717 -206.12865399   -7.76132850   23.98154708   -1.52488792	37.12801454	0	0.00000000	0.00000000	0.00000000	-0.35200483 -0.22879358 -0.08599923	 0.01509928 -0.06461832 -0.05867499	 21.85538032  70.88792088 -23.96919652 -97.23900133 -83.83243487  27.18022927   9.13822325 -16.73790468   1.13660488 -18.98400974  30.81120628 -14.19999561	 0.03897077 -0.00076699 -0.59502333  0.60844570 -0.18766718  0.01721893 -0.00659734 -0.10479388 -0.25250086  0.84339011 -0.42676872  0.06139757	
0.00399600	0.87785810	0.00253415	 -14.31996822    3.60380101 -806.89727783   26.38058281  -87.17662048   -4.43169451	 -14.96406555  -32.18413925 -209.27059937  -10.53258705   33.67362976   -3.69615126	 140.80739297   30.40549884 -821.04619859   33.11703123 -111.41254480   -1.86973218	 -43.15468610  -37.68205701 -219.72327081   -8.33311572   25.28745661   -2.21414734	37.37638427	0	0.00000000	0.00000000	0.00000000	-0.36007669 -0.22718476 -0.08388099	 0.01897010 -0.06172382 -0.05534290	 21.76608335  68.63053141 -24.65363851 -96.14682742 -84.03873615  26.22128801   8.87189545 -16.09260759   1.73973562 -21.82644700  32.22870873 -14.38316298	 0.03897077 -0.00023777 -0.59703285  0.60847634 -0.18766718  0.01688913 -0.00658949 -0.10463281 -0.25254688  0.84393471 -0.42719054  0.06106776	
0.00400800	0.88290191	0.00256210	 -12.40499210    2.59315324 -783.21044922   25.95924377  -84.88301086   -4.41252851	 -12.32375526  -38.89133072 -230.91825867  -11.93666458   36.78628922   -4.97676611	 140.88603792   28.45536106 -806.38725835   32.87869089 -109.62787893   -1.70968585	 -44.41327827  -42.85012486 -234.47741491   -9.08855770   27.07318264   -2.95307857	37.56600246	0	0.00000000	0.00000000	0.00000000	-0.36835187 -0.22443584 -0.08100742	 0.02511180 -0.04735233 -0.05471212	 21.93010936  65.97601872 -25.15784835 -94.69787770 -84.35608819  25.16211151   8.29513771 -15.64426267   2.29059922 -24.45444745  33.97689509 -14.76739195	 0.03897077  0.00030680 -0.59912676  0.60849935 -0.18766718  0.01654398 -0.00650310 -0.10446407 -0.25258523  0.84418011 -0.42759705  0.06091436	
0.00398400	0.88796341	0.00260123	  -9.83578110    3.25782871 -766.62274170   25.60563469  -83.28297424   -4.27609730	 -11.59869671  -42.93976212 -237.99212646  -12.52729797   38.15702820   -5.71738815	 141.17891097   28.00053898 -788.14458038   32.31803688 -107.16140015   -1.61688372	 -45.25065380  -48.86796142 -247.60176941   -9.76307767   28.79150576   -3.71844376	37.85300948	0	0.00000000	0.00000000	0.00000000	-0.37819126 -0.21928704 -0.07787235	 0.03545250 -0.03064506 -0.08809294	 22.12057137  63.02522566 -25.40577705 -93.82886878 -84.63913242  24.16650315   7.96008732 -15.21624143   2.97106244 -27.66837770  35.42747285 -14.94844568	 0.03898611  0.00089738 -0.60131270  0.60851473 -0.18766718  0.01615281 -0.00637743 -0.10429534 -0.25261590  0.84409577 -0.42802656  0.06090669	
0.00399600	0.89307511	0.00263912	 -12.43871498    0.62975693 -741.72015381   24.91289330  -80.45813751   -4.32464552	  -8.42762184  -49.71197510 -257.79150391  -13.54602814   40.80001068   -6.94720840	 138.78297624   25.83168247 -766.20152932   31.66363761 -104.22327703   -1.52296336	 -44.84965264  -54.72087416 -263.23780638  -10.41385275   30.68421906   -4.54481235	38.10580961	0	0.00000000	0.00000000	0.00000000	-0.38876489 -0.21525636 -0.07474656	 0.04935660 -0.00623550 -0.11323842	 21.75390319  59.68425940 -26.15346018 -92.71450679 -84.87237240  23.27104737   7.63516841 -14.81483950   3.30636664 -31.03929790  36.95313600 -15.21330449	 0.03900145  0.00149563 -0.60356760  0.60852236 -0.18766718  0.01569262 -0.00623606 -0.10411125 -0.25264660  0.84364325 -0.42847142  0.06107543	
0.00400000	0.89823109	0.00268135	 -14.14341640    0.28052396 -718.62432861   24.28845787  -77.83396149   -4.10139561	  -6.66744089  -56.14137268 -274.97180176  -14.46973419   42.73321533   -8.27894974	 134.73644457   23.89586964 -746.32885629   30.97750369 -101.50692621   -1.40867785	 -43.83524284  -61.22056869 -278.61718984  -10.94315326   32.33075167   -5.47144868	38.33112493	0	0.00000000	0.00000000	0.00000000	-0.39951642 -0.21294654 -0.07226318	 0.05448467  0.00948055 -0.12039566	 21.58644804  56.26013881 -26.38531135 -91.17405073 -84.92198666  22.41831769   7.36090679 -14.39187257   3.92667715 -34.81094950  37.99433747 -16.00324341	 0.03902446  0.00208621 -0.60590696  0.60852236 -0.18766718  0.01517874 -0.00609469 -0.10388116 -0.25268492  0.84283787 -0.42893162  0.06137456	
0.00398400	0.90342516	0.00272769	 -16.21947289   -0.65072757 -686.67120361   23.34403229  -74.32393646   -4.06223536	   2.71080375  -64.02582550 -294.41622925  -15.15025902   44.48653793   -9.30369854	 129.61063061   22.65991116 -720.21888433   30.06894960  -98.04613513   -1.23575453	 -41.64061273  -68.30388243 -294.81274339  -11.37049517   33.94057302   -6.40574361	38.50714710	0	0.00000000	0.00000000	0.00000000	-0.40922730 -0.21237433 -0.07056301	 0.04975589  0.01974650 -0.12572413	 21.67451602  52.65410028 -26.37606925 -89.45999305 -84.68040624  21.92510838   7.04140712 -14.09879413   4.35310221 -38.72069686  39.25363817 -16.26015682	 0.03903213  0.00267680 -0.60829997  0.60853004 -0.18766718  0.01461116 -0.00594546 -0.10357436 -0.25277698  0.84167206 -0.42943016  0.06181174	
0.00400400	0.90868181	0.00275646	 -11.52403069   -0.01128918 -655.13629150   22.37426758  -70.69664001   -4.02928209	  29.67629051  -64.16566467 -320.92477417  -15.44461727   46.21611023   -8.84082985	 126.08829194   21.25781404 -687.46412538   28.73856332  -93.36095332   -1.25749344	 -29.49501248  -73.14440546 -321.70198801  -11.70218977   36.15039549   -6.74134408	38.66879672	0	0.00000000	0.00000000	0.00000000	-0.41767682 -0.21215601 -0.06971542	 0.04365143  0.02300292 -0.12333605	 21.82021994  49.38210114 -25.98686059 -87.23587002 -84.39337292  21.62725917   6.62624592 -13.75092313   4.81242615 -42.55348777  40.43712650 -16.88590484	 0.03904747  0.00324437 -0.61072361  0.60853004 -0.18766718  0.01398223 -0.00578053 -0.10316019 -0.25295338  0.84016877 -0.42996705  0.06241766	
0.00399200	0.91396379	0.00276133	  -7.50813293   -3.17932868 -611.78662109   21.00535583  -66.81072998   -3.34853601	  64.65560150  -49.18622971 -357.77291870  -14.85385704   48.31683731   -7.11385441	 123.69071509   20.03563153 -653.08884434   27.33596935  -88.67117146   -1.02697117	  -5.99336208  -69.29996159 -353.64652461  -11.89193656   39.01009895   -6.22583847	38.63790508	0	0.00000000	0.00000000	0.00000000	-0.42532328 -0.21111586 -0.06734365	 0.04365143  0.02300292 -0.12333605	 21.84462216  46.13252672 -25.37960881 -84.60718691 -83.96075509  21.42373817   6.09500298 -13.69596543   5.42995088 -46.46977941  41.82151787 -17.21158921	 0.03905514  0.00375825 -0.61312431  0.60853773 -0.18766718  0.01326893 -0.00557633 -0.10257728 -0.25325251  0.83828962 -0.43054998  0.06309262	
0.00399600	0.91925341	0.00274316	  -4.44410229   -0.70048749 -575.36022949   19.67211533  -63.43983841   -2.82972455	  87.45651245  -37.14946365 -392.12902832  -14.10033321   50.90517807   -5.07732010	 120.88291597   18.45278983 -616.67325281   25.71345581  -83.95641426   -0.60027333	  18.34979998  -56.82190479 -391.70796306  -11.98893709   42.11929607   -5.11763145	38.46097708	0	0.00000000	0.00000000	0.00000000	-0.42971708 -0.21197704 -0.06728906	 0.05609488  0.03397541 -0.11382570	 21.63258784  42.74478633 -24.79677089 -81.92729891 -83.20160728  20.95891420   5.53945128 -13.74099653   5.98289813 -50.84972397  43.04048069 -17.81950475	 0.03905514  0.00425680 -0.61540228  0.60854536 -0.18766718  0.01254796 -0.00534856 -0.10180262 -0.25370502  0.83608836 -0.43113288  0.06391329	
0.00398800	0.92451841	0.00272521	  -5.33585358   -1.49786901 -543.99456787   18.75986481  -59.77087784   -2.49986243	 108.37216187  -27.82477188 -435.81677246  -14.04998016   54.42055130   -4.08881617	 115.45343876   17.98089618 -579.36496858   24.03932194  -78.88172090   -0.28891699	  39.68836881  -47.45377356 -435.65433039  -12.08529777   45.84455708   -3.66997781	38.29188055	0	0.00000000	0.00000000	0.00000000	-0.43273600 -0.21292863 -0.06742242	 0.07535607  0.03109437 -0.09143992	 21.32244917  39.14155340 -24.04622270 -78.31016072 -81.95409939  20.26744071   5.06185060 -14.20540827   6.52116037 -55.84615132  44.55056791 -18.44153520	 0.03904747  0.00466330 -0.61753452  0.60855305 -0.18771319  0.01183466 -0.00511294 -0.10080553 -0.25428793  0.83376443 -0.43171579  0.06474165	
0.00399600	0.92976785	0.00268978	  -5.38508224   -2.32754493 -519.44366455   17.79150963  -56.81494904   -2.43427348	 115.07078552  -30.02177048 -470.20068359  -14.71608829   58.68668747   -4.21338320	 110.26296228   16.14463019 -551.49539526   22.87026882  -74.94011200   -0.10240120	  52.01561811  -43.50661386 -474.26488939  -12.48040836   49.25982267   -3.19817524	37.87558330	0	0.00000000	0.00000000	0.00000000	-0.43438280 -0.21244024 -0.06680441	 0.07535607  0.03109437 -0.09143992	 20.96658832  34.99267576 -22.85151682 -74.49537530 -80.17798767  19.28655053   4.47743632 -14.50759882   7.00744699 -61.83791543  46.53867373 -19.01393114	 0.03903980  0.00502379 -0.61945969  0.60856843 -0.18782057  0.01119039 -0.00486161 -0.09963203 -0.25498590  0.83101094 -0.43228337  0.06555466	
0.00399600	0.93497795	0.00265715	 -10.01309013   -4.50413465 -504.19921875   17.14813232  -54.79055786   -2.37438965	 115.21386719  -42.51310349 -503.11657715  -15.74416447   63.10742950   -4.76227522	 105.98237146   13.27900629 -529.58206259   21.92325649  -71.83992076    0.03552830	  55.19300138  -46.74930614 -506.17543720  -12.82210462   52.71377138   -3.12808195	37.57765503	0	0.00000000	0.00000000	0.00000000	-0.43347687 -0.21254685 -0.06641270	 0.06139713  0.01992109 -0.06767196	 20.11662421  31.19988290 -21.84669562 -70.15655255 -78.01511645  18.01322490   3.78930949 -15.01406162   7.21028759 -68.53247776  48.55786031 -19.55876632	 0.03906281  0.00532291 -0.62122375  0.60859144 -0.18803532  0.01055379 -0.00457102 -0.09831281 -0.25580660  0.82795060 -0.43286628  0.06631397	
0.00399600	0.94015175	0.00263023	 -15.86735439   -6.91025972 -495.23406982   16.93531227  -53.43836975   -2.63983846	 102.92243958  -50.88135147 -539.83636475  -16.65098572   67.60485077   -5.80735970	  98.32662365   10.28984592 -515.11465118   21.39797970  -69.74216004    0.02670969	  48.55945996  -56.65812322 -543.67111280  -13.21854959   56.06344989   -3.58323585	37.24241720	0	0.00000000	0.00000000	0.00000000	-0.43219460 -0.21292861 -0.06521572	 0.02813132  0.00774173 -0.04072432	 19.70729044  27.76395826 -20.42139912 -65.91951274 -75.43736607  16.86623684   3.08315855 -15.63015547   7.34520976 -74.64191870  50.44284162 -19.94264240	 0.03910883  0.00560670 -0.62286508  0.60861444 -0.18841115  0.00997087 -0.00426471 -0.09691688 -0.25668862  0.82448381 -0.43349522  0.06706563	
0.00398400	0.94528902	0.00261148	 -23.47213173  -11.77071857 -488.52307129   16.61812592  -52.56285858   -2.58416176	  98.65226746  -61.30899429 -576.03540039  -17.18769264   71.87629700   -5.98782063	  90.88420329    7.20005026 -508.05000553   21.24268295  -68.75698822    0.00556844	  39.80087156  -66.97029441 -578.13392830  -13.29854872   58.71684048   -3.85752081	36.76378452	0	0.00000000	0.00000000	0.00000000	-0.43141233 -0.21304047 -0.06243058	 0.02813132  0.00774173 -0.04072432	 19.05212627  24.45266746 -18.62060769 -60.90325569 -72.42044829  15.63512720   2.32022319 -16.37553814   6.50467674 -80.10463122  52.56807059 -20.64320267	 0.03923155  0.00592116 -0.62446046  0.60863745 -0.18895571  0.00941864 -0.00392699 -0.09559766 -0.25753230  0.82058752 -0.43419316  0.06783262	
0.00400000	0.95041430	0.00263620	 -30.30603409  -17.22693825 -482.52755737   16.11875343  -51.42195892   -1.98405230	 105.76712036  -61.94136810 -618.99572754  -17.06026459   74.42559814   -5.65100574	  82.95604208    1.04564015 -503.18618517   21.06031892  -67.95576644    0.53124013	  40.31472044  -70.36286294 -619.32113829  -13.32863139   61.32015018   -3.76647611	36.31118494	0	0.00000000	0.00000000	0.00000000	-0.43094555 -0.21327289 -0.05953451	 0.02813132  0.00774173 -0.04072432	 17.45177268  21.12949638 -16.13400905 -55.58970512 -69.24577582  14.22475207   1.65770018 -17.46244785   5.33485814 -85.29116194  54.39711968 -21.66562722	 0.03947699  0.00628165 -0.62593305  0.60867578 -0.18963833  0.00885107 -0.00358927 -0.09421708 -0.25840667  0.81629235 -0.43501386  0.06863029	
0.00400000	0.95556706	0.00263407	 -37.50472260  -26.29500008 -467.77975464   14.90619659  -49.37573242   -0.46548226	 128.06216431  -56.37156296 -663.16265869  -16.57083893   76.70676422   -4.62289524	  75.77423101   -6.11997204 -493.65019171   20.30266273  -66.53347661    1.69914059	  53.63678640  -68.72322513 -664.19065155  -13.15572076   63.70146611   -3.18275506	35.87200453	0	0.00000000	0.00000000	0.00000000	-0.43224749 -0.21304208 -0.05628946	-0.01425188  0.01382832 -0.06033160	 15.30886029  18.43613113 -13.44852668 -50.20672339 -66.17542882  13.37832900   1.23228934 -18.83312674   3.13777006 -89.32285417  56.14953055 -22.84540368	 0.03985281  0.00671116 -0.62755144  0.60872948 -0.19043601  0.00826816 -0.00328296 -0.09290553 -0.25921968  0.81162906 -0.43592656  0.06945863	
0.00400400	0.96071970	0.00266878	 -43.28598785  -37.59509659 -447.72195435   13.34692478  -46.71010971    1.01330042	 136.26771545  -51.12597656 -709.29370117  -15.74528885   77.67852783   -3.46740341	  67.95084849  -16.76429593 -482.28208410   19.41403338  -64.78212669    3.18894039	  67.46761136  -64.06681711 -705.04252186  -12.78296493   65.02567650   -2.38674735	35.51021449	0	0.00000000	0.00000000	0.00000000	-0.43590474 -0.21201793 -0.05140765	-0.03195170  0.01189981 -0.06968946	 12.67633562  15.72124573 -10.57829664 -44.59622178 -63.17692830  12.42109290   0.90089083 -20.05251508   0.94383976 -93.17607291  57.84561875 -24.01275244	 0.04032835  0.00724806 -0.62920809  0.60881382 -0.19137940  0.00768524 -0.00303949 -0.09170135 -0.25994834  0.80665129 -0.43687764  0.07027165	
0.00397600	0.96589535	0.00268040	 -41.03860092  -39.07468796 -408.42581177   11.67776489  -42.40234375    1.78140974	 119.50591278  -56.53033829 -791.30773926  -15.78946018   76.32781982   -2.00377679	  61.20660616  -24.90292830 -455.50747223   17.77627067  -60.95505943    4.50029564	  66.79516873  -62.49979173 -762.16358710  -12.35659418   63.58825859   -1.29846417	35.20288513	0	0.00000000	0.00000000	0.00000000	-0.43706155 -0.21169345 -0.04526044	-0.03372100  0.00489714 -0.06249825	 10.22755836  13.08884357  -7.75276587 -38.94791101 -59.84987560  11.82169577   0.67296844 -21.65880499  -1.81457137 -96.53183069  59.25041249 -25.20625862	 0.04083456  0.00786932 -0.63088018  0.60889822 -0.19246086  0.00711000 -0.00283529 -0.09061990 -0.26063862  0.80133605 -0.43793610  0.07097728	
0.00400400	0.97109944	0.00268611	 -39.70008469  -33.48478699 -371.05081177   10.85786629  -38.18906021    0.98297060	  71.20650482  -66.21287537 -903.60577393  -15.64972115   71.52236938   -2.30372000	  54.33809533  -24.94352169 -418.72174235   16.08769809  -55.51273848    4.40712465	  35.31399794  -69.96263125 -854.64419829  -11.68184511   56.16243569   -0.28198240	34.91242725	0	0.00000000	0.00000000	0.00000000	-0.43735407 -0.20951733 -0.04006241	 0.00447385 -0.02889227 -0.06606657	  8.63175571  10.30527049  -4.78683034 -33.90699328 -56.48536124  10.66589791   0.49319051 -23.13356895  -4.19508463 -99.80410087  60.50645525 -26.24958384	 0.04131776  0.00855194 -0.63252920  0.60901326 -0.19368805  0.00659612 -0.00267821 -0.08966883 -0.26132891  0.79563731 -0.43906355  0.07159854	
0.00398400	0.97629881	0.00269618	 -34.52881622  -23.46876335 -314.71401978    9.86689758  -33.52332687    0.18328218	   12.90687656   -79.51978302 -1099.22924805   -15.15950108    60.37513733    -3.36610913	  48.09655331  -20.02299708 -376.76368669   14.66867237  -49.93546886    3.43351127	 -11.59889575  -78.88182134 -985.86205907  -10.80265922   42.43187734   -0.27314419	34.53462701	0	0.00000000	0.00000000	0.00000000	-0.43979008 -0.20291651 -0.03009803	 0.00447385 -0.02889227 -0.06606657	   6.84109656    7.42563762   -2.29714424  -28.72664598  -53.13094818    9.36420982    0.32751096  -24.61879461   -6.87325004 -103.07112420   61.99051047  -27.30935287	 0.04178563  0.00930359 -0.63410920  0.60915130 -0.19497658  0.00614359 -0.00255254 -0.08887883 -0.26205754  0.78962409 -0.44022173  0.07212776	
0.00400000	0.98151821	0.00273857	 -27.49230576  -16.20054626 -267.58953857    8.68494701  -28.61624146    0.05178187	  -35.80262756   -88.42523193 -1376.53576660   -14.81185913    40.20554733    -5.08021069	  42.70952784  -13.41714497 -328.20252249   12.89956424  -43.73995177    2.57239457	  -65.14828033   -89.25052357 -1185.48517240    -9.73163123    20.11227554    -1.05332166	34.20132072	0	0.00000000	0.00000000	0.00000000	-0.44183937 -0.20037802 -0.02206958	-0.01970132 -0.04672153 -0.09240455	   5.46044515    4.86066564    0.35687674  -23.15008881  -49.22188103    8.32676555    0.16438392  -25.82864667   -8.89556800 -105.84376371   63.26194232  -28.06201799	 0.04225349  0.01012427 -0.63556647  0.60932773 -0.19649523  0.00572942 -0.00244259 -0.08818087 -0.26284754  0.78371060 -0.44139522  0.07258029	
0.00400400	0.98678696	0.00278044	 -24.51161194  -13.04898930 -209.95007324    7.21924973  -23.35472298   -0.37251270	  -81.39214325  -113.71188354 -1515.47985840   -14.73350048    16.82637215    -6.98987818	  34.15036819   -7.48739847 -272.73873206   10.88060675  -36.31598045    1.73900204	 -124.94818421  -109.22456952 -1415.47382941    -8.20688230   -13.11376392    -2.21862257	33.78676945	0	0.00000000	0.00000000	0.00000000	-0.44420372 -0.19940636 -0.00988564	-0.06754036 -0.03051896 -0.08000303	   3.19900957    2.01593226    2.78075747  -16.90881868  -44.28846026    7.15177741    0.07744040  -27.69028163  -11.16739893 -108.35813790   64.19691226  -29.28910073	 0.04274436  0.01102165 -0.63684732  0.60950410 -0.19817494  0.00536126 -0.00235619 -0.08751359 -0.26361454  0.77841073 -0.44242299  0.07295611	
0.00398000	0.99208891	0.00283379	 -22.57392502   -8.03407764 -151.44558716    5.18727255  -16.61566544    0.21004504	  -80.80670166  -135.45947266 -1481.12536621   -14.26735973    -1.67467415    -5.84764194	  23.96300601   -5.17834179 -219.52648246    8.78919172  -29.05907295    1.26956960	 -145.78686917  -130.07818299 -1494.64711945    -6.35038251   -37.19876816    -2.25386429	33.81967591	0	0.00000000	0.00000000	0.00000000	-0.44811175 -0.20056715  0.01568035	-0.06754036 -0.03051896 -0.08000303	   1.89793469   -0.52601598    4.82824418  -11.48243817  -39.13497704    5.91352851    0.11368656  -29.28986594  -13.80327708 -110.92651527   64.40787706  -30.41437759	 0.04326592  0.01196505 -0.63792109  0.60965753 -0.20006174  0.00504680 -0.00230907 -0.08683863 -0.26419747  0.77426130 -0.44311327  0.07330893	
0.00400000	0.99746132	0.00290132	-23.86757278  -9.10075092 -96.26379395   2.93678617 -10.01432896   1.37273145	  -70.98994446  -159.51416016 -1364.18298340   -14.30551815   -14.80978489    -4.03200960	  13.98284851   -5.16178259 -165.31550850    6.04406479  -21.16929443    1.65217875	 -138.70793306  -151.02380769 -1455.58200524    -4.60505425   -52.27224441    -0.76294189	33.76132746	0	0.00000000	0.00000000	0.00000000	-0.44638764 -0.20686928  0.04477399	-0.19494032  0.01921850 -0.02925178	   0.62011394   -2.91903228    6.39204121   -5.99628097  -33.47330147    4.45839057    0.22344574  -31.54294507  -16.46669946 -114.73161930   63.58749727  -31.68661504	 0.04377213  0.01293913 -0.63873410  0.60975724 -0.20214795  0.00480136 -0.00230122 -0.08608698 -0.26456562  0.77157682 -0.44328201  0.07365407	
0.00398800	0.00290206	0.00300649	-27.85728645 -19.28812027 -63.65908813   0.71791291  -4.58134604   1.04236865	  -69.38288116  -155.25193787 -1175.36206055   -13.31680107   -21.62502861    -2.89590979	  -0.70481688  -11.03633442 -115.72376022    3.38993797  -13.20386179    2.13101112	 -127.49122987  -162.77737598 -1316.42279790    -3.17739662   -59.92861894     1.41685719	34.45299259	0	0.00000000	0.00000000	0.00000000	-0.43690004 -0.21332496  0.07010268	-0.24597214 -0.00444793  0.08399203	   0.62971342   -5.11768263    7.16574901   -0.78169891  -27.42244788    2.74118646    0.33002416  -33.70308005  -19.86994419 -120.34408270   62.28370096  -32.42043347	 0.04424000  0.01412029 -0.63919431  0.60977256 -0.20447959  0.00462495 -0.00231692 -0.08530466 -0.26474202  0.77024227 -0.44272977  0.07398388	
0.00400000	0.00846638	0.00314180	-28.00361824 -22.46624565 -36.98975372  -0.44863608  -1.28412342  -0.10516895	 -66.06288910 -120.60557556 -909.95288086   -9.82723141  -18.72548866   -2.01128054	-11.16326221 -17.53443524 -83.36117748   1.94899727  -7.97109351   1.41357844	 -117.81481020  -148.01727515 -1112.01881181    -2.13114474   -57.13896183     1.99675963	35.10673830	0	0.00000000	0.00000000	0.00000000	-0.42036753 -0.21430511  0.09401649	-0.24597214 -0.00444793  0.08399203	   2.22486742   -7.40013181    7.03647459    5.01870318  -20.48559705    1.45434771    0.40632550  -36.81843907  -23.68776234 -127.24174932   58.37512053  -33.37139389	 0.04470019  0.01540116 -0.63927871  0.60971886 -0.20705669  0.00454825 -0.00234049 -0.08453766 -0.26479572  0.76982045 -0.44141823  0.07427534	
0.00399600	0.01417885	0.00328760	-23.03473663 -21.88139915 -28.88692093  -0.96764338  -0.73355240  -0.69482207	 -64.00917816  -97.80289459 -742.10205078   -7.67590618  -14.03719044   -1.86138582	-14.02899383 -20.25234170 -66.76187391   1.11397503  -4.84287456   0.42458625	-106.10225055 -119.47021709 -887.21258768   -1.27020199  -47.44873728    1.69052443	36.50088063	0	0.00000000	0.00000000	0.00000000	-0.40317970 -0.21511925  0.11757920	-0.24597214 -0.00444793  0.08399203	   2.14428552   -8.73379633    5.57160694   11.72623471  -13.06739219   -0.11046758    0.41052776  -40.04834571  -27.64225647 -135.64246055   54.18746962  -34.16203915	 0.04516805  0.01672806 -0.63897955  0.60960382 -0.20985620  0.00455592 -0.00234834 -0.08383970 -0.26482639  0.76976675 -0.43936267  0.07443640	
0.00398400	0.02004670	0.00341987	-18.21703720  -8.78489590 -28.97696495  -0.11919441  -0.69064552  -0.60948056	 -55.73010635  -83.31388092 -616.34197998   -6.54143906   -7.17891741   -2.28522921	-11.19433581 -16.26660486 -58.04708624   0.88417815  -3.67560661   0.08271249	 -93.94635611  -99.05620814 -722.00708549   -0.85751529  -36.74509579    1.00948475	38.78178853	0	0.00000000	0.00000000	0.00000000	-0.38741438 -0.21353843  0.13180318	-0.22011409 -0.17252856  0.14972615	   1.99230524  -10.98489390    3.55118120   18.56355926   -5.12148101   -1.64846481    0.38449182  -43.22674107  -31.30421171 -144.70807145   48.36164727  -34.74063467	 0.04565126  0.01793223 -0.63842732  0.60955781 -0.21277076  0.00470165 -0.00234834 -0.08322611 -0.26491076  0.76965934 -0.43667823  0.07434437	
0.00400000	0.02607045	0.00354493	-24.09151268   5.40832710 -29.40860558   0.66023308   0.87948978  -0.29872635	 -45.50346375  -87.25646210 -590.75433350   -7.28483725   -1.43304896   -3.37758327	-12.48035529  -5.29203733 -58.27980076   0.63816504  -2.82998208  -0.05554657	 -82.93456472  -92.66134635 -643.51242969   -0.92322538  -28.55126964    0.31778575	39.44844323	0	0.00000000	0.00000000	0.00000000	-0.37920841 -0.19863203  0.12314683	-0.10873650 -0.16327968  0.11885213	   2.57882643  -13.41628769    1.54389223   24.86330494    1.42899835   -3.81585634    0.37424238  -47.08154870  -35.07749813 -154.89551581   41.42399891  -35.69908249	 0.04612679  0.01905971 -0.63773704  0.60966522 -0.21569300  0.00485505 -0.00234834 -0.08275825 -0.26512551  0.76916850 -0.43347988  0.07393786	
0.00399200	0.03222874	0.00365732	-30.21836281  13.01884556 -20.18671036   1.24935722   1.19648111   0.27666476	 -33.69120026  -99.82604980 -614.75671387   -8.50164318    3.35718679   -4.84055567	-18.53633218   6.86323603 -54.26302793   0.54246390  -2.11139006  -0.35507628	 -73.14696694  -96.26700225 -624.12880363   -1.34992763  -22.03691702   -0.72673390	39.60851946	0	0.00000000	0.00000000	0.00000000	-0.37590339 -0.18117091  0.10056939	 0.00555736 -0.24669933  0.14158525	   1.89747688  -14.72390885   -1.18231071   31.27604611    7.44477671   -5.00318545    0.38712263  -50.48489688  -37.66185526 -164.86955138   32.05060995  -37.29068067	 0.04651796  0.01992641 -0.63696235  0.60997969 -0.21853852  0.00494709 -0.00235619 -0.08255883 -0.26551667  0.76803333 -0.42990568  0.07326291	
0.00400000	0.03851640	0.00376398	-29.99171257  11.93115044 -13.14664459   1.07118738   1.53877783  -0.66016477	 -14.80853939 -119.64625549 -705.42999268  -10.11925411    6.84798002   -7.01477003	-23.88241956  11.16428029 -47.42867659   0.54507349  -1.68492506  -0.60234397	 -60.39801753 -112.60624498 -671.82657306   -1.79763512  -17.72985715   -2.18492910	38.09066023	0	0.00000000	0.00000000	0.00000000	-0.37500085 -0.16441440  0.08198334	 0.06331876 -0.30368157  0.08245777	   3.28320202  -15.27987160   -3.77399773   35.78293295   12.11847016   -5.64957867    0.40966375  -51.95712340  -40.46689670 -172.27847893   22.25811068  -38.15532670	 0.04683242  0.02034058 -0.63615704  0.61047822 -0.22126134  0.00490107 -0.00236405 -0.08260485 -0.26615328  0.76616186 -0.42607841  0.07238087	
0.00399600	0.04492038	0.00387744	-31.55485916   3.21294785 -10.37452888   0.28281939   1.84481394  -1.16799617	  18.88883591 -134.87307739 -855.42370605  -11.67771912    8.76848888   -7.37224960	-27.18215032   6.00104562 -43.37313278   0.56016630  -1.20770890  -0.70291085	 -42.36526464 -130.94337376 -773.65965010   -2.15234830  -16.29032039   -2.94490985	38.46418751	0	0.00000000	0.00000000	0.00000000	-0.37586129 -0.14881325  0.06620391	 0.06331876 -0.30368157  0.08245777	   3.44699873  -13.87090786   -6.37548173   39.43313315   16.79444250   -5.43544203    0.43774145  -50.70785333  -42.75644680 -178.75555362   10.90287625  -39.93124200	 0.04704718  0.02038660 -0.63532871  0.61116081 -0.22382309  0.00466330 -0.00237190 -0.08284262 -0.26701999  0.76351577 -0.42214376  0.07136077	
0.00398800	0.05144602	0.00392922	-26.70597649 -10.16783524  -8.23287773  -0.32835901   1.31599033  -0.95299834	   53.69981003  -144.82513428 -1008.48144531   -12.70530319     9.79622173    -6.53880596	-25.67514252  -4.31316104 -42.75551041   0.53866465  -1.06903302  -0.64582719	 -15.51536999 -145.41054608 -910.55163535   -2.64062508  -16.50719151   -2.49641715	38.25229836	0	0.00000000	0.00000000	0.00000000	-0.37752481 -0.14183356  0.06240015	-0.00223152 -0.29660266  0.03428922	   4.80983253  -12.98612813   -7.10496490   42.56386382   20.90899908   -5.01487624    0.46876487  -49.66212356  -44.47079437 -182.74339740    1.27028040  -41.06323207	 0.04719291  0.02007213 -0.63460773  0.61200452 -0.22613940  0.00429515 -0.00238761 -0.08308038 -0.26810142  0.76031744 -0.41820911  0.07030232	
0.00399200	0.05803142	0.00401012	-29.40263367  -8.47671700  -4.88817072  -0.01332477   1.41408682  -0.68374592	   82.16940308  -153.57182312 -1159.15637207   -13.93715858     9.74315739    -5.90792799	-24.38438161  -8.97549624 -37.62287822   0.53634459  -1.07139094  -0.49719198	   13.58322695  -159.30984177 -1074.68694068    -3.03820227   -18.07068746    -1.48748193	38.70385761	0	0.00000000	0.00000000	0.00000000	-0.37872985 -0.14098608  0.05843479	-0.04248426 -0.27641503  0.08960240	   5.68535620  -10.13491480   -7.76115475   43.30095491   23.32287006   -4.90313332    0.47575510  -47.48708421  -46.56407729 -187.79222352   -9.34492770  -43.38248237	 0.04727728  0.01951990 -0.63394809  0.61313200 -0.22817193  0.00389631 -0.00238761 -0.08312640 -0.26927492  0.75692731 -0.41440481  0.06923621	
0.00400400	0.06471341	0.00412337	-33.68839645   0.84729028  -2.15179753   0.40549654   1.91959488  -0.44854376	   91.25817871  -164.51683044 -1269.57202148   -14.85080147     8.09508801    -5.89049196	-27.09660949  -4.86382820 -34.87590791   0.59272320  -0.92962420  -0.58222259	   28.28192004  -171.51442144 -1204.51463819    -3.33428863   -21.23367423    -0.83812012	39.44449720	0	0.00000000	0.00000000	0.00000000	-0.37616449 -0.14514924  0.05784168	-0.04248426 -0.27641503  0.08960240	   7.90547694   -8.92562565   -6.67046450   43.97573509   24.77492514   -4.46657887    0.45572745  -46.77941017  -49.63684465 -191.03719103  -17.50123443  -44.92152577	 0.04734631  0.01886796 -0.63341123  0.61449724 -0.22986697  0.00346680 -0.00238761 -0.08287329 -0.27041775  0.75385171 -0.41103774  0.06820077	
0.00399600	0.07151682	0.00429265	-40.22116852   2.33843970  -2.82443571   0.60279197   2.52225494  -0.64770675	   82.44308472  -186.56445312 -1277.85510254   -16.23095512     6.35515022    -6.41283035	-33.41044331  -0.95295505 -35.82904317   0.56329073  -0.45843424  -0.58324343	   30.48015982  -189.24589394 -1280.88458106    -3.24248905   -24.71875402    -0.43256741	40.54160681	0	0.00000000	0.00000000	0.00000000	-0.37251725 -0.13414729  0.06358175	-0.03590603 -0.26936408  0.09096933	   8.35314476   -6.94747286   -4.83634959   44.57938562   26.43140413   -3.71436154    0.54911119  -47.61927207  -53.10422198 -195.80504940  -25.53505518  -47.48347134	 0.04749971  0.01824670 -0.63303536  0.61607724 -0.23130892  0.00301427 -0.00241117 -0.08235174 -0.27143785  0.75138199 -0.40776268  0.06726504	
0.00398400	0.07850170	0.00441973	-30.45485497   0.02628725   5.12591839   0.24330205   1.40065598  -0.55375439	   67.79724121  -194.75944519 -1206.40063477   -16.91995049     4.95317602    -7.53059864	-33.72408852  -1.23614185 -31.55773307   0.48134846  -0.66003694  -0.41058467	   23.48433841  -203.13917611 -1263.58145349    -3.38519879   -26.38728998    -0.75053374	41.31711378	0	0.00000000	0.00000000	0.00000000	-0.36759584 -0.12171404  0.07584918	-0.02729556 -0.19516067  0.07626894	   8.20995928   -6.64652201   -3.21799692   44.71110812   27.32460175   -3.16228175    0.77141786  -49.28338513  -58.16350603 -201.10032651  -31.96193038  -50.13092531	 0.04776048  0.01773281 -0.63278997  0.61781830 -0.23244406  0.00246971 -0.00245830 -0.08154640 -0.27229688  0.74954885 -0.40488648  0.06645970	
0.00399600	0.08563449	0.00460526	-33.13106155 -11.75871658  -4.97997808  -0.50685078   2.21754074  -0.47317871	   59.92924881  -187.96057129 -1090.73559570   -16.69153404     0.94008970    -7.73241138	-32.34844368  -7.58404284 -31.50051496   0.46961394  -0.63427568  -0.21003450	   16.57721301  -204.77019206 -1187.35078315    -3.58343090   -27.22612896    -1.33766870	42.53745275	0	0.00000000	0.00000000	0.00000000	-0.36534931 -0.11060735  0.09599975	-0.02729556 -0.19516067  0.07626894	   5.99310450   -6.53730325   -1.33668249   44.30306004   27.68973569   -2.09342639    0.94149591  -52.35021594  -64.25674406 -208.15131081  -37.56887178  -52.56995939	 0.04812097  0.01738000 -0.63264424  0.61967444 -0.23324940  0.00190981 -0.00252113 -0.08051097 -0.27297181  0.74822199 -0.40247813  0.06581543	
0.00399600	0.09297349	0.00478032	-31.23496628 -12.15631580 -12.96077728  -0.30321088   1.73949480  -0.86212045	  60.61912537 -165.05183411 -985.11090088  -15.26517200   -5.24576235   -6.61651945	-28.81494989 -12.19809105 -39.02779320   0.52454020  -0.70855240  -0.26731058	   16.33706589  -192.92104628 -1086.70408726    -3.65325945   -29.02780423    -1.39358926	42.72786672	0	0.00000000	0.00000000	0.00000000	-0.36163596 -0.09637468  0.11213931	-0.02458285 -0.14775454  0.07088203	   3.65679954   -6.90977800    0.41427400   45.04645223   27.87878493   -1.31586508    1.13022693  -55.91664917  -71.10636322 -213.99801973  -40.88798164  -54.48205602	 0.04850446  0.01720359 -0.63256752  0.62165326 -0.23378630  0.00138825 -0.00259181 -0.07932213 -0.27354705  0.74719423 -0.40058365  0.06524786	
0.00400400	0.10051149	0.00496785	-26.66293526  -3.66769409 -11.44891071   0.20545095   1.29830635  -0.70129842	  58.53919983 -136.78063965 -910.35668945  -13.81508446  -10.95650005   -4.63870668	-23.68531218  -8.10355058 -40.73540886   0.57327900  -1.00380258  -0.45392239	  19.61357175 -167.94390363 -993.88882229   -3.90068758  -32.34418202   -0.74617880	42.67175457	0	0.00000000	0.00000000	0.00000000	-0.36004716 -0.08176486  0.12267959	 0.00889902 -0.15936633  0.06423874	   1.47331028   -6.81692327    2.68853321   45.59858331   27.79424304   -0.54331428    1.27175570  -59.92297408  -77.53704729 -218.44205926  -42.84708955  -56.71341758	 0.04892631  0.01717291 -0.63254452  0.62388521 -0.23400106  0.00092039 -0.00267035 -0.07811795 -0.27417600  0.74617410 -0.39920309  0.06465728	
0.00399600	0.10825348	0.00507385	-28.81299591   4.60623837  -9.31243992   0.83888215   2.03471899  -0.43018535	  64.85465240 -113.11833954 -832.70074463  -12.57010746  -18.30986595   -1.91858613	-23.87252184  -1.89133416 -41.63980146   0.55951943  -0.96719327  -0.62231789	  22.16224860 -142.37168756 -919.16643833   -4.17443495  -35.44613797    0.55244261	42.38083391	0	0.00000000	0.00000000	0.00000000	-0.36275818 -0.07003115  0.12371248	 0.02021430 -0.17614562  0.06406375	  -0.50978445   -7.62107560    3.81152385   46.80532086   27.05664560   -0.01713381    1.45911247  -62.98757319  -83.45345987 -222.96208538  -42.97650709  -57.97780298	 0.04936349  0.01717291 -0.63258284  0.62636256 -0.23392434  0.00053689 -0.00274889 -0.07704417 -0.27497366  0.74493927 -0.39831337  0.06385194	
0.00398800	0.11610882	0.00523086	-30.35204697   8.08999062 -11.26914597   0.77865648   2.01741958  -0.43070954	  52.85050583  -99.54372406 -810.20507812  -12.16255283  -28.92859459   -0.17645197	-27.25727300   4.54357598 -42.44510377   0.48294431  -0.82069136  -0.56126243	  25.13306727 -120.26528816 -864.01018283   -4.59329728  -42.72571265    2.05790448	41.72731738	0	0.00000000	0.00000000	0.00000000	-0.36342903 -0.06377674  0.12583298	 0.06254835 -0.17385394  0.05856123	  -2.10903258   -7.16176999    6.06937719   48.08325486   25.65307837    0.21151649    1.56682985  -65.27117223  -87.74918397 -226.72627527  -44.91401373  -59.22069960	 0.04980068  0.01718058 -0.63264424  0.62910843 -0.23353319  0.00019175 -0.00282743 -0.07622349 -0.27604747  0.74331325 -0.39769211  0.06269378	
0.00399200	0.12414090	0.00531458	-32.69937897   3.85747790 -14.84271145   0.63617635   2.06055140  -0.59087145	  48.56488800  -99.21864319 -823.87213135  -13.36344528  -40.60924911    0.42178944	-28.32795926   4.15666098 -41.79823729   0.46302594  -0.88092577  -0.54030103	  27.17474361 -112.16046896 -842.17044541   -5.25396886  -53.90224187    3.68109761	42.49752591	0	0.00000000	0.00000000	0.00000000	-0.36394077 -0.05831962  0.12506171	 0.04131962 -0.18076736  0.10480513	  -2.89502336   -6.39082177    7.08936111   49.51711214   24.20075410    0.65969975    1.71880424  -66.88622055  -91.95039324 -229.54273911  -45.22296926  -59.98089581	 0.05019184  0.01711922 -0.63269025  0.63206130 -0.23292726 -0.00013806 -0.00289812 -0.07571728 -0.27735901  0.74135745 -0.39730093  0.06112145	
0.00399600	0.13226824	0.00545053	-32.92340088  -1.64360726 -10.14796066   0.17651796   1.95375443  -1.20781147	  43.79387283 -102.74018097 -851.38684082  -15.82874680  -54.09174728    2.53096962	-28.60467466  -0.13647022 -43.13534903   0.52546716  -0.91752506  -0.78648136	  22.66775075 -113.99380494 -856.35142788   -6.58520514  -66.50303388    5.27838758	42.93096725	0	0.00000000	0.00000000	0.00000000	-0.36611648 -0.05144688  0.12026284	 0.04131962 -0.18076736  0.10480513	  -2.28597793   -4.07459209   10.24662021   50.03548141   22.03901871    0.78435688    1.91841320  -66.97842204  -94.94134537 -230.78969010  -47.77935772  -60.80757888	 0.05046029  0.01692748 -0.63269794  0.63522130 -0.23210658 -0.00042951 -0.00298451 -0.07552553 -0.27882397  0.73908710 -0.39700180  0.05917330	
0.00399600	0.14054668	0.00554219	-32.70666122   0.21067882 -10.58985424   0.19947910   1.66005027  -1.19283962	  39.07661057 -112.14492798 -906.73596191  -18.45298958  -66.95250702    3.78951907	-28.51968441  -1.48866265 -40.68967865   0.61262581  -0.97680543  -1.03669109	  20.24814784 -122.10026344 -891.66805036   -8.22029602  -80.37749576    7.06481922	43.32749398	0	0.00000000	0.00000000	0.00000000	-0.37083999 -0.04346443  0.12094624	-0.00827190 -0.11571369  0.11057958	  -2.22517465   -1.84607222   12.24495149   51.58921406   20.51246678    1.15249211    2.21144536  -67.18802527  -96.25263646 -231.40904817  -49.64496991  -60.91396358	 0.05063669  0.01666670 -0.63270557  0.63856536 -0.23112483 -0.00062126 -0.00308661 -0.07554087 -0.28028890  0.73666346 -0.39668736  0.05694902	
0.00400000	0.14892922	0.00565785	-32.59030914   6.68817806  -7.73061895   0.71817648   1.62474763  -0.86789572	  34.83778381 -101.54559326 -962.58184814  -20.81234741  -77.88336945    5.80763721	-28.43071874   1.26714980 -39.50708763   0.59067841  -1.09059355  -1.11374563	  19.44840304 -123.05157755 -945.96592449  -10.74219464  -95.10442887    9.69849050	43.42023434	0	0.00000000	0.00000000	0.00000000	-0.37566686 -0.03361555  0.11990260	-0.01355009 -0.07661524  0.04393741	  -1.38869484    0.84199136   15.00803027   52.56730785   19.29699719    1.33556369    2.64164714  -66.82918240  -97.26004545 -231.59996544  -52.30550477  -60.34195864	 0.05073640  0.01634456 -0.63270557  0.64214724 -0.22999737 -0.00068262 -0.00322799 -0.07564825 -0.28164649  0.73426276 -0.39628085  0.05465572	
0.00398800	0.15743363	0.00573552	-39.48168945   8.60745335  -6.01398182   0.76660228   2.27858496  -0.42507073	   29.02150536   -88.93266296 -1013.05377197   -22.74841690   -86.10951233     6.27565432	-32.86098316   4.76467284 -38.38168632   0.48157949  -1.04064600  -0.82876691	  16.85996003 -117.30775813 -997.02065298  -13.35888669 -106.74684782   11.26306440	43.85303382	0	0.00000000	0.00000000	0.00000000	-0.37817756 -0.02401405  0.11665014	-0.01355009 -0.07661524  0.04393741	  -1.44831198    2.79398433   17.14367513   54.34844486   19.17000194    1.65301720    3.18294320  -67.17457048  -97.43277419 -230.20750820  -54.15617568  -59.80028027	 0.05077475  0.01593039 -0.63270557  0.64591318 -0.22873950 -0.00067495 -0.00341648 -0.07567893 -0.28281999  0.73209220 -0.39573628  0.05240844	
0.00398800	0.16602437	0.00582315	-44.73558807   5.54259491  -4.01434326   0.72930634   2.65031648  -0.24554239	   21.24636269   -78.71755219 -1030.97106934   -24.31994247   -90.32817841     6.34259415	-38.75290643   6.62587003 -38.87765322   0.40837964  -0.92044451  -0.60842231	   11.72093192  -111.21704429 -1032.29712119   -15.68877129  -115.16737051    11.77103070	43.75913532	0	0.00000000	0.00000000	0.00000000	-0.38030820 -0.01372608  0.11634456	 0.00904202 -0.03807439  0.00926354	  -1.01046823    5.63999156   19.52532948   54.40957241   18.74489923    2.05583264    3.93248769  -67.71928835  -97.80641928 -228.17477327  -55.29673276  -59.06946029	 0.05072873  0.01546252 -0.63273627  0.64983249 -0.22739726 -0.00059825 -0.00366781 -0.07566359 -0.28373268  0.73043549 -0.39495397  0.05036058	
0.00400000	0.17471917	0.00589499	-40.08769608   2.40048385  -7.12351751   0.41567519   2.39764166  -0.37659937	    5.44170141   -70.97834778 -1025.65124512   -25.95730019   -89.64692688     6.90021992	-39.52750466   2.53634285 -39.14462008   0.41664695  -0.89827700  -0.56467686	    0.14640339  -102.40734324 -1045.86469034   -18.20031190  -119.36126216    12.09033718	43.76562263	0	0.00000000	0.00000000	0.00000000	-0.37867250 -0.00216028  0.11594035	 0.02616373 -0.03413858 -0.02041481	  -1.30029261    6.84257884   20.87367619   54.03178769   19.19461431    1.62396010    4.85289600  -68.53907584  -98.82246838 -225.83769064  -57.40922705  -59.13289337	 0.05059835  0.01500233 -0.63277459  0.65382081 -0.22597066 -0.00048320 -0.00398982 -0.07565591 -0.28440765  0.72936934 -0.39397988  0.04851213	
0.00398800	0.18348716	0.00599110	-33.23163605   2.32711840  -9.24168396   0.40417695   1.67891574  -0.81041902	  -7.57781839  -78.37522125 -965.44525146  -27.40116310  -83.35572052    8.22059917	-33.97453669   1.59995374 -39.26534227   0.44958578  -0.99810809  -0.81153658	  -14.16873757  -103.08838252 -1023.28394539   -19.82149660  -117.32375702    13.04052834	43.85604361	0	0.00000000	0.00000000	0.00000000	-0.37246662  0.01319318  0.11652447	 0.02616373 -0.03413858 -0.02041481	  -2.22577485    7.82567228   22.80046400   53.07345564   19.07906374    1.46911435    5.93489919  -68.91780827 -100.39570666 -223.19827809  -59.00048371  -60.14403494	 0.05042961  0.01457281 -0.63280529  0.65792423 -0.22446737 -0.00033748 -0.00439037 -0.07565591 -0.28491387  0.72883248 -0.39282939  0.04690145	
0.00399200	0.19236419	0.00607672	-33.98084641   4.62721062 -12.75391006   0.47945958   1.98531497  -0.89912701	 -17.62383080  -89.01235962 -893.66210938  -28.09700394  -75.76079559   10.55809212	-31.00735664   1.97733813 -40.76230589   0.45010994  -1.12715672  -0.99184634	 -23.32427334 -107.91631461 -967.23023970  -20.70745265 -110.46668222   14.81450016	43.59651073	0	0.00000000	0.00000000	0.00000000	-0.36541110  0.02073352  0.11645988	 0.01584735 -0.04897279 -0.05074536	  -3.12078488    8.10732113   24.23692093   52.54352328   19.24792459    1.07867276    7.67797235  -68.86194569 -102.06404846 -222.25267187  -60.49709111  -60.98635982	 0.05027621  0.01418932 -0.63281298  0.66218102 -0.22287202 -0.00020709 -0.00494801 -0.07567126 -0.28540474  0.72867906 -0.39155617  0.04557456	
0.00401200	0.20134747	0.00617689	-30.77479553   9.03005600 -13.35706997   0.79144883   1.76722562  -0.66584533	 -24.74566078  -94.17385101 -833.81536865  -27.97213745  -69.37845612   11.08479977	-30.57549576   4.80006058 -42.65442568   0.49156952  -1.04764063  -0.92500250	 -32.10824594 -115.19618793 -898.96013792  -20.82377743 -101.89457633   16.51242119	43.30267723	0	0.00000000	0.00000000	0.00000000	-0.35581324  0.02818428  0.11439832	 0.01759786 -0.08579101 -0.09663638	  -4.71085097    8.32928465   26.43738909   52.28057938   19.21354895    0.77330048    9.93897587  -69.12012162 -103.96407851 -221.32752512  -61.59471433  -62.66975979	 0.05013048  0.01385951 -0.63275927  0.66662955 -0.22115396 -0.00009204 -0.00570199 -0.07572494 -0.28600299  0.72867143 -0.39024463  0.04456213	
0.00398800	0.21042876	0.00629161	-29.90083694   7.42089128 -11.17818737   0.63422966   1.44394290  -0.47912374	 -27.62999153  -82.65350342 -791.40783691  -26.74383545  -65.80381775    9.08052444	-27.51310732   6.45323650 -40.91314794   0.39586231  -1.10409403  -0.74711080	 -37.76033033 -115.17140218 -845.98084777  -20.48848600  -95.45192801   16.06135990	43.02250678	0	0.00000000	0.00000000	0.00000000	-0.34293022  0.03321855  0.11218420	 0.02266868 -0.10057954 -0.11034220	  -6.67538489    8.14677891   28.55188457   51.89103903   19.37608389    0.17191646   12.25849159  -69.86715083 -104.95250346 -221.39275154  -63.18456353  -64.50252577	 0.04996941  0.01359874 -0.63255984  0.67130822 -0.21935153 -0.00001534 -0.00663661 -0.07581698 -0.28679299  0.72862536 -0.38897142  0.04368009	
0.00399200	0.21963978	0.00638983	-35.12673950   3.88881445 -10.72950745   0.52038509   2.02402186  -0.58160859	 -26.58062172  -62.38212967 -777.40295410  -25.27448845  -64.53233337    6.95063305	-29.35261949   4.58595761 -39.37883295   0.39601174  -1.05853772  -0.66040882	 -38.40253450 -100.23629446 -813.63191711  -20.48277388  -91.63154337   13.89595723	42.91669280	0	0.00000000	0.00000000	0.00000000	-0.33357582  0.03775480  0.10946134	 0.03778097 -0.08661592 -0.14760547	  -8.15144016    8.60191909   30.95359654   51.51646077   19.25166112   -0.37147026   14.43058901  -70.43169539 -106.21015312 -222.01452733  -64.47211513  -66.35888269	 0.04976233  0.01338398 -0.63219172  0.67626297 -0.21741872  0.00001534 -0.00763407 -0.07593970 -0.28789747  0.72843361 -0.38779026  0.04290543	
0.00398400	0.22895551	0.00650842	-34.52319336   3.57175684 -10.28101540   0.43731675   1.95725536  -0.72399157	 -21.86385918  -47.83055878 -782.59326172  -24.76021194  -65.61307526    5.13724375	-30.01320581   2.38046561 -39.09589843   0.37370924  -0.84037373  -0.74787120	 -35.98674406  -82.77661189 -803.34627407  -20.79054086  -90.55008583   11.30513630	42.71911556	0	0.00000000	0.00000000	0.00000000	-0.32758791  0.04272929  0.10546258	 0.04038212 -0.06761345 -0.17287231	  -9.38753210    8.58018730   32.75375138   50.79036254   18.93149711   -1.28238932   16.27749179  -70.86397064 -106.73035862 -223.49472616  -66.25437101  -67.67784627	 0.04946320  0.01319990 -0.63161647  0.68144011 -0.21540920  0.00001534 -0.00861582 -0.07610077 -0.28929338  0.72812682 -0.38672414  0.04207708	
0.00400800	0.23841637	0.00661365	-33.88103867   5.72570181 -10.86830425   0.58005947   1.87416947  -0.70060134	 -12.64605141  -43.69254303 -811.32159424  -25.82603645  -69.11284637    4.36901903	-31.47648234   2.71243944 -38.65528276   0.38840796  -1.03546441  -0.84479599	 -29.78189317  -74.22788691 -814.06246170  -21.61784485  -92.19328724    9.82129600	43.25319360	0	0.00000000	0.00000000	0.00000000	-0.32577179  0.04918509  0.09993903	 0.04038212 -0.06761345 -0.17287231	 -10.16366847    9.35716702   34.92352174   49.64668078   18.32589009   -2.17287568   17.65036765  -71.02458996 -106.84910216 -224.14790850  -67.70879211  -68.70078587	 0.04908738  0.01301582 -0.63077277  0.68676305 -0.21328464  0.00000000 -0.00950332 -0.07631553 -0.29100376  0.72765899 -0.38576540  0.04108767	
0.00400000	0.24798976	0.00673890	-32.63656235  10.52918625 -11.12880611   0.89900273   1.90973353  -0.71437067	  -4.04410982  -50.96266556 -842.75152588  -28.03189850  -73.42316437    4.63043547	-31.46191080   6.25699572 -40.20569851   0.37157846  -1.04226456  -0.90365099	 -20.88960018  -74.80847170 -839.64852863  -23.13744255  -95.73952355    9.47565842	43.71045259	0	0.00000000	0.00000000	0.00000000	-0.32736544  0.05318813  0.09539053	 0.04696524 -0.03088644 -0.18470573	 -10.24379298    9.71493842   36.18305207   48.32413873   17.36418071   -3.26306178   18.72832526  -71.26738676 -106.42231931 -224.79909538  -69.35358394  -68.75216105	 0.04863485  0.01283175 -0.62967598  0.69220871 -0.21108338 -0.00008437 -0.01026515 -0.07658397 -0.29288289  0.72716045 -0.38492939  0.03989883	
0.00398400	0.25769347	0.00682476	-30.94347572   9.34270287 -10.59537029   0.83339787   1.61159718  -0.73956591	   4.99612379  -56.47354507 -870.84808350  -30.36964226  -77.14826202    5.39495707	-30.62072732   6.77652436 -40.87163291   0.43272223  -1.17948861  -0.94077424	 -10.29613804  -80.99320729 -871.11987415  -25.22860603 -100.07180344   10.17421749	45.00167285	0	0.00000000	0.00000000	0.00000000	-0.32841222  0.05618056  0.08963299	 0.03698328 -0.01541693 -0.16849756	 -10.06706210   11.17275555   37.26965743   47.02755326   16.23855478   -3.87206337   19.36724734  -71.30744212 -105.85116156 -224.35867081  -70.54397369  -68.27951456	 0.04805961  0.01264000 -0.62844110  0.69737822 -0.20880543 -0.00023777 -0.01086991 -0.07692145 -0.29509181  0.72674626 -0.38417006  0.03854126	
0.00399600	0.26749924	0.00691314	-32.36465836   8.06980133 -12.60480595   0.76232213   1.72245586  -1.01463699	  11.06275463  -54.73978806 -889.14758301  -31.64253807  -79.26499939    5.55614758	-30.09843439   6.92976661 -40.17724609   0.43419852  -1.19898689  -1.10375334	  -1.02506816  -86.36852449 -895.58290282  -26.98381451 -103.38194662   10.97100617	45.85230563	0	0.00000000	0.00000000	0.00000000	-0.32718611  0.05949454  0.08159275	 0.03698328 -0.01541693 -0.16849756	  -9.35849542   12.21798497   37.81031088   45.81797017   15.04876069   -4.62769741   19.74596698  -70.76094967 -104.62588823 -223.90005607  -71.93176773  -67.05135662	 0.04741533  0.01245592 -0.62696850  0.70294654 -0.20643543 -0.00047553 -0.01131759 -0.07730494 -0.29742348  0.72656220 -0.38348743  0.03711466	
0.00400400	0.27740771	0.00695029	-40.38793182   3.77754068  -8.26473808   0.46138403   2.14542365  -0.89144927	  15.06565571  -49.75739670 -906.27215576  -32.77576447  -81.15977478    5.37695646	-34.19919793   4.09225807 -39.21560307   0.42966389  -1.24374099  -1.04224437	   6.21786055  -86.60112011 -914.82123884  -28.64009342 -105.71396182   11.17156985	47.18362148	0	0.00000000	0.00000000	0.00000000	-0.32336593  0.06684023  0.07712142	 0.03043347 -0.01556299 -0.20998328	  -8.91343811   13.37266409   38.04081721   44.39602600   13.89737195   -5.08133813   20.03444280  -69.90448662 -102.89153847 -222.31310643  -72.60613104  -66.14088571	 0.04670971  0.01230252 -0.62535781  0.70860696 -0.20403475 -0.00075932 -0.01164745 -0.07768077 -0.29981649  0.72659284 -0.38288152  0.03576475	
0.00398400	0.28734633	0.00693644	-47.69812393   6.34957933  -5.62922478   0.65713948   3.14977551  -0.50397277	  19.35047531  -41.82468414 -927.59759521  -33.46416855  -83.25666046    5.20808411	-40.63773024   3.33299603 -36.90377281   0.31697249  -0.96529601  -0.86906828	  11.44390917  -83.31873037 -933.61482217  -30.03477991 -107.86801585   11.10395705	47.45743985	0	0.00000000	0.00000000	0.00000000	-0.31842009  0.07506747  0.07436143	 0.03348219  0.00106689 -0.27314295	  -8.58028506   13.86834612   38.32880499   42.75010328   12.80393483   -5.91442759   20.34526404  -68.55269436 -100.97603570 -221.17065341  -73.96033109  -65.02604590	 0.04593505  0.01221048 -0.62364745  0.71426731 -0.20163406 -0.00108146 -0.01190663 -0.07802591 -0.30217880  0.72660822 -0.38225260  0.03455291	
0.00399600	0.29727626	0.00687424	-46.28039169   7.91468096  -7.64471483   0.72381216   2.92642045  -0.42778498	  17.06674004  -42.91054916 -945.41296387  -34.17081451  -84.84973907    4.82691240	-44.40657305   4.62964871 -36.90888961   0.30978473  -0.83618312  -0.69977194	  14.41481910  -81.16478145 -953.37407097  -31.19630288 -110.38348434   10.88194255	48.38653578	0	0.00000000	0.00000000	0.00000000	-0.31254887  0.08213403  0.07383335	 0.03348219  0.00106689 -0.27314295	  -8.38092669   14.20538931   38.75837026   41.05680616   11.66155983   -6.34843809   20.51746288  -66.85731999  -98.42546115 -219.51494449  -74.78142672  -64.24354189	 0.04511436  0.01219514 -0.62189102  0.71984333 -0.19927174 -0.00146495 -0.01210298 -0.07830970 -0.30444911  0.72660822 -0.38166967  0.03349447	
0.00400000	0.30713928	0.00676567	-31.40673447   5.92273474  -8.58599758   0.56304544   1.10000229  -0.56553268	  18.16043854  -42.64196777 -967.27282715  -35.51620102  -87.20565796    4.63787127	-37.41821378   5.84724936 -36.19932834   0.30267051  -1.35754523  -0.70002806	  15.76653424  -82.46789047 -973.02048363  -32.53644122 -112.93612550   10.71740332	48.85332121	0	0.00000000	0.00000000	0.00000000	-0.30672728  0.08560380  0.07199649	 0.01096564 -0.00202550 -0.30806299	  -7.83907667   13.24662555   39.53706766   39.00297368   10.78332344   -6.77444571   20.43110800  -64.90651585  -96.38109890 -218.54547215  -75.49242006  -63.41731227	 0.04423233  0.01227951 -0.62012696  0.72536570 -0.19712415 -0.00194816 -0.01220508 -0.07848611 -0.30651999  0.72660822 -0.38107142  0.03264311	
0.00398400	0.31687272	0.00663811	-29.11637115   4.32247829 -15.10665512   0.43246409   1.26108980  -0.70429206	  16.25966454  -37.28987122 -977.06231689  -35.73456955  -88.26417542    4.57953787	-29.35077875   5.66377268 -38.20379146   0.23428176  -1.51643505  -0.79783363	  16.34005452  -80.70617111 -989.03700550  -33.45442453 -115.10595641   10.64968017	49.73077571	0	0.00000000	0.00000000	0.00000000	-0.30023034  0.08867602  0.07022694	 0.01096564 -0.00202550 -0.30806299	  -7.57512871   11.70292591   40.28160741   37.06345598    9.95466227   -7.02399984   20.15437219  -62.90770965  -94.35121048 -216.45741354  -75.56974176  -62.99801358	 0.04328893  0.01246359 -0.61835521  0.73083431 -0.19484620 -0.00252340 -0.01221294 -0.07854747 -0.30835310  0.72660822 -0.38047317  0.03209087	
0.00399600	0.32647106	0.00647933	-28.18991280   0.23812886 -17.07642555   0.14945856   1.72152102  -0.84982717	  10.35140705  -28.57073021 -980.49346924  -35.19902802  -88.24363708    3.83775377	-28.36313616   1.09974966 -40.20050929   0.32560610  -1.30214499  -0.79245529	  14.86765099  -73.77671773 -997.76782691  -33.88532249 -116.27969277   10.02342357	50.02621320	0	0.00000000	0.00000000	0.00000000	-0.29334009  0.09147575  0.06847314	 0.01096564 -0.00202550 -0.30806299	  -7.08636569    9.62118350   41.35694576   34.70524404    9.48855347   -7.19753651   19.54144873  -61.10582857  -92.84666700 -214.38526016  -75.30455328  -62.84274643	 0.04232252  0.01268602 -0.61654508  0.73634130 -0.19255289 -0.00319068 -0.01211869 -0.07854747 -0.30993310  0.72660822 -0.37989026  0.03185311	
0.00399200	0.33589074	0.00632564	-38.27910233   2.71385074  -5.28420925   0.39241448   1.91364479  -0.68658161	   8.53198147  -24.52459908 -974.50451660  -34.63758469  -87.29636383    3.37702155	-33.30643546   0.86739993 -35.54394994   0.31557965  -1.26097756  -0.80166283	  11.94636588  -68.04591644 -997.32687972  -34.29066827 -116.09100247    9.23038363	49.78489105	0	0.00000000	0.00000000	0.00000000	-0.28470336  0.09533942  0.06704160	 0.01767822 -0.00722596 -0.36642778	  -6.78238626    7.78912548   41.70344993   31.93619130    8.90951957   -7.14329840   19.16041166  -59.31739437  -91.81557404 -211.17817676  -75.37169781  -63.01423339	 0.04134077  0.01294679 -0.61462760  0.74187899 -0.19026726 -0.00395767 -0.01199303 -0.07854747 -0.31125230  0.72660822 -0.37929201  0.03183009	
0.00400000	0.34514400	0.00619586	-41.02551651   9.64924335  -6.49973583   0.90103704   2.65692592  -0.28654990	  -0.69227940  -27.17765617 -963.76843262  -34.48333359  -85.54104614    3.53064108	-38.47075695   2.73325595 -31.32426600   0.32696504  -1.05737558  -0.58941616	   6.37208582  -66.35388974 -990.96861945  -34.28616242 -115.12112246    8.95093281	49.48764601	0	0.00000000	0.00000000	0.00000000	-0.27487424  0.09779803  0.06955866	 0.01167647  0.01246066 -0.36225732	  -6.72569586    6.29960013   42.30720902   28.51028388    8.41980705   -7.42221801   18.86730233  -57.85665154  -90.57890711 -208.25045487  -75.98374730  -63.02693040	 0.04034369  0.01319990 -0.61249536  0.74728626 -0.18801232 -0.00479369 -0.01185166 -0.07854747 -0.31241813  0.72661585 -0.37870911  0.03186844	
0.00399200	0.35424861	0.00606050	-35.55665207   7.54475451  -5.71829271   0.78977567   1.91298401  -0.37147731	  -6.23465490  -30.94954681 -952.73962402  -34.39643478  -83.88048553    3.62770271	-36.98724837   5.35087194 -31.83307560   0.29422861  -0.95179469  -0.55985674	  -0.20197777  -68.19181605 -980.50700496  -33.90712392 -113.57959782    9.01286876	49.25913247	0	0.00000000	0.00000000	0.00000000	-0.26707528  0.09736960  0.07489253	 0.01167647  0.01246066 -0.36225732	  -6.29205075    5.18619657   42.42089110   24.57084949    7.94804421   -7.65607619   18.51760352  -55.37859131  -89.68068666 -204.59585816  -75.94135111  -62.74737610	 0.03935427  0.01344534 -0.61011004  0.75247109 -0.18581872 -0.00574476 -0.01169458 -0.07855514 -0.31351492  0.72661585 -0.37816453  0.03187611	
0.00399600	0.36320499	0.00593983	-23.83770370  -0.18050577  -9.69251728   0.23877317   0.82186794  -0.55484766	 -14.77988911  -28.30204582 -943.72454834  -34.21087646  -82.48989105    3.78666806	-27.48049051   3.14576060 -31.70120236   0.32341535  -1.17188524  -0.52283562	  -7.33328623  -69.34790428 -970.97284920  -33.84767355 -112.14902281    9.11668312	50.23443700	0	0.00000000	0.00000000	0.00000000	-0.26302147  0.09370687  0.07385755	-0.05396436  0.02787722 -0.33046704	  -6.37653554    4.15791306   42.15787357   20.14154401    7.34175293   -7.92948413   18.08732361  -53.38580281  -88.39316870 -200.78592026  -76.25085687  -61.96940433	 0.03837252  0.01371379 -0.60743326  0.75744122 -0.18366349 -0.00678786 -0.01152964 -0.07855514 -0.31464240  0.72662354 -0.37766600  0.03187611	
0.00398800	0.37202281	0.00580738	-19.94269180   0.63791519 -16.22760773   0.18719329   1.15710247  -1.11277974	 -19.42299652  -20.02647018 -939.42388916  -33.72998047  -82.11102295    3.77701616	-22.99534269   0.12265516 -36.11642358   0.33239443  -1.27968963  -0.82938307	 -12.69735781  -63.40576060 -964.19748770  -34.19992818 -111.47285156    8.97147324	51.39791503	0	0.00000000	0.00000000	0.00000000	-0.25908435  0.09226431  0.07004206	-0.05744931 -0.00051611 -0.33040626	  -6.16046227    3.58284902   41.64373245   15.97698441    6.49729555   -8.26651113   17.55619764  -50.37912273  -87.07499833 -196.63947981  -75.74531393  -60.72610968	 0.03742912  0.01402825 -0.60447270  0.76225024 -0.18151590 -0.00793068 -0.01131759 -0.07855514 -0.31580824  0.72663122 -0.37725180  0.03187611	
0.00400000	0.38070008	0.00567868	-22.45107841  -1.77608800 -14.55177402   0.14233267   1.00738752  -0.94717211	 -21.91346741  -19.01301956 -934.60913086  -33.85639191  -81.27689362    3.53429413	-21.94845742  -1.26343377 -37.89818825   0.30077257  -1.25081871  -0.90050660	 -16.39903997  -59.35460880 -959.69443067  -34.23912246 -110.89632348    8.69667880	51.86512863	0	0.00000000	0.00000000	0.00000000	-0.25417890  0.09608292  0.06607398	-0.05744931 -0.00051611 -0.33040626	  -6.67100477    2.73377481   41.10472696   12.01362529    5.60785472   -8.65800451   17.02255940  -48.61507700  -85.08073395 -192.03079463  -74.48574723  -59.60894480	 0.03651641  0.01431204 -0.60118228  0.76693654 -0.17939901 -0.00915019 -0.01108982 -0.07855514 -0.31707376  0.72663885 -0.37691435  0.03187611	
0.00398400	0.38922542	0.00553159	-25.66960335   2.45303345  -9.39604092   0.29839858   1.04758251  -0.43405002	 -24.10624886  -17.45862389 -916.66766357  -33.42154694  -79.39166260    3.73484802	-21.99772554   0.99113425 -35.03375889   0.35447277  -1.35030818  -0.87275789	 -17.31929572  -58.06318466 -948.44513628  -34.30783275 -109.33419238    8.56752120	52.82873612	0	0.00000000	0.00000000	0.00000000	-0.24728855  0.10290967  0.06563619	-0.02461778 -0.01016761 -0.36484834	  -7.07702896    2.32994550   40.26738453    8.16591748    4.73853414   -9.05577871   16.50910465  -46.08209450  -82.77184422 -187.36802794  -72.72710368  -58.13346159	 0.03566505  0.01463417 -0.59752375  0.77153850 -0.17729746 -0.01045408 -0.01084635 -0.07855514 -0.31846201  0.72665423 -0.37663054  0.03187611	
0.00400800	0.39760062	0.00538963	-31.31028938   4.54523659  -8.46918964   0.45564115   1.71262836  -0.28661814	 -24.88381386  -16.82281876 -907.37689209  -33.23501968  -78.29189301    3.68711090	-28.07132336   1.89740701 -31.97690554   0.30029344  -1.13094039  -0.49311470	 -18.39860505  -55.47413052 -936.29456009  -34.31433235 -107.68556488    8.49982700	53.48338319	0	0.00000000	0.00000000	0.00000000	-0.24103252  0.10822152  0.06715059	-0.04076622  0.01582922 -0.37976580	  -7.75729331    2.06890507   39.02585818    4.75219733    3.67177340   -9.27585705   15.95826708  -45.03415877  -80.10561013 -183.59160756  -71.20511477  -56.99681806	 0.03486738  0.01495631 -0.59346634  0.77598703 -0.17522658 -0.01184233 -0.01059502 -0.07855514 -0.31997299  0.72667724 -0.37641579  0.03187611	
0.00398400	0.40580472	0.00520215	-31.68594170   1.69694495  -5.44428682   0.47609252   1.55114162  -0.17957991	 -24.36907959  -17.50375748 -904.79357910  -33.32895279  -78.07215881    3.53122020	-31.71885987   1.11703742 -31.06403503   0.36819366  -1.13289479  -0.37278872	 -17.92051829  -54.74726619 -929.05452827  -34.17973451 -106.76883430    8.30677207	54.29260147	0	0.00000000	0.00000000	0.00000000	-0.23603739  0.11005522  0.06990778	-0.04076622  0.01582922 -0.37976580	  -8.43647496    1.77148026   37.18522566    1.26260192    2.80790537   -9.45320848   15.36340661  -42.47676018  -77.78691463 -180.76370322  -69.51207386  -55.72453567	 0.03408505  0.01528611 -0.58904082  0.78018248 -0.17324775 -0.01334563 -0.01032798 -0.07855514 -0.32158366  0.72669256 -0.37624705  0.03187611	
0.00400800	0.41381377	0.00503394	-22.31306076  -2.38148475 -11.42632103   0.10979954   0.97976303  -0.98744994	 -25.82633972  -14.60384655 -910.83209229  -33.67138290  -78.60797119    3.30632496	-27.84050194  -2.31621459 -32.48457310   0.34138469  -1.33921715  -0.58843979	 -17.89681290  -54.20678640 -929.07088779  -34.62679248 -106.75847455    8.11290571	54.90906806	0	0.00000000	0.00000000	0.00000000	-0.23619485  0.10792015  0.07019360	-0.08202982  0.05030749 -0.35774900	  -9.65331669    0.77007652   34.31022658   -2.01676097    2.06646728   -9.26290294   14.86102670  -40.44330273  -75.32093062 -179.02078805  -68.32762231  -54.54953325	 0.03329505  0.01564660 -0.58425480  0.78412479 -0.17136095 -0.01494864 -0.01006095 -0.07853213 -0.32327104  0.72670794 -0.37613201  0.03188378	
0.00399200	0.42162699	0.00476951	-22.38164711   0.35562196 -16.93095589   0.28320718   1.02972937  -0.81955659	 -25.08176422  -14.13027287 -913.66839600  -33.88317108  -79.28503418    2.98683381	-25.40518495  -2.54595519 -36.72110104   0.32003922  -1.40635932  -0.88806212	 -15.51075678  -52.29522247 -931.53323658  -35.04487435 -107.25012205    7.79788254	55.21900247	0	0.00000000	0.00000000	0.00000000	-0.23684703  0.10707857  0.06817467	-0.08971926  0.04893018 -0.35241969	 -10.59070624    0.34313514   31.49734000   -5.38782192    0.79210860   -8.97978309   14.37121272  -37.55259539  -72.95671077 -177.28204369  -66.80390655  -53.27571005	 0.03249738  0.01600709 -0.57949179  0.78779870 -0.16955087 -0.01663602 -0.00980177 -0.07848611 -0.32501212  0.72672325 -0.37603998  0.03189912	
0.00398400	0.42914188	0.00452972	-22.52251816   4.06550074 -15.70742035   0.54100817   0.82751250  -0.62767804	 -22.23742485  -12.62512589 -911.38787842  -33.99251175  -79.48282623    2.90169764	-23.32885546   1.01521742 -38.12911852   0.27990077  -1.46392142  -0.82655461	 -13.12321888  -50.70004121 -934.61578687  -35.25707148 -107.72051930    7.46669455	54.56979443	0	0.00000000	0.00000000	0.00000000	-0.23711510  0.10737836  0.06441888	-0.08971926  0.04893018 -0.35241969	 -11.38041081   -0.68215751   27.90569392   -8.65423036   -0.97132793   -7.86727757   13.83172277  -34.95030958  -70.43283755 -175.89048875  -65.01741827  -51.94279048	 0.03172272  0.01635990 -0.57427627  0.79097402 -0.16781746 -0.01842310 -0.00954259 -0.07840174 -0.32670715  0.72673094 -0.37597093  0.03192213	
0.00399600	0.43639690	0.00425525	-24.47791481   6.38019514  -7.88987827   0.66933852   0.93747205  -0.24776742	 -17.91277885  -10.94161320 -901.73162842  -33.69017410  -78.60604095    2.62059140	-23.27267013   5.46681089 -33.90177345   0.22691098  -1.46100545  -0.76280618	  -9.18923349  -50.13711769 -928.21558430  -35.67256014 -106.95661117    7.24636417	53.94403973	0	0.00000000	0.00000000	0.00000000	-0.23396189  0.10971394  0.05915538	-0.07735118  0.01309322 -0.38532744	 -11.92885838   -1.02582620   23.94800375  -12.00995391   -2.73810649   -6.60557340   13.34964529  -32.06918764  -68.19428086 -174.64481701  -63.16794724  -50.61033473	 0.03097107  0.01665903 -0.56894571  0.79404962 -0.16616076 -0.02031757 -0.00928340 -0.07827135 -0.32831785  0.72674626 -0.37590960  0.03194514	
0.00400000	0.44334909	0.00399692	-27.85781860   2.76179147  -7.42509270   0.39558518   1.27317202  -0.61210626	 -14.95783615   -7.87478304 -895.08868408  -33.44884872  -78.38061523    2.25204468	-26.67323295   3.55975760 -30.48112334   0.26989435  -1.34752125  -0.69910147	  -4.56228361  -46.70656006 -920.79742043  -35.80606503 -105.98835333    6.75750149	52.95970467	0	0.00000000	0.00000000	0.00000000	-0.22628774  0.11217064  0.05603621	-0.08824349 -0.00451343 -0.39464243	 -12.37498986   -1.63230730   20.13670827  -15.41603581   -4.27521935   -5.10425541   12.78286252  -30.92889172  -65.53824702 -172.00227830  -61.07454764  -49.70154539	 0.03021174  0.01692748 -0.56348473  0.79671109 -0.16462678 -0.02218136 -0.00902422 -0.07807194 -0.32979047  0.72675395 -0.37583289  0.03196815	
0.00399600	0.45001197	0.00370116	-26.29924393  -2.55935359  -9.96516132   0.19425090   1.28468108  -0.48323309	 -17.58839226   -6.52198935 -898.09729004  -33.48617935  -78.67148590    2.08554363	-27.18517208  -0.03973333 -30.24353636   0.29132449  -1.19818131  -0.49136818	  -2.73537186  -44.70129657 -919.02553780  -35.80563312 -105.89975683    6.34455131	52.10643453	0	0.00000000	0.00000000	0.00000000	-0.21673881  0.11744893  0.05337041	-0.08824349 -0.00451343 -0.39464243	 -12.28423579   -1.88892063   16.35815267  -19.66825288   -6.21123839   -3.39805868   12.15014614  -29.11501205  -63.31912579 -169.41647355  -58.86295468  -48.57013058	 0.02943709  0.01716524 -0.55789334  0.79893535 -0.16321552 -0.02422155 -0.00874148 -0.07781116 -0.33113268  0.72676158 -0.37572551  0.03199116	
0.00399200	0.45634392	0.00343777	-18.53206444  -4.98835421 -11.28399086  -0.02866625   0.52793491  -0.99622297	 -21.81041908   -9.17765808 -899.12658691  -33.78122330  -78.13595581    2.35602736	-22.98691160  -3.92220841 -32.48593910   0.27637673  -1.28533790  -0.55311770	  -3.74729718  -45.11254859 -919.33173851  -36.19941164 -105.97302234    6.36923390	51.38055198	0	0.00000000	0.00000000	0.00000000	-0.21221837  0.11676821  0.05613098	-0.12383746  0.04515714 -0.40346962	 -11.97265844   -2.64194829   12.19875888  -23.64147102   -7.54768114   -1.65214386   11.71413213  -27.77267658  -60.82521929 -166.96138445  -56.97577393  -47.07909868	 0.02861641  0.01736466 -0.55215627  0.80067647 -0.16194232 -0.02623107 -0.00849015 -0.07748903 -0.33236754  0.72676927 -0.37555677  0.03201417	
0.00399200	0.46238312	0.00314566	 -8.00702000   9.54470348 -12.48783779   0.80382019   0.15596551  -0.40518790	 -28.40863037   -5.52236414 -894.31707764  -33.71162796  -77.06634521    2.28886676	-16.83594062  -0.28703433 -33.96805049   0.25989578  -1.37890866  -0.69696779	  -8.82803974  -44.77341303 -917.23524880  -36.48543679 -105.38014575    6.37495324	50.36764579	0	0.00000000	0.00000000	0.00000000	-0.21008039  0.11432226  0.05624879	-0.14374175  0.05427666 -0.37920496	 -11.67164101   -2.98260727    8.41868601  -27.56020676   -7.59751541    0.02968169   11.30446956  -26.56250256  -57.74467337 -163.08396089  -54.63411727  -45.61224840	 0.02778806  0.01750272 -0.54633480  0.80195731 -0.16088387 -0.02816388 -0.00824668 -0.07708252 -0.33347967  0.72677696 -0.37531900  0.03205252	
0.00400000	0.46810210	0.00289827	-13.26054001   7.84501886 -12.77709961   0.77439648   0.06607811  -0.50848782	 -34.67302322   -1.16170537 -895.14343262  -33.57381058  -76.73538971    2.31675220	-12.01608383   7.16258930 -33.95195947   0.18498033  -1.34479880  -0.76365527	 -14.59629343  -40.79252061 -916.16737869  -36.56670515 -105.11873538    6.21961803	49.01520653	0	0.00000000	0.00000000	0.00000000	-0.20866946  0.11342541  0.04991740	-0.14374175  0.05427666 -0.37920496	 -11.38872283   -3.66829764    4.92864706  -31.66636532   -8.37173703    1.67513123   10.77412896  -25.62376080  -54.37138116 -158.07749643  -52.26474719  -44.14802426	 0.02689068  0.01767145 -0.54055935  0.80279332 -0.15989445 -0.02998932 -0.00799535 -0.07663000 -0.33466086  0.72679228 -0.37499687  0.03212922	
0.00398800	0.47353947	0.00264296	-13.33902645   1.90698075 -12.26735020   0.38675958   0.08634187   0.17790823	 -47.21688461   -1.14539194 -888.32171631  -33.23015594  -74.77053833    2.25915051	-10.93163272   7.49470421 -30.44305958   0.14980720  -1.42514756  -0.45573724	 -22.91853599  -36.58296872 -913.93711464  -36.74972912 -104.60356040    5.97111237	47.85621221	0	0.00000000	0.00000000	0.00000000	-0.20649553  0.11309029  0.04923153	-0.17237307  0.04117281 -0.39044249	 -11.36177197   -3.75155782    1.14983096  -35.66503088   -9.30877057    3.14602595   10.22984792  -24.65465137  -51.52705584 -153.55881120  -50.41107337  -42.91550659	 0.02601631  0.01787087 -0.53477627  0.80321521 -0.15905076 -0.03172272 -0.00773617 -0.07612378 -0.33585736  0.72681528 -0.37458268  0.03222893	
0.00399200	0.47869530	0.00241270	-18.34044266  -2.41798091 -13.50330162   0.00350628   0.55529028  -0.44510546	 -52.46150970    1.63492656 -882.88732910  -33.29684448  -74.37914276    3.04291606	-15.80724702   1.09657852 -33.82428813   0.18092489  -1.47785273  -0.35977471	 -31.33143301  -35.29627709 -908.51899298  -36.92930707 -103.73907153    6.35803500	46.63639664	0	0.00000000	0.00000000	0.00000000	-0.20249409  0.11158533  0.04960312	-0.17107910  0.09029811 -0.37089328	 -11.56576649   -3.79502365   -1.75967042  -39.22816125  -10.18773851    4.82198994    9.77443526  -23.93717779  -47.11103046 -148.11730498  -48.83280300  -41.59775287	 0.02514961  0.01810864 -0.52899319  0.80316919 -0.15836047 -0.03331039 -0.00748484 -0.07557154 -0.33709988  0.72684598 -0.37407649  0.03237466	
0.00400400	0.48360190	0.00215337	-10.55240440  -6.58004713 -14.99495125  -0.26763353   0.33604461  -0.21460611	 -60.18644333    4.13245058 -880.62640381  -32.94456863  -73.14778137    3.48109794	-14.42785763  -5.18198476 -34.36631503   0.11611083  -1.30659628   0.12257846	 -38.94212414  -31.77356806 -906.03598474  -36.88720983 -103.17551580    6.80224998	46.10975909	0	0.00000000	0.00000000	0.00000000	-0.20119672  0.11314457  0.05367949	-0.17107910  0.09029811 -0.37089328	 -11.27685498   -3.82171161   -4.10493920  -42.61763308  -10.92817101    6.41054018    9.34914201  -23.47588844  -43.73298236 -142.88886713  -47.00995780  -39.84481954	 0.02425990  0.01840777 -0.52303368  0.80261695 -0.15783125 -0.03466029 -0.00724922 -0.07499631 -0.33841911  0.72687662 -0.37347823  0.03255874	
0.00399600	0.48821580	0.00197389	 -7.63586044  -6.37069082 -18.48968697  -0.49719000  -0.30373281  -0.46568894	 -65.95646667    1.88564229 -874.73321533  -32.67171860  -71.82447815    2.82164335	-11.87250140  -7.55866924 -38.00277845   0.03075087  -1.68141007  -0.15367636	 -46.57018181  -32.62790999 -900.42922121  -36.64850490 -102.01814510    6.55773170	45.65978580	0	0.00000000	0.00000000	0.00000000	-0.20679784  0.10647351  0.05339631	-0.18716450  0.19075180 -0.28395041	 -11.22587342   -4.08205981   -6.43855156  -45.79133004  -10.94004547    7.71758011    8.90605958  -22.86832568  -39.68778727 -137.31546485  -44.82693559  -38.05758360	 0.02332417  0.01881427 -0.51683635  0.80168122 -0.15749377 -0.03568805 -0.00702146 -0.07440572 -0.33984569  0.72690731 -0.37278792  0.03278116	
0.00399200	0.49262801	0.00177129	 -3.46213770   3.90013885 -20.01658440   0.13976334  -0.37334889   0.26619896	 -73.98799133   16.51147652 -877.54895020  -32.00845718  -71.32317352    2.91125751	 -6.77950574  -0.52345537 -39.76018591  -0.04996883  -1.62924277   0.17381302	 -54.21004461  -25.95887665 -901.28834787  -36.68926120 -101.78389999    6.24599688	45.56348338	0	0.00000000	0.00000000	0.00000000	-0.21510702  0.10330764  0.04884158	-0.22796913  0.12916593 -0.29274382	  -9.98023067   -5.15241745   -7.84652097  -47.01129976   -9.43120472    9.00947552    8.58491024  -22.01691643  -36.09560185 -132.26370235  -41.72562075  -35.77157406	 0.02237310  0.01929747 -0.51048571  0.80036962 -0.15730970 -0.03637068 -0.00680940 -0.07377679 -0.34136435  0.72694570 -0.37199792  0.03309563	
0.00400400	0.49682173	0.00165889	 19.04780960  11.57542133 -62.85155106  -1.56664431  10.14386177   1.33470178	 -78.22731018    6.47861290 -865.11468506  -31.79876709  -70.07413483    3.12000036	  2.36959784   7.80048736 -61.68101155  -1.08478130   2.68149717   0.41838018	 -58.50049721  -24.03474066 -896.06821825  -36.31555502 -101.06633087    6.18012341	44.85696111	0	0.00000000	0.00000000	0.00000000	-0.22762882  0.10316502  0.04129927	-0.22796913  0.12916593 -0.29274382	  -9.97335375   -6.30396363  -10.65097236  -46.93690458   -6.84323045    9.58301728    8.32082089  -21.75695510  -31.82711895 -126.75506131  -39.12014778  -34.05729340	 0.02142971  0.01984204 -0.50391257  0.79871297 -0.15726368 -0.03673883 -0.00662876 -0.07311718 -0.34298268  0.72698402 -0.37107754  0.03345611	
0.00399200	0.50088388	0.00157029	  11.86621380   -3.26014423 -308.33612061   -4.28778172   41.08773041    1.69049728	 -80.57898712    8.51414013 -847.26049805  -31.07038689  -68.81948853    3.55658245	  -2.65076949    3.61739058 -210.77480308   -3.26241808   20.79780286    0.94998736	 -62.55204086  -25.46304920 -881.38328781  -35.90564397  -99.45299321    6.53633989	44.57182029	0	0.00000000	0.00000000	0.00000000	-0.22586422  0.10075032  0.03922007	-0.23423241  0.16019641 -0.26059784	  -8.05574913   -7.29158365  -13.45217789  -44.81735172   -2.88058241    9.96335808    8.10397239  -21.85025124  -27.93709296 -123.21529968  -36.95027927  -31.79262076	 0.02050932  0.02043262 -0.49710938  0.79674178 -0.15733270 -0.03680786 -0.00647953 -0.07242689 -0.34469309  0.72703004 -0.37003443  0.03390097	
0.00397600	0.50483859	0.00150339	 -35.06225967  -11.17732716 -426.20846558   -6.26462698   77.90507507    1.48798025	 -75.17213440    2.43011642 -819.12170410  -30.55108452  -67.51039124    3.68490076	 -62.64903672   -9.39600472 -361.10661158   -4.46800716   44.60786656    1.03986877	 -61.55925265  -25.75142278 -859.97498136  -35.16980763  -97.53311000    6.74743227	43.45192491	0	0.00000000	0.00000000	0.00000000	-0.22363524  0.09875803  0.03930038	-0.23463522  0.22813529 -0.23215253	  -6.75591534   -8.76161478  -15.58058498  -41.88946707    1.72663679    9.89295775    7.98282445  -23.34459034  -22.80099818 -116.98568871  -34.65939604  -30.16419041	 0.01953524  0.02098485 -0.49011442  0.79452521 -0.15777756 -0.03647039 -0.00635387 -0.07175194 -0.34648016  0.72708374 -0.36884561  0.03446087	
0.00400800	0.50873679	0.00145972	   5.85517788  -17.00036049 -632.26885986   -9.75304985  110.07984924    1.33775806	 -68.84256744    0.10084815 -765.26000977  -28.43757439  -62.64116287    3.49647546	 -62.08843606  -19.56032240 -554.79104149   -6.41299988   73.13717826    0.87600604	 -58.17924149  -26.69336895 -822.26749691  -33.57162061  -93.28410110    6.59332520	42.93378016	0	0.00000000	0.00000000	0.00000000	-0.22884076  0.09215522  0.04794413	-0.23667382  0.27066422 -0.20325219	  -3.90579249   -9.25311175  -18.42235476  -37.31418690    9.63311113    7.77564420    7.98486670  -23.96140876  -17.38794332 -112.09676643  -32.38587685  -27.33395583	 0.01844612  0.02139903 -0.48315781  0.79202479 -0.15910445 -0.03568039 -0.00627533 -0.07113068 -0.34831327  0.72712207 -0.36748037  0.03514349	
0.00398000	0.51257086	0.00154539	 -59.93136597   -6.37946844 -697.91174316   -9.30863953  121.46438599   -0.53998429	 -64.35765839    0.28307468 -715.42297363  -26.22727776  -58.08561325    3.66489315	-117.32866237  -19.10754293 -671.49921379   -7.38176995   89.68216742    0.11836135	 -54.32831913  -26.44582794 -764.45020608  -30.92647885  -86.22071333    6.53629290	42.34811475	0	0.00000000	0.00000000	0.00000000	-0.23545652  0.08733746  0.06283475	-0.21333782  0.28510165 -0.11194690	  -0.93765151   -9.15416530  -20.27527846  -33.59012257   19.49282251    5.65911077    8.15243099  -24.70584566  -10.74773347 -104.13409825  -30.71955969  -24.86263526	 0.01727262  0.02161378 -0.47659239  0.78908724 -0.16147445 -0.03443019 -0.00626748 -0.07059378 -0.35016173  0.72713745 -0.36596939  0.03594883	
0.00399600	0.51650906	0.00167174	 -44.44702148  -18.01729965 -762.86175537   -9.65614223  126.16421509   -0.65212852	 -58.15767670   -7.63629055 -625.51824951  -22.94759941  -50.16310120    3.14159870	-130.21348872  -27.75396018 -743.90982736   -7.11000656   98.29282326   -0.15408021	 -50.94272151  -28.22979582 -689.00943626  -27.43552002  -77.13402622    6.10107027	42.35487210	0	0.00000000	0.00000000	0.00000000	-0.24508312  0.08099247  0.08060684	-0.24391156  0.28235314 -0.05868381	  5.11378629  -8.21795179 -21.11664918 -27.56841871  33.04179986   1.88202232   8.40293352 -25.11680246  -4.78183412 -96.48263994 -29.26069778 -21.70602977	 0.01605310  0.02165213 -0.47062522  0.78564346 -0.16495658 -0.03276582 -0.00629889 -0.07016426 -0.35199481  0.72714508 -0.36435103  0.03686155	
0.00400000	0.52058995	0.00185532	 -67.56739807  -22.61325264 -687.21881104   -8.07990742  109.27407837   -2.19005394	 -57.19708633  -13.43533421 -554.83966064  -20.73053169  -44.13982773    3.77274728	-145.99617570  -28.79848547 -718.92465783   -5.88166286   91.48178778   -1.77260667	 -50.07559653  -30.68250455 -621.50531747  -24.39521727  -69.29518162    6.09945928	43.43451025	0	0.00000000	0.00000000	0.00000000	-0.25610756  0.07339587  0.11236055	-0.23597333  0.24911886 -0.02352965	  8.79348600  -6.77238088 -18.43837917 -24.31049364  46.50726350  -2.53725240   8.56221245 -23.92516535   0.69178906 -85.97972764 -28.27327376 -18.73670781	 0.01485660  0.02149107 -0.46555540  0.78143269 -0.16943581 -0.03080233 -0.00635387 -0.06988048 -0.35377425  0.72714508 -0.36264831  0.03779728	
0.00400400	0.52487701	0.00202795	 -51.09486771  -24.47646332 -608.11663818   -6.73688316   93.29695129   -3.69273782	 -56.87167740  -20.03965187 -503.91055298  -19.29826927  -39.53739166    3.88682222	-127.05362821  -30.45976570 -649.87654508   -4.66031597   78.37019069   -3.08115913	 -50.90968621  -34.79670707 -555.67410861  -21.58499068  -61.47133975    6.39407885	42.57665322	0	0.00000000	0.00000000	0.00000000	-0.26653955  0.06292438  0.12289558	-0.18315351  0.19525744  0.08947445	 11.30932511  -3.59563007 -13.87909051 -18.80826000  63.02048677  -7.71588873   8.57772456 -23.26409682   3.15482849 -77.20365378 -26.65222815 -14.69305289	 0.01374447  0.02112291 -0.46158239  0.77663898 -0.17467436 -0.02866242 -0.00639314 -0.06978077 -0.35545394  0.72710675 -0.36092260  0.03887106	
0.00398800	0.52934712	0.00220479	 -30.49321365  -10.30899525 -439.92446899   -4.01480627   62.97580719   -5.51639032	 -56.59682465   -8.96647549 -434.56115723  -15.28359509  -32.63922882    2.96117592	-101.21798267  -20.92253984 -522.51727853   -3.45802334   57.95858852   -4.66747920	 -51.66219239  -28.11218304 -491.16424341  -18.40684163  -53.49614412    5.51324305	41.78703060	0	0.00000000	0.00000000	0.00000000	-0.27609827  0.05873712  0.12673023	-0.10963259  0.24860463  0.14198738	 14.84722654  -1.70046675  -7.44211592 -17.07753665  73.68814056 -11.58906333   8.48469389 -22.88840796   7.26497707 -66.50721580 -25.54343653 -10.61167935	 0.01283942  0.02065505 -0.45871386  0.77133906 -0.18022737 -0.02663757 -0.00639314 -0.06979611 -0.35700327  0.72701472 -0.35921222  0.04004456	
0.00399200	0.53401595	0.00225427	  20.66080666   -0.55874896 -365.83883667   -3.68390083   40.34372330   -5.03689766	 -58.24839401   -3.16918063 -390.56610107  -12.64548969  -28.21954346    1.56511915	 -47.70347080  -12.09036054 -438.25090106   -3.42359593   41.65573886   -5.03353770	 -53.36582206  -20.05725706 -443.11416733  -15.80522853  -47.44218875    4.04804113	43.01593187	0	0.00000000	0.00000000	0.00000000	-0.27267268  0.07274446  0.10662597	-0.11752393 -0.04735075  0.09676426	 17.38405930   0.91549784  -2.30887284 -15.76038050  82.63979020 -14.93455070   8.14822916 -21.61176348  10.92668863 -57.30305992 -24.47682591  -6.88770218	 0.01223349  0.02011815 -0.45688841  0.76564801 -0.18561164 -0.02462039 -0.00633816 -0.06995718 -0.35836852  0.72685361 -0.35756317  0.04131009	
0.00399600	0.53874201	0.00230559	  19.92462540   11.63092613 -333.55844116   -3.97028232   27.51354408   -4.42283630	 -56.03456116    2.25202990 -359.44467163  -10.98610783  -25.97737503    1.23929119	 -18.62975582    1.38262676 -382.68309607   -4.32954188   25.39904023   -4.73296658	 -52.26310652  -12.10617848 -401.50323859  -13.66453402  -42.51857544    2.88708720	43.35187369	0	0.00000000	0.00000000	0.00000000	-0.25842826  0.08610384  0.09604106	-0.08257903 -0.11710267 -0.03761778	 17.01603544   1.33309390   1.01557242 -18.50806969  83.12738499 -16.86376104   7.95266567 -20.24219771  15.47191932 -47.47226153 -22.89839549  -5.11491676	 0.01195738  0.01960427 -0.45589131  0.75966549 -0.19045134 -0.02287932 -0.00626748 -0.07017960 -0.35951900  0.72663885 -0.35599852  0.04267533	
0.00398400	0.54351842	0.00228771	   5.91685057   27.58847237 -333.81958008   -5.44149828   10.43921280   -2.79840922	 -49.76977921    0.50577676 -320.67031860   -9.26261425  -23.07592010    1.25144148	 -14.02378545   15.63696153 -362.52013063   -6.31623554    9.31636830   -3.64608045	 -48.37912768   -8.69351063 -363.43491041  -11.79073508  -38.25968210    2.52968186	43.16387822	0	0.00000000	0.00000000	0.00000000	-0.24255697  0.09304993  0.09084507	-0.02396769 -0.00156674 -0.02847757	 13.91390797   1.50289073   3.11079461 -21.80888805  82.40708432 -17.69163863   7.77830697 -19.38079539  19.41624241 -40.37417479 -21.68011202  -3.91298402	 0.01194204  0.01911340 -0.45548481  0.75335312 -0.19450106 -0.02148340 -0.00619679 -0.07040203 -0.36030135  0.72638577 -0.35454124  0.04414029	
0.00400800	0.54828835	0.00235709	   9.51090431   33.73811722 -363.99771118   -7.54907513    0.83890641   -1.40507257	 -40.89689255   -4.40673542 -300.94281006   -8.67388916  -21.78363228    1.38169014	 -14.50197835   24.79353696 -374.93091063   -8.59035090   -2.83210619   -2.40309985	 -42.50083247  -11.30683265 -338.19850929  -10.48044474  -35.20232816    2.46230860	41.84563942	0	0.00000000	0.00000000	0.00000000	-0.22842501  0.09272532  0.08781191	-0.04754447 -0.07814791 -0.00761599	 15.34417083  -0.06831508   4.68713193 -28.79828791  73.90477259 -16.58692658   7.62146292 -17.90763795  22.58992252 -34.51377131 -21.21857133  -2.96143129	 0.01206476  0.01867621 -0.45534676  0.74694109 -0.19763805 -0.02046330 -0.00611040 -0.07064747 -0.36078453  0.72617102 -0.35319901  0.04568961	
0.00399600	0.55312866	0.00236915	  36.95733643   41.76922226 -423.29898071  -10.30653095   -6.59528875   -0.60211980	 -40.11481094   -6.24246693 -292.92791748   -8.21169567  -21.75410461    1.72502661	  -1.84963052   33.21315243 -415.74197474  -11.42601145  -11.79260135   -1.55531610	 -37.13908458  -12.43466269 -321.66322261   -9.59354115  -33.71994789    2.69981607	40.47988035	0	0.00000000	0.00000000	0.00000000	-0.21388374  0.09237378  0.08475347	-0.04754447 -0.07814791 -0.00761599	 16.64584626   0.40014269   5.19363841 -36.38173915  63.58422162 -15.74961875   7.36016151 -16.93264871  23.45639561 -28.70862409 -22.40393228  -3.10931715	 0.01227184  0.01835408 -0.45526239  0.74114269 -0.19980095 -0.01978068 -0.00602400 -0.07091592 -0.36087656  0.72604829 -0.35196415  0.04736165	
0.00399600	0.55798239	0.00232729	  11.43975067   43.65268326 -442.85540771  -12.09988308   -9.35135078   -0.54012680	 -39.97278595   -2.31447363 -295.35006714   -7.66563606  -21.47236824    0.96308661	  -2.10591808   37.32490273 -450.91839033  -14.11560138  -18.37764792   -1.09948503	 -37.06250158  -11.34757298 -318.55860871   -9.13597134  -33.28858231    2.41437037	38.48003332	0	0.00000000	0.00000000	0.00000000	-0.20200024  0.09509340  0.07740949	-0.02485782 -0.11119243 -0.05247045	 18.59144996  -0.34866726   3.29648457 -45.95372199  47.01404361 -13.97267618   7.04988919 -17.09873700  25.35254922 -24.12686896 -23.75436685  -3.57674390	 0.01257864  0.01813932 -0.45510900  0.73541325 -0.20096678 -0.01933582 -0.00590619 -0.07122272 -0.36054677  0.72602528 -0.35089037  0.04914106	
0.00398800	0.56278515	0.00221459	  -2.18668962   33.98407364 -445.02938843  -13.50007534   -8.72185516   -0.27929816	 -36.21749115   -3.43042469 -288.06323242   -7.30426025  -21.40078926    1.08321631	 -17.09369973   33.90888648 -465.72366465  -15.70234774  -21.48137910   -0.62163257	 -35.63625876  -10.99110278 -313.85810037   -8.60555490  -32.80054762    2.15666347	36.60743369	0	0.00000000	0.00000000	0.00000000	-0.20613510  0.10308897  0.07603598	-0.02861281 -0.06879303 -0.09103714	 17.17289896   0.48446771   0.99564131 -57.84037173  30.48362427 -12.69614449   6.60217362 -16.89017696  25.38353210 -20.52848006 -26.14425173  -5.28643672	 0.01299281  0.01795524 -0.45474851  0.73014402 -0.20126590 -0.01905204 -0.00574911 -0.07157553 -0.35985649  0.72608662 -0.34986261  0.05104320	
0.00400000	0.56746936	0.00206916	 -15.64010715   24.79540443 -433.09603882  -13.47907543   -5.49288416    0.68672776	 -31.35128212   -3.54669404 -284.96505737   -6.62141228  -21.44808578    1.49285519	 -28.05867257   23.53308573 -458.53273744  -15.57941939  -20.24549774    0.38363624	 -31.47239557   -9.99157358 -308.93147198   -7.95678902  -32.33161304    2.22026315	35.71751090	0	0.00000000	0.00000000	0.00000000	-0.21518905  0.10735918  0.07366998	-0.07727043  0.06225581 -0.03655511	 14.68100254   2.74307942  -1.70394597 -71.28905136  10.84490753 -11.43285563   6.07096974 -16.07667193  24.38520071 -16.28239160 -28.03489390  -7.44364882	 0.01350670  0.01776349 -0.45425764  0.72506654 -0.20094377 -0.01880660 -0.00556062 -0.07198970 -0.35887474  0.72624773 -0.34897289  0.05299902	
0.00398400	0.57198298	0.00195863	 -30.78118706   32.81411743 -443.97509766  -13.66692924   -3.35671782    2.83754897	 -39.25934601   -1.81848526 -310.71014404   -6.74465895  -22.68255424    1.30944455	 -40.59514754   23.81906132 -455.18939169  -15.61858743  -18.80737067    1.90245698	 -34.83133602   -8.14889346 -323.16088580   -7.98540330  -33.73794335    2.28943799	34.66673394	0	0.00000000	0.00000000	0.00000000	-0.22618362  0.11057098  0.06869781	-0.11662990  0.09198543 -0.03304822	 13.52315456   5.68449196  -4.75849598 -86.70632444  -6.74499056 -11.65738796   5.56772562 -14.95247950  21.74101012 -12.80638689 -28.43251099  -8.15418351	 0.01402058  0.01761777 -0.45368239  0.71992773 -0.20023046 -0.01856116 -0.00534856 -0.07240388 -0.35766289  0.72650850 -0.34822890  0.05494718	
0.00399200	0.57637823	0.00184117	 -18.40156937   60.61727905 -566.49694824  -16.27390480   -4.90051031    3.26788187	 -55.36384964  -31.93398476 -348.20153809   -8.99436188  -24.07947159    1.73990834	 -43.50974749   38.98071671 -522.37018716  -18.25017012  -21.05876678    2.45320538	 -48.13305013  -23.16580797 -350.41529554   -8.07070833  -36.37074328    3.15568298	34.77553628	0	0.00000000	0.00000000	0.00000000	-0.24645569  0.10370528  0.06049750	-0.12648948  0.23266769 -0.00613932	  13.08192585    8.19794474   -8.81551882 -100.43179055  -24.02516633  -11.79262127    5.05431075  -13.52395131   19.38675022   -8.22631943  -27.11718565   -8.51811644	 0.01443476  0.01744136 -0.45317617  0.71452808 -0.19950183 -0.01827738 -0.00511294 -0.07268000 -0.35636666  0.72689199 -0.34763065  0.05685699	
0.00400400	0.58064961	0.00170283	  -0.53664768   66.29348755 -650.31097412  -18.18562698   -6.86567450    3.35588002	 -61.10924149  -33.53451157 -377.75042725  -10.63654137  -27.53022957    3.26966977	 -28.74040247   53.48501625 -626.50960741  -21.61083341  -24.72349137    2.38495985	 -58.80444143  -36.64516348 -382.88001504   -9.32300019  -40.73703942    4.62525987	32.70307225	0	0.00000000	0.00000000	0.00000000	-0.24539576  0.10956976  0.04144121	-0.05585257  0.20111900 -0.01294616	  14.38487770   11.77831665  -12.71398675 -113.56802883  -37.45192482  -12.06219978    4.29824762  -13.69777005   18.27530344   -3.53566069  -25.14240996   -6.68795811	 0.01472621  0.01726495 -0.45280036  0.70870662 -0.19889590 -0.01796291 -0.00483020 -0.07275669 -0.35523152  0.72739822 -0.34720114  0.05883582	
0.00398800	0.58475834	0.00159955	   8.42103195   78.51490784 -758.19622803  -21.00640106  -10.92597198    1.34798336	 -97.47752380  -17.73471451 -429.97488403  -11.29877281  -30.29357338    5.06385040	 -15.83518378   63.88357667 -727.51372888  -25.04682629  -29.95543031    0.95796816	 -85.87953827  -27.27435827 -431.42801835  -11.37072419  -47.04042624    6.28476271	32.21588285	0	0.00000000	0.00000000	0.00000000	-0.23772792  0.11481104  0.02410683	-0.05334463  0.08401023 -0.02658849	  15.68193634   12.87934152  -17.03562745 -120.96033985  -46.85688141  -12.45909817    3.34206443  -13.56897658   19.12521430    1.83692736  -21.76217235   -4.93728361	 0.01493330  0.01708854 -0.45258561  0.70252472 -0.19865814 -0.01758709 -0.00447677 -0.07272601 -0.35454124  0.72799647 -0.34687135  0.06092203	
0.00399600	0.58875674	0.00151566	  19.51593018  102.05232239 -809.20037842  -22.92454910  -22.14110374   -0.00419120	-104.49350739  -15.72750854 -395.03582764   -9.81097889  -26.49271011    3.08005452	   4.67508939   78.54273613 -796.43446633  -28.32867030  -37.47330166   -0.61758883	-100.99790866  -21.94663533 -429.79161777  -11.12996823  -47.13028227    5.36103413	30.83345797	0	0.00000000	0.00000000	0.00000000	-0.21991289  0.10941199  0.00090474	-0.02795190  0.06263486  0.00782608	  17.38604418   14.81720638  -19.92244127 -128.19482811  -53.43037559  -13.89229246    2.50451643  -13.63269096   21.38887629    6.20247819  -19.97733980   -4.16055831	 0.01504068  0.01687378 -0.45257026  0.69614333 -0.19868882 -0.01709621 -0.00409192 -0.07261863 -0.35438785  0.72864074 -0.34665659  0.06313863	
0.00400000	0.59266412	0.00149944	   4.59692621  119.95886993 -862.52893066  -24.54888725  -35.41632843   -2.12604547	-106.44728088   -7.08296585 -359.03646851   -8.21732235  -21.88997650    3.77101517	   0.07217388  101.05266920 -858.73096255  -32.15099873  -53.20885772   -3.19731012	-106.97966017  -13.81691137 -396.85405544   -9.85083381  -42.27892952    4.83478157	29.26576637	0	0.00000000	0.00000000	0.00000000	-0.19502473  0.10213640 -0.00502368	 0.00546299 -0.13219251  0.12742393	  19.86791992   15.69698740  -23.00916693 -133.34377161  -59.49167354  -14.98138066    1.88554432  -13.68581582   24.39207662   10.60463181  -17.64218990   -3.30387474	 0.01513272  0.01659000 -0.45257026  0.68967760 -0.19902630 -0.01648262 -0.00373064 -0.07255728 -0.35467929  0.72936171 -0.34653386  0.06547029	
0.00398000	0.59654236	0.00145823	  42.07866287  135.11163330 -843.50708008  -26.75860596  -58.72266388   -7.15380716	 -96.00030518   -5.36705542 -285.46109009   -6.13208818  -15.55135918    4.14177847	  25.72119961  115.07737963 -869.85861878  -35.43263065  -71.03363493   -7.46467571	-102.55464892   -7.82349301 -339.78026093   -7.94885422  -34.80405003    4.87328372	28.35255819	0	0.00000000	0.00000000	0.00000000	-0.16984161  0.09793611 -0.00092791	-0.01630960 -0.11889520  0.10755797	  23.83099371   17.30532245  -25.46333145 -138.17024516  -63.92773903  -16.91622611    1.57605821  -15.08012792   26.85304338   13.38990560  -16.34662532   -3.17098868	 0.01529379  0.01619883 -0.45246288  0.68328857 -0.19952483 -0.01573097 -0.00344004 -0.07255728 -0.35525453  0.73019773 -0.34651086  0.06784796	
0.00401200	0.60039258	0.00138137	  91.66139221  137.52861023 -833.64807129  -31.51119423  -80.21622467   -9.99910164	 -88.24624634   -7.10985327 -231.81646729   -4.73710966  -11.97609711    3.07012606	  62.93280162  128.06157135 -856.36038555  -39.92021723  -87.58411185  -11.05201936	 -94.88544685   -6.21448918 -287.01424050   -6.30275952  -28.82958397    4.26938726	27.96461273	0	0.00000000	0.00000000	0.00000000	-0.14985841  0.09870290  0.01379266	-0.01662527 -0.18345796  0.09076551	  24.06122719   19.40758331  -27.95613699 -142.47263082  -67.18223327  -18.80121971    1.56753650  -15.03784577   29.19406168   15.15453396  -15.01550472   -2.76355105	 0.01558524  0.01570029 -0.45215610  0.67716032 -0.19993901 -0.01478757 -0.00324369 -0.07269534 -0.35596785  0.73114109 -0.34659523  0.07004922	
0.00398000	0.60413957	0.00132143	 131.74720764  126.57040405 -857.16558838  -37.70229721  -97.89856720  -13.05312920	 -76.44909668  -12.29808426 -192.42295837   -3.94490981   -8.66636181    2.15115905	 119.23802268  121.49153819 -865.26854045  -44.87710594 -103.87414587  -14.17146438	 -85.16937568   -8.69365017 -240.50215104   -4.72195520  -23.22606538    3.21767484	29.26611190	0	0.00000000	0.00000000	0.00000000	-0.14059023  0.09406392  0.03333036	-0.01065953 -0.07318060  0.09872011	  24.34215520   20.68922761  -30.30368178 -145.70329996  -68.78266750  -21.70053054    1.51939158  -14.40067305   30.98264560   15.28226121  -13.99853003   -2.51706880	 0.01606845  0.01510971 -0.45167288  0.67149228 -0.20001571 -0.01357573 -0.00312588 -0.07294077 -0.35670415  0.73213053 -0.34680229  0.07236553	
0.00400800	0.60783553	0.00121524	 151.19398499  136.49131775 -877.12561035  -41.92859650 -106.36230469  -17.44582939	 -68.80868530   -6.91229725 -160.41125488   -2.77951169   -7.25198555    1.86256516	 148.01737017  123.89568683 -885.77084345  -50.00230615 -116.42430042  -18.41520684	 -75.62264237   -7.23244109 -200.94733899   -3.54389253  -19.03055954    2.51998484	30.53338447	0	0.00000000	0.00000000	0.00000000	-0.13482269  0.08353483  0.05034048	-0.07031891 -0.12388663  0.19949797	  23.44077750   22.98803979  -32.84816394 -148.37818472  -71.76813004  -24.40448228    1.39840106  -13.87900054   31.74576558   15.81462121  -13.43265674   -2.04105134	 0.01678942  0.01448845 -0.45110530  0.66645318 -0.19966289 -0.01193437 -0.00302378 -0.07330126 -0.35736376  0.73318899 -0.34714746  0.07462815	
0.00397600	0.61139566	0.00113845	 157.93284607  146.89393616 -913.56378174  -43.23265076 -112.45915985  -18.66991425	 -68.31533051    0.63693100 -134.63916016   -1.91922188   -5.52255344    1.82590795	 164.19191220  132.49697626 -919.20807109  -53.14186229 -125.14119486  -21.43936299	 -70.45536292   -1.07430772 -170.91384408   -2.78994413  -15.90319758    2.03952939	32.40173908	0	0.00000000	0.00000000	0.00000000	-0.13853506  0.07927661  0.05640804	-0.07078568 -0.12242531  0.19091058	  23.88827427   25.16104375  -34.85545859 -151.66752192  -76.05449861  -27.85434124    1.22863729  -13.71934809   31.13580732   15.65545795  -13.11562524   -1.63717646	 0.01781718  0.01379048 -0.45053005  0.66224235 -0.19901095 -0.00984815 -0.00292953 -0.07378446 -0.35789299  0.73419374 -0.34759998  0.07682174	
0.00400000	0.61488378	0.00100528	 135.50921631  172.06349182 -940.34484863  -43.94301987 -115.16041565  -17.16882324	 -58.98121262   -0.20977011 -107.96326447   -1.30801761   -3.65641737    1.00116324	 156.41624430  155.44846934 -950.94931419  -55.76178450 -131.61306479  -22.19896206	 -62.86199822    0.67027120 -143.14198535   -1.97407617  -12.58509659    1.38818926	34.61477196	0	0.00000000	0.00000000	0.00000000	-0.13441625  0.07757653  0.06931983	-0.01196842 -0.04672810  0.14432021	  21.45039511   27.58646054  -37.11155413 -153.85375430  -80.37036301  -30.26373366    1.08824763  -13.02410926   29.96978567   15.64554832  -12.87188635   -1.44568164	 0.01915942  0.01303116 -0.44999316  0.65890598 -0.19809057 -0.00740146 -0.00285099 -0.07439038 -0.35825348  0.73512179 -0.34818289  0.07890029	
0.00400000	0.61822391	0.00086213	  88.91491699  157.99575806 -911.48785400  -41.66347504 -106.09537506  -14.31936073	-40.95963287   1.10434151 -82.23474884  -0.81123787  -2.95998406   1.17451692	 127.13988541  155.19374624 -942.85839988  -54.35501329 -129.67414911  -20.47805820	 -49.28876577    0.81041090 -116.55776921   -1.44089583   -9.99104108    1.20030913	36.39462576	0	0.00000000	0.00000000	0.00000000	-0.12616256  0.07533328  0.08351068	 0.05404560 -0.03849877  0.16500943	  18.26386900   29.88641187  -38.06743794 -157.83404716  -85.71618237  -32.82439602    1.09186050  -11.76068720   28.29571242   16.34154267  -12.64009765   -2.00513840	 0.02078544  0.01217213 -0.44953299  0.65638256 -0.19700912 -0.00467097 -0.00280387 -0.07509601 -0.35845289  0.73596549 -0.34888086  0.08089446	
0.00399200	0.62140054	0.00068071	  32.50410843  162.00608826 -875.06298828  -38.20169830  -96.76937103  -11.38000679	-38.81261444  -0.43132538 -67.15859985  -0.81274116  -1.81823254   1.27071309	  81.16936151  155.57836703 -919.27091157  -51.56183782 -124.71679417  -18.30769616	-41.84518922   0.40613667 -98.92691939  -1.13760751  -8.04005622   1.33889808	38.21142108	0	0.00000000	0.00000000	0.00000000	-0.11655897  0.06169410  0.09217151	0.06974030 0.00812490 0.19155302	  15.76004032   32.21832087  -39.39751793 -163.32863532  -91.52797578  -35.46202229    1.20562521  -10.40237404   26.28833604   16.80280406  -12.67199876   -2.05082015	 0.02259553  0.01123641 -0.44917250  0.65460318 -0.19589697 -0.00174874 -0.00279602 -0.07598572 -0.35849890  0.73669410 -0.34967852  0.08277359	
0.00399600	0.62437767	0.00052791	  13.47283459  165.37889099 -828.20971680  -35.33425140  -91.44999695   -9.52368164	-33.75881958  -1.32140720 -63.66834641  -0.79835838  -1.43299282   1.13373077	  41.85303463  162.97176471 -873.79134378  -48.14712660 -118.60824615  -16.18433732	-36.97084819  -0.25519979 -90.00988734  -0.95676668  -6.62384279   1.22761102	38.95760623	0	0.00000000	0.00000000	0.00000000	-0.11091334  0.05116784  0.09494907	 0.07036984 -0.01863268  0.24881810	  13.44451895   33.83674458  -39.61725856 -168.36319808  -96.33999698  -38.48923053    1.27493678   -8.47850431   23.99383446   18.30152842  -12.29989905   -2.33603099	 0.02450534  0.01022398 -0.44884267  0.65341431 -0.19488455  0.00113515 -0.00281172 -0.07699815 -0.35846823  0.73733073 -0.35059890  0.08453000	
0.00399600	0.62718505	0.00040409	  -4.28144884  141.96163940 -757.49871826  -31.73093033  -80.89410400   -7.79687977	-32.51113129  -5.71364737 -53.20594788  -0.92354268  -0.86753237   0.68691218	  17.21389234  152.67679589 -814.84161251  -43.68263698 -109.77889007  -14.00724254	-33.42162208  -3.04342742 -80.72090590  -0.77528830  -5.59886865   1.07224160	39.26162285	0	0.00000000	0.00000000	0.00000000	-0.10626450  0.04094682  0.09775380	 0.05442402 -0.03261807  0.25158951	  12.00030575   35.37089232  -39.70056921 -173.36490924 -100.37967204  -40.16440858    1.32433804   -6.56128756   21.63246800   19.49071778  -12.33145398   -2.04672562	 0.02644582  0.00922689 -0.44855890  0.65232521 -0.19412524  0.00375058 -0.00281172 -0.07808728 -0.35840687  0.73789060 -0.35154998  0.08616368	
0.00400000	0.62985700	0.00027948	  10.49746132  113.84416962 -702.09265137  -30.15539169  -75.50345612   -6.75806332	-31.28253174  -7.76149654 -50.72726440  -0.95622599  -0.48178551   0.68288499	  14.49412908  130.57911340 -758.47995176  -39.70218587 -101.39523101  -12.23222631	-32.06602774  -5.18266590 -75.95984507  -0.62814195  -4.87373731   0.94712217	38.77382070	0	0.00000000	0.00000000	0.00000000	-0.10636583  0.03056355  0.10232855	 0.02134675 -0.00086034  0.25894235	  10.64017812   36.60516956  -39.28240324 -177.07645785 -102.25180148  -41.64102744    1.26904629   -4.74092453   20.79770610   21.90388711  -11.89385573   -1.81681809	 0.02838631  0.00829883 -0.44836715  0.65120536 -0.19371106  0.00592116 -0.00280387 -0.07919941 -0.35837618  0.73837382 -0.35264677  0.08768232	
0.00398400	0.63238156	0.00013154	  23.44297028  112.20986938 -695.37335205  -30.29209900  -76.58316040   -6.15365028	-28.03298569  -3.30255651 -45.04808807  -0.71603531  -0.62240016   0.53326225	  28.47714473  118.56888450 -727.67440619  -37.68699937  -97.59025311  -10.96263294	-29.59490326  -3.61496837 -70.66853556  -0.60967513  -4.43097480   0.75333588	38.17489065	0	0.00000000	0.00000000	0.00000000	-0.10898577  0.02157366  0.09445322	 0.00250986 -0.03007300  0.28580467	   9.41139776   37.87242765  -39.39877312 -180.08058811 -103.02129480  -42.10929449    1.19274449   -3.02413350   19.94683326   23.48671080  -11.77508289   -1.25255904	 0.03030378  0.00745515 -0.44829813  0.64997053 -0.19369571  0.00785398 -0.00278816 -0.08025019 -0.35837618  0.73881102 -0.35385093  0.08910893	
0.00399600	0.63474840	0.00001935	  44.28323364  111.04319763 -712.01928711  -31.51492882  -80.51585388   -7.31184578	-29.79230309  -3.75361276 -46.20198822  -0.75541496  -0.51005846   0.72651154	  47.56960437  115.93866818 -728.23228021  -37.62561757  -98.54461605  -11.34351284	-28.98672458  -2.90032183 -69.11793922  -0.57399402  -4.30976214   0.85492252	37.03717418	0	0.00000000	0.00000000	0.00000000	-0.11219526  0.01410580  0.08193167	 0.01489964 -0.06138059  0.28390793	   8.83483565   38.76977132  -40.12278210 -182.89411305 -103.47489275  -42.18859833    1.14412843   -1.95806925   20.00285641   25.85956945  -11.43402077   -0.56694320	 0.03219058  0.00674951 -0.44829813  0.64854395 -0.19396415  0.00939563 -0.00277245 -0.08120893 -0.35843754  0.73924053 -0.35513180  0.09042815	
0.00398800	0.63698602	0.00000000	  47.04627228  112.21321869 -756.87731934  -34.08399200  -84.55854034   -8.28853703	-31.96059990  -5.47468042 -45.75291061  -0.70485902  -0.33236510   0.64754671	  56.64783822  115.42527236 -755.10390960  -38.86707715 -101.97529165  -12.40029171	-30.47293236  -3.87544607 -68.46507522  -0.49807877  -4.21798267   0.78536052	36.40460234	0	0.00000000	0.00000000	0.00000000	-0.11396252  0.01201503  0.07256150	 0.01534233 -0.04866530  0.26679405	   8.04835959   38.69991851  -41.42191223 -183.92855948 -102.75720288  -41.02790277    1.10906050   -1.11962240   19.82052530   27.71185179  -11.43480894   -0.11290071	 0.03403136  0.00618194 -0.44839785  0.64686424 -0.19422494  0.01057680 -0.00274889 -0.08205262 -0.35849890  0.73967004 -0.35648939  0.09163232	
0.00399200	0.63920444	0.00000000	  43.68338394  132.27815247 -815.69128418  -36.37805176  -91.85987091   -8.53512955	-29.23937416  -4.37435389 -43.56905746  -0.77769101  -0.69749159   0.62984681	  59.47174203  125.02417340 -801.32507370  -41.29248731 -108.80320440  -13.35288244	-30.05272363  -3.38858047 -67.55490566  -0.58104450  -4.27651638   0.79530798	35.77332569	0	0.00000000	0.00000000	0.00000000	-0.11508268  0.01217368  0.06697983	 0.04284058 -0.04149299  0.24880578	   7.26408058   38.62417310  -42.96126018 -185.72437080 -103.97668348  -39.07478530    1.08435981   -0.74955675   20.09463309   29.55178809  -11.25176009    0.36750919	 0.03573408  0.00572175 -0.44852054  0.64503878 -0.19438601  0.01141281 -0.00274104 -0.08275057 -0.35853726  0.74012256 -0.35793135  0.09276747	
0.00400000	0.64142728	0.00000000	  44.05981445  158.08920288 -881.06768799  -38.56815720  -99.13351440   -9.40016270	-34.79635239  -4.97994804 -44.88978195  -0.71640038  -0.54211301   1.09237218	  62.75827893  149.40746694 -865.69578325  -44.76281129 -118.45198941  -15.04160583	-31.93171565  -2.60791200 -67.73371211  -0.58368831  -4.47945624   0.99890827	35.41258798	0	0.00000000	0.00000000	0.00000000	-0.11532768  0.01224102  0.06149483	 0.05924482 -0.04534856  0.24001926	   6.27892650   37.60406793  -44.44223001 -186.26928521 -103.71243099  -36.87609956    1.09103550   -0.70782256   20.28001280   30.82135164  -11.34675864    0.54400463	 0.03752116  0.00535359 -0.44860491  0.64319801 -0.19440134  0.01197272 -0.00273318 -0.08331815 -0.35853726  0.74062109 -0.35943463  0.09381825	
0.00400800	0.64365458	0.00000000	  37.25677109  164.41159058 -936.25073242  -41.07881546 -104.14931488  -10.06947422	-28.82760048  -1.36265767 -45.48445892  -0.66459703  -0.97396678   1.12094617	  62.63719517  164.52334186 -920.04644660  -47.36622033 -126.04092671  -16.42023146	-30.65772576  -1.38030817 -68.30157805  -0.63225391  -4.54915829   1.03822537	35.04893801	0	0.00000000	0.00000000	0.00000000	-0.11550951  0.01007674  0.05792781	 0.07908940 -0.02366656  0.23110917	   5.51776915   37.20431725  -45.76558210 -186.87457878 -104.76352170  -34.02103943    1.11424401   -1.00898139   20.83403329   32.34940703  -10.93286458    0.58727886	 0.03926990  0.00503146 -0.44865093  0.64138025 -0.19433232  0.01236388 -0.00273318 -0.08375534 -0.35849124  0.74118102 -0.36100698  0.09479232	
0.00399200	0.64587295	0.00000000	  38.73019791  176.11819458 -976.84997559  -42.89578247 -108.67410278  -10.72266102	-31.37517357  -0.47150391 -44.46684265  -0.68374223  -0.97844470   1.14240718	  62.75014512  177.21612383 -973.86034788  -49.92099703 -133.56031395  -17.76141292	-30.76936601  -0.57727173 -67.62898387  -0.70640886  -4.74143961   1.13012814	35.24509326	0	0.00000000	0.00000000	0.00000000	-0.11798453  0.00407755  0.05760397	0.11317196 0.00863275 0.25413092	   4.96631989   36.49264261  -46.72270347 -186.54427402 -104.61222343  -32.34549035    1.14891953   -1.53404222   21.30157386   33.73598634  -10.33580177    0.53079269	 0.04098029  0.00466330 -0.44868162  0.63973886 -0.19430164  0.01264767 -0.00274104 -0.08406980 -0.35837618  0.74180996 -0.36265600  0.09568970	
0.00398400	0.64808691	0.00000000	   36.05274582   195.17961121 -1016.01458740   -44.03884506  -113.85763550   -12.37224770	-33.71432114  -0.72541684 -46.47843933  -0.67856443  -0.45190987   1.12151706	   62.17616322   193.59858631 -1016.51789642   -52.01336676  -140.40266783   -19.72440610	-33.03076416  -0.78767527 -69.39524663  -0.67983509  -4.62666059   1.14591366	35.85685987	0	0.00000000	0.00000000	0.00000000	-0.12019933 -0.00249199  0.05872857	 0.11055394 -0.00220242  0.26231818	   4.84262402   36.87257590  -47.52931034 -186.66056621 -104.76023611  -30.46805048    1.19490477   -2.53757936   21.43528764   35.25347135  -10.00743323    0.44572462	 0.04267533  0.00418777 -0.44873530  0.63832760 -0.19430164  0.01300815 -0.00274889 -0.08428456 -0.35822278  0.74252325 -0.36435103  0.09654873	
0.00400000	0.65030974	0.00000000	   35.60339355   201.54524231 -1023.48345947   -43.74580765  -113.87606049   -13.14691067	-32.05171967  -1.29254365 -39.99431992  -0.65240359  -0.71961027   1.09842038	   62.94109420   204.95547854 -1035.69642980   -52.61323016  -143.13136424   -21.18303277	-33.35614644  -0.64720569 -66.39871492  -0.66543398  -4.57472217   1.12113375	36.96163282	0	0.00000000	0.00000000	0.00000000	-0.11880661 -0.01054609  0.05812244	0.11727694 0.01033713 0.26401897	   4.45998082   37.69782539  -48.01066514 -186.63852859 -104.63305606  -30.30664963    1.20648912   -2.98329671   21.45606688   36.62114800   -8.92126929    0.31660524	 0.04437039  0.00362019 -0.44884267  0.63714647 -0.19430164  0.01349136 -0.00275675 -0.08444563 -0.35803103  0.74327487 -0.36611512  0.09731572	
0.00399200	0.65252817	0.00000000	   33.26288986   201.97834778 -1018.08184814   -43.39667130  -112.85072327   -12.90951347	-30.28323364  -1.62479544 -39.03046417  -0.63628501  -0.36262289   0.99025130	   61.42817458   209.23233330 -1038.14541943   -52.09555885  -143.24059900   -21.67827391	-31.24395611  -0.86050842 -63.17991906  -0.62829052  -4.19298160   1.06543354	38.37570274	0	0.00000000	0.00000000	0.00000000	-0.11635492 -0.02001527  0.05896318	0.11395421 0.00568671 0.28425045	   3.92013006   38.97679547  -47.60543654 -187.23058842 -104.60573401  -29.99469164    1.19565063   -3.64600165   21.54658475   38.58775697   -7.76756871   -0.02742712	 0.04611145  0.00296058 -0.44902676  0.63622606 -0.19430164  0.01413563 -0.00275675 -0.08458368 -0.35779327  0.74410325 -0.36794823  0.09800601	
0.00399600	0.65474874	0.00000000	  29.78230667  190.55894470 -989.32855225  -42.48836899 -109.83614349  -12.20383263	-30.03852463  -0.71203148 -31.63920403  -0.58705926  -0.02893722   0.95893312	   58.50434080   202.76131684 -1021.00298156   -50.70066453  -141.14992213   -21.08233785	-30.88673354  -0.57324273 -58.67297409  -0.60740605  -3.68788192   1.00437896	39.86814985	0	0.00000000	0.00000000	0.00000000	-0.11257113 -0.03005195  0.05935504	 0.10920166 -0.02316567  0.30552462	   3.66897950   41.10460460  -47.03527694 -187.98469530 -105.10581565  -30.50838624    1.18905328   -4.13159350   21.26428313   40.13098169   -6.54636336   -0.42960594	 0.04787553  0.00222427 -0.44930288  0.63556647 -0.19430164  0.01491796 -0.00275675 -0.08471407 -0.35750180  0.74502361 -0.36983502  0.09863494	
0.00399200	0.65696716	0.00000000	  29.12670135  177.53620911 -943.81347656  -40.48618698 -104.43789673  -11.49313831	-24.61121750   2.39415741 -28.24153900  -0.29686311  -0.03729487   0.74494064	  56.31285772  194.76221262 -988.39667097  -48.60426761 -136.62237118  -20.37816881	-27.25821024   0.51782954 -54.64555870  -0.50481151  -3.29170184   0.85573754	41.21887135	0	0.00000000	0.00000000	0.00000000	-0.10769884 -0.03721424  0.05888960	 0.11696193 -0.01606569  0.30778845	   3.76242425   43.63586943  -46.51152053 -188.79179671 -105.43374992  -30.78233371    1.15991529   -5.15815099   20.87882683   41.87677230   -5.72242792   -0.80218233	 0.04966262  0.00147262 -0.44967103  0.63514459 -0.19430164  0.01585369 -0.00274889 -0.08483679 -0.35716435  0.74605143 -0.37174484  0.09917951	
0.00399600	0.65918779	0.00000000	  27.59448624  167.77566528 -908.02526855  -38.95241928 -100.11087799  -10.40920162	-24.73139763   3.79984140 -25.25086784  -0.30150157   0.47046751   0.62432688	  53.94896355  182.94779380 -947.05180676  -45.73442202 -130.49598596  -18.96077682	-25.36581867   3.40025874 -50.03323955  -0.57260745  -2.64783179   0.59091064	42.28022332	0	0.00000000	0.00000000	0.00000000	-0.10394066 -0.04548868  0.05975628	 0.11272022 -0.03412851  0.32976944	   3.49381019   46.30505475  -46.16272714 -189.75213957 -105.59036113  -30.91851247    1.16015091   -5.88061326   20.53025717   43.23206035   -4.95208968   -1.03755338	 0.05144203  0.00072864 -0.45010823  0.63485318 -0.19430164  0.01688145 -0.00274889 -0.08499019 -0.35677317  0.74720186 -0.37368530  0.09960902	
0.00399200	0.66140616	0.00000000	  29.55622673  157.20368958 -854.61334229  -36.33346176  -94.14572906   -9.46381855	-22.85191917   1.22533429 -19.89172363  -0.22517161   0.55480474   0.26303992	  53.00062985  173.00207773 -900.02920637  -42.73028353 -123.70882642  -17.63098369	-23.95782481   2.75631090 -46.24647167  -0.42822804  -2.21436977   0.34804357	42.68243155	0	0.00000000	0.00000000	0.00000000	-0.10156525 -0.05452527  0.06059276	 0.09205135 -0.03581325  0.34082198	   3.84581044   48.93306655  -46.29287220 -191.25794044 -106.00907811  -31.04613266    1.16003310   -6.56939882   20.15198735   44.30834883   -4.35475758   -0.87270667	 0.05319844  0.00006903 -0.45056841  0.63456935 -0.19430164  0.01797825 -0.00274889 -0.08518194 -0.35634366  0.74849045 -0.37563348  0.09992348	
0.00398800	0.66362232	0.00000000	  28.90707207  149.85989380 -821.94982910  -35.00729370  -91.00393677   -9.15466404	-21.19083214  -0.05840313 -21.42698288  -0.19607539   0.74958438   0.12919569	  53.78049246  164.83368090 -863.50062386  -40.48275735 -118.72426264  -16.88628842	-22.00312385   1.80322157 -44.53631404  -0.33110835  -1.93516699   0.20376180	42.44406169	0	0.00000000	0.00000000	0.00000000	-0.10050238 -0.06213029  0.05714039	 0.08857274 -0.03427971  0.33866423	   4.06744246   51.01448134  -46.80745612 -192.37650946 -106.48760263  -30.93135095    1.13666732   -7.15506128   19.79631459   45.25788219   -4.12834617   -0.60214581	 0.05490116 -0.00043718 -0.45099026  0.63423187 -0.19430164  0.01911340 -0.00274104 -0.08543504 -0.35586813  0.74991703 -0.37758163  0.10013057	
0.00400400	0.66584742	0.00000000	  30.89268112  141.47880554 -809.99804688  -34.64533234  -89.50625610   -8.86399841	-23.11226845   2.24520731 -18.08593369  -0.06819661   0.88660848   0.19092420	  54.44713360  156.89311076 -838.80364687  -38.67748351 -115.35225525  -16.32857693	-22.76895573   2.13083778 -42.66869467  -0.26898309  -1.71877316   0.13048762	41.91583684	0	0.00000000	0.00000000	0.00000000	-0.10064582 -0.06808409  0.05355329	 0.07274673 -0.04826375  0.33454473	   4.24130682   52.80219381  -47.78300513 -192.78163303 -106.93591899  -30.45489813    1.10411238   -7.55381105   19.22999051   45.88896998   -4.07842283   -0.23323364	 0.05655019 -0.00075165 -0.45137376  0.63376403 -0.19430931  0.02024087 -0.00273318 -0.08573417 -0.35536960  0.75148934 -0.37953743  0.10022262	
0.00398800	0.66806358	0.00000000	  29.52270699  144.68309021 -815.00598145  -34.39176941  -89.63923645   -8.27843952	-21.31540489   4.85520792 -16.96497345   0.05269234   0.85052723   0.31217423	  54.12630009  154.03736018 -831.14997956  -37.90387737 -114.25281978  -15.80871364	-21.12988047   3.67041113 -40.57571576  -0.24118587  -1.53832585   0.13091922	40.92742248	0	0.00000000	0.00000000	0.00000000	-0.10160998 -0.07368175  0.04991757	 0.07274673 -0.04826375  0.33454473	   4.54942169   53.93012375  -48.97046588 -192.33589950 -107.50575520  -29.76681219    1.10953162   -7.96851383   18.74692693   46.21704258   -4.11127513   -0.00145327	 0.05813786 -0.00085903 -0.45173424  0.63316578 -0.19430931  0.02133000 -0.00273318 -0.08607931 -0.35487872  0.75310004 -0.38149327  0.10024562	
0.00400400	0.67028862	0.00000000	  31.24494934  154.92549133 -838.13385010  -34.83234024  -92.81663513   -8.87705326	-20.82077599   2.42468286 -14.52990055  -0.08466750   1.05532348   0.17537023	  54.49583702  160.84249972 -842.85204007  -38.07103193 -116.02599040  -16.25472279	-22.02730523   2.68430468 -39.30732404  -0.15621228  -1.38507424   0.10675159	39.88472308	0	0.00000000	0.00000000	0.00000000	-0.10277291 -0.07943733  0.04633202	 0.07274673 -0.04826375  0.33454473	   4.94052014   54.26486291  -50.15972762 -191.36457447 -107.97803714  -28.48227447    1.11860297   -8.18803828   18.20358474   46.41229747   -4.27212731    0.30416758	 0.05964883 -0.00082835 -0.45207173  0.63236046 -0.19431697  0.02233476 -0.00273318 -0.08648582 -0.35440317  0.75493312 -0.38346443  0.10023028	
0.00398400	0.67250258	0.00000000	  33.01440430  161.25447083 -871.47924805  -35.82629395  -96.80770874   -9.79675388	-18.08708000   1.11379683 -11.62360573  -0.11171637   0.92889297   0.13241383	  57.56385982  172.22098632 -871.36520554  -38.43274473 -120.41529696  -17.59501075	-20.12510317   1.36280736 -36.41757187  -0.17206598  -1.21112688   0.11890679	38.88851659	0	0.00000000	0.00000000	0.00000000	-0.10386536 -0.08786450  0.03962652	 0.07640982 -0.04830956  0.36892009	   5.50571067   53.95916156  -51.19255011 -189.75618584 -108.51220726  -27.43686157    1.12237288   -8.35691578   17.95212007   46.11116168   -4.21998761    0.58320853	 0.06109077 -0.00069796 -0.45237851  0.63141704 -0.19431697  0.02324747 -0.00273318 -0.08693067 -0.35395831  0.75688899 -0.38543561  0.10016125	
0.00399600	0.67472321	0.00000000	  34.67985535  167.83357239 -908.86810303  -36.51147461 -101.11175537  -10.34639740	-21.34365082   2.07862544 -13.20318317  -0.05772660   1.06914890   0.28618601	  60.41815456  181.70525231 -904.63499785  -38.86796271 -125.59026453  -18.84870855	-19.73181935   1.55480851 -35.09388870  -0.19009200  -1.13003232   0.16455848	38.13444049	0	0.00000000	0.00000000	0.00000000	-0.10478610 -0.09623242  0.03253202	 0.07615836 -0.04686263  0.37674129	   6.61578114   53.78612403  -52.06681891 -187.80632062 -109.21478516  -26.12911045    1.12437565   -8.25265180   17.33201187   45.06045225   -4.31784345    0.89132863	 0.06246369 -0.00060592 -0.45266998  0.63044298 -0.19431697  0.02425223 -0.00273318 -0.08739087 -0.35358250  0.75896752 -0.38742977  0.10009990	
0.00400400	0.67694825	0.00000000	  36.53464890  175.00242615 -939.36749268  -36.56047821 -104.69877625  -10.95735073	-16.79090309   2.13372493  -9.19790936  -0.07769334   0.99817514   0.29115173	  64.62027895  190.37527496 -936.16592038  -39.05866183 -130.24981871  -19.90628231	-18.24136406   2.92471094 -33.36715281  -0.25112304  -0.94469882   0.17942799	37.63460596	0	0.00000000	0.00000000	0.00000000	-0.10348477 -0.10467569  0.02645691	 0.07879111 -0.04900481  0.37788608	   7.41095361   53.55903645  -52.76786060 -185.93501557 -109.76826021  -26.04477872    1.12555374   -8.08581886   17.08592200   43.81360276   -4.56742654    1.06184264	 0.06380592 -0.00059058 -0.45297676  0.62957627 -0.19431697  0.02533369 -0.00273318 -0.08782038 -0.35329103  0.76113045 -0.38943928  0.10004620	
0.00398400	0.67916220	0.00000000	  38.31182480  177.35459900 -953.65496826  -36.17477417 -106.17318726  -10.91719151	-14.47264290   1.39221787  -7.15421581  -0.19115196   0.80656415   0.27022201	  67.74673375  197.80190365 -960.14841736  -38.53000545 -133.74738547  -20.68035619	-16.19709241   1.89839197 -31.21251596  -0.25181754  -0.84240121   0.20990235	37.49326695	0	0.00000000	0.00000000	0.00000000	-0.10222933 -0.11452023  0.02207295	 0.08400258 -0.04735266  0.39736191	   8.03130660   53.59701586  -53.15611295 -184.72100820 -110.46955162  -25.73625987    1.12637841   -7.52723497   16.64180913   42.48185721   -4.66240964    1.04882272	 0.06504844 -0.00067495 -0.45331424  0.62891668 -0.19431697  0.02652252 -0.00273318 -0.08827291 -0.35306862  0.76340073 -0.39144114  0.10001553	
0.00400000	0.68138504	0.00000000	  35.62060547  177.58457947 -959.15692139  -35.06119537 -106.53011322  -10.42817974	-13.91942406   4.15113449  -5.19771719   0.07622199   0.75703251   0.20918094	  67.67932058  200.94561096 -971.73863720  -37.43801348 -135.35548182  -20.72656108	-13.40395096   2.97004888 -29.13608173  -0.25410706  -0.73787880   0.14596290	37.30532098	0	0.00000000	0.00000000	0.00000000	-0.10013923 -0.12483151  0.01863069	 0.09633630 -0.04381952  0.41410649	   8.97304569   54.06230754  -53.63063653 -183.65133614 -111.16992997  -26.20933926    1.12708527   -7.06607900   16.26833593   40.80126138   -4.59500233    1.01967208	 0.06639834 -0.00081301 -0.45371306  0.62854081 -0.19431697  0.02778039 -0.00273318 -0.08870242 -0.35289222  0.76576304 -0.39345065  0.10000785	
0.00400000	0.68360788	0.00000000	  33.37385559  172.44264221 -947.01904297  -33.47834778 -104.62542725   -9.57313347	-16.97387314   3.44230318  -6.95612669  -0.03414224   1.05286288   0.30929777	  65.76432747  199.99429191 -968.60007118  -35.83568012 -134.68968648  -20.20668866	-14.80502441   2.52918813 -29.22067599  -0.25197594  -0.72287640   0.17418294	37.38686903	0	0.00000000	0.00000000	0.00000000	-0.09745443 -0.13403425  0.01821189	 0.09939027 -0.04815421  0.42667629	   9.55515465   54.86646414  -53.86161307 -183.46636345 -112.10198284  -25.91822824    1.12755651   -6.47772201   15.94285919   39.50926268   -4.27270540    0.93113762	 0.06775592 -0.00097408 -0.45418093  0.62841046 -0.19431697  0.02909961 -0.00273318 -0.08907825 -0.35276181  0.76820976 -0.39534512  0.10000785	
0.00398000	0.68581963	0.00000000	  29.82538605  164.88807678 -929.71746826  -32.10905075 -102.26470184   -8.73296642	-13.57188034   3.02448106  -5.91144180  -0.07796347   0.87523299   0.25833035	  62.06747872  194.82358416 -953.89927195  -33.50974739 -132.34055836  -19.23537239	-14.79321029   2.68358632 -29.64842015  -0.25211017  -0.69624744   0.15338659	37.43940839	0	0.00000000	0.00000000	0.00000000	-0.09536531 -0.14155203  0.01851058	 0.10352247 -0.03414802  0.43060337	  10.11355272   55.88495615  -54.23625557 -183.66926894 -112.96508063  -26.25227376    1.12790994   -6.16051582   15.71915663   38.35623930   -3.90821897    0.70156009	 0.06911349 -0.00115049 -0.45474851  0.62843347 -0.19431697  0.03043417 -0.00273318 -0.08938504 -0.35266212  0.77073312 -0.39736229  0.10000785	
0.00401200	0.68804914	0.00000000	  30.91866112  153.56988525 -906.76104736  -30.12545776  -99.39942932   -7.29642439	-10.63343143  -4.20072269  -2.65788531  -0.46723011   0.61422342  -0.02749449	  60.89849160  186.03468391 -934.00069967  -31.03029258 -129.11421892  -17.80263556	-11.51168014  -1.16186380 -26.85697170  -0.21220330  -0.65447696   0.12502379	37.68219171	0	0.00000000	0.00000000	0.00000000	-0.09378652 -0.14835682  0.01889707	 0.09135423 -0.03009684  0.42083269	  10.36707851   57.07876723  -54.47994069 -184.72505114 -113.86778662  -25.84300628    1.12814556   -5.87393092   15.73502754   37.44970150   -3.49676094    0.56984235	 0.07046339 -0.00136524 -0.45543113  0.62844110 -0.19431697  0.03172272 -0.00273318 -0.08959980 -0.35257006  0.77332556 -0.39939481  0.10001553	
0.00398400	0.69026309	0.00000000	  29.42877388  145.84210205 -896.57281494  -29.23559189  -98.53390503   -6.30459738	-9.74262238 -1.96801329 -5.61800957 -0.36875567  0.75661099  0.13958380	  61.95261358  179.18095699 -918.89010214  -29.28893264 -127.14291051  -16.56257049	-10.13036046  -2.71155291 -28.66173065  -0.23875998  -0.54904171   0.15590466	37.62390609	0	0.00000000	0.00000000	0.00000000	-0.09372538 -0.15295095  0.01938110	 0.09082344 -0.02376101  0.41744592	  10.55374018   58.28061922  -54.99741898 -185.46198861 -114.63571052  -25.62545943    1.11255568   -6.08142346   15.93157958   36.52458069   -3.03276020    0.31968122	 0.07180563 -0.00158767 -0.45621347  0.62843347 -0.19432464  0.03287320 -0.00272533 -0.08966883 -0.35247803  0.77599472 -0.40143502  0.10001553	
0.00399600	0.69248366	0.00003211	  24.21279907  142.09732056 -892.57849121  -28.62691116  -97.64476776   -5.71188831	-7.15765572 -0.34973255 -4.12369967 -0.24196413  0.54744464  0.28481236	  58.15717665  173.47349406 -912.07041554  -27.57549045 -126.08901536  -15.59674924	 -8.35739065  -1.23926710 -27.69549707  -0.22714655  -0.48707824   0.25154166	37.76497916	0	0.00000000	0.00000000	0.00000000	-0.09456298 -0.15814704  0.02032619	 0.09395014 -0.00577884  0.39674114	  10.78182633   59.53167651  -55.35000318 -186.48621110 -115.50959006  -24.39904100    1.11255568   -6.31294960   16.17703816   35.66306325   -2.29675636    0.13801687	 0.07310951 -0.00180243 -0.45709550  0.62843347 -0.19433232  0.03388563 -0.00272533 -0.08960747 -0.35237065  0.77873284 -0.40345988  0.10001553	
0.00400000	0.69474220	0.00013109	  26.95421791  138.85485840 -883.66412354  -27.53156471  -96.55123138   -5.11230373	-9.94553185  1.04408705 -6.90186453 -0.33095133  0.71755934  0.05281490	  58.26234880  169.19684671 -903.62786387  -26.15202396 -124.69137791  -14.81194589	 -9.44331835  -0.27418848 -28.35564221  -0.27159593  -0.54428559   0.12394609	37.77668824	0	0.00000000	0.00000000	0.00000000	-0.09588414 -0.16397454  0.02161753	0.09629186 0.01118720 0.39574056	  10.85710295   60.96356737  -56.38698916 -186.88724760 -116.22828816  -23.19457764    1.11255568   -7.24733602   16.51944708   34.51707322   -1.45139003   -0.12176517	 0.07433669 -0.00199417 -0.45810026  0.62841809 -0.19433232  0.03479068 -0.00272533 -0.08939271 -0.35224792  0.78154004 -0.40546939  0.10001553	
0.00399200	0.69710630	0.00024596	  28.24564552  137.71118164 -882.73864746  -26.55607796  -96.35317230   -4.76813650	-10.63628483  -2.91860199  -4.98029757  -0.46548486   0.74342239   0.04319495	  59.29444971  168.14469405 -899.94689060  -25.08375087 -124.00343161  -14.38571711	 -8.91322996  -2.43203067 -27.50233189  -0.27044940  -0.39048372   0.09828182	38.13538251	0	0.00000000	0.00000000	0.00000000	-0.09793984 -0.16985562  0.02326093	0.09629186 0.01118720 0.39574056	  11.28589514   62.18099546  -57.01839081 -187.18243582 -116.87217883  -21.59296020    1.09072142   -8.00501394   16.70214439   33.54930041   -0.84562372   -0.26207726	 0.07550252 -0.00214757 -0.45925841  0.62841809 -0.19434765  0.03558835 -0.00271748 -0.08909359 -0.35212523  0.78437793 -0.40744823  0.10001553	
0.00399200	0.69959807	0.00035158	  28.88911629  134.90687561 -881.59625244  -25.98151588  -96.24865723   -4.92460823	-9.12558746  0.41784057 -6.03197718 -0.07304534  0.65077454  0.01693259	  60.40614389  167.16833255 -897.85096630  -23.63588407 -123.68996738  -14.33387365	 -8.65597572  -1.78776801 -26.65022657  -0.19758681  -0.42632129   0.07999559	38.02760071	0	0.00000000	0.00000000	0.00000000	-0.10084067 -0.17584133  0.02423400	0.08755095 0.05091981 0.38848509	  11.96556773   63.22069575  -57.91385438 -187.43727022 -117.50977038  -20.24639903    1.09083923   -9.31875383   17.31609211   32.77891986   -0.34672154   -0.48052700	 0.07660698 -0.00225495 -0.46057764  0.62841046 -0.19434765  0.03630932 -0.00271748 -0.08871776 -0.35197949  0.78720045 -0.40938872  0.10001553	
0.00400400	0.70221388	0.00046469	  29.02963066  136.06463623 -881.94061279  -25.20688057  -96.33048248   -4.95623541	-11.06652355  -2.28619409  -5.72317982  -0.35136530   0.86750001   0.08046826	  61.67472922  167.86058130 -897.00895927  -22.45326395 -123.54322155  -14.48876695	 -9.82111804  -1.90562118 -27.49127452  -0.22711744  -0.41264829   0.10438584	38.36446198	0	0.00000000	0.00000000	0.00000000	-0.10354680 -0.18045817  0.02495526	0.09357128 0.08033609 0.37635254	  12.58896062   64.51317657  -58.59429036 -187.09278530 -118.23871592  -18.30896124    1.06606020  -10.43465717   17.71655679   31.91391562    0.14296767   -0.60280659	 0.07765776 -0.00228563 -0.46205792  0.62841046 -0.19435532  0.03696893 -0.00270962 -0.08828057 -0.35181841  0.79006130 -0.41128317  0.10001553	
0.00399200	0.70494872	0.00057043	  33.37469101  136.31932068 -887.23315430  -24.77329445  -97.00294495   -4.91133022	-6.38070869 -1.05943930 -5.92704296 -0.37457567  0.42092347 -0.03473640	  64.67385204  169.22395747 -899.84089475  -21.64961243 -123.84159385  -14.59218430	 -8.03356117  -1.40949550 -28.68584345  -0.25586769  -0.48252655   0.08213261	38.77469011	0	0.00000000	0.00000000	0.00000000	-0.10673918 -0.18515274  0.02619189	0.09941807 0.08913008 0.37671379	  13.27437226   65.91154010  -58.74823284 -187.10243077 -119.31706178  -16.53990582    1.02486569  -11.80133451   18.48082499   31.94634400    0.68673750   -1.01464300	 0.07865485 -0.00228563 -0.46367627  0.62840277 -0.19435532  0.03755184 -0.00269392 -0.08783572 -0.35161901  0.79291451 -0.41311628  0.10001553	
0.00397600	0.70779222	0.00067296	  40.32925034  137.23774719 -886.34051514  -24.49612045  -97.68608856   -5.01150656	-8.05010986 -3.50703192 -5.79651880 -0.38068765  0.61586976 -0.05588127	  70.88000792  172.42964613 -900.95433516  -20.81007206 -124.17478099  -14.81169672	 -7.43833813  -2.57382807 -28.68521174  -0.20569865  -0.49131743   0.05024521	39.28905560	0	0.00000000	0.00000000	0.00000000	-0.10970723 -0.19091536  0.02614933	0.10333878 0.12198789 0.37858690	  14.01558987   67.31583312  -58.83645974 -186.76885910 -120.25378419  -14.72578396    0.95233427  -13.05084054   18.83776531   31.53673449    1.07829222   -1.38809299	 0.07959825 -0.00226262 -0.46544802  0.62840277 -0.19435532  0.03811175 -0.00267821 -0.08739854 -0.35140425  0.79581374 -0.41491103  0.10001553	
0.00400400	0.71076524	0.00077833	  40.63201904  133.62026978 -896.18890381  -23.83385468  -98.61293793   -4.79199028	-7.30588722 -3.12288809 -7.73620224 -0.32244757  0.69992918  0.00852900	  74.34249279  172.38489138 -906.49624940  -19.73811625 -124.96751165  -14.84292946	 -7.66577011  -2.82839405 -30.21613187  -0.16682153  -0.41854822   0.09691358	39.67162857	0	0.00000000	0.00000000	0.00000000	-0.11198473 -0.19807885  0.02562381	0.09283398 0.13864019 0.39155226	  14.82226928   68.53549125  -58.25825081 -186.47648773 -121.12138612  -13.33490709    0.82600316  -14.20465746   19.79685184   31.50692841    1.40525919   -2.00831181	 0.08051097 -0.00224728 -0.46736550  0.62840277 -0.19436300  0.03867165 -0.00264679 -0.08699970 -0.35116649  0.79857486 -0.41661376  0.10000785	
0.00398800	0.71384645	0.00087443	  42.15316772  130.75132751 -901.29302979  -23.32513809  -99.24282074   -4.40586281	-13.20531845  -2.92817974  -4.11792660  -0.34894201   0.84032953  -0.10138959	  79.43241099  171.05616325 -912.40742666  -18.82347146 -125.60018573  -14.60439489	-11.73121466  -3.06863615 -27.66750788  -0.15412559  -0.52980079   0.04643407	40.33440473	0	0.00000000	0.00000000	0.00000000	-0.11365945 -0.20607415  0.02696350	0.08682767 0.13566949 0.39682659	  15.68637864   69.99050199  -57.67974991 -186.40244421 -121.88140169  -12.13786196    0.71023547  -15.26701352   20.55596794   31.38821716    1.80487237   -2.59970991	 0.08140834 -0.00223961 -0.46939036  0.62840277 -0.19436300  0.03927757 -0.00259967 -0.08664688 -0.35090569  0.80152011 -0.41827047  0.09999251	
0.00399200	0.71703672	0.00096300	  45.85312271  130.02639771 -904.52239990  -22.72744942  -99.58471680   -4.12599182	-13.40386105  -5.12997580  -4.85503912  -0.48376930   0.98645598  -0.00582926	  82.50848186  171.14938998 -915.71915549  -17.60580673 -126.05971547  -14.37315356	-12.61639348  -4.39046090 -27.22458631  -0.15164218  -0.43517245   0.10045086	40.66341528	0	0.00000000	0.00000000	0.00000000	-0.11575583 -0.21272929  0.02873095	0.08426418 0.17003036 0.40811067	  16.41351238   70.99271571  -56.60785732 -186.56572818 -122.56910356  -11.48637985    0.50705286  -16.00145903   21.63636669   31.57405343    2.21680543   -3.34439717	 0.08229038 -0.00221660 -0.47153792  0.62840277 -0.19437067  0.03999087 -0.00253684 -0.08635543 -0.35063726  0.80446535 -0.41985047  0.09995417	
0.00400400	0.72033209	0.00104438	  47.20334244  127.99479675 -910.69641113  -21.66721725 -100.30758667   -3.91477871	-14.41670036  -1.49301386  -2.10863876  -0.27940744   0.94056958   0.11575556	  85.39922090  170.85819751 -920.49180954  -16.26262273 -126.59561621  -14.19755722	-12.54572908  -3.86625406 -25.64059327  -0.19302578  -0.35393344   0.16784355	41.21755934	0	0.00000000	0.00000000	0.00000000	-0.11831932 -0.21819844  0.03006525	0.09254914 0.19267723 0.40169268	  17.51193261   71.99927838  -54.95947901 -186.34506086 -122.78624653  -11.12640516    0.29589855  -16.59421494   22.71409037   31.61016457    2.62697518   -3.99456590	 0.08314174 -0.00219359 -0.47376218  0.62840277 -0.19437067  0.04077320 -0.00245830 -0.08614067 -0.35038415  0.80734158 -0.42135376  0.09990048	
0.00398400	0.72370678	0.00112496	  49.31112671  123.42919159 -918.75396729  -20.94803047 -101.08298492   -3.26566887	-11.82150936  -4.88024426  -3.94056535  -0.46208841   0.79521954   0.15870018	  88.76276273  170.30283206 -926.02960882  -15.05536788 -127.22648050  -13.90227878	-11.25476655  -3.88084365 -25.98307780  -0.15320559  -0.38942467   0.19116405	41.58542513	0	0.00000000	0.00000000	0.00000000	-0.12176338 -0.22177886  0.02901944	0.09997238 0.19884017 0.39681908	  18.15864403   72.57473473  -53.40880679 -186.06385893 -122.96806797  -10.92950327    0.11498232  -16.97939709   23.86117833   31.66809773    2.91139668   -4.74441436	 0.08397776 -0.00217058 -0.47605550  0.62840277 -0.19437067  0.04162456 -0.00237190 -0.08602563 -0.35013103  0.81014878 -0.42279568  0.09982378	
0.00401200	0.72718656	0.00119180	  49.39559174  122.08024597 -922.84124756  -20.38039398 -101.54865265   -2.72280622	-11.14612770  -4.45064259  -7.10858631  -0.43810090   0.88819623   0.08178907	  90.96984215  169.89242020 -932.15345531  -13.66902625 -127.97553381  -13.38997744	-11.49980041  -4.64863790 -28.36195497  -0.11478241  -0.43808348   0.22102228	41.76587880	0	0.00000000	0.00000000	0.00000000	-0.12533313 -0.22560878  0.02835153	0.11400879 0.21493790 0.39007324	  18.99382978   73.19582788  -51.90537804 -185.36622794 -122.96640611  -10.85226491   -0.04504257  -17.26770933   24.92508522   31.41681303    3.18607478   -5.29237722	 0.08478310 -0.00216291 -0.47835648  0.62840277 -0.19437067  0.04250660 -0.00229336 -0.08601028 -0.34988561  0.81288695 -0.42415327  0.09972407	
0.00399200	0.73072958	0.00126262	  51.38623810  115.23764801 -928.22387695  -19.30532074 -102.11624908   -1.67917860	-13.17377949  -5.95663977  -5.25903702  -0.44322979   0.99608284  -0.04737075	  94.33798221  166.61688975 -936.75656200  -12.13469470 -128.45424521  -12.54305941	-12.27604462  -5.31343358 -27.59476521  -0.08818798  -0.45207871   0.16535191	41.74041102	0	0.00000000	0.00000000	0.00000000	-0.12796325 -0.23028710  0.02847701	0.11565972 0.22508453 0.39532514	  19.50805662   73.49413142  -50.09939317 -183.73740303 -122.70265175  -10.49391935   -0.11066243  -17.38670160   26.38458257   31.03879555    3.39003532   -5.78597505	 0.08555776 -0.00216291 -0.48045802  0.62840277 -0.19437067  0.04343466 -0.00223053 -0.08603329 -0.34963250  0.81556374 -0.42543414  0.09956300	
0.00399200	0.73435128	0.00132587	  51.36809921  112.86446381 -933.94104004  -18.25498390 -102.53596497   -1.22939992	-14.69444847  -6.92422390  -3.65451741  -0.58618385   1.19891226  -0.05332040	  96.86562985  164.46440340 -941.70611116  -10.83994035 -128.91615902  -11.91763166	-14.64493290  -8.07804676 -26.97437778  -0.02322850  -0.46798151   0.19013707	41.89333017	0	0.00000000	0.00000000	0.00000000	-0.12927052 -0.23614862  0.02830950	0.11565972 0.22508453 0.39532514	  20.24997336   74.02236593  -48.20934727 -182.20199315 -122.36899947  -10.21245950   -0.11914496  -17.31167983   27.45023135   30.38771673    3.61286692   -6.22188697	 0.08627873 -0.00216291 -0.48259026  0.62840277 -0.19437067  0.04438572 -0.00218341 -0.08609466 -0.34936404  0.81811780 -0.42663065  0.09934825	
0.00399200	0.73804325	0.00138461	  47.91112518  111.28305054 -941.79461670  -17.17540741 -103.14653015   -0.82219231	-12.74615765  -6.43162775  -1.60610604  -0.57693994   0.98292708  -0.06992993	  95.48777552  164.55629394 -948.61544514   -8.98643133 -129.68442853  -11.55522495	-14.75035163  -7.85916705 -25.59255579  -0.03291429  -0.41369050   0.17204230	41.86366129	0	0.00000000	0.00000000	0.00000000	-0.13029840 -0.24108302  0.02966757	0.11458353 0.25403455 0.40845568	  20.71404565   74.17513406  -47.02453689 -180.20034605 -121.89541300   -9.82919171   -0.08034621  -17.09979777   28.22733444   29.34274533    3.86366855   -6.51572033	 0.08693834 -0.00216291 -0.48456910  0.62840277 -0.19437067  0.04538281 -0.00216770 -0.08611766 -0.34909561  0.82057220 -0.42767376  0.09904912	
0.00399600	0.74180275	0.00144582	  44.24475098  112.68898010 -952.27551270  -15.92388248 -103.64613342   -0.56116766	-11.32674503  -6.15840530  -5.13907099  -0.51422489   0.94205672  -0.05302968	  93.26315859  165.55499155 -957.46736531   -7.42015294 -130.56411700  -11.37926404	-12.20154238  -6.78697442 -26.03362362  -0.09034235  -0.38518996   0.13511638	41.86852945	0	0.00000000	0.00000000	0.00000000	-0.13070165 -0.24484108  0.03079106	0.13076900 0.26398268 0.40848128	  21.60618828   74.35945265  -44.82768818 -176.91926837 -120.65843039   -9.14064627   -0.05658812  -16.79201815   29.37706636   28.28336757    4.57597419   -6.59752758	 0.08753660 -0.00216291 -0.48640218  0.62840277 -0.19437067  0.04632621 -0.00215984 -0.08611766 -0.34882715  0.82290381 -0.42872453  0.09872698	
0.00399600	0.74563026	0.00151128	  39.40936279  112.47605896 -961.36389160  -14.69837284 -104.26187897   -0.18852130	-9.76703930 -6.37799883 -3.68814158 -0.54608142  0.83084887 -0.04359111	  90.80496656  167.21576408 -966.52628111   -5.97366697 -131.47227951  -11.21255894	-11.14620253  -6.45042960 -26.71669300  -0.11308992  -0.39108473   0.14312077	41.80511699	0	0.00000000	0.00000000	0.00000000	-0.13013762 -0.24760208  0.02942143	0.13704672 0.26613863 0.40463058	  22.26283988   74.30203431  -43.87226003 -173.81832254 -119.62089991   -8.53433265    0.00294524  -16.34740393   29.80844014   26.94603252    5.16318396   -6.76380205	 0.08805815 -0.00216291 -0.48810491  0.62840277 -0.19437067  0.04734631 -0.00216770 -0.08610232 -0.34852803  0.82515109 -0.42969862  0.09835116	
0.00399600	0.74953055	0.00157231	  34.73118210  111.84787750 -968.92297363  -13.48491287 -104.67147064    0.31911770	-10.03741264  -5.40791607  -2.98057294  -0.55414891   0.77993059   0.02037660	  85.94033201  168.69776978 -976.17232772   -4.06947824 -132.50411645  -10.90164231	 -9.94954663  -6.12606910 -26.20465544  -0.15049174  -0.38428945   0.16405846	41.69860281	0	0.00000000	0.00000000	0.00000000	-0.12827801 -0.25066899  0.02766305	0.14663739 0.25080352 0.39719529	  23.17026976   74.46064276  -42.45746809 -169.94814284 -118.25046203   -7.86399757    0.04021257  -15.99242899   30.33570554   25.90197860    5.74885938   -6.80910278	 0.08854903 -0.00216291 -0.48973861  0.62840277 -0.19437067  0.04836641 -0.00217555 -0.08607931 -0.34813687  0.82732171 -0.43058065  0.09792931	
0.00398800	0.75349426	0.00164673	  25.22660828  106.47064972 -977.42224121  -11.31561756 -104.85927582    1.00133371	-8.35055637 -5.23576736 -4.28574038 -0.48808894  0.74264586 -0.03216851	  79.85092311  167.75733719 -985.37522802   -1.82108622 -133.37759727  -10.37157728	 -9.23391706  -5.98183343 -26.16404977  -0.11084377  -0.34224908   0.15723327	41.72036427	0	0.00000000	0.00000000	0.00000000	-0.12519932 -0.25425704  0.02666489	0.14146648 0.23609871 0.39566369	  23.50515328   74.56361328  -41.27424992 -166.01744879 -116.97790378   -7.22477204    0.04115505  -15.45316199   30.66910142   24.90980017    6.44144800   -6.98395395	 0.08896320 -0.00216291 -0.49136463  0.62841046 -0.19437067  0.04938650 -0.00217555 -0.08607165 -0.34766135  0.82942325 -0.43137830  0.09743077	
0.00398800	0.75754064	0.00172974	  28.87626839  100.88111877 -977.64233398   -9.62350464 -104.44387054    2.24927330	-9.57888603 -4.96513653 -1.05729258 -0.49590996  0.81208485 -0.01925903	  79.36572174  164.38037614 -988.05550606    0.30180691 -133.22985327   -9.45371483	-10.09788341  -5.43091682 -25.11946772  -0.13955390  -0.31523061   0.13396057	41.88139414	0	0.00000000	0.00000000	0.00000000	-0.12110021 -0.25737963  0.02640177	0.14064500 0.23780754 0.39440905	  24.24116257   74.92291933  -39.74550731 -162.34849294 -115.71885702   -6.55376302    0.02960970  -15.01693039   31.22781093   24.10202548    7.03374731   -7.11906435	 0.08940038 -0.00216291 -0.49302131  0.62841809 -0.19437067  0.05037592 -0.00217555 -0.08607165 -0.34700939  0.83146346 -0.43207628  0.09688620	
0.00400800	0.76169038	0.00181875	  24.84941292   92.39530945 -977.90917969   -8.42775822 -104.08611298    3.07365727	-8.86392784 -4.80867767 -3.35505342 -0.47819993  0.82646644 -0.07117071	  78.04760196  158.14465951 -989.41942641    2.68161370 -132.82686227   -8.18514139	 -9.24455052  -5.37767194 -25.27421287  -0.15011727  -0.27808423   0.10276198	42.03885826	0	0.00000000	0.00000000	0.00000000	-0.11811615 -0.25921928  0.02649383	0.13913037 0.22776591 0.37099402	  24.80781360   75.24931738  -38.98183562 -159.06811251 -114.56904490   -5.93206843    0.02513293  -14.40240411   31.29205439   23.25838460    7.80302927   -7.23962171	 0.08976854 -0.00216291 -0.49473172  0.62843347 -0.19437067  0.05128864 -0.00217555 -0.08607931 -0.34617338  0.83341157 -0.43267453  0.09626494	
0.00399600	0.76593238	0.00189820	  23.42986298   84.58473969 -979.67694092   -6.36071014 -104.04439545    4.26965284	-8.65892315 -1.29531872 -2.35042095 -0.32754517  0.72764993 -0.06527781	  77.70915977  152.54558912 -990.75370713    5.02578590 -132.59159791   -6.95601815	 -8.71294337  -3.81725380 -25.00394063  -0.16573497  -0.30867584   0.06724562	42.50257795	0	0.00000000	0.00000000	0.00000000	-0.11575147 -0.26060989  0.02656253	0.14283703 0.22828656 0.34242257	  25.23507330   76.01722695  -37.14476289 -155.70407627 -113.37912256   -4.80585478    0.02277673  -13.86840196   31.99094631   22.89658156    8.49454369   -7.41214403	 0.09008300 -0.00216291 -0.49650347  0.62844878 -0.19437067  0.05209398 -0.00217555 -0.08610232 -0.34512261  0.83529073 -0.43317306  0.09557465	
0.00398400	0.77025604	0.00200123	  23.88563347   76.46684265 -977.48571777   -4.88566732 -103.81637573    5.19496202	-8.79746437 -3.24692845 -1.26660550 -0.30841306  0.81029105 -0.05454186	  79.09149902  146.64669482 -989.59526874    7.04621072 -132.25331150   -5.81677793	 -9.32398806  -3.70361286 -24.63169738  -0.14673403  -0.23432044   0.06531998	43.41394041	0	0.00000000	0.00000000	0.00000000	-0.11449185 -0.26279285  0.02655571	0.14257054 0.22541588 0.33523234	  25.45622137   76.95281912  -36.06155802 -153.01546124 -112.20548536   -3.83036066    0.02136302  -13.08923256   32.06184973   22.53462009    9.28411707   -7.59893461	 0.09032077 -0.00216291 -0.49835956  0.62846410 -0.19437067  0.05276893 -0.00217555 -0.08611766 -0.34385705  0.83708549 -0.43354890  0.09480000	
0.00399200	0.77469862	0.00208520	  24.88009834   67.93612671 -978.41137695   -3.81651640 -103.58134460    5.74930191	-6.01316547 -1.06143332 -1.96241713 -0.52319199  0.54795372  0.02441396	  81.30167987  139.49933568 -990.31788516    9.18726794 -131.73768177   -4.76206937	 -7.91569592  -2.87278458 -25.07780747  -0.26484725  -0.29204989   0.07428243	44.66678756	0	0.00000000	0.00000000	0.00000000	-0.11420407 -0.26450760  0.02703142	0.13908239 0.22477371 0.29980071	  26.29329005   78.03457623  -34.50693452 -150.62536255 -111.08603939   -2.41134873    0.02042054  -12.61533163   32.57897927   22.52005429    9.83807215   -7.68454473	 0.09046650 -0.00216291 -0.50025403  0.62847948 -0.19437067  0.05330582 -0.00217555 -0.08612534 -0.34235376  0.83881122 -0.43379435  0.09394097	
0.00399600	0.77923679	0.00218290	  24.88879967   64.58276367 -974.49151611   -2.34226131 -103.29668427    6.41213560	-7.06712818 -4.64019918 -7.00689173 -0.45869079  0.76580507 -0.09530408	  83.36442300  135.08931097 -987.69810582   10.98573557 -131.15594545   -3.89198796	 -9.02858940  -5.09084790 -26.82029134  -0.10860909  -0.35127383   0.06949781	46.03235471	0	0.00000000	0.00000000	0.00000000	-0.11405261 -0.26626041  0.02770541	0.14110192 0.23010159 0.28016140	  26.40106086   79.35609269  -32.98126130 -147.97074256 -109.93688998   -0.82619965    0.01983149  -11.94882674   32.89085059   22.72462313   10.61357952   -7.89810177	 0.09053553 -0.00216291 -0.50220984  0.62849480 -0.19437067  0.05370466 -0.00217555 -0.08612534 -0.34062803  0.84044486 -0.43393239  0.09302057	
0.00399600	0.78388351	0.00224433	  25.20638847   63.82214737 -969.73718262   -1.03463268 -102.89890289    6.55187607	-6.57560349 -3.94037318 -6.17436361 -0.40355164  0.62688947 -0.11440182	  84.93099219  132.99619307 -984.81165066   12.29082988 -130.58574323   -3.41811753	 -8.10475305  -4.73033800 -28.14989089  -0.17480001  -0.31085471   0.02413832	47.39389478	0	0.00000000	0.00000000	0.00000000	-0.11415075 -0.26814982  0.02813628	0.14158158 0.22955620 0.26902482	  26.90474384   80.81388862  -31.33784823 -146.18571384 -108.85462386    0.73267193    0.01924244  -11.49779474   33.32448196   22.85155613   11.19937656   -8.00454420	 0.09053553 -0.00216291 -0.50416571  0.62850249 -0.19437067  0.05399611 -0.00217555 -0.08612534 -0.33865687  0.84198654 -0.43396306  0.09201582	
0.00399200	0.78859627	0.00233667	  25.45252800   59.23909378 -966.44586182    0.44815645 -102.31983948    6.75540495	-8.12074280 -3.87829995 -3.90636253 -0.42162904  0.54687977 -0.01156829	  86.54327575  130.82053466 -981.60305343   13.78166221 -129.85769036   -3.00254484	 -8.17566271  -5.39306301 -27.20819831  -0.14277777  -0.42921341   0.10044580	49.00168721	0	0.00000000	0.00000000	0.00000000	-0.11407310 -0.27002945  0.02854724	0.14158158 0.22955620 0.26902482	  27.05657754   82.43937202  -29.71639182 -144.17430978 -107.65321796    2.41307861    0.01888901  -11.09290294   33.11624387   23.20994264   11.86082818   -8.22783599	 0.09048951 -0.00215524 -0.50612152  0.62852550 -0.19437067  0.05418786 -0.00217555 -0.08612534 -0.33645561  0.84345919 -0.43390939  0.09094203	
0.00399600	0.79341394	0.00237779	  26.80899239   53.17301178 -961.19183350    1.45858014 -101.82520294    7.09432745	-3.38854551 -0.67817545 -3.26055312 -0.25311837  0.50599879 -0.01938688	  87.87946351  125.94807573 -977.28707820   15.46768456 -128.89982229   -2.49199119	 -8.05616091  -3.86191300 -27.84990831  -0.13413090  -0.42974645   0.07836972	50.12311932	0	0.00000000	0.00000000	0.00000000	-0.11460301 -0.27160731  0.02865461	0.16555729 0.22618713 0.24577131	  27.63940621   84.18469882  -28.47879331 -143.66450086 -106.98701077    4.03080992    0.01853559  -10.84841385   32.76132542   23.02932547   12.23905814   -8.40614852	 0.09045116 -0.00213990 -0.50803131  0.62854081 -0.19437067  0.05425689 -0.00217555 -0.08612534 -0.33403960  0.84484744 -0.43372530  0.08977621	
0.00400000	0.79827952	0.00243684	  28.49551201   50.02790451 -960.99908447    2.26305485 -101.71331024    7.34209585	-8.60184765 -1.21839583 -1.71622932 -0.33143359  0.66825193  0.08781257	  90.52086937  122.75360120 -974.82247880   16.85720791 -128.17979444   -2.05902446	 -8.43163503  -3.17232031 -26.11305532  -0.15689824  -0.39228497   0.13417157	50.84600658	0	0.00000000	0.00000000	0.00000000	-0.11453771 -0.27421538  0.02627303	0.18130458 0.20650280 0.22306962	  26.96287624   86.22651063  -26.61269126 -141.30200440 -105.67878208    5.89701369    0.01829997  -10.50610964   32.19054764   22.90135163   12.62291151   -8.71136732	 0.09042048 -0.00210155 -0.50985676  0.62854850 -0.19437067  0.05425689 -0.00217555 -0.08613300 -0.33145484  0.84612828 -0.43342617  0.08853368	
0.00398800	0.80320400	0.00243998	  30.62663841   48.75543213 -962.21887207    3.10004044 -102.06530762    7.47571468	-18.11717796  -1.88679266  -6.71617746  -0.27728745   1.61037266  -0.06830814	  92.83735226  121.09712077 -974.62546626   18.13176152 -128.01334322   -1.83096512	-13.98839545  -2.99495387 -27.77436756  -0.14938184  -0.35603493   0.06957610	51.01548895	0	0.00000000	0.00000000	0.00000000	-0.11384636 -0.27820450  0.02365506	0.18398303 0.19203861 0.21914332	  26.21966522   88.19698003  -24.97631532 -139.78472339 -104.77855229    7.60888628    0.01806435  -10.19321439   31.70782622   22.70968326   12.78840762   -8.94442279	 0.09041281 -0.00204786 -0.51153648  0.62855619 -0.19437067  0.05420320 -0.00217555 -0.08616368 -0.32872435  0.84727877 -0.43303502  0.08720679	
0.00399200	0.80813426	0.00246781	  36.13611603   47.39012527 -965.33172607    4.30542374 -102.15972137    7.71231508	-10.84014416  -4.87126160   0.85590935  -0.32993513   0.74160087   0.20498057	  96.66886614  120.68829051 -975.17798666   19.28214938 -127.85743820   -1.56549449	-14.11717667  -3.37007368 -26.76892331  -0.12371075  -0.31917506   0.17985625	50.71308454	0	0.00000000	0.00000000	0.00000000	-0.11300164 -0.28228932  0.02125118	0.18262417 0.17660440 0.20910424	  25.33598886   90.50565929  -22.79475550 -136.66087807 -103.51759890    9.84716820    0.01794654   -9.58041471   30.65585776   22.25750012   13.05236424   -9.25942254	 0.09040514 -0.00194049 -0.51303977  0.62856382 -0.19437067  0.05414184 -0.00217555 -0.08620203 -0.32591715  0.84825283 -0.43261316  0.08578019	
0.00400400	0.81310213	0.00244697	  29.72722435   38.56149673 -969.97814941    5.39151621 -102.60824585    7.78341246	-10.35134983  -3.14173150  -5.06295824  -0.42622170   0.86657023   0.15497313	  98.73721018  117.61019108 -976.89523149   20.59597189 -127.93666703   -1.28073458	-10.16570356  -2.71799469 -24.28132943  -0.14964314  -0.54477551   0.14835957	50.49879237	0	0.00000000	0.00000000	0.00000000	-0.11137990 -0.28600537  0.01738035	0.18318815 0.17159639 0.20752057	  24.40141461   92.45754581  -21.60054637 -134.59740200 -102.59004712   11.35935995    0.01771092   -9.04876271   29.43398148   21.22045885   13.37080984   -9.39753393	 0.09038980 -0.00173340 -0.51430529  0.62859452 -0.19436300  0.05412650 -0.00217555 -0.08624806 -0.32304093  0.84900451 -0.43214530  0.08436893	
0.00398400	0.81803566	0.00245900	  28.39467239   38.54621506 -974.85614014    6.25764704 -103.10281372    8.06361294	-16.08273125  -3.07889056  -8.96442890  -0.36638728   1.56458831   0.00083274	  96.61979582  115.68313034 -983.59846991   22.21191709 -128.58243086   -1.10737599	-14.45816784  -3.70431372 -27.86130374  -0.17945382  -0.32841648   0.12008317	50.14161551	0	0.00000000	0.00000000	0.00000000	-0.10978911 -0.28944133  0.01555311	0.17708145 0.15095706 0.19546821	  23.47758233   94.37967248  -19.76097639 -130.78708745 -101.14943757   13.23459563    0.01759311   -8.25011811   27.40733977   19.86676296   13.71404611   -9.66623851	 0.09037446 -0.00143427 -0.51531774  0.62861753 -0.19436300  0.05412650 -0.00217555 -0.08627873 -0.32014939  0.84964108 -0.43160841  0.08277359	
0.00399600	0.82298928	0.00242993	  20.19107628   37.97216034 -987.54504395    7.86531925 -103.68058777    8.02459812	-5.33591938  1.19252574 -3.40108466 -0.28546339  0.06738071  0.04748732	  92.40957367  115.89945883 -993.68036467   23.74787901 -129.54833861   -1.01928466	-10.02064568  -1.32932096 -26.50983108  -0.24764514  -0.50724627   0.11644975	49.86379391	0	0.00000000	0.00000000	0.00000000	-0.10721382 -0.29288342  0.01346719	0.18766160 0.13966104 0.19328433	  22.62272283   96.24541962  -18.73541107 -127.34762350 -100.00848624   14.94569324    0.01747530   -7.47902771   25.50237238   18.26896799   14.19250988   -9.78642013	 0.09032844 -0.00101243 -0.51611543  0.62864053 -0.19435532  0.05417252 -0.00217555 -0.08630174 -0.31723484  0.85013199 -0.43100250  0.08109388	
0.00399200	0.82790834	0.00244924	  13.34037495   37.67263031 -996.13964844    9.46597004 -104.04601288    6.93572760	-10.20875931   1.40271258  -4.27523899  -0.20463443   1.14287567  -0.03485875	   87.25771944   115.96660044 -1001.76322369    25.36675717  -130.32842571    -1.57283884	 -9.01287116  -0.60122019 -24.29853419  -0.23866758  -0.52426941   0.04620851	49.52662366	0	0.00000000	0.00000000	0.00000000	-0.10216792 -0.29674922  0.01039643	0.18791448 0.12566026 0.19997719	  22.24885619   98.01758916  -17.64661861 -123.19727311  -98.37767274   16.43596355    0.01735749   -6.53400151   22.95543766   16.33898311   14.41952524   -9.89683910	 0.09025941 -0.00047553 -0.51673669  0.62867123 -0.19435532  0.05424155 -0.00217555 -0.08630174 -0.31433561  0.85046947 -0.43032753  0.07932213	
0.00399600	0.83285111	0.00243639	   11.00295448    42.40072632 -1003.69604492    10.67407513  -104.21541595     6.50260115	-14.82244110  -3.33035254  -4.99047947  -0.36180127   1.29640150   0.02548887	   81.95321997   119.76127111 -1011.12528823    27.12127007  -130.97837238    -2.55824446	-12.82651187  -2.20136266 -26.11387651  -0.19251422  -0.28484803   0.10713414	49.13019571	0	0.00000000	0.00000000	0.00000000	-0.09744642 -0.29924738  0.00998513	0.17430040 0.09699636 0.17073107	  21.96166476   99.11808948  -16.58271184 -119.32774312  -96.91081497   18.09543018    0.01723968   -6.06096555   20.72808681   14.62944592   15.04652981   -9.93199576	 0.09017504  0.00016107 -0.51721984  0.62871724 -0.19434765  0.05427990 -0.00217555 -0.08630174 -0.31142873  0.85061520 -0.42956823  0.07744300	
0.00399200	0.83777732	0.00246773	    3.63060784    42.01147461 -1004.83770752    12.46518898  -104.05217743     5.72982931	-2.07743931  1.19663262  0.97509611 -0.16682933  0.05109329  0.05608055	   76.29792249   121.60551063 -1015.40346196    28.75233533  -131.22454664    -3.32338885	 -6.64561297  -0.14064959 -23.39733487  -0.19373819  -0.44243088   0.03646804	48.81529847	0	0.00000000	0.00000000	0.00000000	-0.09278307 -0.30071770  0.01048696	0.17617664 0.09065054 0.14910277	  20.95817229  100.73958321  -15.34525963 -114.32220957  -95.10862458   19.65079054    0.01723968   -5.47955271   18.26944847   12.95028932   15.44831540  -10.12409235	 0.09009067  0.00091272 -0.51764935  0.62877095 -0.19433999  0.05429524 -0.00217555 -0.08630174 -0.30865988  0.85062283 -0.42877054  0.07547951	
0.00400400	0.84274507	0.00245133	    1.01822162    39.92480850 -1000.34161377    14.22779274  -103.73289490     4.80593204	-7.70303059  2.78256607 -5.57836294 -0.08317057  1.11051512  0.04315960	   71.62539332   122.29823318 -1016.30479787    30.38986864  -131.06099862    -4.10459426	 -5.35769210   0.44256934 -25.10099234  -0.19388549  -0.24057238   0.03835249	48.85269227	0	0.00000000	0.00000000	0.00000000	-0.08769456 -0.30388842  0.01032266	0.17405492 0.07758107 0.14062139	  20.08077993  101.45180521  -14.42673548 -110.33863325  -93.63500157   21.29071067    0.03282956   -5.40159460   16.45985519   11.45213860   16.17044226  -10.12000751	 0.09000631  0.00173340 -0.51806355  0.62883997 -0.19433232  0.05429524 -0.00218341 -0.08631708 -0.30563793  0.85047710 -0.42787316  0.07342397	
0.00399200	0.84768796	0.00248071	  -4.91129541   36.26222992 -999.42608643   15.77487564 -102.76573944    4.14447737	-3.07689691 -2.89311194  0.11449231 -0.17432809  0.28041744  0.29290608	   68.38440413   121.80125767 -1014.11411930    32.15225083  -130.39203863    -4.82915378	 -6.07206593   0.29095035 -25.70502805  -0.16418598  -0.16066546   0.17171005	48.87635459	0	0.00000000	0.00000000	0.00000000	-0.08374169 -0.30769753  0.01099809	0.16605429 0.06994050 0.13364332	  19.14833644  102.69321409  -13.32658279 -106.26310794  -92.00208700   22.61587504    0.03282956   -4.93290979   14.24908615   10.17255600   16.46917523  -10.04729270	 0.08992960  0.00260777 -0.51850843  0.62893200 -0.19432464  0.05426456 -0.00218341 -0.08634009 -0.30255464  0.85023934 -0.42691442  0.07126106	
0.00400000	0.85266787	0.00247847	  -4.27534723   36.03767014 -983.76300049   17.57297134 -101.17761993    3.43349934	-3.38646865 -0.57895243 -5.67711115 -0.26992911  0.19724560  0.02678778	   62.57669618   118.66906692 -1007.96840189    34.07442578  -128.86541492    -5.43937555	 -3.25472542   0.29800671 -24.91681644  -0.18424657  -0.42107719   0.06342768	48.96241265	0	0.00000000	0.00000000	0.00000000	-0.08030059 -0.31186199  0.01208444	0.15222816 0.06872421 0.11378746	  18.23138237  103.32176148  -12.34876333 -103.07416211  -90.93754702   23.76264057    0.06679821   -4.98048551   12.34713788    8.58094336   17.19610893   -9.72658130	 0.08986825  0.00354349 -0.51897627  0.62906235 -0.19431697  0.05422621 -0.00219126 -0.08637077 -0.29940230  0.84994787 -0.42593268  0.06899844	
0.00399600	0.85764313	0.00252393	  -9.80862713   29.52756882 -971.45782471   18.96683693  -99.34089661    2.93806386	-9.06906891 -1.26514947 -3.64050341 -0.31669775  1.34017897  0.23595655	  58.71085083  114.99548097 -994.46932229   35.77473085 -126.59091840   -5.89074731	 -7.36862383  -1.08210554 -25.31052043  -0.20136975  -0.10014049   0.17229188	49.12280778	0	0.00000000	0.00000000	0.00000000	-0.07753009 -0.31716689  0.01473347	0.12676145 0.05496663 0.08075816	  17.02802572  104.79122653  -11.37247435 -100.09353888  -89.85717584   24.48668541    0.06656259   -4.77588190   10.11371881    7.47040180   17.62327607   -9.40844631	 0.08982223  0.00459427 -0.51951319  0.62920809 -0.19430931  0.05418019 -0.00219126 -0.08640145 -0.29622698  0.84964108 -0.42478219  0.06664378	
0.00398000	0.86265999	0.00254210	 -12.83166027   24.12061119 -953.91571045   20.57869720  -96.82420349    2.34319019	-4.51246166  0.26678887  1.18069077 -0.20668317  0.38993126 -0.02434113	  55.80147856  109.24026550 -978.89492434   37.46769275 -123.67031884   -6.19364337	 -6.70899697  -0.58591609 -23.28720249  -0.20167891  -0.16488502   0.08528317	49.27620509	0	0.00000000	0.00000000	0.00000000	-0.07444571 -0.32369848  0.01686036	0.10439913 0.04517053 0.05866155	 15.72840327 105.59137184 -10.55908320 -97.44304125 -89.19670418  25.13157813   0.05890496  -5.29839639   8.71524802   6.11849052  18.46118479  -8.98579078	 0.08979154  0.00575243 -0.52008843  0.62935382 -0.19430931  0.05413417 -0.00219126 -0.08643980 -0.29301327  0.84924996 -0.42354736  0.06422009	
0.00400800	0.86771262	0.00259620	 -16.25827026   23.07505989 -930.65893555   22.91296959  -93.84819031    1.04766178	-7.69144917  0.79838318 -4.22808504 -0.13684389  0.99889237 -0.08107805	  51.97162754  105.53626646 -959.68035513   39.12799034 -120.39210576   -6.79975988	 -5.37153435   0.15614750 -23.06259700  -0.23234045  -0.20342682   0.01304021	49.26147674	0	0.00000000	0.00000000	0.00000000	-0.07136193 -0.32950755  0.01923453	0.11439192 0.04970732 0.03571644	 14.69664528 106.87998475  -9.90445293 -94.64857832 -88.51539117  25.78531474   0.05572410  -5.49605560   6.49328513   4.61934952  18.92205150  -8.48091536	 0.08975320  0.00705631 -0.52070200  0.62949955 -0.19430931  0.05404980 -0.00219126 -0.08645514 -0.28978425  0.84875137 -0.42220512  0.06168136	
0.00398400	0.87281203	0.00262239	 -15.41465759   22.38103867 -910.12280273   24.65269470  -91.75696564   -0.01588246	-6.09245825 -1.84219539 -7.84768486 -0.06775095  1.06714463 -0.15417458	  50.49956995  101.81016533 -941.13301949   40.69349522 -117.41918926   -7.44401102	 -8.70778885  -1.02635631 -27.44542062  -0.19636082  -0.04072247  -0.00673701	49.24450742	0	0.00000000	0.00000000	0.00000000	-0.06889128 -0.33549680  0.02134280	0.11211147 0.03802724 0.02423503	 13.84084533 107.30753930  -9.54343650 -91.88110024 -88.11239091  26.49560708   0.05372133  -6.07294984   5.10147773   2.43703864  19.76910111  -7.57672306	 0.08970718  0.00848291 -0.52136159  0.62966061 -0.19430931  0.05393475 -0.00219126 -0.08645514 -0.28654754  0.84813780 -0.42075551  0.05905825	
0.00399200	0.87794501	0.00271692	  -9.62952995   24.03086853 -896.48706055   25.84043121  -90.54842377   -0.70897162	-3.20984626 -5.55024958 -5.23236227 -0.44980937  0.41195899 -0.28327048	  51.33645207  104.27250592 -921.72625096   41.91744495 -114.42695068   -8.38290392	 -5.55801724  -3.10819319 -27.81443725  -0.14153539  -0.22147654  -0.16398317	49.29712450	0	0.00000000	0.00000000	0.00000000	-0.06682539 -0.34118954  0.02133382	 0.10330089  0.04139426 -0.00269128	 13.45193537 107.30709674  -9.53680029 -88.91714653 -87.73268603  27.21829849   0.05254324  -6.22995714   3.32441293   0.48438545  20.47644863  -6.65133830	 0.08964582  0.00998621 -0.52204424  0.62985235 -0.19430931  0.05377369 -0.00219126 -0.08639378 -0.28331086  0.84745520 -0.41919851  0.05636611	
0.00399600	0.88318527	0.00277459	 -16.37191391   17.71434021 -875.89233398   28.12888336  -87.64861298   -2.00378251	 -9.32117367  -7.58740187 -14.11894417  -0.42818311   1.50118387  -0.78984070	  48.65090287  101.16915041 -904.12083479   43.54884018 -111.39858482   -9.17860006	 -7.31444141  -5.21454136 -30.88369084  -0.12569772  -0.05533117  -0.44355223	49.73943485	0	0.00000000	0.00000000	0.00000000	-0.06477072 -0.34717702  0.02015615	 0.08912458  0.04860140 -0.01973209	 12.95209620 106.94217219 -10.08723818 -85.55209711 -87.19666339  28.20031717   0.05160076  -6.81137869   2.35276452  -2.36797609  21.58803377  -5.40135094	 0.08957679  0.01158155 -0.52275753  0.63009781 -0.19430931  0.05353592 -0.00219126 -0.08624806 -0.28011250  0.84664983 -0.41751114  0.05368165	
0.00399600	0.88848966	0.00284672	 -17.56935310   18.35980034 -856.68041992   29.46486473  -85.71611023   -2.87270188	 -4.53915453  -5.77216721 -12.49462986  -0.31643450   1.06597507  -0.86384767	  45.57546879  100.21502537 -887.93936786   44.79430276 -108.79588268   -9.89000112	 -9.06925897  -7.84141108 -32.21443955  -0.04892617   0.02698205  -0.47704762	50.46267083	0	0.00000000	0.00000000	0.00000000	-0.06360684 -0.35509044  0.02206915	 0.07403659  0.04774515 -0.01634699	 12.74033236 106.50892976 -10.37415953 -82.49403280 -86.93376619  29.19644619   0.05101171  -7.11119360   1.14817205  -5.01838110  22.48454001  -4.41118773	 0.08950776  0.01319223 -0.52349383  0.63039696 -0.19430931  0.05319844 -0.00219126 -0.08601028 -0.27691415  0.84576011 -0.41569337  0.05103553	
0.00400000	0.89387637	0.00289263	 -23.01231956   13.72495842 -850.12512207   30.42246819  -84.12918854   -3.60554934	 -6.90541172  -5.56162548 -12.07932472  -0.31904411   1.18849421  -0.84512776	  40.68781120   96.06119151 -872.73307124   46.04348370 -106.26110753  -10.55639558	 -7.50989786  -6.96135984 -32.67819882  -0.04902720  -0.03210861  -0.65616005	51.51889063	0	0.00000000	0.00000000	0.00000000	-0.06232431 -0.36077181  0.02185951	 0.07444655  0.05330093 -0.03032535	 13.22624217 105.81225112 -11.22621439 -78.48039693 -85.86331152  30.12574219   0.05054047  -7.93577971   0.57129957  -8.16098783  23.40341083  -3.19324899	 0.08943106  0.01475689 -0.52426082  0.63078046 -0.19430931  0.05269990 -0.00219126 -0.08566514 -0.27373114  0.84474003 -0.41374522  0.04845077	
0.00399600	0.89931190	0.00297831	 -28.15538406   14.03094482 -830.35791016   31.59536362  -81.68804932   -4.85709763	-15.04310703 -10.05171394 -20.48172951  -0.56492156   2.69940758  -1.58881938	  35.26232095   93.92856041 -858.20658147   46.88759147 -103.76797917  -11.41679747	-13.80151033  -9.06729049 -36.09568531  -0.05435049   0.43219127  -0.99157010	52.43326347	0	0.00000000	0.00000000	0.00000000	-0.06097303 -0.36543997  0.02014950	 0.06608413  0.07054976 -0.04581470	 13.27051680 105.04755523 -11.89035262 -74.95165904 -85.01998839  31.00274228   0.06601254  -8.40875993   0.52610499 -11.13058724  24.05668675  -2.36336650	 0.08936970  0.01624485 -0.52507383  0.63120997 -0.19430931  0.05204796 -0.00219911 -0.08519728 -0.27057880  0.84358186 -0.41164365  0.04596572	
0.00399600	0.90484267	0.00302661	 -29.43161392    9.28136349 -815.99639893   31.95608139  -80.08819580   -5.15731907	-11.18732929 -15.92714310 -19.80965424  -1.15644670   2.60083079  -2.23574376	  32.15014721   91.18248557 -844.69805199   47.40048379 -101.66203153  -11.84731270	-14.64381505 -14.13198503 -39.02942417  -0.15976815   0.59181627  -1.37353670	53.30467735	0	0.00000000	0.00000000	0.00000000	-0.06109581 -0.36698380  0.01689203	 0.06021024  0.05654074 -0.05852701	 13.39592954 104.63306068 -12.72215689 -71.20655596 -84.10118255  32.24911251   0.06601254  -9.19491401   0.52783300 -14.93451200  24.92725982  -1.44804544	 0.08933135  0.01764078 -0.52595586  0.63172382 -0.19430931  0.05119660 -0.00219911 -0.08458368 -0.26744950  0.84234703 -0.40941173  0.04373378	
0.00399200	0.91042489	0.00312842	 -28.81298637    7.41133499 -801.92443848   32.13225937  -78.79465485   -5.46969032	 -7.94413710 -13.04140472 -48.43626404  -2.33282852   6.88845825  -2.24632406	  30.02579288   86.61236089 -832.69060056   47.74998682  -99.83089445  -11.98573327	-12.28890399 -15.83979698 -48.58238913  -0.86791473   2.00356280  -1.62856222	54.31980778	0	0.00000000	0.00000000	0.00000000	-0.06052123 -0.36808462  0.01367060	 0.07233245  0.07703088 -0.07853286	 13.10288586 104.20653859 -13.15776318 -68.00221712 -83.40443255  33.56909777   0.06601254  -9.59949815   0.65577497 -18.42849108  25.86974111  -0.97432258	 0.08933135  0.01885262 -0.52692997  0.63233745 -0.19430931  0.05017650 -0.00219911 -0.08383970 -0.26437387  0.84083605 -0.40703404  0.04152485	
0.00399600	0.91612250	0.00324019	 -34.43654633    2.66270924 -787.25531006   32.30084991  -76.92594147   -5.57823706	 -19.32399368  -23.64917564 -100.75650787   -3.95302153   15.96592045   -3.18550944	  27.48539036   80.60688816 -818.00312734   47.88430767  -97.75071108  -11.88436419	-24.47681586 -22.31524956 -87.09200721  -2.31329383   7.14324350  -1.97158855	55.23856345	0	0.00000000	0.00000000	0.00000000	-0.05976053 -0.36926547  0.01025980	 0.07085945  0.08351924 -0.08914823	 12.53319125 103.61409717 -13.73983844 -65.00032472 -82.65868938  35.03837427   0.08973175 -10.33058542   1.05201627 -22.63207692  27.18988773  -0.55689483	 0.08936203  0.02004912 -0.52804977  0.63305843 -0.19430931  0.04901835 -0.00220697 -0.08295000 -0.26130590  0.83911800 -0.40454900  0.03953835	
0.00399200	0.92194211	0.00339931	 -34.69392395    2.03117013 -773.41809082   32.30057526  -75.14295959   -5.83362675	 -14.55994511  -30.76445198 -151.14791870   -5.12348938   25.13963699   -3.89716268	  25.62050297   76.63192987 -804.19670466   47.74315179  -95.79850174  -11.86024272	 -34.01022573  -31.15660853 -130.53290010   -3.50374797   13.19284487   -2.30968666	55.68463326	0	0.00000000	0.00000000	0.00000000	-0.06045767 -0.37039361  0.00590191	 0.06047101  0.06828741 -0.10352409	 11.76085139 103.39571355 -13.88187427 -62.98403839 -82.31494341  36.79674090   0.08973175 -10.83954180   1.21547686 -26.36721483  27.99622730  -1.10888318	 0.08938504  0.02127631 -0.52931529  0.63387907 -0.19430931  0.04782184 -0.00220697 -0.08194523 -0.25826097  0.83718520 -0.40203327  0.03784330	
0.00399600	0.92794079	0.00351563	 -35.41579819    2.34355903 -757.35174561   32.62004089  -73.76553345   -6.32796001	 -19.38920212  -30.43949318 -182.77593994   -5.26774359   31.97346115   -4.28160477	  22.80475779   74.79141780 -786.81556197   47.65513670  -93.53605860  -12.10707057	 -43.27677684  -36.15513284 -175.03248363   -4.69379861   20.91223369   -3.06589632	56.04034024	0	0.00000000	0.00000000	0.00000000	-0.06132505 -0.37145903  0.00146235	 0.05962232  0.07718806 -0.11580900	 11.00397968 102.37584789 -14.31958886 -60.39455686 -81.54794890  37.83284659   0.08937832 -12.04854943   1.92760497 -30.96622566  29.32799012  -1.75521137	 0.08940805  0.02259553 -0.53074193  0.63483018 -0.19430931  0.04670203 -0.00220697 -0.08084077 -0.25518531  0.83498394 -0.39964792  0.03647805	
0.00399200	0.93406653	0.00367504	 -36.65782166    0.69070119 -731.52246094   32.84534454  -70.78733826   -6.86051035	 -18.76438904  -38.30033112 -272.69787598   -7.95192289   48.82333755   -5.78279591	  20.50581780   72.31271420 -766.35780713   47.51952284  -90.76321069  -12.31016511	 -59.36837700  -44.02497471 -242.10961320   -6.62497696   30.56359183   -3.74485906	55.92783446	0	0.00000000	0.00000000	0.00000000	-0.06252847 -0.37262450 -0.00152636	 0.05393797  0.08298207 -0.13494009	 10.26849154 100.41967283 -14.34737053 -57.56638955 -80.42734841  38.80888330   0.10214123 -13.02247010   2.00975746 -34.66683500  31.72252487  -2.83681451	 0.08942339  0.02408349 -0.53232193  0.63591927 -0.19430931  0.04568194 -0.00221482 -0.07972863 -0.25208667  0.83246821 -0.39752337  0.03546563	
0.00398400	0.94036496	0.00378975	 -35.66550064    0.29325813 -699.16766357   32.87218475  -67.77323914   -7.41133022	 -21.53685951  -47.50215530 -365.86587524  -10.16412258   61.52636337   -5.83050871	  17.67776224   68.30028440 -743.69924905   47.24722857  -87.59322026  -12.49311029	 -74.12127480  -51.96701904 -322.04525658   -8.55778296   40.04614601   -4.02104743	55.78293526	0	0.00000000	0.00000000	0.00000000	-0.06433006 -0.37611226 -0.00168737	 0.03587642  0.09065144 -0.13897821	  9.19718794  97.35910311 -14.26692901 -54.27578585 -78.84811192  39.22946773   0.10202342 -14.87684877   2.40628552 -38.72810970  34.63168763  -4.33378059	 0.08946174  0.02580155 -0.53395557  0.63713878 -0.19430931  0.04472320 -0.00221482 -0.07848611 -0.24901871  0.82968402 -0.39581299  0.03483669	
0.00399600	0.94679761	0.00391544	 -36.98467255    1.04188287 -673.35455322   32.78616333  -65.42471313   -7.82967281	 -18.26460457  -59.18161392 -427.58432007  -11.75930405   70.09352112   -7.06474733	  15.21303946   66.79196514 -712.49504337   46.56526661  -83.76301371  -12.83427379	 -88.43005535  -66.12301122 -397.07518806  -10.45542840   50.06032852   -4.61911616	55.05728154	0	0.00000000	0.00000000	0.00000000	-0.06787212 -0.37832886  0.00214085	 0.00907395  0.13734695 -0.15817257	  7.74227087  93.23427867 -13.91322289 -50.74155138 -77.28473323  39.43232009   0.10202342 -16.82432060   2.14551691 -41.67672422  38.29716884  -6.16010506	 0.08952310  0.02779573 -0.53585774  0.63838130 -0.19430931  0.04386417 -0.00221482 -0.07718223 -0.24595076  0.82657772 -0.39463949  0.03460660	
0.00399600	0.95336992	0.00398475	 -37.99872208    6.50403214 -625.44067383   32.07950211  -60.50090408   -7.63456583	 -16.21316719  -65.67080688 -490.10192871  -12.69894981   81.08274078   -8.55989265	  11.32056261   67.17668964 -674.53832546   45.25170989  -79.09577240  -12.75790534	 -98.09190651  -74.63143965 -461.42371032  -11.91321209   58.99898739   -5.66803738	53.92515275	0	0.00000000	0.00000000	0.00000000	-0.07460438 -0.37814138  0.01110239	-0.05631796  0.07386664 -0.18208741	  5.50188923  87.92845650 -13.47108189 -46.52835087 -75.48393198  38.83491646   0.10202342 -19.59199505   2.69106626 -44.69127865  42.15364721  -7.84275580	 0.08959980  0.03008136 -0.53791326  0.63981557 -0.19433999  0.04315087 -0.00221482 -0.07582466 -0.24291347  0.82312626 -0.39415628  0.03476767	
0.00400400	0.96002370	0.00407458	 -30.16675758   13.55772209 -570.52111816   30.61079979  -55.72087479   -7.53102684	  -3.11101151  -74.47618103 -535.88500977  -12.84149647   87.19532013  -10.63144112	   9.22558719   68.95656377 -633.36226956   43.27690171  -73.96671175  -12.63270101	-102.66132296  -82.02371712 -507.93570654  -12.58206228   65.42200393   -6.95280766	53.68911620	0	0.00000000	0.00000000	0.00000000	-0.07885017 -0.38381293  0.01676524	-0.04830674  0.15003818 -0.18122522	  2.63690898  81.53068952 -12.69510050 -42.55871989 -73.65521180  37.78285899   0.10166999 -22.14311196   1.98449997 -46.90160843  46.97806211 -10.38143120	 0.08968417  0.03261242 -0.54012984  0.64137256 -0.19442436  0.04261398 -0.00221482 -0.07442106 -0.23989920  0.81934500 -0.39427900  0.03527388	
0.00398800	0.96676844	0.00405775	 -33.42021942   12.37187672 -535.98590088   29.14161110  -51.42031860   -7.31198072	  20.38740349  -85.29097748 -558.67437744  -12.37282944   88.81178284  -12.06744576	   7.31002122   67.28995293 -581.16426795   40.40508973  -67.53051938  -12.12523691	 -90.19171961  -93.84834485 -552.54973433  -12.12572901   70.21843405   -8.57615199	52.47742301	0	0.00000000	0.00000000	0.00000000	-0.08241089 -0.38962870  0.02401792	-0.11705895  0.13132041 -0.20628583	  0.42849414  74.77330099 -11.60055964 -38.44372952 -71.10247689  36.79636095   0.07747954 -24.91176881   1.30027389 -50.05255912  52.60715458 -11.98815571	 0.08973019  0.03531990 -0.54245383  0.64304459 -0.19459309  0.04218446 -0.00220697 -0.07294077 -0.23694628  0.81524158 -0.39493093  0.03601019	
0.00399200	0.97349668	0.00404140	 -23.33300591   21.25711823 -460.96322632   26.67573166  -44.93276215   -7.50664091	 127.75432587  -79.44576263 -609.36627197  -10.06834888   88.19030762  -12.00643158	   5.67679851   67.36950901 -522.70789672   36.97506219  -60.45597582  -11.84540540	 -27.56402071  -93.06505983 -607.11956996  -10.99758683   75.16308717   -9.52613494	51.58516708	0	0.00000000	0.00000000	0.00000000	-0.08663492 -0.39580289  0.03036600	-0.15916087  0.09854778 -0.20254126	 -2.83942818  66.50671906  -9.13360742 -34.70761667 -69.24636554  34.43964682   0.07618364 -26.59078751  -0.07092902 -52.45490165  58.14964628 -14.13425590	 0.08970718  0.03811941 -0.54484683  0.64480102 -0.19488455  0.04192369 -0.00220697 -0.07135310 -0.23419280  0.81076235 -0.39596638  0.03694592	
0.00400000	0.98021126	0.00391810	 -24.20709610   24.32350731 -408.78472900   24.54846573  -39.53306961   -7.32221985	 178.14891052  -76.94534302 -629.44042969   -7.87876940   86.15311432  -11.67226601	   5.38984368   68.06935842 -469.00581757   33.73505357  -53.96210008  -11.71396450	  28.86659389  -86.35530404 -646.20101727   -9.40271463   77.68187640   -9.71374229	51.73402562	0	0.00000000	0.00000000	0.00000000	-0.09008824 -0.40139329  0.02953664	-0.15289066  0.10265297 -0.20838830	 -4.46134834  58.59504400  -6.91247967 -30.58030620 -67.54302895  32.19463938   0.05081509 -28.04543876  -1.45515350 -56.51050550  64.48530286 -15.27583759	 0.08964582  0.04096495 -0.54723984  0.64667249 -0.19537543  0.04186233 -0.00219911 -0.06961203 -0.23177677  0.80591500 -0.39726260  0.03798136	
0.00399600	0.98678648	0.00376821	 -18.90513229   26.30937195 -369.86404419   22.41080475  -35.75596619   -6.58530045	 194.91645813  -77.83515930 -631.09210205   -6.27838421   83.96852112  -11.64973164	   5.77515669   66.59621804 -414.87911165   29.90923076  -47.31567104  -10.87214504	  68.89692983  -81.90997188 -668.03500495   -7.30304374   78.03245120   -9.83822697	51.43740964	0	0.00000000	0.00000000	0.00000000	-0.09079289 -0.40536864  0.03185974	-0.20737346  0.06414227 -0.22633657	 -5.21889865  50.79929556  -4.63746761 -26.47607468 -64.35271369  29.11489125   0.01720033 -28.86718880  -3.11152098 -59.25554761  72.20329875 -16.20245887	 0.08950009  0.04370311 -0.54953319  0.64865899 -0.19609639  0.04186233 -0.00219126 -0.06764854 -0.22939144  0.80080682 -0.39872754  0.03899378	
0.00399600	0.99319518	0.00358812	 -14.02696037   25.88740349 -309.09570312   19.13180733  -29.86900330   -5.10088539	 201.83660889  -91.29454041 -635.57824707   -4.23497248   82.30278778  -12.75340462	   5.73605937   63.38349895 -363.41533041   26.12942094  -41.11371663   -9.58628608	  87.25322384  -85.46387479 -678.59717121   -5.01636068   77.10699862  -10.27187738	51.15138447	0	0.00000000	0.00000000	0.00000000	-0.08745756 -0.40931532  0.03009783	-0.20737346  0.06414227 -0.22633657	 -5.61212402  42.56504385  -1.48355003 -21.71382009 -59.80727726  25.39685656  -0.03777745 -30.39988778  -3.70871954 -62.22532596  78.98782127 -16.05040533	 0.08924698  0.04621883 -0.55163473  0.65073752 -0.19708581  0.04189301 -0.00217555 -0.06541660 -0.22721319  0.79558361 -0.40021551  0.03992184	
0.00398400	0.99939704	0.00344698	 -11.46343803   22.81657219 -275.51568604   17.48780441  -27.20030785   -4.73518801	 191.22503662 -104.03800964 -639.25482178   -3.44240808   83.62937927  -14.30351353	   7.25040393   59.16386047 -319.18424363   23.05993284  -36.10654310   -8.46084281	  88.94043450  -95.56262777 -682.33191687   -3.02085091   76.83760796  -11.17978647	50.49861414	0	0.00000000	0.00000000	0.00000000	-0.08420814 -0.41326312  0.02855095	-0.20737346  0.06414227 -0.22633657	 -5.10519814  35.66212064   0.92770755 -15.85533077 -54.23465341  21.31232221  -0.05006912 -31.74547561  -4.03795162 -65.14230649  85.87671678 -14.80804343	 0.08887883  0.04840475 -0.55344480  0.65290809 -0.19834368  0.04189301 -0.00216770 -0.06289320 -0.22527270  0.79032975 -0.40158075  0.04071184	
0.00399600	0.00544869	0.00326902	 -12.52780056   19.64257622 -248.36468506   15.52775669  -24.10619164   -4.63664389	 173.85307312 -118.41202545 -658.66833496   -2.30266285   88.65627289  -16.04828072	   6.23526418   50.91420301 -286.91445642   20.61204785  -32.18874636   -7.67792390	  78.98107944 -108.67048228 -691.93089223   -1.09138512   78.59500019  -12.63498768	49.51118390	0	0.00000000	0.00000000	0.00000000	-0.07919503 -0.41653140  0.02688157	-0.15935952  0.12640984 -0.15163066	 -4.44026561  29.90933785   3.74142763  -9.03942515 -46.87671948  17.56107865  -0.02049889 -33.72364559  -3.41137790 -68.80174039  91.05501106 -12.33447535	 0.08845698  0.05024553 -0.55492508  0.65521675 -0.19988532  0.04189301 -0.00216770 -0.06002466 -0.22355464  0.78513724 -0.40279260  0.04143281	
0.00399600	0.01130257	0.00316439	 -18.19424057   12.71189308 -226.39755249   14.03801632  -21.52473450   -4.52958536	 153.64492798 -120.91408539 -689.10455322   -0.67113519   95.15737915  -16.97142982	   1.03219029   43.72283480 -263.24955690   18.79289877  -29.23559594   -7.20549991	  62.63402007 -116.21564446 -709.80446249    0.52964935   81.79796521  -13.70370674	48.73611797	0	0.00000000	0.00000000	0.00000000	-0.06815047 -0.42091109  0.03150081	-0.19654978  0.10133277 -0.12310488	 -3.77445007  24.09976767   6.80049979  -2.65356323 -39.57343893  14.11238957   0.09149879 -36.71040698  -3.09183961 -71.74939398  96.05676582  -9.16526086	 0.08801980  0.05178718 -0.55609095  0.65765578 -0.20162639  0.04189301 -0.00218341 -0.05688000 -0.22202066  0.77988333 -0.40382037  0.04208475	
0.00400000	0.01704237	0.00304837	 -25.50136375    8.18587017 -202.55267334   12.77684879  -19.06592560   -4.32495165	 138.83596802 -117.01750183 -734.16259766    1.73075962  102.95552063  -16.30401993	  -4.98869050   35.41710601 -243.18948044   17.35154845  -26.70809456   -6.73684445	  43.65164113 -115.31090406 -737.93837533    2.22478685   86.29582142  -13.96019505	46.77026549	0	0.00000000	0.00000000	0.00000000	-0.05922804 -0.42062580  0.03933950	-0.21267608  0.03602034 -0.12053563	 -4.33935684  19.40799629   9.08381369   3.47169863 -32.73595589  10.52137956   0.11761319 -40.36979935  -2.39321146 -74.12386740  99.37177156  -6.67273960	 0.08761329  0.05311408 -0.55697298  0.66021752 -0.20356688  0.04187767 -0.00219911 -0.05354359 -0.22065543  0.77439934 -0.40470240  0.04272903	
0.00398400	0.02264433	0.00296653	 -33.55688095    3.23930287 -195.99339294   11.78647804  -17.40233612   -4.09222031	 148.74354553 -107.04563141 -768.17907715    3.98572397  108.34901428  -15.39983940	 -13.67433936   27.00342843 -226.96892390   15.99082364  -24.57801047   -6.16780303	  36.91079484 -107.20673737 -781.85143542    4.26771840   92.28516689  -13.47973691	44.29112140	0	0.00000000	0.00000000	0.00000000	-0.05669641 -0.41412784  0.04222906	-0.15889699  0.05117606 -0.17709690	 -5.02302711  15.79146926  11.49891766   9.62973117 -26.77667450   8.01884064   0.04347189 -44.08544419  -2.46494849 -77.10080142 102.82570955  -4.51915925	 0.08729116  0.05433359 -0.55763257  0.66290969 -0.20564543  0.04181631 -0.00219126 -0.05018417 -0.21938221  0.76865458 -0.40546173  0.04335796	
0.00400000	0.02816423	0.00279400	 -46.24487686  -11.17421055 -180.57818604    9.72375393  -14.86638927   -2.82631516	 177.69653320  -95.33721924 -835.20330811    7.81454515  116.82716370  -13.46629524	 -23.73536394   14.00563642 -215.32653097   14.73235691  -22.87298903   -5.03142476	  46.99932845  -93.95168580 -837.69836313    6.61892816   99.18386202  -12.40307938	42.03865211	0	0.00000000	0.00000000	0.00000000	-0.05890230 -0.40328376  0.04646967	-0.11990226  0.08572369 -0.23881296	 -7.64559833  12.18680301  13.90222501  15.11333968 -20.90872108   5.54131691  -0.03907336 -47.66967881  -2.91370734 -79.07851895 105.62968484  -2.94416253	 0.08705339  0.05550708 -0.55810046  0.66570151 -0.20780833  0.04170126 -0.00217555 -0.04691679 -0.21817803  0.76252633 -0.40611365  0.04394087	
0.00399600	0.03349016	0.00265611	 -57.86926651  -20.10427475 -176.96464539    7.92733002  -12.21688652   -1.26944435	 221.24822998  -90.59745789 -912.47985840   10.80805683  122.89009857  -12.71432018	 -32.58503207    2.85627938 -205.64224409   13.40417667  -21.39828262   -3.52615280	  72.31279557  -82.83811370 -901.09068227    8.99447816  105.77853939  -11.34887047	40.57443200	0	0.00000000	0.00000000	0.00000000	-0.06460154 -0.39220218  0.05430626	-0.10635884  0.08639471 -0.26466692	-10.58861140   7.38100566  16.67812761  21.15990093 -15.71873393   3.09105098  -0.05077598 -50.89294857  -3.11628591 -82.50985745 107.76585658  -1.05925204	 0.08683863  0.05668825 -0.55844557  0.66861606 -0.21003261  0.04153252 -0.00215984 -0.04381815 -0.21691251  0.75607598 -0.40670425  0.04444708	
0.00400400	0.03866728	0.00254809	 -68.77968597  -26.20853043 -165.56616211    6.89625168  -10.78239727   -0.10669719	 260.13113403  -93.91921234 -957.21002197   12.72439957  126.54759216  -12.30537415	 -44.03863354   -9.43383074 -197.15822383   12.03583036  -20.02170713   -1.70436154	 112.53644251  -76.24382958 -972.54630100   11.71746663  112.65826315  -10.57539884	39.19268315	0	0.00000000	0.00000000	0.00000000	-0.06956911 -0.38239996  0.05933447	-0.09650788  0.10568744 -0.27511476	-13.46947617   2.68213709  19.57698477  26.70150206 -10.61475746   0.57017619  -0.04975516 -53.60766752  -3.97649429 -84.81282289 109.51365566   0.11298710	 0.08659320  0.05787708 -0.55876005  0.67173773 -0.21228756  0.04130242 -0.00215199 -0.04099563 -0.21553959  0.74953353 -0.40724114  0.04480757	
0.00398400	0.04371322	0.00238723	 -66.92174530  -29.29809761 -131.41696167    5.08545876   -8.62982941    0.43529922	  282.20339966  -107.62712097 -1002.41900635    14.86928940   132.51608276   -14.72620296	 -49.39957040  -16.85834955 -171.37802729   10.40132638  -18.16628551   -0.72069250	  141.42285511   -77.86773924 -1025.58783277    14.14199332   118.46360920   -11.17741586	37.79555773	0	0.00000000	0.00000000	0.00000000	-0.07152103 -0.37493493  0.06353124	-0.10549034  0.09516253 -0.25938255	-15.82262245   0.55411518  21.75244524  30.67379755  -7.45401750  -1.61674367  -0.09330539 -56.13226444  -3.72515034 -85.70590721 109.89874907   1.47034575	 0.08624806  0.05906592 -0.55907452  0.67488235 -0.21451950  0.04103398 -0.00213628 -0.03846456 -0.21399027  0.74302948 -0.40771666  0.04501466	
0.00398800	0.04858261	0.00227057	-78.43444824 -30.13671494 -97.34587860   3.96819186  -4.03169203  -0.94073647	  259.57418823  -123.43283844 -1013.86401367    15.24778271   136.27973938   -18.85612679	 -58.39282372  -21.70175792 -149.83343515    8.92495447  -15.29464534   -0.64655090	  146.72869705   -88.66961241 -1053.37599225    15.84536070   122.28961125   -13.17299185	37.03863365	0	0.00000000	0.00000000	0.00000000	-0.07261981 -0.37429589  0.07762879	-0.09239939  0.12873995 -0.23262259	-18.07323713  -0.96405538  23.96972160  32.40687041  -6.44077187  -3.80786883  -0.31938197 -57.30028039  -3.44485033 -83.47380877 111.84573018   2.52033166	 0.08583388  0.06023174 -0.55939668  0.67804235 -0.21672076  0.04071951 -0.00208916 -0.03617893 -0.21218018  0.73664045 -0.40817687  0.04507602	
0.00400400	0.05333123	0.00213267	-79.71681213 -25.83993530 -80.42862701   2.40469480  -1.38150048  -1.09722698	  242.64634705  -137.73754883 -1022.31610107    15.47372246   138.07765198   -21.15989876	 -67.08618980  -24.96496367 -124.55569499    6.69320092  -11.20676138   -0.95697275	  131.38833398  -104.12064053 -1065.31006451    17.29792426   124.15670278   -16.01626316	35.83834240	0	0.00000000	0.00000000	0.00000000	-0.06918251 -0.36515214  0.08738533	-0.12710870  0.12262699 -0.29784883	-19.77347926  -0.82279280  25.70029300  33.70812404  -6.19291934  -5.24228292  -0.58598518 -59.50196384  -3.19143760 -80.72607582 114.20267434   3.71651290	 0.08536601  0.06139757 -0.55978781  0.68103361 -0.21891436  0.04035903 -0.00201847 -0.03411572 -0.21002494  0.73061186 -0.40867540  0.04507602	
0.00399200	0.05791992	0.00202596	-55.37364578 -14.27146912 -46.18139648   1.25885797   0.28045601  -1.22621548	  242.81263733  -148.13453674 -1032.90124512    15.72929001   137.85154724   -23.62131691	-58.27488916 -19.46043637 -92.47448093   4.22948135  -7.15392560  -1.18350375	  124.95084214  -115.99739737 -1074.02362443    18.26925476   124.23487389   -18.21766142	36.25978609	0	0.00000000	0.00000000	0.00000000	-0.06610220 -0.35390199  0.09524266	-0.13013205  0.11887367 -0.30444257	-21.92351499  -0.60744483  26.72454266  34.15076760  -5.90643475  -6.91055776  -0.90352178 -61.33080755  -2.34630025 -74.31377790 117.33702995   4.02243686	 0.08480611  0.06254038 -0.56029403  0.68378711 -0.22114630  0.03994485 -0.00191637 -0.03228262 -0.20747852  0.72423053 -0.40918928  0.04504533	
0.00400000	0.06239446	0.00191991	-42.35337448  -9.91268539 -24.08750916   0.65148300   0.14960599  -1.08142555	  261.16906738  -149.75839233 -1041.77355957    16.80339622   137.13948059   -23.17186737	-45.35871047 -15.08474929 -65.50702309   2.61765872  -4.80529989  -1.06583212	  139.30471340  -118.31260838 -1084.84015544    19.40081429   124.63760384   -18.75508559	36.88864406	0	0.00000000	0.00000000	0.00000000	-0.06839402 -0.34362284  0.11310305	-0.13013205  0.11887367 -0.30444257	-23.90261164  -0.10508995  27.09234819  34.72976036  -6.11799855  -7.19699770  -1.33702220 -62.32409403  -1.41047245 -68.74951803 120.29520326   4.43250741	 0.08413883  0.06388262 -0.56093061  0.68631822 -0.22340125  0.03952301 -0.00176715 -0.03064126 -0.20451027  0.71815598 -0.40968785  0.04504533	
0.00398000	0.06674001	0.00183645	-41.85655212  -4.26000786 -17.83749008   0.43907273   1.81843626  -0.70153284	  257.33868408  -143.32202148 -1029.57519531    17.89654922   135.83631897   -23.12494659	-41.69725658 -11.31690220 -52.50294616   1.68894690  -3.18291839  -0.75910770	  147.03538243  -116.23986979 -1083.92923795    20.61465763   124.20737544   -18.66597839	35.49106200	0	0.00000000	0.00000000	0.00000000	-0.06889408 -0.32774198  0.11674920	-0.07114711  0.05021530 -0.39825769	-25.26184690   0.12043604  27.06525907  34.38306961  -6.46609311  -7.33538675  -2.06045243 -62.44379567  -0.80774605 -61.03020680 124.60516962   4.29237372	 0.08336417  0.06534757 -0.56165159  0.68870354 -0.22566387  0.03903980 -0.00155509 -0.02919932 -0.20110483  0.71244186 -0.41014037  0.04509903	
0.00399600	0.07100169	0.00175469	-42.19823837  -6.13389254 -13.33740520   0.17262010   2.24654031  -0.71086311	  221.45652771  -135.80583191 -1007.64300537    18.56176376   135.12553406   -22.86190987	-42.25057333  -9.49819464 -44.72524801   1.11972371  -2.07757332  -0.69232527	  132.31716987  -110.86971329 -1068.51285987    21.29923116   122.54245914   -18.77490409	34.07272941	0	0.00000000	0.00000000	0.00000000	-0.06224365 -0.31658800  0.11909888	-0.06970775  0.01820810 -0.41862278	-25.94646916  -0.25163374  26.62416408  34.69817909  -6.76765073  -7.38085299  -2.85543219 -63.33778846   0.61504404 -53.17816675 129.23692915   3.43276923	 0.08242844  0.06700426 -0.56241095  0.69092780 -0.22792649  0.03851058 -0.00126449 -0.02797213 -0.19727756  0.70703459 -0.41046250  0.04514505	
0.00400800	0.07517917	0.00164823	-40.06927490  -4.42325354  -7.33140993   0.19662826   2.16904044  -0.82763600	 182.63378906 -126.23184204 -987.25720215   19.14551163  134.03862000  -23.11167145	-41.33873428 -10.07598956 -38.76163616   0.78605674  -1.57880615  -0.58162386	  104.05407285  -103.25214427 -1046.26100208    21.52261524   120.11322811   -18.91194272	32.54586355	0	0.00000000	0.00000000	0.00000000	-0.05157315 -0.30188072  0.12806111	-0.04858389 -0.00391334 -0.42569989	-25.66977864  -0.60211374  25.81319485  34.69644537  -6.93876911  -6.94357332  -3.70048127 -62.86084454   1.32394080 -45.31615159 133.97231353   2.48041541	 0.08140067  0.06879135 -0.56313193  0.69298333 -0.23023513  0.03792000 -0.00092677 -0.02702874 -0.19341193  0.70175004 -0.41061589  0.04516039	
0.00399200	0.07922944	0.00155765	-31.89327049  -2.48815370  -8.99906826   0.23181863   1.76718879  -0.85212147	 167.96035767 -119.94685364 -975.55535889   19.70013046  132.82739258  -22.71798897	-35.49396573  -6.55582122 -35.38303600   0.61468054  -1.19723985  -0.74703176	   76.09642261   -95.87935277 -1023.57317733    21.95323098   117.34410311   -19.02689719	30.99079218	0	0.00000000	0.00000000	0.00000000	-0.04320519 -0.28682863  0.13148938	 0.02397899  0.00386675 -0.42855536	-25.52425364  -1.35625630  24.86727218  34.59939788  -7.17669215  -6.65240132  -4.70971760 -62.19644297   2.66349929 -37.84388586 137.80162010   1.46390622	 0.08012747  0.07067815 -0.56369948  0.69490850 -0.23259746  0.03729874 -0.00053407 -0.02624641 -0.18907076  0.69648081 -0.41060823  0.04509903	
0.00398400	0.08317459	0.00148750	-23.04918480   3.52010179 -11.16303062   0.58746576   1.13520801  -0.73679167	 170.02082825 -115.49562073 -963.88696289   20.12626266  129.48997498  -21.70157433	-27.66807539  -2.12826397 -36.20071742   0.49989063  -1.21089239  -0.83002654	   67.86038393   -90.22484895 -1009.59721349    22.39488345   114.75749055   -18.55162094	30.48893346	0	0.00000000	0.00000000	0.00000000	-0.03764012 -0.27167230  0.12722213	 0.04492741  0.00196468 -0.43308388	-25.08558873  -2.25409233  23.57843061  34.55341162  -7.15960273  -6.42238919  -5.50367643 -61.02356220   3.59197465 -31.17503640 141.77407857   0.68697662	 0.07870854  0.07260329 -0.56409830  0.69670326 -0.23500581  0.03661611 -0.00012566 -0.02567883 -0.18467590  0.69131130 -0.41053152  0.04491495	
0.00400000	0.08705068	0.00140733	-26.39694214   0.82384545 -10.91789341   0.39876878   1.21471441  -0.54106426	 173.74330139 -121.79616547 -947.26257324   19.84767914  126.53008270  -22.24500656	-24.96146188  -0.15109404 -36.54035440   0.49524423  -1.25492009  -0.74613765	  71.13040098  -90.33144962 -997.88294594   22.70103030  112.57743222  -18.45336458	31.13986337	0	0.00000000	0.00000000	0.00000000	-0.03585470 -0.26265479  0.13497211	 0.02830287 -0.02514906 -0.42811170	-24.34259523  -3.08937275  21.92387133  34.62264418  -7.35258599  -6.28106082  -6.25915082 -60.36781920   4.31412740 -25.70713001 144.04699776  -0.08173357	 0.07712087  0.07452077 -0.56425935  0.69872046 -0.23746018  0.03586446  0.00027489 -0.02524165 -0.18025805  0.68631822 -0.41050851  0.04460048	
0.00398800	0.09083098	0.00131579	-28.67329407   0.13295953 -10.65557575   0.37516484   1.63446140  -0.49410307	 164.75173950 -130.04551697 -931.17779541   19.18907166  124.74108887  -23.15254402	-26.51236252  -0.70107797 -35.51532159   0.47819743  -1.07997480  -0.60656836	  70.05292912  -98.21065566 -979.79164773   22.94654627  110.24194534  -18.89560946	32.34541702	0	0.00000000	0.00000000	0.00000000	-0.02937943 -0.25435479  0.13839190	 0.01448210 -0.00644968 -0.38635171	-23.29499109  -4.14089631  19.49566261  34.68334028  -7.46182612  -6.36125138  -6.94283976 -59.43349059   4.63215594 -20.70605711 147.31045068  -1.08868071	 0.07536446  0.07636922 -0.56416732  0.70086032 -0.23993756  0.03507446  0.00065188 -0.02487349 -0.17589387  0.68152452 -0.41050085  0.04414029	
0.00399600	0.09451400	0.00125580	-29.08132172   0.10164865  -9.17289734   0.35893196   1.53752291  -0.69670737	 135.06692505 -140.99092102 -893.05712891   17.67151833  121.37624359  -25.56195450	-28.39489701  -0.85887978 -33.12660163   0.44829463  -1.00684884  -0.69526632	  55.97205922 -108.99145359 -955.25925939   22.65039328  107.03869463  -20.14643984	34.22429802	0	0.00000000	0.00000000	0.00000000	-0.01947634 -0.24637365  0.13869363	 0.02423744 -0.01864746 -0.34997094	-21.43738876  -5.23471258  16.52793266  34.50106756  -7.91279595  -6.47162693  -7.59318855 -58.21206797   5.25901081 -16.28439515 150.54388168  -2.03271420	 0.07343931  0.07810262 -0.56374550  0.70313829 -0.24243794  0.03423844  0.00100531 -0.02453602 -0.17174445  0.67695326 -0.41048551  0.04362641	
0.00400000	0.09813256	0.00121148	-28.50079346   1.00942111  -7.32732821   0.33323050   1.57024372  -0.67752033	 103.88923645 -152.01344299 -874.15380859   16.33434486  119.25553894  -26.59816551	-28.21501428  -0.94668709 -34.56124531   0.48628140  -1.01737989  -0.89722831	  34.12076811 -118.36264772 -925.18310704   22.02825748  103.75139693  -21.46991250	35.88087129	0	0.00000000	0.00000000	0.00000000	-0.00938828 -0.23659945  0.13800929	 0.03458619 -0.04539953 -0.34353348	-19.29593044  -5.89822509  14.03875351  34.15233476  -8.47276338  -6.84445204  -8.06336703 -56.33387840   6.03268587 -13.15589240 152.83186132  -3.51804105	 0.07136077  0.07969029 -0.56303984  0.70553130 -0.24480027  0.03337941  0.00131161 -0.02416019 -0.16787115  0.67253536 -0.41044715  0.04304349	
0.00398800	0.10169519	0.00117622	-25.92934608   7.13847923 -11.82979870   0.66723347   1.41512454  -0.51278490	  90.62290192 -153.30311584 -856.23785400   15.60587597  117.51474762  -27.69614601	-26.18906715   2.95261964 -35.28070906   0.34214656  -0.92236706  -0.82284916	  13.31957747 -127.01544216 -900.02743560   21.58337468  100.53894131  -22.51074290	37.27805404	0	0.00000000	0.00000000	0.00000000	-0.00571804 -0.22334041  0.14013778	 0.06794260  0.00949984 -0.37406903	-17.36639149  -6.06296813  11.51101748  33.57783681  -8.76505517  -7.41757653  -8.48269114 -54.64628035   6.79822901 -11.02621345 154.41105240  -4.52354909	 0.06916718  0.08090980 -0.56208110  0.70804703 -0.24736202  0.03248204  0.00159436 -0.02366932 -0.16426630  0.66819423 -0.41040114  0.04242990	
0.00399200	0.10522086	0.00115646	-20.23093224  10.52921486  -4.99178648   0.92442685   0.67945915  -0.08870077	  79.62011719 -157.77758789 -829.37219238   14.72375965  114.57994080  -28.45242119	-21.74913371   7.61873117 -34.18138902   0.40859008  -1.11732492  -0.81678672	   1.72346372 -132.50558125 -876.38608801   21.10322164   97.82454231  -23.49433420	39.47485629	0	0.00000000	0.00000000	0.00000000	-0.00622455 -0.21087192  0.14196644	 0.08948189 -0.06785395 -0.30845128	-15.52563359  -5.67990023   9.22881448  32.62042361  -8.44403163  -7.93123809  -8.99119711 -52.73706866   7.93381571 -10.13310774 155.49841343  -5.51956453	 0.06684320  0.08177650 -0.56087697  0.71073920 -0.24993911  0.03150029  0.00186139 -0.02302505 -0.16100658  0.66392976 -0.41035512  0.04183932	
0.00400800	0.10873346	0.00113893	-19.77706909   7.53230190  -7.88780451   0.83737004   0.76152694  -0.67692542	  77.19589996 -162.14537048 -828.00866699   14.23560524  112.79515076  -28.85065079	-20.26196284   7.60633519 -32.28677270   0.37269322  -1.12278052  -0.78052793	  -2.95666945 -136.82700901 -862.99610429   20.71338641   95.41034125  -23.73652323	41.16168552	0	0.00000000	0.00000000	0.00000000	-0.00496643 -0.20676647  0.12241255	 0.08948189 -0.06785395 -0.30845128	-13.26497570  -5.40827868   7.26595068  31.48797500  -8.54518928  -8.12266384  -9.64346981 -51.10094039   8.58951695  -9.02024424 156.92502156  -6.31409192	 0.06439650  0.08223669 -0.55938900  0.71360773 -0.25251618  0.03041883  0.00214414 -0.02221204 -0.15808436  0.65974200 -0.41030911  0.04123339	
0.00398800	0.11221546	0.00111594	-26.27440643   0.86679041 -12.58720779   0.32501057   1.37872088  -0.44206598	  92.60430908 -162.05578613 -815.36437988   13.98794365  109.97689056  -28.56592560	-23.11321932   4.75777008 -34.29657849   0.37510851  -1.02377351  -0.78137716	   7.57776341 -137.64618156 -853.69978489   20.69029450   93.80422584  -23.76023112	43.87501052	0	0.00000000	0.00000000	0.00000000	-0.00086370 -0.19915974  0.11107365	 0.11608079 -0.08281791 -0.30240165	-11.66632165  -4.36290448   5.10131651  30.44357810  -7.86648353  -8.25749063 -10.52786745 -50.16227516  10.56313025  -8.24697578 156.96037166  -6.92498045	 0.06186543  0.08232106 -0.55776298  0.71664500 -0.25510862  0.02925301  0.00247400 -0.02117660 -0.15553027  0.65565395 -0.41023239  0.04062747	
0.00399200	0.11567413	0.00110503	-28.03509140   3.65427041  -6.62851906   0.57016796   1.28157341  -0.86163700	  98.26491547 -158.35153198 -807.75152588   14.07784271  108.18781281  -27.22859573	-25.82566638   2.47910034 -34.47887894   0.39943360  -0.97418019  -0.74464123	  16.38356638 -136.35691626 -846.54995915   20.74715845   92.39750785  -22.91083883	45.89605064	0	0.00000000	0.00000000	0.00000000	 0.00662072 -0.18989278  0.09985413	 0.10124237 -0.15534239 -0.28991045	 -9.88837684  -3.70120085   2.80199724  29.74603679  -7.52416563  -8.30306821 -11.43983223 -49.88445605  12.59002520  -7.80843445 157.14004033  -7.34481247	 0.05925000  0.08204494 -0.55599886  0.71983570 -0.25773174  0.02801815  0.00285885 -0.01996476 -0.15329833  0.65171927 -0.41008666  0.04003689	
0.00399200	0.11912068	0.00110295	-21.40617180   4.57761574  -4.40723467   0.32419783   1.05825925  -0.03043375	  94.77066040 -146.59536743 -797.54162598   14.53181553  106.72309875  -25.83190727	-24.74102361   1.44797923 -32.93688114   0.34806790  -0.99499664  -0.50607944	  21.51290190 -127.68027521 -838.05310002   20.53214299   91.13764677  -21.90227371	47.08852429	0	0.00000000	0.00000000	0.00000000	 0.01427309 -0.19300060  0.09491063	 0.10602126 -0.09658541 -0.25377769	 -8.66209126  -2.37929803   1.44115297  29.11270202  -6.76289647  -8.02004367 -12.12658433 -50.56123143  14.83258778  -7.49895321 156.20451804  -7.88561974	 0.05658087  0.08156174 -0.55413508  0.72308773 -0.26037785  0.02672961  0.00323584 -0.01859951 -0.15129650  0.64796102 -0.40988725  0.03940796	
0.00399200	0.12256492	0.00111002	-28.03095627   1.25035572 -10.53563118   0.47185260   1.28604484  -1.06176531	  88.71009064 -135.99566650 -789.69226074   14.99883461  106.09876251  -24.38856316	-24.88299518   1.92753501 -34.19564867   0.39839298  -1.04831324  -0.82657586	  19.07545455 -116.45532013 -827.19815275   20.55556519   89.88491036  -20.47381162	48.10926200	0	0.00000000	0.00000000	0.00000000	 0.02188362 -0.19377734  0.09019760	 0.09001959 -0.15344705 -0.19426774	 -7.74055152  -1.27200913  -0.27308813  29.08399257  -6.60318818  -7.63677036 -12.81204045 -52.25718778  17.09054377  -8.01259798 155.95370182  -7.73444289	 0.05391941  0.08097883 -0.55225599  0.72642410 -0.26308531  0.02535670  0.00360498 -0.01718058 -0.14944038  0.64435619 -0.40964949  0.03875602	
