0.00400400	0.00000000	0.00081532	 -28.49203300    1.86262405 -465.85015869    2.84328032  -10.99853420   -1.40876901	  -1.39530110  -10.25838184 -534.77636719   -0.77732897    7.38695621   -0.28283101	  -0.47262099    5.10946173 -489.51354310    2.87340698  -27.14955140   -1.50024015	  31.34268977   -3.25001682 -555.14942078   -0.07797817   -9.07868547   -0.12929568	23.32991195	0	0.00000000	0.00000000	0.00000000	-0.00878432 -0.00142101  0.00373190	-0.00261720 -0.00067726 -0.00124322	 -6.19728118   2.10922313 -19.21829844 -52.17817187  -9.48144531   0.78539802   3.20442393  -4.48689301 -11.42997360 -40.94025850   8.40598679  -0.12437514	 0.00309864 -0.00042184 -0.24119543  0.58910221 -0.37703705 -0.00024544 -0.00160221  0.00089738 -0.24614251  0.58606493 -0.37262687  0.00003835	
0.00398800	0.00312233	0.00081630	 -27.18316841    1.56830561 -466.04714966    2.76310062  -11.01248455   -1.42647946	  -1.32113075   -8.77873039 -533.41766357   -0.63664925    7.33158779   -0.31682831	  -0.88182438    5.15535203 -490.49256763    2.86056938  -27.21988309   -1.52072874	  31.13047230   -3.31523809 -555.35501385   -0.07622076   -9.10388195   -0.13861898	23.34420283	0	0.00000000	0.00000000	0.00000000	-0.00885166 -0.00140725  0.00371915	 0.00040148 -0.00613038  0.00072740	 -6.14423503   2.11185137 -19.20462760 -52.06196371  -9.46697537   0.77172425   3.21344025  -4.46541783 -11.46964149 -40.89067852   8.34203661  -0.10471290	 0.00309864 -0.00042184 -0.24119543  0.58910221 -0.37703705 -0.00024544 -0.00160221  0.00089738 -0.24614251  0.58606493 -0.37262687  0.00003835	
0.00399600	0.00625020	0.00128753	 -27.49674988   -0.60070920 -465.03103638    2.76849627  -10.95267963   -1.41346169	  -2.84942150   -8.63439083 -533.07489014   -0.62960333    7.34648180   -0.30577907	  -1.09096676    4.67351888 -489.83818296    2.90764830  -27.20414196   -1.50363904	  30.17273435   -3.64708121 -555.92681045   -0.03930469   -9.17833803   -0.13596701	37.30515904	0	0.00000000	0.00000000	0.00000000	-0.00885047 -0.00144873  0.00367114	0.00407600 0.00036739 0.00201538	 -5.95902579   2.11831282 -19.15703578 -51.65281288  -9.41591745   0.72290349   3.24547169  -4.39440800 -11.60848092 -40.72460474   8.11746833  -0.03621897	 0.00309864 -0.00042184 -0.24119543  0.58910221 -0.37703705 -0.00024544 -0.00160221  0.00089738 -0.24614251  0.58606493 -0.37262687  0.00003835	
0.00397600	0.00989068	0.00128986	 -27.65468025    1.32344937 -466.74484253    2.78077722  -11.02987003   -1.43808973	  -1.75266469   -8.73875237 -533.10693359   -0.64839423    7.30319881   -0.33415803	  -1.04586755    5.00464122 -490.71709649    2.88432486  -27.26754207   -1.53517157	  31.48295202   -3.60724235 -555.13307073   -0.04534039   -9.12272090   -0.14381013	37.33764786	0	0.00000000	0.00000000	0.00000000	-0.00883308 -0.00145622  0.00369653	 0.00051769 -0.00101060 -0.00332526	 -5.60795085   2.22699911 -19.80009372 -51.45816318  -9.53866067   0.56772014   3.31374241  -4.30274804 -12.55075824 -41.25715164   7.38057336   0.14698141	 0.00309864 -0.00042184 -0.24119543  0.58910221 -0.37703705 -0.00024544 -0.00160221  0.00089738 -0.24614251  0.58606493 -0.37262687  0.00003835	
0.00401600	0.01355599	0.00185513	 -27.66613007    1.32405603 -468.34597778    2.82428932  -11.01644802   -1.42904365	  -2.59363723   -7.62668276 -533.83172607   -0.64319730    7.30829477   -0.28505185	  -0.75352890    5.13804119 -491.77538141    2.84261972  -27.31439891   -1.57111320	  30.64342739   -3.48369228 -555.92106853   -0.04205904   -9.20772894   -0.12929300	51.32296550	0	0.00000000	0.00000000	0.00000000	-0.00879847 -0.00145859  0.00374543	-0.00145561 -0.00095104 -0.00155273	 -5.16067162   2.29646080 -20.24965301 -50.85442531  -9.57475388   0.39096762   3.39240276  -4.19686684 -13.41840019 -41.55043149   6.56869604   0.35537171	 0.00309864 -0.00042184 -0.24119543  0.58910221 -0.37703705 -0.00024544 -0.00160221  0.00089738 -0.24614251  0.58606493 -0.37262687  0.00003835	
0.00399600	0.01783844	0.00187333	 -28.70748711    0.53125536 -467.10327148    2.77309132  -11.03899193   -1.45170939	  -0.85102403   -8.83464432 -534.09051514   -0.64839041    7.23590755   -0.31958628	  -0.81648065    4.51353418 -490.93981031    2.89264973  -27.30405816   -1.51785215	  31.28103619   -2.19294349 -555.49853464   -0.11166117   -9.22949832   -0.15458111	51.35273267	0	0.00000000	0.00000000	0.00000000	-0.00872720 -0.00146017  0.00370492	-0.00096810  0.00152418  0.00325195	 -4.52382066   2.55316895 -22.41331634 -51.17438485 -10.08956870  -0.02683222   3.62981593  -4.24712540 -16.20054881 -44.07732291   4.66544919   0.73303352	 0.00309864 -0.00042184 -0.24119543  0.58910221 -0.37703705 -0.00024544 -0.00160221  0.00090505 -0.24615018  0.58606493 -0.37262687  0.00003835	
0.00399200	0.02213889	0.00244691	 -27.53128815    2.83575225 -468.76828003    2.85256743  -11.05390358   -1.44816113	  -2.59236121   -9.46392155 -534.49847412   -0.71348786    7.21724033   -0.29607430	  -0.79891357    5.66271319 -491.41693251    2.85919279  -27.32785711   -1.56629084	  30.75295622   -3.24757538 -555.92361615   -0.07550924   -9.28690487   -0.13440978	65.56586679	0	0.00000000	0.00000000	0.00000000	-0.00873943 -0.00147966  0.00374575	-0.00027361 -0.00131283 -0.00334941	 -3.82481433   2.67831298 -23.69388667 -50.54336299 -10.31530156  -0.38110294   3.83080805  -4.28631548 -18.17674367 -45.51751145   3.05893812   1.06800283	 0.00309864 -0.00042184 -0.24120308  0.58910221 -0.37703705 -0.00024544 -0.00160221  0.00090505 -0.24617319  0.58606493 -0.37263453  0.00003835	
0.00398800	0.02707461	0.00251617	 -26.66493225    1.80765808 -468.91873169    2.77489257  -11.21343613   -1.38308978	   0.75425839   -8.73136044 -533.62548828   -0.62354785    6.90843391   -0.32025236	  -0.18189326    5.75330141 -490.47530739    2.80154236  -27.34159978   -1.53837594	  32.10779049   -2.53365819 -555.66757515   -0.09759385   -9.36443239   -0.16555487	65.67448363	0	0.00000000	0.00000000	0.00000000	-0.00882953 -0.00150300  0.00382037	-0.00097535 -0.00232909  0.00253250	 -3.04239933   3.00032600 -27.29903918 -51.17545652 -11.43322911  -1.13860415   4.25973274  -4.86739355 -22.76085696 -50.82565311  -0.49906651   1.48995625	 0.00309864 -0.00042184 -0.24122609  0.58910221 -0.37703705 -0.00024544 -0.00160221  0.00090505 -0.24623455  0.58605725 -0.37266523  0.00003835	
0.00399200	0.03208953	0.00308710	 -26.19445610    0.81064743 -468.17752075    2.78811431  -11.16426182   -1.36281037	   1.84688890   -8.14293671 -532.75457764   -0.59028637    6.56013203   -0.29564095	  -0.14734524    5.52645217 -490.63216652    2.84639296  -27.35313190   -1.51963202	  33.23960884   -2.79521678 -555.03997761   -0.07040963   -9.49455033   -0.14944154	83.25991560	0	0.00000000	0.00000000	0.00000000	-0.00901905 -0.00143815  0.00377725	-0.00194308  0.00064286  0.00331459	 -2.12612538   3.15708164 -29.44779459 -50.24354438 -12.01035699  -1.67210413   4.66904240  -5.47203126 -25.88079885 -53.84146966  -3.04939523   1.86939784	 0.00310631 -0.00042184 -0.24127978  0.58910221 -0.37703705 -0.00025311 -0.00160221  0.00090505 -0.24637261  0.58602655 -0.37272656  0.00004602	
0.00399200	0.03773898	0.00319479	 -23.67806053    1.24510622 -463.29864502    2.80547786  -11.31575012   -1.27004528	   4.12306166   -8.19646645 -536.73413086   -0.59408343    6.02623463   -0.27590021	   1.37237300    5.14497370 -489.22787059    2.86051425  -27.29160793   -1.43734327	  35.74469535   -2.42470683 -556.05132155   -0.05742307   -9.85596590   -0.15482100	83.08600496	0	0.00000000	0.00000000	0.00000000	-0.00953368 -0.00152600  0.00415473	-0.00406190  0.00076397 -0.00135377	 -1.33832327   3.51827372 -34.29885459 -50.01648390 -13.84079348  -2.84220922   5.14444542  -7.43191168 -31.90884905 -61.99158302  -8.24227537   1.84807972	 0.00311398 -0.00042184 -0.24137183  0.58910221 -0.37703705 -0.00026845 -0.00160221  0.00090505 -0.24657202  0.58598053 -0.37281862  0.00006903	
0.00400400	0.04351479	0.00374781	 -23.64217567    0.31985089 -468.08108521    2.62180257  -11.36694622   -1.21478534	   7.48603821   -7.08574533 -534.73474121   -0.51018304    4.92278147   -0.26137140	   2.19227527    4.57436005 -489.95464822    2.80987114  -27.34700737   -1.39360440	  38.70039712   -2.06071027 -556.12106778   -0.05903926  -10.46726002   -0.16215713	102.65976402	0	0.00000000	0.00000000	0.00000000	-0.01039311 -0.00171046  0.00475113	0.00119515 0.00809672 0.00056078	 -0.30486261   3.69177329 -37.15461870 -48.12712913 -14.81960733  -3.52333504   5.68829391  -9.11614108 -35.88982471 -66.79222841 -11.72759299   2.06960195	 0.00312165 -0.00041417 -0.24155590  0.58910221 -0.37706006 -0.00032214 -0.00159436  0.00090505 -0.24695551  0.58586550 -0.37301803  0.00009971	
0.00398800	0.04989636	0.00388923	 -22.07890129    0.13475044 -466.32986450    2.55693865  -11.61469555   -1.00783157	  13.36519623   -5.56478071 -534.65808105   -0.45416552    3.27526665   -0.23610879	   3.57084631    3.93716046 -490.26373507    2.78385123  -27.41593384   -1.25200062	  43.16462063   -1.71147608 -555.62747964   -0.05176074  -11.27775905   -0.15868298	101.96304221	0	0.00000000	0.00000000	0.00000000	-0.01174433 -0.00197075  0.00566464	-0.00499520  0.00778863  0.00319077	  0.38219945   3.75564613 -42.76480827 -46.10728390 -17.02265871  -4.84807126   6.32677298 -13.03785027 -42.57093442 -78.10880112 -18.64526816   1.62514537	 0.00312932 -0.00038350 -0.24184737  0.58910984 -0.37711376 -0.00039883 -0.00158650  0.00087437 -0.24744639  0.58568907 -0.37332484  0.00013039	
0.00399600	0.05643955	0.00452341	 -16.16370773   -1.28679550 -465.01406860    2.39586592  -12.03264332   -0.65728551	  15.56583500   -8.37634468 -542.24432373   -0.58906519    1.15546370   -0.14891855	   7.06115785    2.80681206 -489.19385610    2.70010924  -27.46384506   -0.97019182	  47.84394245   -1.02863402 -559.99274138   -0.06716139  -12.96426807   -0.18110393	123.27010545	0	0.00000000	0.00000000	0.00000000	-0.01358875 -0.00232790  0.00676760	-0.00706410  0.01549451  0.00542539	  1.56486944   3.88304795 -45.89880795 -42.77490676 -18.03731440  -5.49932539   7.03748456 -15.99608752 -46.94842188 -84.50329250 -22.86923101   1.53086698	 0.00314466 -0.00034515 -0.24225387  0.58913285 -0.37717512 -0.00053689 -0.00157865  0.00079767 -0.24815202  0.58542061 -0.37378502  0.00016874	
0.00400000	0.06368979	0.00470099	 -12.86894035   -2.76387119 -461.20825195    2.08761859  -12.61012650   -0.15415803	  15.94005966   -4.65075064 -550.52819824   -0.45516080   -1.16810095   -0.18711683	  11.58119875    1.52807354 -486.91905203    2.52722432  -27.59605472   -0.49249939	  51.57752357   -0.12065842 -566.49792424   -0.13380625  -15.32358389   -0.21346918	122.64720572	0	0.00000000	0.00000000	0.00000000	-0.01605132 -0.00277371  0.00805781	-0.00770615  0.02181637  0.00548263	  2.55973968   4.20174050 -51.76717836 -38.34290251 -20.20286075  -6.82271048   7.77228115 -23.04385296 -54.06706369 -98.59148761 -31.18282282  -0.09484685	 0.00315233 -0.00028379 -0.24282144  0.58918655 -0.37729016 -0.00074398 -0.00156294  0.00065194 -0.24911843  0.58499110 -0.37441397  0.00019175	
0.00398000	0.07112629	0.00529301	 -10.59585667   -7.97721243 -452.78457642    1.57706714  -13.20089054    0.32666224	  13.96077919   -6.94723654 -560.48529053   -0.77136397   -2.84198403   -0.16634932	  14.59441936   -2.08571497 -480.90651556    2.31193527  -27.78785125    0.09023683	  52.78962131   -0.57271128 -575.73717105   -0.26298047  -17.78136116   -0.22807318	143.51393396	0	0.00000000	0.00000000	0.00000000	-0.01944811 -0.00450751  0.01097799	-0.01361651  0.03932997  0.01923598	   3.94645855    4.51350225  -54.73576246  -33.45581670  -21.04224571   -7.06349400    8.57446616  -26.92347686  -58.27302088 -105.80717832  -35.63274616   -0.76438829	 0.00315233 -0.00019175 -0.24345805  0.58928627 -0.37742054 -0.00099709 -0.00154723  0.00042184 -0.25021523  0.58445424 -0.37515026  0.00019942	
0.00401200	0.07923855	0.00547185	  -8.23633099   -3.72855377 -440.23760986    1.39195752  -14.30143642    0.79018134	  21.00330353   -4.21444702 -572.54882812   -0.87685132   -5.70003462   -0.26344597	  17.04806947   -0.86414840 -469.77222166    1.93537613  -28.20948999    0.55711231	  58.19657136    0.11388017 -585.94222240   -0.50133564  -20.27533122   -0.31012490	142.90733753	0	0.00000000	0.00000000	0.00000000	-0.02384816 -0.00618540  0.01456016	-0.02605625  0.07813513  0.03340162	   4.84605031    4.91491882  -59.48341541  -25.91238207  -22.38461510   -8.30700271    9.64220163  -35.31445944  -63.67972022 -120.51224887  -43.34020941   -4.03690982	 0.00316767 -0.00003068 -0.24450882  0.58953172 -0.37761229 -0.00141126 -0.00150796 -0.00012272 -0.25202531  0.58351851 -0.37640047  0.00019942	
0.00398800	0.08753624	0.00605333	  -2.00159502   -5.74524546 -438.75030518    0.97021431  -14.46035671    0.69904995	  30.52230453   -6.04960155 -589.42047119   -1.39334095  -12.93155193   -0.74003434	  21.39927390   -2.03088758 -463.51331545    1.59377880  -28.29262426    0.74847534	  68.75565827   -2.29204127 -596.46884337   -0.63187647  -25.29281264   -0.58514799	162.01020509	0	0.00000000	0.00000000	0.00000000	-0.02919023 -0.00756857  0.01933639	-0.03378934  0.11232280  0.04239506	   6.30052131    5.64538686  -61.48086365  -19.55957893  -21.95263075   -8.58968594   10.83260553  -39.09299587  -66.68899811 -127.61263174  -47.45910632   -6.15275215	 0.00318301  0.00016874 -0.24572065  0.58993053 -0.37781173 -0.00187913 -0.00145299 -0.00088971 -0.25391978  0.58236802 -0.37771967  0.00019942	
0.00400000	0.09648687	0.00623115	  -9.76961803   -3.68159223 -422.07806396    0.46446741  -15.73973751    0.31112522	  55.59262085  -15.38166714 -604.57202148   -2.25040340  -20.00361061   -0.89990634	  19.69831620   -1.69965716 -455.64160026    1.17288941  -28.90701716    0.63339157	  86.81019144   -6.60801251 -608.16016651   -0.94266993  -30.11536463   -0.67958089	161.60179961	0	0.00000000	0.00000000	0.00000000	-0.04738320  0.00059821  0.03552811	-0.02599167  0.17905973  0.02767057	   6.54447321    7.64071300  -66.17596268   -8.14567728  -21.44224626   -9.64141226   12.48986181  -48.78262671  -70.23111219 -141.92492298  -54.32269268  -12.18594415	 0.00322136  0.00038350 -0.24729300  0.59058249 -0.37803414 -0.00237767 -0.00138230 -0.00194049 -0.25593698  0.58102578 -0.37929201  0.00017641	
0.00398800	0.10562847	0.00673356	 -17.41675758   -1.13013971 -406.51361084    0.20877443  -16.02686310    0.08409671	  68.39239502  -18.84964943 -635.22766113   -2.88886094  -24.83211136   -1.25194597	  11.13922202    0.11282479 -438.31308133    0.63724564  -29.60538104    0.20804279	 110.25339092  -13.45241679 -631.29528294   -1.30964094  -36.31923463   -0.93171181	180.42518471	0	0.00000000	0.00000000	0.00000000	-0.06431033  0.00818071  0.04705829	 0.00435392  0.31420777 -0.01811462	   8.10969248    8.90904725  -68.45071092   -1.32558862  -19.30774848   -9.62916548   12.38569058  -51.27544368  -71.65509142 -147.52962254  -56.75273806  -14.96058799	 0.00326738  0.00062126 -0.24931784  0.59149522 -0.37829491 -0.00299893 -0.00128805 -0.00329806 -0.25792348  0.57964522 -0.38102540  0.00011505	
0.00399200	0.11533067	0.00691490	 -43.26950836    5.07252979 -372.43338013   -0.37084833  -16.28732300   -0.36194962	  71.03451538  -39.54834366 -661.61370850   -5.28114414  -33.57847214   -1.08530617	  -8.92586235    3.26530732 -412.59280000   -0.06015976  -30.49772204   -0.31119560	 124.20925357  -26.55609810 -656.21719053   -2.08545736  -43.76750984   -0.60608992	179.43185476	0	0.00000000	0.00000000	0.00000000	-0.08063499  0.01644774  0.05520598	-0.01715390  0.31587687 -0.03013877	   7.16864202   11.43316799  -72.10832835   10.59530318  -16.79211690  -10.64547198   11.84461432  -61.08501272  -70.16757863 -157.75704290  -61.18402113  -22.96566950	 0.00332874  0.00088204 -0.25172618  0.59273005 -0.37860173 -0.00372757 -0.00114668 -0.00495476 -0.25976425  0.57834131 -0.38290453 -0.00000767	
0.00398800	0.12523220	0.00708494	 -48.73227692   10.67114735 -344.60693359   -0.97938126  -16.54390335   -0.43534258	  45.19004059  -51.50415039 -693.53814697   -7.50033474  -39.52144623   -1.31771803	 -20.14920333    7.88907395 -387.86986310   -0.82059590  -30.71352839   -0.68281431	 121.92601299  -39.42925810 -682.16926017   -3.05693626  -51.24282886   -0.33911716	179.71316417	0	0.00000000	0.00000000	0.00000000	-0.09510208  0.01961546  0.05907484	-0.02076818  0.37854003 -0.02274735	   8.54675741   13.13014922  -73.17848945   15.94442177  -13.05088885  -10.46461651   11.03505849  -61.31626528  -70.43621022 -160.89315879  -61.77155307  -25.79661979	 0.00340544  0.00111981 -0.25449502  0.59408760 -0.37887016 -0.00444854 -0.00098175 -0.00661146 -0.26120618  0.57731354 -0.38462260 -0.00014573	
0.00400400	0.13533160	0.00717496	 -55.85646439   14.05836010 -315.52401733   -1.25497985  -16.79769897   -0.34751379	  18.13902092  -61.92873383 -721.93426514   -9.40807247  -43.16882324   -1.57852149	 -31.13381664   12.02093142 -358.67669058   -1.63840882  -30.62988496   -0.87657390	 100.20859169  -55.38819888 -719.50333637   -4.43320849  -59.62388589   -0.15703565	179.26579710	0	0.00000000	0.00000000	0.00000000	-0.11181535  0.02409419  0.06553616	 0.00067247  0.46867445 -0.03043508	   9.68990147   15.68219522  -73.17890511   22.37768296   -6.74698885   -9.84915220    9.49940568  -61.27803314  -70.67417610 -161.81798623  -61.22162567  -28.92231956	 0.00353583  0.00148029 -0.25888222  0.59628123 -0.37917697 -0.00550699 -0.00069115 -0.00900447 -0.26281688  0.57613236 -0.38687754 -0.00036816	
0.00399600	0.14552662	0.00726358	 -57.79566193   14.36933994 -257.87139893   -1.93466830  -15.93151951   -0.32050431	 -23.61934090  -72.19626617 -765.56347656  -12.31485558  -49.39203262   -1.94605088	 -37.24849734   14.27317753 -316.02889904   -2.34275781  -29.28968765   -1.05275960	  70.49884340  -68.35830991 -759.87896984   -6.16240366  -68.43156275   -0.14119998	178.96732957	0	0.00000000	0.00000000	0.00000000	-0.12901907  0.02996285  0.07129476	 0.00592712  0.52163993 -0.03258566	  10.75701907   16.41819583  -71.40217310   23.21684831   -1.20009228   -9.25920927    6.93413055  -56.95610015  -68.26703302 -160.79347892  -58.73390747  -31.78195666	 0.00369689  0.00183311 -0.26354551  0.59862822 -0.37936103 -0.00656544 -0.00037699 -0.01118272 -0.26405939  0.57524270 -0.38890240 -0.00055990	
0.00399600	0.15582012	0.00734476	 -50.24267578   15.36786175 -207.32946777   -2.51667070  -14.30182362    0.09778617	 -55.23920441  -66.49943542 -809.08679199  -14.25386715  -54.88126373    0.43053892	 -39.47955620   16.18544420 -271.04359789   -3.01428251  -26.97720163   -0.92877311	  44.15756953  -74.79599029 -800.02076138   -7.99168153  -76.61787054    0.58128063	177.96040646	0	0.00000000	0.00000000	0.00000000	-0.13923204  0.03721688  0.07361398	 0.02559751  0.49782065 -0.03685550	  11.32624200   18.63485513  -68.20803344   23.16590457    4.06751588   -8.45825437    4.83625524  -54.30640955  -66.28701240 -158.91290672  -56.38632233  -34.42344901	 0.00390398  0.00219359 -0.26883775  0.60135102 -0.37940705 -0.00770825 -0.00004712 -0.01325359 -0.26523289  0.57457536 -0.39091191 -0.00069796	
0.00398000	0.16619496	0.00743549	 -35.07768631   17.01286888 -165.16304016   -2.46932888  -11.81759071    0.10893293	 -84.02481079  -59.72967148 -842.24786377  -15.68834782  -59.86972046    3.35065627	 -34.37195075   15.61362701 -223.01421284   -3.31578865  -23.15729524   -0.75472831	  19.12783807  -71.83982509 -839.66734740  -10.21216499  -84.94714686    2.91413156	178.49941945	0	0.00000000	0.00000000	0.00000000	-0.14791991  0.04021607  0.07874284	 0.04069197  0.59392408 -0.02358537	  12.03872654   19.54541344  -63.01063579   20.09456789    8.14167053   -7.60797810    3.47855199  -50.90236655  -62.65531691 -156.13664569  -54.56554080  -36.18051487	 0.00410340  0.00248505 -0.27388453  0.60402781 -0.37930736 -0.00874369  0.00022777 -0.01481825 -0.26622230  0.57413822 -0.39259928 -0.00075165	
0.00401200	0.17668842	0.00752426	 -20.12862968   14.68374920 -133.57099915   -2.32888460   -9.43292141   -0.11224714	-116.26335144  -57.06974411 -882.11645508  -16.92788124  -63.39176941    3.19437432	 -20.52748791   15.57909645 -181.39255098   -3.33918389  -18.21038245   -0.79284935	 -10.15755983  -66.07590140 -881.91573858  -12.30369914  -93.24502756    4.15022008	177.90801465	0	0.00000000	0.00000000	0.00000000	-0.15546409  0.04152386  0.08404612	 0.05312808  0.62009856 -0.01700355	  12.69092238   21.34869434  -54.86783422   18.12867315   11.22733515   -6.86400441    2.80158687  -50.15692328  -58.27956431 -151.68627629  -52.27198833  -37.65614307	 0.00439485  0.00286087 -0.28066474  0.60787809 -0.37893152 -0.01007058  0.00047909 -0.01632922 -0.26780999  0.57380074 -0.39461648 -0.00075932	
0.00398800	0.18726720	0.00756662	 -1.19859576  15.74820805 -94.86467743  -1.86427879  -8.08437538  -0.64110613	-136.29013062  -59.64940262 -902.94628906  -18.58684349  -67.01329803    3.35380602	  -7.92605917   15.47943523 -146.11692105   -3.08895205  -14.44795977   -0.89934168	 -28.85840334  -66.39938570 -912.86590834  -13.73108197  -99.12481320    4.31232289	178.29806472	0	0.00000000	0.00000000	0.00000000	-0.16233358  0.04088105  0.08376302	0.03052486 0.60600509 0.02485762	  13.16687691   21.54888603  -44.21332748   14.25227217   12.77864216   -6.27544204    3.24778243  -50.45887514  -52.86836698 -147.94542725  -52.06380262    0.00000000	 0.00468631  0.00318301 -0.28680065  0.61168236 -0.37840998 -0.01125175  0.00058905 -0.01709621 -0.26950502  0.57371634 -0.39621949 -0.00075932	
0.00398800	0.19789305	0.00766782	  2.88075829  17.58559608 -72.73719788  -1.16805422  -6.86317444  -1.34468091	-144.98368835  -53.66760254 -921.04559326  -19.22631454  -69.36518097    3.63891006	   2.19022951   17.37767566 -111.39853531   -2.53667533  -10.96410150   -1.65381527	 -44.15111351  -64.06947039 -940.23447185  -15.20671034 -104.66393934    4.54697016	177.94649434	0	0.00000000	0.00000000	0.00000000	-0.16846414  0.03848942  0.08029529	-0.00247507  0.60045338  0.09454090	  13.86420433   21.04388693  -31.81158244   12.84206571   13.66329458   -5.68751956    6.08090108  -54.07215703  -47.92165533 -144.47599207  -52.53834835    0.00000000	 0.00500845  0.00352049 -0.29300562  0.61582410 -0.37770435 -0.01244058  0.00059690 -0.01730330 -0.27148387  0.57377005 -0.39760005 -0.00065194	
0.00400400	0.20864028	0.00782360	 -3.25505757  16.91268921 -40.63623810  -0.14497928  -3.77391076  -2.24596453	-149.41227722  -37.32932281 -952.76739502  -18.02903938  -72.29006958    1.73131919	  3.75132521  18.36995492 -80.14241099  -1.72876832  -7.56651364  -2.47802616	 -48.55091915  -51.82229757 -968.01322409  -15.66340960 -108.95669899    3.26936917	177.56573923	0	0.00000000	0.00000000	0.00000000	-0.17285354  0.03605580  0.07615819	-0.03594278  0.60018947  0.11226792	  14.37398473   19.50789268  -18.75148432   12.35084378   12.68184740   -5.26536712   10.48621806  -60.92209982  -42.03083118 -140.91853117  -54.12212413    0.00000000	 0.00539194  0.00390398 -0.29914922  0.62018830 -0.37679163 -0.01366777  0.00054978 -0.01713456 -0.27376184  0.57379305 -0.39871222  0.00013806	
0.00400000	0.21955843	0.00808759	 -0.78326917  14.30955124 -27.04957390   0.49515656  -1.70264399  -1.58103597	-152.21037292  -37.61460876 -970.41357422  -17.27809906  -74.53947449    1.13335943	  2.20418261  16.49070743 -59.51070432  -0.95546045  -4.76001732  -2.36388068	 -48.50280849  -44.69060518 -989.47750849  -15.16860913 -112.07853019    1.83800591	176.92592388	0	0.00000000	0.00000000	0.00000000	-0.17103676  0.03422278  0.06904554	-0.05081841  0.55746119  0.12235005	  13.67934817   19.25756893   -7.41939418   12.60288527   11.78532352   -4.79225621   13.08150213  -69.70752286  -36.54140785 -137.36710123  -56.22800614    0.00000000	 0.00586748  0.00437184 -0.30511639  0.62471354 -0.37575617 -0.01491796  0.00050265 -0.01682010 -0.27634659  0.57379305 -0.39956355  0.00153398	
0.00398400	0.23076108	0.00833620	 -3.19395351  10.70430946 -17.36050415   0.66648573  -0.76188886  -0.98031485	-157.57159424  -49.31608582 -977.20697021  -17.10680771  -75.36065674    2.56109118	 -0.68107629  12.79235475 -47.15931073  -0.24988893  -2.79999943  -1.74796719	  -51.83503387   -48.31357005 -1003.95618191   -14.23576366  -114.70240666     2.31747464	177.96177609	0	0.00000000	0.00000000	0.00000000	-0.16725154  0.02830764  0.06785653	-0.08692278  0.57829678  0.18409106	  12.79786214   19.87248696    1.30503777   13.12025266   10.02776881   -3.96117932   14.47888599  -78.99320477  -30.68058547 -135.72907193  -60.10854373    0.00000000	 0.00638136  0.00491641 -0.31072310  0.62943053 -0.37461337 -0.01621417  0.00048695 -0.01656699 -0.27915376  0.57380074 -0.40011579  0.00346680	
0.00400000	0.24224894	0.00862022	-7.21653557 11.88064098 -8.03272915  0.78709209 -0.16762051 -1.01247633	-165.65466309  -74.73658752 -977.09204102  -16.31710052  -75.14777374    6.09765530	 -3.87474801  10.47118244 -38.07558980   0.03126220  -1.77253251  -1.16770035	  -57.28490882   -63.05105943 -1011.47905110   -12.74824203  -115.83908094     5.04484093	179.01737745	0	0.00000000	0.00000000	0.00000000	-0.16147377  0.02005816  0.06886743	-0.09382343  0.57662559  0.21745029	  12.11318303   21.99930180    8.47229460   14.69822976    7.96080923   -2.88320046   16.61957972  -88.52996107  -24.39930374 -132.54631438  -63.74311185    0.00000000	 0.00697194  0.00557602 -0.31586960  0.63426256 -0.37347054 -0.01753340  0.00050265 -0.01655165 -0.28210667  0.57380843 -0.40040725  0.00591349	
0.00398400	0.25404358	0.00881582	-19.56350899   6.11017752  -3.98186231   0.59017670   0.90771300  -0.48394868	-163.73271179  -81.47763062 -977.90618896  -14.12324810  -75.19406891    7.14431572	-11.37237348   8.15910911 -30.96009981   0.18101907  -1.28174422  -1.00014261	  -58.25043669   -74.35453434 -1013.49298796   -10.85612795  -116.16533617     7.18172617	180.90030564	0	0.00000000	0.00000000	0.00000000	-0.15010809  0.02217838  0.06217312	-0.11063036  0.52712315  0.20657622	  11.13765981   23.58748659   12.96414538   14.64656147    5.38826167   -1.71614012   18.17479777  -95.60626087  -19.38150522 -132.39977705  -67.34196101    0.00000000	 0.00752417  0.00628932 -0.32005736  0.63848102 -0.37235075 -0.01866854  0.00053407 -0.01680476 -0.28474513  0.57381606 -0.40052998  0.00846757	
0.00400000	0.26606449	0.00897657	-37.05599594   5.44402456  -1.25938106   0.54915625   1.93137574  -0.61583561	-153.78089905  -80.21006012 -969.37194824  -11.90045929  -75.71646881    7.37428617	-25.68800074   5.59785606 -26.14047866   0.21587215  -0.96826546  -0.79498647	  -52.58345674   -77.26025833 -1008.98571281    -8.05216271  -115.98827845     8.24277368	182.01493275	0	0.00000000	0.00000000	0.00000000	-0.13799952  0.02685116  0.05817147	-0.11955331  0.46546259  0.14805542	  10.29552212   25.08066669   15.16403410   14.49998237    3.47759551   -0.54736082   18.33351292 -100.34538487  -15.15211389 -130.73080750  -68.79993904    0.00000000	 0.00832184  0.00740913 -0.32507348  0.64376557 -0.37091649 -0.02004912  0.00060476 -0.01744136 -0.28804317  0.57383144 -0.40054530  0.01221815	
0.00400000	0.27826408	0.00901660	-24.65354538   3.38163066   0.82101196   0.45973080   1.22674620  -0.39872739	-130.13436890  -83.33632660 -966.63714600   -8.17276669  -77.18798828    8.77796364	-28.13393501   4.17659646 -25.43401692   0.28141284  -0.62172168  -0.53649939	  -36.78157477   -77.17014026 -1003.67800518    -4.86839223  -115.76679056     9.42492908	182.61764308	0	0.00000000	0.00000000	0.00000000	-0.12565935  0.03058675  0.05683079	-0.09472507  0.45695963  0.16129617	   8.42708702   25.98866497   16.08554961   13.87334023    2.35975493    0.44832420   16.88694064 -103.42015415  -10.88149203 -129.17049658  -69.14184756    0.00000000	 0.00905048  0.00862097 -0.32917687  0.64819878 -0.36976600 -0.02119194  0.00067544 -0.01829272 -0.29078901  0.57384676 -0.40052998  0.01590738	
0.00399600	0.29050592	0.00902997	-12.52540779   8.63556385  -2.51814198   0.66244531  -0.15964916  -0.44633698	-112.92430115  -93.81877899 -958.71398926   -5.46231651  -78.21963501    9.66337109	-18.13824499   6.10633633 -22.90359360   0.22316843  -1.10535941  -0.57396773	 -20.01991694  -80.17755095 -996.78989259   -1.87845664 -115.54811555   10.42462249	183.09602008	0	0.00000000	0.00000000	0.00000000	-0.11392734  0.03106027  0.05204022	-0.10947216  0.44143251  0.16874015	   7.81034092   26.32184288   15.95232747   12.39833424    1.86191332    1.30208076   18.02753284 -103.15980076   -7.16514861 -126.61666777  -67.73379210    0.00000000	 0.00975612  0.00999388 -0.33301181  0.65207207 -0.36871523 -0.02215835  0.00076969 -0.01932048 -0.29320502  0.57386208 -0.40051463  0.01984204	
0.00398400	0.30275595	0.00894939	-18.86338615  13.92359829 -21.43090439   1.03017724   0.78997427  -0.38853601	-112.59389496 -110.63752747 -962.57916260   -4.07763100  -78.33714294   11.05890179	-17.52600470  10.24226299 -36.13898244   0.24535265  -1.40044300  -0.74406753	  -9.40760292  -92.13355636 -993.59046692    1.43246780 -115.43460007   12.33510651	183.18220166	0	0.00000000	0.00000000	0.00000000	-0.10041287  0.03694183  0.04575846	-0.07566487  0.39398728  0.12529023	   6.71396868   26.28764705   14.48275357    9.91749088    1.63383490    1.96364979   18.54683798 -102.55269572   -3.03167780 -123.44602867  -66.02793961    0.00000000	 0.01042340  0.01148951 -0.33671638  0.65595305 -0.36770278 -0.02309408  0.00087179 -0.02047864 -0.29521453  0.57390046 -0.40051463  0.02401446	
0.00399600	0.31492311	0.00888536	-15.24625969  17.05695152 -14.84698677   1.24222565   0.44112068  -0.61642742	-126.10926819 -139.20007324 -962.33660889   -1.89819002  -76.71724701   12.94717312	-17.34815769  14.31137905 -39.73877950   0.16953490  -1.27140689  -1.02632270	 -10.32606616 -109.78600924 -992.81546767    4.51466501 -115.14362596   14.54195742	183.24742827	0	0.00000000	0.00000000	0.00000000	-0.08617361  0.04417443  0.04351724	-0.07566487  0.39398728  0.12529023	   5.76444241   25.79089802   12.34163307    6.67569938    1.97200488    2.29187740   17.66352670  -99.92723484    1.62183559 -118.73396426  -63.50490109    0.00000000	 0.01108301  0.01296980 -0.34009114  0.65968060 -0.36675939 -0.02393010  0.00097389 -0.02172883 -0.29676387  0.57393879 -0.40050697  0.02840932	
0.00400000	0.32702130	0.00877512	-18.09689522  20.55094910 -11.05204582   1.29465830   0.07855317  -0.83363736	-135.16854858 -158.91470337 -959.12127686   -0.60493684  -74.75170898   13.32878399	-16.12679717  17.63406255 -34.62763803   0.08197470  -1.54722248  -1.24549562	 -18.69971555 -129.00408653 -993.19837620    7.50715685 -114.15924672   16.14905493	183.45554836	0	0.00000000	0.00000000	0.00000000	-0.07108108  0.05133205  0.04135776	-0.07566487  0.39398728  0.12529023	   5.57064387   26.28260851    8.69549548    1.35542864    1.80703390    2.14405346   18.19677721  -96.29257127    3.80134453 -114.72704156  -61.46955201    0.00000000	 0.01174262  0.01434272 -0.34358862  0.66318578 -0.36585435 -0.02465874  0.00105243 -0.02301738 -0.29779163  0.57397711 -0.40049928  0.03305728	
0.00399200	0.33899254	0.00860560	-28.94972801  19.39463043  -9.87419987   1.33106697   2.03720212  -0.41529408	-141.83442688 -173.00659180 -960.79290771    1.74481785  -72.36947632   13.48313236	-24.00335911  17.14041142 -32.27623163   0.08653664  -1.07223832  -1.09348546	 -29.81796726 -143.80682651 -994.75092592   10.93455160 -112.64002917   17.15047037	183.49805346	0	0.00000000	0.00000000	0.00000000	-0.05211543  0.05908294  0.03982359	-0.04788492  0.23284480  0.08527010	   5.12779263   26.56547245    5.54783135   -4.43702788    1.79545587    1.76050542   18.87211638  -92.12136273    6.35133252 -108.94586050  -58.36836298    0.00000000	 0.01239456  0.01553155 -0.34703240  0.66636878 -0.36502600 -0.02531068  0.00106814 -0.02427524 -0.29832086  0.57402319 -0.40048394  0.03790466	
0.00400000	0.35077980	0.00837119	-20.86940575  17.76313400  -4.94816732   1.16022801   0.91437393  -0.30082929	-141.78025818 -187.01928711 -953.88970947    4.08560610  -70.02471924   14.00723267	-25.00443442  16.75415178 -32.09643568   0.06960652  -0.88387290  -0.89067602	 -34.76038318 -154.63595344 -991.70727720   14.05582030 -110.61962167   17.86730062	183.95742260	0	0.00000000	0.00000000	0.00000000	-0.03527783  0.06446240  0.04091678	-0.07851828  0.24319678  0.06383047	   3.75573238   27.16420624    3.24278293  -10.64554332    2.14255536    1.41192093   18.28008936  -87.97401866   10.14116023 -102.92503451  -54.92503835    0.00000000	 0.01301582  0.01650563 -0.35049152  0.66912997 -0.36427435 -0.02588592  0.00102102 -0.02537971 -0.29841289  0.57409221 -0.40048394  0.04286708	
0.00398000	0.36229545	0.00808492	-12.03700256  13.59687710  -6.56129599   1.01462650   0.06494434  -0.24713193	-146.51618958 -193.76493835 -952.16204834    6.75439644  -67.03858948   13.92346287	-17.79932820  15.67632621 -30.36292175   0.10985848  -1.31706914  -0.85818947	 -36.65109635 -163.10320545 -991.06103402   17.10477983 -108.24903567   18.46165057	184.52691794	0	0.00000000	0.00000000	0.00000000	-0.01958907  0.06246253  0.03866110	-0.07909261  0.30905524  0.06462364	  3.24620475  27.29665588   1.92706254 -17.35911041   1.90268799   1.09838118  18.76504339 -82.53637020  12.61758524 -96.52311194 -51.04393454   0.00000000	 0.01350670  0.01720359 -0.35352114  0.67119318 -0.36368376 -0.02634612  0.00097389 -0.02616971 -0.29815978  0.57416886 -0.40047628  0.04723893	
0.00400400	0.37350625	0.00771681	-13.21521664  14.14649296 -15.68954754   1.04478621   0.67721885  -0.43894514	-149.55230713 -198.13378906 -951.54919434    8.57017899  -64.91915131   14.21831512	-14.10526909  13.59399325 -34.20977720   0.13791673  -1.11854257  -0.80373446	 -44.77910537 -166.52793584 -990.29837548   20.21042316 -105.70873117   18.73032709	184.83453893	0	0.00000000	0.00000000	0.00000000	-0.00128521  0.06392033  0.03328056	-0.10918448  0.21493493  0.02890746	  2.79193515  27.49110437   1.80196313 -23.06881829   1.96350620   0.73245271  18.65779909 -78.33544635  14.84926589 -89.25246748 -46.88761583   0.00000000	 0.01405126  0.01795524 -0.35737911  0.67337143 -0.36297047 -0.02683699  0.00092677 -0.02688301 -0.29750016  0.57432997 -0.40043792  0.05287631	
0.00399200	0.38430125	0.00735738	 -5.27943754   8.39698029 -18.89720917   0.69573873  -0.07625925  -0.67473537	-165.50723267 -203.46388245 -945.24267578   11.83456516  -61.19440842   14.77665901	 -9.52009491  11.03508819 -38.81035139   0.13706105  -1.18981745  -0.91983899	 -54.55660086 -169.13618826 -988.43234358   23.26186872 -103.20327508   19.16532362	185.28702930	0	0.00000000	0.00000000	0.00000000	0.01838129 0.06740302 0.02588569	-0.10429841  0.19881842  0.02666039	  1.96393468  26.95722942   3.37414835 -28.29752205   1.73104724   0.38968611  17.26012928 -74.74881265  17.31315904 -82.48655057 -44.15027968   0.00000000	 0.01445777  0.01863786 -0.36074618  0.67488235 -0.36237222 -0.02720514  0.00090321 -0.02719747 -0.29668716  0.57450634 -0.40039960  0.05789242	
0.00400000	0.39470121	0.00698102	-0.30836928  7.93041515 -4.59018040  0.71291852 -0.11277431 -0.67529202	-176.62576294 -210.87960815 -937.09338379   13.49469948  -57.20852280   15.56960678	 -4.24086756   8.39947058 -32.97637969   0.17463512  -1.11391967  -0.87619038	 -67.13057564 -169.69532611 -984.65145714   25.60407923 -100.63396891   19.69829997	185.48189911	0	0.00000000	0.00000000	0.00000000	0.03707622 0.07245964 0.02728252	-0.09234588  0.19036726  0.02265041	  1.72586182  26.27182092   5.33202027 -33.84825162   1.03172702   0.00227068  16.98473947 -71.07499819  18.84345653 -75.44508839 -41.25719645   0.00000000	 0.01477990  0.01934349 -0.36378348  0.67601752 -0.36181998 -0.02751194  0.00088750 -0.02728951 -0.29567474  0.57472879 -0.40034589  0.06290087	
0.00399200	0.40467846	0.00659190	 -3.58061934  10.21617985 -10.74924469   1.02411783   0.28158289  -0.40538746	-172.58024597 -211.05758667 -936.22119141   14.88112831  -54.82845688   16.35700989	 -3.97930479   9.41263269 -33.74753592   0.23532690  -0.82551132  -0.76793826	 -76.51577850 -169.85810114 -980.70731029   27.81376583  -97.27838663   20.52845983	185.80133534	0	0.00000000	0.00000000	0.00000000	0.05517422 0.07684929 0.02490887	-0.07174290  0.12207804  0.03800503	  1.80016676  25.56869571   6.67674226 -39.66708792  -1.76309910  -0.55595393  15.73055980 -68.78062696  20.40644403 -69.28761769 -38.88984807   0.00000000	 0.01503301  0.02013349 -0.36626852  0.67669249 -0.36127540 -0.02771903  0.00085608 -0.02729718 -0.29459327  0.57502025 -0.40029988  0.06749514	
0.00400000	0.41422766	0.00618464	  9.66927814  10.74695301 -18.74748230   1.05084896  -0.89124584  -0.36312321	-174.24598694 -210.67074585 -916.41198730   17.30736732  -51.62995911   16.28597450	  2.83061750  10.78596712 -38.28112524   0.28139970  -0.98663989  -0.71308871	 -81.43013316 -168.06857773 -970.06291388   29.94200792  -94.16081526   20.84282462	186.25397442	0	0.00000000	0.00000000	0.00000000	0.06981079 0.08072639 0.01838759	-0.06588761  0.29521238  0.05965775	  2.00867134  24.51413050   8.07846626 -44.50153119  -4.34032495  -1.28831467  14.38939872 -66.34327468  22.52062635 -62.59107827 -35.67519155   0.00000000	 0.01520942  0.02103854 -0.36801726  0.67701459 -0.36077687 -0.02787242  0.00080111 -0.02726650 -0.29351950  0.57542676 -0.40026152  0.07217378	
0.00398000	0.42331311	0.00575198	 12.24692917   5.53273392 -26.09834099   0.57193112  -1.01711965  -0.83813053	-172.14781189 -210.46049500 -904.20074463   18.66706467  -48.69216156   16.52219772	 10.37990292   7.63497618 -42.34549975   0.28012959  -1.22817840  -0.71325273	 -84.63147162 -164.76172044 -956.98937501   31.44149331  -91.13681437   20.88404801	186.12285197	0	0.00000000	0.00000000	0.00000000	0.07151905 0.07960688 0.02461245	-0.11756965  0.19551119  0.06874125	  2.44316219  23.17732366   7.97777318 -48.76716806  -7.80414785  -1.97214818  13.32386089 -63.71921658  23.43635005 -56.31787124 -31.82208029   0.00000000	 0.01531679  0.02196660 -0.36890697  0.67706060 -0.36040103 -0.02797980  0.00072257 -0.02726650 -0.29257610  0.57586396 -0.40023085  0.07604709	
0.00399200	0.43192437	0.00528580	  4.11488008   0.38679895 -22.76560020   0.23920582  -0.32064196  -1.01291215	-172.15357971 -211.36907959 -891.69567871   19.37657928  -46.12032700   16.48346519	  7.36509914   2.67417357 -44.98667685   0.29494079  -1.21827502  -0.86609536	 -87.36067427 -162.41279433 -944.19681567   32.76768572  -87.53365731   20.88921799	186.07582257	0	0.00000000	0.00000000	0.00000000	0.07767258 0.08202901 0.01844020	-0.09898723  0.12730100  0.08998849	  3.10022759  21.41995003   7.65465505 -51.95131952 -11.14892207  -2.59052466  12.35019949 -60.45561643  25.13169676 -51.53894573 -28.62203375   0.00000000	 0.01537815  0.02322446 -0.36922911  0.67683053 -0.36004055 -0.02807951  0.00057334 -0.02726650 -0.29153299  0.57649285 -0.40019250  0.08017349	
0.00400400	0.44002420	0.00480592	 2.07822347  5.41026783 -8.07891178  0.48756328 -1.36351311 -0.89022452	-177.27700806 -209.56715393 -866.11694336   20.43315125  -42.27238846   15.65858173	  4.66059273   3.37959578 -37.69700221   0.23487286  -1.49479555  -0.99291722	 -92.80681717 -159.01396134 -924.87588052   33.79832233  -83.77133262   20.32960018	186.10364097	0	0.00000000	0.00000000	0.00000000	0.08745041 0.08961510 0.00640910	-0.06694925  0.15559178  0.06785882	  3.92575834  18.36851080   7.18293386 -54.55530710 -15.14212871  -3.17526975  12.14208380 -58.63885722  26.98010902 -48.47113643 -26.85890219   0.00000000	 0.01541650  0.02483514 -0.36886093  0.67614794 -0.35971841 -0.02813320  0.00031416 -0.02726650 -0.29050523  0.57740557 -0.40013880  0.08442262	
0.00399600	0.44758621	0.00440869	-10.68778896  12.39912319 -15.32663345   1.00104070   0.49151137  -0.16903739	-181.03862000 -209.47238159 -843.23217773   20.74600792  -39.19446182   15.21904659	 -3.95452545   8.11749631 -36.62538652   0.22204401  -1.18418546  -0.67047782	-101.02312018 -157.06908410 -903.58599197   34.39137527  -80.15803524   19.75239340	186.15322694	0	0.00000000	0.00000000	0.00000000	 0.09828369  0.10141574 -0.00994388	-0.06694925  0.15559178  0.06785882	  4.22569134  14.76241010   6.01689251 -55.58915338 -18.31662933  -3.73957232  10.98999473 -55.53786042  28.45424884 -46.97338112 -24.92242478   0.00000000	 0.01543951  0.02620039 -0.36812463  0.67518151 -0.35958803 -0.02817155  0.00003142 -0.02726650 -0.28974590  0.57818025 -0.40008512  0.08742154	
0.00398400	0.45470005	0.00396854	 -5.15100384  10.84610748 -12.60220051   0.95115066   0.08104394   0.02667624	-183.84233093 -204.09317017 -816.92370605   20.87413788  -34.17648315   14.43761635	 -8.78234255  10.39647415 -37.22058301   0.26251507  -0.84787733  -0.37946998	-108.37877191 -152.60979187 -881.20791938   34.52629632  -75.74346911   18.97323621	186.21514903	0	0.00000000	0.00000000	0.00000000	 0.11206903  0.10716903 -0.01607697	-0.08977665  0.08333088  0.06614813	  3.99628267  11.00495259   5.04974316 -54.75520792 -21.16474519  -3.98115379  11.19609018 -54.14110519  29.09041302 -46.81173231 -22.94886041   0.00000000	 0.01543951  0.02780340 -0.36695880  0.67353249 -0.35959572 -0.02825592 -0.00036914 -0.02726650 -0.28894824  0.57923871 -0.40005443  0.09051251	
0.00399600	0.46133140	0.00350956	 0.89062941  4.27009344 -7.78220463  0.58208454 -0.79625696 -0.42834952	-170.30877686 -204.55764771 -798.07141113   20.58241844  -30.96971893   14.51090240	 -2.59854572   9.11900034 -33.95081509   0.21063979  -1.15302122  -0.54804144	-107.83997122 -151.77707735 -858.91865087   34.46800461  -71.18649590   18.71797658	186.30336453	0	0.00000000	0.00000000	0.00000000	 0.12809065  0.10352068 -0.02801537	-0.14383104 -0.03569670  0.10696726	  3.36012964   6.49674835   4.76675515 -54.51332563 -23.33841409  -3.97672258  10.77826132 -50.73430344  29.18593991 -47.20007152 -21.54750495   0.00000000	 0.01541650  0.02961349 -0.36525610  0.67098606 -0.35990250 -0.02840932 -0.00084038 -0.02727417 -0.28814289  0.58053493 -0.40004677  0.09353446	
0.00399200	0.46745038	0.00312540	 -0.69589168   5.79433203 -22.36954498   0.56681424   0.44723299  -0.58255702	-146.33171082 -203.87472534 -773.40789795   20.10055542  -28.40751266   14.79103470	 -1.21600966   4.44437349 -38.84425019   0.28620577  -1.00381399  -0.67172578	 -95.59821828 -150.32683370 -836.93773330   33.97421851  -66.60478629   18.90928988	186.40322586	0	0.00000000	0.00000000	0.00000000	 0.14173137  0.10729667 -0.04076413	-0.15230326 -0.09435603  0.09382582	  3.61037169   1.70800203   5.74920451 -54.13204765 -24.26872919  -3.71153209  12.33024308 -46.18671607  27.86874650 -47.71178775 -20.01381107   0.00000000	 0.01540116  0.03100942 -0.36371443  0.66854703 -0.36030900 -0.02855505 -0.00127234 -0.02727417 -0.28755999  0.58159333 -0.40006977  0.09556698	
0.00400400	0.47314906	0.00281884	  1.26748908   1.86741173 -23.79147148   0.48987222   0.01803067  -0.67847437	-136.22845459 -197.28807068 -755.95928955   20.20243263  -26.48958778   14.16857052	 -0.49589227   2.37257381 -45.13365336   0.39169877  -0.87475528  -0.73699439	 -81.00167198 -146.26863823 -812.42845431   33.43911744  -62.04574996   18.71489415	186.46926126	0	0.00000000	0.00000000	0.00000000	 0.15606469  0.10822108 -0.05059099	-0.15206401 -0.15910581  0.09197694	  2.92006335  -2.04794212   5.64214477 -52.89548128 -25.00213251  -3.42200582  10.83360499 -41.00050147  27.76946366 -47.19037465 -16.88419362   0.00000000	 0.01540883  0.03268912 -0.36142880  0.66509557 -0.36104530 -0.02876213 -0.00188496 -0.02728184 -0.28684667  0.58297396 -0.40013880  0.09779125	
0.00398800	0.47849816	0.00254603	  8.69736671   4.18306112 -26.99040604   1.14808917   0.46158665   0.04727659	-120.97528839 -191.88316345 -734.36083984   19.79647255  -22.82760048   13.24862671	  7.48544480   2.65919667 -45.42697541   0.62663795  -0.54923048  -0.31451009	 -68.07823559 -141.83232226 -790.31218880   32.84320242  -57.45089924   17.99246277	186.62998336	0	0.00000000	0.00000000	0.00000000	 0.17033156  0.10660866 -0.05940687	-0.14554376 -0.18706896  0.11664325	  2.22100765  -4.83984021   5.82558415 -52.80601385 -24.95558775  -2.18575608  11.95830362 -36.77557657  25.21023182 -47.65643066 -15.76110178   0.00000000	 0.01542417  0.03387029 -0.35941163  0.66189724 -0.36181229 -0.02892320 -0.00239546 -0.02727417 -0.28628677  0.58407843 -0.40019250  0.09922553	
0.00399200	0.48354626	0.00229588	  7.21907949   7.32497358 -45.31867218   1.87663305   3.33047652   0.58854562	-108.06507111 -188.31120300 -722.93731689   19.49426460  -19.98554230   13.25646496	  7.92398459   6.41199205 -55.49094599   0.90976034   0.69027209   0.05786883	 -58.60122322 -138.19283228 -774.18263681   32.25997187  -53.39430383   17.72443110	186.84450385	0	0.00000000	0.00000000	0.00000000	 0.18155108  0.10728143 -0.06629629	-0.14176184 -0.18936992  0.12069487	  2.98036880  -8.03100211   7.07561494 -51.83044628 -22.92686652  -0.66345544  12.90398515 -31.26440861  22.54035694 -45.80763456 -13.06107560   0.00000000	 0.01543951  0.03522786 -0.35648173  0.65732598 -0.36294743 -0.02912262 -0.00308661 -0.02721281 -0.28551978  0.58552033 -0.40025386  0.10065980	
0.00400800	0.48832524	0.00210394	 11.84268570  20.81809998 -91.78423309   2.15724492   2.59558392   0.27589318	-105.08739471 -187.05256653 -711.73046875   19.15975380  -18.10651207   13.11424732	 12.28552596  14.92070110 -90.00947363   0.87872276   0.90050592   0.02506302	 -51.17864081 -135.92258751 -758.70392835   31.63130382  -49.64466277   17.65310731	186.94661044	0	0.00000000	0.00000000	0.00000000	 0.18909607  0.11060428 -0.07240019	-0.14228952 -0.18942067  0.11214322	  4.10723894 -11.05911905  10.83449378 -49.16470445 -16.43665220   0.72838033  14.60443073 -24.51934582  18.23238927 -44.22215380 -10.08548489   0.00000000	 0.01543184  0.03629398 -0.35353649  0.65286207 -0.36424366 -0.02931437 -0.00373849 -0.02712077 -0.28479880  0.58684725 -0.40030754  0.10158019	
0.00399600	0.49288419	0.00197363	  29.17329979   39.56493759 -199.69514465    2.04813218   -1.91144502   -1.34144413	 -95.44030762 -178.90922546 -678.23553467   18.52898407  -15.44392395   12.70681095	  27.99679572   30.58383325 -158.06313159    0.17050479   -2.59803430   -1.46819498	 -46.99132294 -132.11313768 -735.33505635   30.72905103  -46.12989365   17.37542639	187.07787234	0	0.00000000	0.00000000	0.00000000	 0.19320234  0.11472121 -0.07729026	-0.13691230 -0.20719779  0.12532043	  5.73371969 -14.01450519  14.22469309 -45.56657030  -7.99017232   2.26435160  14.90805464 -18.07013178  14.37862242 -42.65074971  -7.75203568   0.00000000	 0.01541650  0.03716835 -0.35025376  0.64804536 -0.36572397 -0.02950612 -0.00439823 -0.02693670 -0.28407016  0.58819711 -0.40036890  0.10221679	
0.00398000	0.49728945	0.00187519	  53.52017593   58.12300110 -339.70080566    3.74535751   -9.74791527   -4.20081711	 -89.10160828 -164.35078430 -652.13885498   18.41192245  -13.88698673   12.35546303	  47.88327729   46.70221871 -265.89602468    0.18013452  -10.07992284   -3.68743810	 -42.51968247 -125.74823563 -711.46010158   29.92945799  -43.03675470   16.94890738	187.33534735	0	0.00000000	0.00000000	0.00000000	 0.19367534  0.11672494 -0.08512355	-0.12126196 -0.18621087  0.13351026	  6.07608583 -16.97645583  18.08833910 -37.98435990   0.62304735   4.12141032  16.80783049 -13.25564234   9.52415129 -43.19959486  -5.40484968   0.00000000	 0.01540883  0.03781262 -0.34664890  0.64301395 -0.36725026 -0.02972087 -0.00507367 -0.02660689 -0.28333387  0.58957773 -0.40042260  0.10255426	
0.00400400	0.50159866	0.00178142	  81.99295044   78.07090759 -441.60516357    4.23834753  -15.49640560   -4.82766962	 -88.54464722 -154.40522766 -631.74731445   18.34861565  -12.63699627   11.96659470	  82.25967074   69.53219997 -390.41416584    0.20678347  -18.91015504   -6.15603538	 -42.03745482 -114.59218171 -683.95466357   28.94862683  -40.29764207   16.25914373	187.62198580	0	0.00000000	0.00000000	0.00000000	 0.19311470  0.12146074 -0.09335586	-0.08518740 -0.20373251  0.13252241	  6.00313379 -19.61954940  20.80462694 -31.31948045   6.68559982   5.94426794  18.66674756  -9.42628072   4.77821054 -44.25246914  -2.86583418   0.00000000	 0.01547786  0.03826514 -0.34272191  0.63802081 -0.36866918 -0.02996631 -0.00573341 -0.02611602 -0.28262055  0.59097368 -0.40045327  0.10263097	
0.00399600	0.50579917	0.00162064	 109.49512482  117.18402100 -615.54119873    3.95718074  -18.57606316   -4.62331152	 -82.56216431 -133.28590393 -595.62567139   18.62351227  -10.50928497   10.80356884	 121.51116152  104.07773813 -527.81783575   -1.37134985  -25.77542724   -7.83129769	 -40.85255414 -101.11434108 -656.08793918   28.13446796  -37.50088845   15.08500573	187.87432635	0	0.00000000	0.00000000	0.00000000	 0.19331892  0.12735308 -0.10324584	-0.05607008 -0.25663933  0.11183016	  4.36599822 -22.36606744  21.61486341 -23.99997775  10.47973916   8.76204683  19.95426279  -6.50167212  -1.91553256 -48.97214742  -1.70522216   0.00000000	 0.01566961  0.03842621 -0.33849579  0.63341123 -0.36975065 -0.03031145 -0.00635387 -0.02549476 -0.28193793  0.59234655 -0.40047628  0.10241620	
0.00398400	0.50981432	0.00161415	  94.04592896  137.24797058 -711.50823975    2.08516741  -16.25270844   -1.88891578	 -70.21138763 -116.97116852 -572.82684326   18.56111908   -9.29519653   10.28757381	 130.90878722  130.61358470 -656.05905886   -4.08227661  -29.86833349   -7.43137918	 -35.29031414  -85.10315436 -624.53338756   26.89204474  -34.26307294   13.91944062	188.28299343	0	0.00000000	0.00000000	0.00000000	 0.19813255  0.13216966 -0.10986871	-0.05607008 -0.25663933  0.11183016	  0.93801234 -24.19367081  22.01467914 -20.26211883  10.32873667  11.21962542  19.74772741  -2.66307501  -8.50963009 -53.09368282   0.62394373   0.00000000	 0.01599175  0.03826514 -0.33426201  0.62953025 -0.37039492 -0.03077165 -0.00692721 -0.02480446 -0.28130135  0.59365046 -0.40047628  0.10190232	
0.00400800	0.51383561	0.00158316	 -31.47705460  119.51701355 -833.63677979   -2.99664283   -5.74743223    2.61519313	 -38.97269440  -81.50228882 -520.94055176   19.09860802   -8.14103031    9.02486801	  73.67580898  132.30101385 -779.46109736   -7.84172763  -32.31454676   -4.22228487	 -16.40125142  -61.79588397 -582.07892697   25.45469206  -30.35208786   12.23394806	188.36936586	0	0.00000000	0.00000000	0.00000000	 0.20988358  0.14358656 -0.11256071	 0.04824043 -0.37847987  0.04806824	 -3.49734394 -23.50176082  22.10931208 -17.45233272   7.04593940  13.96754914  19.40936960   0.56602695 -15.47823546 -56.41142271   2.71083416   0.00000000	 0.01635990  0.03764388 -0.32946065  0.62664634 -0.37063268 -0.03125485 -0.00740630 -0.02409883 -0.28074911  0.59480095 -0.40047628  0.10111232	
0.00397600	0.51780468	0.00152432	-125.82824707   74.31575012 -885.61743164   -6.10191774    2.36555433    5.34788179	 -28.52117538  -65.78475189 -484.42449951   18.35294533   -6.11689615    9.37323952	 -15.32028386  104.41679959 -866.43994151   -9.64162614  -33.32465633   -0.46486589	   0.01283849  -40.22230937 -541.03638913   23.71209490  -26.41286982   11.42968058	188.57467597	0	0.00000000	0.00000000	0.00000000	 0.22905269  0.15795908 -0.10460732	 0.09925466 -0.38317243  0.02530115	-10.22467621 -21.49582924  19.36603170 -17.81011191   1.90874294  15.99197413  16.82144619   4.22348777 -23.25143692 -60.29978849   4.32490550   0.00000000	 0.01663602  0.03672349 -0.32500443  0.62495130 -0.37067103 -0.03155398 -0.00775188 -0.02350825 -0.28041929  0.59565228 -0.40043792  0.10014591	
0.00401200	0.52172834	0.00147635	-178.31661987   37.52701950 -918.35437012   -8.65852833    9.21118641    8.15588474	 -22.08160973  -60.85161591 -440.94238281   15.92051792   -3.30584812    9.58995533	 -89.14145530   63.96271096 -917.24341452  -10.32125481  -32.98752325    3.39138000	   6.91682696  -30.24167235 -501.82187224   21.52916252  -22.41626498   11.26828302	188.77567368	0	0.00000000	0.00000000	0.00000000	 0.24314771  0.16284151 -0.09232361	 0.09272186 -0.39595570  0.03339606	-14.59745752 -17.68892557  16.93619388 -16.23963608   0.89853209  17.39768564  14.18652188   8.39953422 -28.39041018 -60.89142444   7.25510788   0.00000000	 0.01672039  0.03482136 -0.31886086  0.62367809 -0.37070173 -0.03153097 -0.00812102 -0.02274126 -0.28028890  0.59647298 -0.40034589  0.09849688	
0.00399600	0.52558976	0.00148570	-163.19094849   18.87387848 -894.86730957   -9.12178993   11.84323025    8.61474419	 -21.84991264  -60.11308289 -425.06021118   14.12633133   -0.94233412   10.30989170	-116.70838547   31.07788535 -928.85994882  -10.14759983  -29.38077925    6.38969149	   9.30606677  -29.85069605 -467.13801810   19.01828188  -18.26182117   11.83059783	188.63915353	0	0.00000000	0.00000000	0.00000000	 0.24888633  0.15946096 -0.08060951	 0.06934465 -0.39412851  0.09201571	-18.36329221 -12.06885030  12.84453907 -19.52040798   0.54568393  15.64755687  10.52907432  13.80171131 -33.63821432 -59.87976120  10.51404540   0.00000000	 0.01645961  0.03264311 -0.31309310  0.62317955 -0.37101617 -0.03085602 -0.00837234 -0.02202029 -0.28035793  0.59693319 -0.40021551  0.09670980	
0.00398000	0.52945274	0.00149432	 -99.73907471    6.97705793 -842.09155273   -6.77952242   12.75988770    3.79040909	  10.62629318  -59.85929489 -396.10095215   13.02344894   -1.21915090    9.02399635	 -94.00990764   12.11780937 -898.69236509   -8.42983916  -24.13060098    5.79597355	  25.41101976  -29.94196998 -440.11435483   17.24812826  -14.68389144   11.56162037	187.26668694	0	0.00000000	0.00000000	0.00000000	 0.24750050  0.14968377 -0.06630488	-0.05061410 -0.43340884  0.06687905	-17.35590985  -6.12357977  10.48841030 -22.81794347   2.17662659  13.83008010   9.48000096  18.18342223 -38.73588511 -59.72125350  12.53742357   0.00000000	 0.01594573  0.03029611 -0.30734065  0.62311822 -0.37161443 -0.02952912 -0.00856869 -0.02118427 -0.28059572  0.59719396 -0.40003142  0.09470795	
0.00399200	0.53333199	0.00154656	 -57.16578293    7.83426619 -777.26489258   -4.16300869   13.41716671   -1.61324537	  26.69000053  -52.43889236 -374.84564209   11.45207500   -0.07185813    8.13625431	 -55.23673940    6.15614841 -852.06113900   -6.00295916  -18.65661110    1.85589366	  44.54220935  -29.42563022 -410.25416944   15.66070253  -12.33706211   11.06318214	186.06876509	0	0.00000000	0.00000000	0.00000000	 0.24950068  0.15000321 -0.05043860	-0.10299903 -0.38981349  0.04132639	-16.82588530   3.14574876   6.72911412 -28.28976688   3.89060046   8.77366087   7.83696641  22.72160285 -42.45926394 -58.31957301  14.70524070   0.00000000	 0.01532446  0.02815621 -0.30251628  0.62334830 -0.37231240 -0.02790310 -0.00875719 -0.02047097 -0.28081048  0.59727061 -0.39978600  0.09282116	
0.00400000	0.53727371	0.00157248	 -41.50704575   22.17647934 -744.01623535   -2.13508606   13.78110218   -5.16911793	  58.19160461  -41.82593918 -352.41995239   10.73138428   -0.70545316    8.80521488	 -25.20312945   13.11691786 -797.23728801   -3.99257757  -13.99753456   -3.12958137	  69.39093218  -22.60411622 -383.37216378   13.85942278   -9.44844202   10.92044173	184.77817463	0	0.00000000	0.00000000	0.00000000	 0.24242760  0.16637563 -0.03345194	 0.06330925 -0.34635145 -0.06960166	-14.84275736  12.97400797   4.30928869 -32.38702411   6.14489157   6.06078308   8.88373709  26.12832163 -46.05239942 -55.53326580  17.40560616   0.00000000	 0.01436573  0.02549476 -0.29713967  0.62384683 -0.37337852 -0.02534903 -0.00905564 -0.01957359 -0.28074911  0.59727061 -0.39933348  0.09025941	
0.00399600	0.54124200	0.00168208	 -54.55688095   22.85483742 -661.19506836    1.67328155   13.66266918  -15.91182232	  99.45509338  -23.96249008 -326.75213623   11.20678234    0.09796944    8.43532276	 -19.56180700   18.54479139 -735.36455689   -1.21522065  -11.28064378  -10.56033050	 101.33693585   -8.44414501 -360.59914732   12.74328191   -6.11959882   10.09756525	180.48527427	0	0.00000000	0.00000000	0.00000000	 0.21914636  0.20067391 -0.00068660	 0.08461052 -0.36615243 -0.23099303	-17.85677633  23.75415373  -0.59178232 -41.13754909   6.67012893   2.21391744   8.26449535  28.13267382 -49.17148321 -53.34898463  16.62441379   0.00000000	 0.01362175  0.02345456 -0.29336610  0.62432235 -0.37445998 -0.02291000 -0.00933053 -0.01883728 -0.28021222  0.59730899 -0.39877355  0.08797378	
0.00398400	0.54532540	0.00171129	 -73.72473145   23.29399300 -603.80084229    3.99398279   13.53133678  -20.85706711	 124.18958282   -8.43492603 -315.36157227   11.93207550    0.48721188    6.81604862	 -36.65003492   21.42295880 -675.18241331    1.46124129  -10.15398303  -17.47127065	 128.51543936    4.69766325 -342.54344786   12.21895455   -3.35429201    8.80962385	177.94058405	0	0.00000000	0.00000000	0.00000000	 0.21815212  0.24006873 -0.00795283	 0.09819206 -0.17388725 -0.41272332	-25.76647131  32.64855697  -3.90795992 -49.33042181   6.18010927   0.74995896   6.28316301  26.94853172 -50.44421897 -50.54746388  15.20611008   0.00000000	 0.01313854  0.02206631 -0.29085803  0.62462151 -0.37546474 -0.02081612 -0.00958186 -0.01823903 -0.27933785  0.59754676 -0.39812163  0.08571883	
0.00400800	0.54945469	0.00184206	 -80.70111847    8.95415497 -573.02569580    4.10693359   12.67873859  -21.03793526	 123.08484650    7.16360140 -299.92355347   12.51608372    1.27779031    5.30686474	 -51.06212187   15.21099320 -623.39382042    3.54805901  -10.07443369  -20.33350280	 141.77084230   18.65993490 -322.10868946   11.79973198   -1.02494804    7.02070161	175.98320824	0	0.00000000	0.00000000	0.00000000	 0.21286920  0.24452817 -0.00562468	 0.03805901 -0.28653620 -0.27327480	-35.19589559  41.65414255  -7.96575321 -60.26366897   2.84014539  -0.12813377   2.88492945  26.95150354 -51.15988284 -45.94984683  14.64786534   0.00000000	 0.01267068  0.02103087 -0.28869513  0.62473655 -0.37689134 -0.01839243 -0.00986460 -0.01761777 -0.27762747  0.59817570 -0.39704016  0.08258951	
0.00398800	0.55371815	0.00201670	 -75.04353333  -13.82491684 -538.40289307    3.12615442   10.47487354  -19.00806618	  96.76160431   13.35788822 -274.27734375   11.57297325    5.80058146    4.46828318	 -54.35482999   -0.72603950 -584.44232960    4.55741590  -10.52930791  -19.58004484	 131.49808041   29.17468859 -301.90861445   11.04540904    1.39154770    5.73340230	178.14620932	0	0.00000000	0.00000000	0.00000000	0.20654574 0.22570880 0.00933332	 0.03178457 -0.23519669 -0.21125903	-31.86050597  45.30729467  -8.19914117 -73.47381915  -1.45491514   2.50540660   9.80288977  24.97365242 -55.75213694 -39.86738045  10.40187815   0.00000000	 0.01236388  0.02090815 -0.28765202  0.62443745 -0.37824124 -0.01650563 -0.01006880 -0.01721893 -0.27567929  0.59898871 -0.39585134  0.07952154	
0.00400400	0.55818462	0.00219688	 -58.37758636  -24.49165535 -528.92004395    3.06896591    7.59807158  -19.75909996	  88.73765564    9.80169868 -252.10597229   10.63807964    7.68275547    4.00864840	 -45.32240364  -13.21865544 -566.61337904    5.27257930  -11.40688975  -18.87381215	 113.91267519   27.82713814 -285.11972108   10.28224237    3.88667050    4.85894202	177.90596848	0	0.00000000	0.00000000	0.00000000	0.18725907 0.21683613 0.00319092	 0.00802686 -0.22084453 -0.21844429	-31.79091420  49.28220001  -7.98353577 -85.36440882  -4.32006766   4.77733985  13.11120886  23.16063095 -56.58783423 -30.45550535   8.13626229   0.00000000	 0.01216447  0.02164446 -0.28726852  0.62364745 -0.37963715 -0.01474922 -0.01025730 -0.01697349 -0.27352405  0.59997046 -0.39454743  0.07621582	
0.00399600	0.56284690	0.00242327	 -39.98230743  -27.42870522 -548.29107666    3.13381815    5.14911747  -20.39200974	  81.40964508   12.21130085 -234.94046021    9.88874149    8.79770279    3.26267076	 -26.89481308  -19.70846060 -564.83713908    5.98149751  -12.80795964  -19.21368541	 102.47776887   25.81469624 -263.26646823    9.42628893    5.71171428    4.29171138	178.58583551	0	0.00000000	0.00000000	0.00000000	 0.16689414  0.20671567 -0.00465646	 0.00802686 -0.22084453 -0.21844429	-30.82120568  46.69318936  -6.85720979 -93.63226645  -6.34181380   8.79231248  16.01121925  19.16278886 -57.99446470 -21.69308145   4.75119072   0.00000000	 0.01211845  0.02307107 -0.28729922  0.62240493 -0.38122484 -0.01305417 -0.01035940 -0.01684310 -0.27144551  0.60104424 -0.39318988  0.07269534	
0.00398800	0.56775630	0.00266006	  11.70394802   -9.35890102 -590.06365967    4.34173822    1.03982699  -19.02103996	  53.83202744    7.05722904 -202.90942383    8.16622448   11.78897572    2.40488577	   8.99193273   -9.91607689 -591.34300856    6.18421122  -14.58133528  -19.04803006	  80.18138782   20.56371168 -242.49372121    8.32692814    7.08302146    3.75496682	176.42339319	0	0.00000000	0.00000000	0.00000000	 0.14581379  0.19556040 -0.01335685	-0.06054353 -0.23498252 -0.20044010	 -31.09102495   47.40371083   -6.75963108 -103.08801300   -8.18862582   10.70418982   16.87829143   17.38142153  -56.76728736  -11.09987119    0.46599327    0.00000000	 0.01210311  0.02502689 -0.28761366  0.62084025 -0.38288918 -0.01135146 -0.01034369 -0.01678942 -0.26966611  0.60217172 -0.39187065  0.06898310	
0.00400000	0.57293558	0.00284383	  29.37010193   16.78449440 -622.79034424    5.82952881   -1.32794154  -15.97685623	  61.37738419    5.37997770 -178.71427917    7.02746201   10.71211433    2.25484014	  45.97904604   14.09807776 -630.38990758    6.14081076  -16.87009556  -17.44855470	  71.62729457   15.69631054 -216.01560125    7.15332588    8.28368568    3.17679162	177.49003336	0	0.00000000	0.00000000	0.00000000	 0.13175367  0.18034942 -0.02085511	-0.08751974 -0.22264763 -0.11504834	 -28.89701679   43.08254603   -4.98428082 -113.26186825  -11.13403212   13.28306708   19.19747516   14.31504537  -57.69535524   -2.83034771   -5.08262355    0.00000000	 0.01204175  0.02722815 -0.28791279  0.61912221 -0.38462260 -0.00961039 -0.01021017 -0.01677408 -0.26835454  0.60330683 -0.39077386  0.06512514	
0.00398400	0.57831025	0.00287642	  43.04806137   56.95481873 -719.73449707    7.96368408   -1.42294765  -15.40880108	  46.38099670    5.46763420 -158.52444458    6.09470892   11.83622837    2.47615075	  73.01509910   52.95839719 -695.39067615    5.65572602  -18.82145857  -17.12754004	  61.58714753   13.32237811 -190.90701242    6.13024264    9.07461900    2.88622667	177.48636911	0	0.00000000	0.00000000	0.00000000	 0.12308275  0.16409844 -0.02701735	-0.19757236 -0.19335479 -0.05313947	 -25.49135988   43.06352335   -4.75722399 -122.23512170  -13.51033071   13.80302066   21.89874912   13.30307537  -58.59768662    2.67885000   -9.52949193    0.00000000	 0.01201107  0.02939874 -0.28781310  0.61737347 -0.38640967 -0.00804573 -0.00998241 -0.01672806 -0.26767191  0.60446501 -0.38976142  0.06117514	
0.00400000	0.58372998	0.00290523	  64.15669250  111.47886658 -823.71557617   11.19671059   -4.79150343  -15.47208309	  45.78647232   -1.59654498 -131.90184021    4.59382391   11.57856560    2.22470140	  99.09292997  100.75376743 -776.90655515    5.24105286  -22.08606677  -18.28714443	  51.85829101    6.49451896 -172.04889207    5.31625605    9.73469573    2.94231466	182.61738082	0	0.00000000	0.00000000	0.00000000	 0.12560079  0.14872063 -0.05343238	-0.17240592  0.04436110 -0.06148135	 -22.58028859   41.46232338   -4.46004608 -129.30234841  -16.18045880   13.92410296   23.94210549   12.86336822  -59.76150712    6.51436902  -11.66708825    0.00000000	 0.01208010  0.03128553 -0.28712279  0.61584711 -0.38812006 -0.00656544 -0.00964469 -0.01658233 -0.26764125  0.60564619 -0.38900211  0.05722514	
0.00399600	0.58917952	0.00294141	  63.85784912  136.38191223 -883.34008789   11.63493919   -6.79478931  -14.62731934	  42.22338104    1.91968501 -112.89820099    4.04507685   10.62887478    2.68915868	 110.51135662  139.84198632 -853.88630321    4.69065323  -26.28149750  -19.12213226	  50.03694417    4.88049855 -148.76739459    4.39484010    9.75434180    2.98625366	181.87262669	0	0.00000000	0.00000000	0.00000000	 0.09742233  0.11553820 -0.03379647	-0.20921991 -0.01928064  0.01447640	 -23.45480131   43.07933180   -7.58291790 -133.44289185  -18.26083732   13.88463934   22.80964459   13.18222106  -60.06563425    9.20436968  -11.25082866    0.00000000	 0.01221048  0.03272747 -0.28599530  0.61451256 -0.38980743 -0.00546864 -0.00925199 -0.01629087 -0.26836988  0.60684270 -0.38851124  0.05332116	
0.00398800	0.59466487	0.00297716	  46.01179504  144.14027405 -962.64068604   11.11104584   -8.94904613  -12.52925110	 25.95442772   5.57198811 -97.61000824   3.73890948  10.05150604   3.05881047	 108.10145398  161.28786288 -933.71835493    3.71586360  -31.62493653  -18.15956626	  37.35213261    7.53478037 -128.59187991    3.49846221    8.94247130    3.21783197	184.81036908	0	0.00000000	0.00000000	0.00000000	 0.07928230  0.09728271 -0.02510213	-0.22171140  0.01496161  0.05515739	 -20.67456904   43.04603987   -7.92882352 -136.15621802  -21.06322733   14.13859179   24.37366298   11.78011612  -61.01000816    9.81164333   -9.10622756    0.00000000	 0.01240990  0.03357116 -0.28428492  0.61353850 -0.39148715 -0.00484738 -0.00884358 -0.01583068 -0.26976579  0.60810822 -0.38831180  0.04946320	
0.00399200	0.60019213	0.00306437	  -24.91249084   115.86930084 -1025.36145020     8.29557228   -10.15488529   -10.55281925	 28.36416817  11.82188034 -76.96485138   3.35475755   8.08804607   3.26722789	   72.97476660   154.47905558 -1000.46616730     2.92042985   -37.78453196   -16.46595692	  35.56392799   12.54426437 -111.21065345    2.78525837    8.15602176    3.27547617	185.18859032	0	0.00000000	0.00000000	0.00000000	 0.07561046  0.09547198 -0.02881187	-0.22694947  0.09367751  0.00711560	 -21.21417078   44.49085184  -10.38517543 -139.15855688  -22.93652514   14.01392370   24.37303793   10.59077075  -61.34014317   10.63419903   -5.90098396    0.00000000	 0.01269369  0.03384728 -0.28216803  0.61283284 -0.39318988 -0.00465563 -0.00838805 -0.01521709 -0.27182901  0.60945809 -0.38834250  0.04564359	
0.00399600	0.60581851	0.00306266	  -64.03796387    92.09439850 -1055.42272949     6.08910465   -10.99110126    -8.91092491	 23.86963654  10.09076214 -64.82613373   2.87504864   7.53842068   2.61066508	   27.93115630   131.64366881 -1050.96975819     2.14081663   -43.68879317   -14.19958504	 31.25085088  12.07616214 -95.39940176   2.30840034   7.31168944   2.86827175	181.76739045	0	0.00000000	0.00000000	0.00000000	 0.06351028  0.09592264 -0.01777944	-0.19701625  0.09195611  0.01011092	 -22.84763058   46.98484652  -11.68685246 -138.73676043  -23.26594144   14.33546834   24.23971976    9.49860229  -61.07783046   10.89892385   -2.91999005    0.00000000	 0.01293145  0.03370155 -0.28012785  0.61233431 -0.39476222 -0.00470165 -0.00790110 -0.01454213 -0.27406862  0.61073130 -0.38854191  0.04231485	
0.00399600	0.61144304	0.00309341	 -101.09095764    69.45537567 -1085.73352051     3.83985829   -13.44333839    -7.57395983	 25.18867874   6.43923616 -50.22663879   2.15079045   6.01183939   1.71677339	  -13.51383060   103.30079960 -1092.61958111     1.41595143   -49.88273147   -11.79728530	 28.93470871   9.86916510 -79.91336820   1.73875205   6.39626407   2.13715957	184.01269019	0	0.00000000	0.00000000	0.00000000	 0.05676620  0.09802956 -0.01500721	-0.09262632  0.14112231  0.01085155	 -22.87315607   49.54933417  -15.80443743 -137.73344691  -22.95544311   13.05609700   23.74764911    8.52342162  -59.89109813   10.12763307    2.72448423    0.00000000	 0.01313087  0.03314932 -0.27747405  0.61163634 -0.39694813 -0.00487806 -0.00713927 -0.01352204 -0.27737436  0.61245704 -0.38891774  0.03807339	
0.00399200	0.61709952	0.00318150	 -124.21282959    71.16167450 -1107.48583984     3.47356462   -18.16173935   -10.45355320	 29.03984451   3.95195174 -34.65552139   1.31691074   3.71974111   1.01169848	  -39.04904866    92.58885349 -1118.10028677     0.95948514   -55.64638775   -12.12697932	 29.88263228   5.89578468 -65.38625410   1.33178276   5.13136091   1.57280457	182.00569571	0	0.00000000	0.00000000	0.00000000	 0.05473920  0.10420955 -0.01773114	-0.06273330  0.07145599 -0.08858002	 -21.59108515   52.29091185  -19.06463705 -135.92149809  -21.30509912   11.60424237   23.73939964    7.19791229  -59.06367685    9.09684690    8.18098944    0.00000000	 0.01321524  0.03246670 -0.27528813  0.61090004 -0.39904967 -0.00492408 -0.00631460 -0.01250961 -0.28046530  0.61412907 -0.38930124  0.03435349	
0.00399600	0.62285614	0.00331767	 -132.22192383    80.58901215 -1123.24060059     4.22482109   -21.32926178   -13.94214821	 27.98827934   3.70996261 -31.10033035   0.87494779   2.90133834   0.95802891	  -52.74958827    96.96651197 -1139.52259698     1.07788925   -61.01030673   -15.36083663	 29.68607461   5.46630465 -56.32980764   0.82329678   4.09338556   1.07783987	185.82887735	0	0.00000000	0.00000000	0.00000000	 0.05073689  0.11501108 -0.01005500	-0.02928244  0.12061477 -0.13992496	 -24.45943138   57.57872622  -22.97780698 -135.04236358  -19.83364441    9.58380897   21.59094816    7.01746013  -56.20381091    8.06011006   11.57394045    0.00000000	 0.01325359  0.03180708 -0.27362376  0.61014074 -0.40101317 -0.00491641 -0.00549779 -0.01159689 -0.28308076  0.61575508 -0.38960803  0.03118582	
0.00398800	0.62875962	0.00356661	 -126.36120605    96.65641785 -1124.80505371     4.97834301   -26.90955734   -16.80911064	 33.52289581   9.86546516 -26.15581322   0.95041370   1.30847347   0.80454868	  -54.03641948   109.51248325 -1150.22018237     1.22543710   -66.36248372   -19.24055735	 33.37198653   8.00435344 -51.04717157   0.45279819   3.06235945   0.72804969	183.32721600	0	0.00000000	0.00000000	0.00000000	 0.04590536  0.12407228 -0.00099641	-0.01811146  0.13513368 -0.19108558	 -24.92452020   62.28406026  -24.85864383 -133.02630639  -16.97459087    8.31157690   20.19706115    6.06245765  -54.22043925    7.30066891   14.81151218    0.00000000	 0.01327660  0.03099408 -0.27225852  0.60921270 -0.40329880 -0.00488573 -0.00443750 -0.01059981 -0.28589562  0.61781061 -0.38985348  0.02766534	
0.00399600	0.63494420	0.00399838	 -140.76850891   102.53994751 -1125.16345215     4.65319252   -34.03927612   -17.66965103	 25.67436600  15.92883873 -12.83830929   0.69489753   1.05134094   0.47843009	  -57.03742506   118.07544143 -1152.93859898     0.97198873   -72.67901360   -21.33071411	 29.67477606  11.51146228 -41.55342631   0.00869979   2.17358681   0.40068230	183.53140995	0	0.00000000	0.00000000	0.00000000	0.03993775 0.13077037 0.00653019	 0.04856506  0.12623468 -0.24600109	 -26.76255469   69.05495441  -27.12246086 -133.97069623  -15.97751984    6.61284268   18.35984522    5.22204022  -51.61427992    7.33577185   15.88261902    0.00000000	 0.01328427  0.03025777 -0.27153754  0.60830760 -0.40554610 -0.00492408 -0.00327511 -0.00969476 -0.28847268  0.62010396 -0.38993016  0.02425223	
0.00399600	0.64160872	0.00443016	 -150.30505371   101.87985992 -1116.47546387     4.58890486   -37.38026047   -18.86204720	 19.30134010   9.72947407 -10.46609688   0.18743649   1.26826489   0.53727257	  -66.07836860   119.75177542 -1148.21199549     0.87282099   -78.30794178   -22.73257562	 22.24780779  11.15527384 -35.34723349  -0.34154668   1.94998823   0.29705957	182.42366607	0	0.00000000	0.00000000	0.00000000	0.03747850 0.11988036 0.01387263	 0.05821166  0.13593535 -0.19283339	 -27.44612659   75.22999084  -27.16624848 -133.58067761  -14.42691134    7.72008128   17.18052716    3.88848804  -49.93032328    6.27293140   16.07599266    0.00000000	 0.01333796  0.02976689 -0.27140716  0.60741025 -0.40768600 -0.00509282 -0.00197920 -0.00895845 -0.29082736  0.62255830 -0.38983813  0.02116126	
0.00400400	0.64875758	0.00500461	 -160.86721802    94.78065491 -1107.92968750     3.76988840   -40.95864105   -19.81048965	14.36445904 10.79944420 -6.34734297 -0.22906053  0.94625145  0.08608483	  -74.93790958   115.53024968 -1142.44144271     0.79314506   -82.89787184   -23.83699070	 17.07815028  10.64446732 -30.15435718  -0.73862022   1.60823352  -0.06845509	183.10300172	0	0.00000000	0.00000000	0.00000000	0.03832866 0.10538592 0.02389963	 0.03122264  0.16030121 -0.14047341	 -25.98501425   79.42613618  -26.17905443 -136.57418013  -16.61596795    8.42222544   17.57666476    2.69258433  -46.65470726    7.51367018   14.61392559    0.00000000	 0.01344534  0.02962116 -0.27198240  0.60644382 -0.40990260 -0.00539961 -0.00040841 -0.00835252 -0.29327404  0.62543452 -0.38952366  0.01755641	
0.00399200	0.65653819	0.00546110	 -157.26057434    88.22127533 -1093.64123535     2.66886854   -45.10291672   -18.81872749	 8.75378227  6.69724131 -8.29916763 -0.22074392  0.93357426  0.15564749	  -76.20651557   108.47335767 -1133.29625142     0.46381093   -86.33966352   -23.72248790	 12.24072183   8.61835800 -29.73347271  -0.79961504   1.19039092  -0.10135647	183.12033810	0	0.00000000	0.00000000	0.00000000	0.04007952 0.09217203 0.03591014	 0.02342187  0.18514741 -0.10943724	 -22.39888837   82.36296094  -23.34564833 -137.71073158  -18.35406438   11.09034889   17.89946387    1.05782766  -42.83774134   10.00443583   13.27971762    0.00000000	 0.01356039  0.02983592 -0.27293348  0.60568452 -0.41163599 -0.00572175  0.00107600 -0.00803039 -0.29547530  0.62805760 -0.38912481  0.01450379	
0.00398400	0.66482168	0.00595406	 -146.86413574    93.33179474 -1079.70300293     2.46288633   -47.51277924   -18.47754669	11.29974651  6.27611017 -2.19568372 -0.07861969 -0.03656145  0.53452235	  -68.80740412   108.50227115 -1120.21399444    -0.07486672   -88.74197638   -23.21863777	 10.91470373   7.49187144 -29.42830450  -0.63024844   0.68683225   0.02265933	183.56220159	0	0.00000000	0.00000000	0.00000000	0.03714391 0.08334764 0.04530013	 0.00831072  0.15669118 -0.09647842	 -20.18348712   82.38128465  -20.28700833 -140.35067068  -21.24339134   12.98537592   17.92289432    0.01586661  -37.96286027   14.08642394   11.06369389    0.00000000	 0.01369845  0.03022709 -0.27393055  0.60513228 -0.41294754 -0.00597485  0.00245044 -0.00786165 -0.29733911  0.63035858 -0.38871065  0.01193437	
0.00399600	0.67365974	0.00632522	 -121.39688873   105.15552521 -1054.33801270     3.69015265   -49.19495010   -19.11781693	 1.11426282 -0.04810846 -1.56025314 -0.14019677  0.29787022  0.14086673	  -51.28481058   117.39911672 -1101.40235457    -0.18452762   -89.44595993   -23.76846360	  5.59848494   4.24417803 -24.66924497  -0.35939061   0.15284541   0.08324786	183.94606299	0	0.00000000	0.00000000	0.00000000	0.03754404 0.07313855 0.05119057	-0.04902352  0.12119900 -0.10175541	 -19.37859410   83.39089921  -17.53550632 -143.82886456  -23.66167359   14.46999202   17.53141221   -0.94859524  -32.73831114   18.50196725    9.21274136    0.00000000	 0.01394388  0.03084835 -0.27501202  0.60467976 -0.41418239 -0.00618194  0.00412334 -0.00778495 -0.29982415  0.63278997 -0.38814309  0.00910417	
0.00399600	0.68291038	0.00660702	 -105.25991821   107.10396576 -1041.63439941     4.41971684   -49.66653061   -18.30811119	-7.09527159  0.04545124  2.99730468 -0.20901361  0.59372675  0.05573731	  -30.58777891   122.53183066 -1081.94013334     0.23209855   -88.72278589   -23.47381497	 -2.51842586   1.02031030 -21.89609533  -0.25809833  -0.04238665   0.12631177	185.84358242	0	0.00000000	0.00000000	0.00000000	0.04184196 0.06196319 0.05950703	-0.09215742  0.16009656 -0.05676880	 -19.92403605   82.26095419  -14.66261433 -147.15984285  -26.89745624   15.18846447   16.59031864   -1.44950132  -26.33519250   23.16885325    6.96806066    0.00000000	 0.01427369  0.03156165 -0.27585572  0.60454172 -0.41513348 -0.00632000  0.00588263 -0.00777728 -0.30257764  0.63532871 -0.38752949  0.00641971	
0.00398800	0.69246972	0.00676566	  -84.74632263   112.86227417 -1014.28747559     5.24907684   -49.99048996   -17.65874290	-4.11601210  1.59870768  3.08488727 -0.03314115  0.34884891  0.29346818	  -14.71626188   129.02192317 -1056.30558118     0.60173094   -87.37480977   -23.02187075	 -5.27557004   0.76823009 -20.77000516  -0.17903624  -0.14251794   0.00281203	186.26004404	0	0.00000000	0.00000000	0.00000000	0.04436097 0.04383121 0.06731843	-0.10031788  0.20054752 -0.02558422	 -19.07670596   81.70371284  -13.39368877 -149.35851470  -29.37155956   15.65761696   15.56124420   -2.71426120  -22.07193671   26.96334329    5.95644167    0.00000000	 0.01468019  0.03239000 -0.27636191  0.60461843 -0.41580075 -0.00638136  0.00772046 -0.00783864 -0.30558425  0.63778305 -0.38690823  0.00386563	
0.00400000	0.70221204	0.00688839	 -78.93787384  115.61453247 -997.17541504    5.81795645  -49.47117615  -18.07917595	 3.70202374  5.24287558  0.55161387  0.17293009 -0.44409901  0.09504963	   -3.08379149   131.28675884 -1032.92322793     1.13083859   -85.63416298   -23.01731102	 -0.38018922   3.21807281 -20.23273068  -0.11497288  -0.35227550   0.09754427	187.18123068	0	0.00000000	0.00000000	0.00000000	0.04485655 0.03723868 0.06784546	-0.16593830  0.21945089 -0.07423740	 -18.94594218   78.73666825  -11.77365209 -150.81556999  -32.34165369   16.06546677   14.24138138   -3.06869256  -16.81606525   29.64173034    5.14986651    0.00000000	 0.01517874  0.03328738 -0.27649999  0.60465676 -0.41621491 -0.00641204  0.00951902 -0.00795369 -0.30873659  0.64023745 -0.38633299  0.00143427	
0.00400400	0.71209300	0.00690328	 -86.14205170  106.73306274 -977.73425293    5.79197502  -47.68643951  -17.57047653	 0.64511621  1.86292493 -4.55439997  0.16412324 -0.10887448  0.29718116	   -2.63762707   129.39061035 -1013.77657571     1.62149955   -84.02916597   -22.97662862	  1.89209877   3.47620559 -24.64956024  -0.10318267  -0.51937111   0.10087000	187.41452253	0	0.00000000	0.00000000	0.00000000	0.04539538 0.04147767 0.06319937	-0.13262451  0.17735603 -0.10165350	 -20.95115842   76.52475210  -10.75710655 -152.13451074  -34.69903766   16.65692566   12.14999707   -4.39659339  -12.32556993   31.66960017    4.58873907    0.00000000	 0.01584602  0.03435349 -0.27626988  0.60461843 -0.41639900 -0.00641204  0.01174170 -0.00812243 -0.31239513  0.64312899 -0.38565803 -0.00115816	
0.00398800	0.72198159	0.00695728	-105.77137756   97.20475769 -965.40368652    5.18812656  -45.20696640  -15.94289398	 3.48585868 -2.02242017 -4.39592934 -0.07941990 -0.34862036  0.23497726	 -15.83462463  122.44758771 -998.72716162    1.79822015  -82.43790083  -21.75578928	  3.35280692   0.94466389 -26.24086556  -0.03762636  -0.48284752   0.26315880	187.48183020	0	0.00000000	0.00000000	0.00000000	0.05139899 0.04196785 0.06437850	-0.13191029  0.17794607 -0.09683456	 -23.07366652   72.85491509  -10.64905389 -153.21075026  -37.32665133   17.32301699    9.86022852   -4.75027973   -8.78550713   31.34547048    4.00110884    0.00000000	 0.01646728  0.03522786 -0.27584037  0.60461074 -0.41641435 -0.00641204  0.01376803 -0.00819146 -0.31566250  0.64592850 -0.38505211 -0.00330573	
0.00399200	0.73193246	0.00686288	-124.02178192   89.73832703 -956.72637939    5.15629387  -42.80553436  -15.12543869	 3.88196540 -6.50659990 -4.78509760 -0.56452960 -0.27747670 -0.13487446	 -38.78040174  112.97351777 -987.60668770    1.92771697  -80.67450600  -20.10190145	  3.76378559  -4.62420607 -26.92505292  -0.07065557  -0.52303561   0.14049235	187.25699280	0	0.00000000	0.00000000	0.00000000	0.05778229 0.04272661 0.06538976	-0.13211790  0.17404381 -0.10877985	 -23.70779123   70.34181050  -10.16820782 -153.85355529  -39.08728721   18.28203143    8.11676404   -6.58669352   -5.99149246   30.30744026    3.92013776    0.00000000	 0.01696582  0.03587980 -0.27535716  0.60459536 -0.41638365 -0.00637369  0.01554303 -0.00810709 -0.31851572  0.64856696 -0.38453823 -0.00508515	
0.00400800	0.74178731	0.00675620	-123.64618683   96.02600098 -928.32543945    6.10753775  -40.17100906  -15.37495995	-6.54355621 -8.34684849 -0.47947374 -0.56066298  0.67947704 -0.06768360	 -48.48244285  112.13978975 -969.54970008    2.31812548  -78.14817107  -19.80662090	 -2.79689340  -9.27758291 -24.70451805   0.01927111  -0.28821079   0.17106551	187.35115340	0	0.00000000	0.00000000	0.00000000	0.06433434 0.04245203 0.06535343	-0.13357869  0.17330923 -0.10253473	 -24.59175204   66.27875977  -10.67054796 -154.69556937  -41.12961667   18.44616571    6.15595605   -7.20274514   -3.91728984   27.50205303    3.90137924    0.00000000	 0.01762544  0.03643971 -0.27468222  0.60446501 -0.41637599 -0.00628932  0.01781283 -0.00773893 -0.32209754  0.65214878 -0.38390929 -0.00714835	
0.00398400	0.75151020	0.00652545	-120.18622589   95.74208832 -918.37811279    6.28757334  -39.40955353  -15.45622635	-4.72970057 -4.99982595  1.48908103 -0.27889892  0.32523271  0.11180720	 -49.81646601  112.57576370 -953.36963682    2.49470456  -76.09243103  -19.77169278	 -4.32507522  -6.18246634 -22.21689974   0.02018106  -0.25267924   0.23282495	187.77322724	0	0.00000000	0.00000000	0.00000000	0.07086558 0.03762316 0.06081613	-0.12729378  0.13755687 -0.08848921	 -24.55808816   64.38928354  -10.48891806 -154.82317788  -41.72247510   18.36463056    4.52176441   -8.46784018   -2.00665167   23.84666224    3.93984946    0.00000000	 0.01813932  0.03663912 -0.27409929  0.60421956 -0.41643736 -0.00618961  0.01979988 -0.00724039 -0.32517317  0.65539318 -0.38339540 -0.00877437	
0.00399200	0.76098114	0.00639590	-106.81420135   98.36367035 -902.65179443    7.01428747  -38.35617065  -15.11116123	-2.88948202 -3.21527743 -1.53715074 -0.16626188  0.15194714  0.18181306	 -42.90699739  112.92962539 -935.89378947    2.93424366  -73.83991453  -19.41620376	 -2.51880020  -3.08651935 -22.75182743  -0.00599994  -0.35984501   0.23539365	188.21652842	0	0.00000000	0.00000000	0.00000000	0.07664855 0.03613268 0.05423137	-0.03136151  0.10453941 -0.07374418	 -23.59624206   60.61241180  -10.14884063 -155.33626917  -42.50393960   17.35786538    3.01707861   -8.59328692    0.30272320   19.71626373    4.06983668    0.00000000	 0.01853048  0.03662378 -0.27361611  0.60382843 -0.41659075 -0.00612058  0.02149634 -0.00666515 -0.32778093  0.65826935 -0.38297355 -0.01008592	
0.00399600	0.77031028	0.00618460	 -89.85054779  103.81797028 -899.35791016    7.62133551  -38.28440475  -15.29295731	-0.70612466 -7.36888552 -0.09264414 -0.41454524  0.04854554  0.00299606	 -32.47266395  116.72485862 -927.77945733    3.20480254  -72.34216588  -19.49038651	 -2.29316177  -5.73798515 -24.54045100   0.04298519  -0.41279424   0.30945029	188.65667342	0	0.00000000	0.00000000	0.00000000	0.08201926 0.03699239 0.04831556	-0.01729912  0.08806615 -0.08548217	 -23.02569161   58.89400922   -9.94716288 -155.10439452  -42.09017656   16.86636397    2.07419538   -9.21898863    1.48826925   15.37299188    4.32035393    0.00000000	 0.01898301  0.03642436 -0.27303317  0.60309207 -0.41684386 -0.00607456  0.02359336 -0.00581379 -0.33097929  0.66198927 -0.38248268 -0.01161990	
0.00399600	0.77940458	0.00605931	 -86.87483215  103.17196655 -905.10961914    7.58959818  -38.50671387  -14.71246815	 1.27835119 -5.64813328 -1.72429025 -0.46697983 -0.18255599 -0.17172739	 -23.04160610  119.58651063 -928.37316828    3.32379547  -71.72910223  -19.36832018	  2.02236749  -6.71178946 -24.03158981  -0.00768159  -0.37334669   0.14920650	188.98543661	0	0.00000000	0.00000000	0.00000000	0.09191332 0.03592067 0.03814144	 0.01465207  0.05171212 -0.07084751	 -23.03593568   55.78448203   -9.96338325 -155.39798957  -42.56074741   15.85820712    0.91216300   -8.91036127    3.68887073   10.58240759    4.67411799    0.00000000	 0.01935116  0.03617893 -0.27249628  0.60227144 -0.41712764 -0.00607456  0.02536836 -0.00501612 -0.33368677  0.66524130 -0.38206851 -0.01284709	
0.00399200	0.78835738	0.00591732	 -86.82339478   99.90328217 -920.70880127    7.18193865  -38.68751144  -13.19709492	-2.74960971 -0.87337285 -1.74947524 -0.12411697  0.15726338  0.40304777	 -18.23348766  117.63709448 -938.43598540    3.22747928  -71.99644103  -18.22497399	  0.38989388  -3.54234116 -23.79398604  -0.02333721  -0.39825089   0.33556712	189.29055595	0	0.00000000	0.00000000	0.00000000	0.10153411 0.03096082 0.03338127	-0.00422315  0.02994648 -0.01813993	 -22.12890112   53.92182311   -9.59794979 -154.31698895  -42.05888119   15.68351338    0.52357382   -9.44518776    4.87853212    5.89045855    5.03686096    0.00000000	 0.01968097  0.03591048 -0.27190572  0.60133570 -0.41747278 -0.00613592  0.02704125 -0.00421845 -0.33622551  0.66838598 -0.38165435 -0.01392854	
0.00400800	0.79716128	0.00578760	 -91.28546143   94.15177917 -946.77117920    6.46004772  -38.90988922  -11.84179592	-1.94569707  0.09807119 -2.76754141 -0.05960988  0.17708378  0.24590114	 -16.60919222  113.73474208 -954.36486552    2.93640140  -72.69118537  -16.85971953	 -1.45398551  -0.38286507 -24.91359660  -0.04476998  -0.37051596   0.20834990	189.86593216	0	0.00000000	0.00000000	0.00000000	0.10920911 0.02352215 0.03205586	-0.01023623  0.06424403 -0.00422109	 -19.92533988   51.12301137   -9.21712357 -153.10982734  -42.27677534   15.49308486    0.96674228   -9.43524317    6.20724775    1.46011807    5.26992743    0.00000000	 0.01996476  0.03564204 -0.27123842  0.60030025 -0.41787928 -0.00621262  0.02860419 -0.00344379 -0.33858785  0.67133886 -0.38127086 -0.01491796	
0.00398400	0.80580771	0.00561289	-100.37521362   81.00790405 -956.94879150    5.71873999  -38.92272949  -11.27968121	 1.51421142 -2.13618922 -3.09532046 -0.18708073 -0.19199532  0.08586869	 -20.17914934  105.10640027 -970.74159754    2.84058993  -73.67055184  -15.67831401	  0.32736507   0.53850024 -26.21308414  -0.07569372  -0.40819221   0.16121709	190.01929877	0	0.00000000	0.00000000	0.00000000	0.11426157 0.01919227 0.02907264	-0.03151892  0.03250471  0.01214382	 -18.97885946   48.67378918   -9.30274800 -151.37268145  -40.73158945   15.37482364    1.19092646   -9.39015268    6.47119304   -3.36015130    5.41924724    0.00000000	 0.02021786  0.03539660 -0.27038705  0.59925711 -0.41833180 -0.00625864  0.03008860 -0.00273049 -0.34075841  0.67408472 -0.38091037 -0.01580000	
0.00399200	0.81426436	0.00543817	 -93.51389313   76.21902466 -970.34106445    5.25822306  -39.54025269  -10.51632786	 3.73153234 -4.65358067 -7.49505949 -0.39029577 -0.27794102  0.00323008	 -18.00456382   96.80667304 -987.09106694    2.69218874  -74.61152404  -14.59924480	  2.69466719  -3.63822652 -28.52718596  -0.04125780  -0.56375748   0.15574089	190.09130941	0	0.00000000	0.00000000	0.00000000	0.11736209 0.01726722 0.02684136	-0.03265369  0.03858070  0.01097185	 -17.55390516   45.42857120   -9.38903848 -149.27044064  -40.00628685   15.08738366    1.73794341   -8.80366778    6.66805423   -7.09667200    5.21577417    0.00000000	 0.02043262  0.03520485 -0.26936698  0.59832144 -0.41883036 -0.00626631  0.03146305 -0.00209388 -0.34271425  0.67663878 -0.38054222 -0.01659767	
0.00400000	0.82253128	0.00521411	-100.36126709   67.94026947 -979.68579102    4.76565170  -39.53096008   -9.68785000	 7.12121630  0.28629619 -5.84654331 -0.15734495 -0.38546431  0.28007886	 -19.72463999   89.42781771 -998.38729693    2.65103820  -75.41328400  -13.65685497	  4.15757327  -2.01300213 -30.23015585  -0.08877556  -0.61917274   0.14553482	190.09862545	0	0.00000000	0.00000000	0.00000000	0.11845844 0.01761249 0.02537468	-0.02053316  0.08036497  0.00046087	 -17.37511911   42.50845978   -9.21716208 -147.80337368  -37.96165953   14.82564575    1.61491001   -8.27643603    6.33479693  -10.86214217    4.96776521    0.00000000	 0.02059369  0.03508213 -0.26817814  0.59746236 -0.41939792 -0.00621262  0.03275895 -0.00154932 -0.34447065  0.67897046 -0.38017404 -0.01727262	
0.00399600	0.83054698	0.00500041	-108.90731812   66.22618103 -985.12280273    4.94717073  -38.81475449   -9.55902004	 3.09150290  0.69751453 -8.26050186 -0.00347942 -0.23878515  0.24689482	  -25.91631188    84.78593892 -1006.71567989     2.73497635   -75.82605155   -13.03656851	  4.13205709  -0.69285031 -30.47619997  -0.05144950  -0.63913410   0.20664669	189.95422260	0	0.00000000	0.00000000	0.00000000	0.12321529 0.01531971 0.02614938	-0.02252663  0.03937844  0.00026656	 -17.45358525   38.83897193   -9.47830249 -146.12143679  -36.42396738   13.92680849    1.24414248   -7.26731050    5.94395897  -14.01173749    4.46148592    0.00000000	 0.02069340  0.03497475 -0.26682824  0.59671843 -0.41997316 -0.00611291  0.03397632 -0.00110447 -0.34592792  0.68107200 -0.37979823 -0.01787087	
0.00398800	0.83832073	0.00476647	-114.34066010   67.10231018 -976.32434082    5.01976204  -38.29024506   -9.94755363	-1.06063509 -1.13828516 -6.00334740 -0.13371535  0.08361866  0.09045672	  -34.59054483    83.71238482 -1005.81589801     2.85102230   -75.72913192   -13.04780629	  1.39760377  -1.35471270 -29.69108844  -0.03196577  -0.57890272   0.18238421	189.82029993	0	0.00000000	0.00000000	0.00000000	0.13009528 0.01324149 0.02545688	-0.00942959  0.02487970  0.00248617	 -17.77386351   36.05848793   -9.40352793 -145.27367149  -33.96658527   12.91896184    0.70274443   -6.63119103    4.91710255  -16.70601750    3.72956493    0.00000000	 0.02073942  0.03485204 -0.26539397  0.59603578 -0.42057911 -0.00598252  0.03510729 -0.00073631 -0.34729317  0.68278235 -0.37943006 -0.01836175	
0.00400400	0.84584332	0.00452813	-118.13050842   69.31926727 -966.06274414    5.49438047  -37.46813965  -10.39967728	-2.14542007 -2.05950165 -3.99114037 -0.23541716  0.15587954  0.06295435	 -40.26911307   84.91713158 -999.98962170    3.06207683  -75.21248114  -13.43336749	 -0.26960161  -1.93071262 -28.01008804  -0.06893588  -0.49962624   0.15743324	189.65510471	0	0.00000000	0.00000000	0.00000000	0.13862131 0.01249595 0.02303407	-0.00942959  0.02487970  0.00248617	 -17.09492554   32.90536763   -9.42281141 -143.92972234  -31.89939350   11.61012254    0.22809584   -5.94281125    4.09719412  -19.30073696    2.92377063    0.00000000	 0.02073175  0.03464495 -0.26386765  0.59538382 -0.42122337 -0.00586748  0.03615972 -0.00044485 -0.34850502  0.68426269 -0.37908491 -0.01878359	
0.00398400	0.85308993	0.00431055	-111.19131470   64.62631989 -949.09704590    5.85677624  -36.47254562  -10.36529827	-1.02805209 -1.21227634 -3.71117640 -0.17984937  0.08707482  0.11619271	 -40.57261236   82.90930648 -987.23341784    3.51579416  -73.87074250  -13.52887765	 -0.31365975  -1.63912436 -27.53049914  -0.10390069  -0.47528475   0.14860041	189.54176856	0	0.00000000	0.00000000	0.00000000	0.14722971 0.01198550 0.02064274	-0.00942959  0.02487970  0.00248617	 -16.42564432   31.38854007   -9.62354247 -142.12419587  -29.12424536   10.00487482    0.02530987   -5.16778203    3.29117957  -21.46556892    2.48793240    0.00000000	 0.02070874  0.03438417 -0.26247174  0.59482396 -0.42178327 -0.00580612  0.03702366 -0.00026845 -0.34944075  0.68522143 -0.37879348 -0.01909806	
0.00751600	0.86205745	0.00407849	-107.35070801   66.69892883 -943.89874268    5.94295025  -36.26924515  -10.35149479	-1.53132641 -0.00892329 -4.90794134 -0.09743436  0.01349764  0.10258827	 -35.57156539   81.03145405 -972.33123180    3.82225897  -72.18878203  -13.35206177	 -1.27552718  -0.34044534 -27.72806672  -0.09359876  -0.59663160   0.11078597	189.44135508	0	0.00000000	0.00000000	0.00000000	0.16447978 0.01257911 0.01295695	0.00624493 0.03394625 0.00399009	 -15.66354649   29.77067649   -9.51184540 -140.17340705  -26.62233641    8.67663538   -0.37417487   -4.35280370    2.81557771  -23.38313042    2.21722369    0.00000000	 0.02070107  0.03342544 -0.25905862  0.59373480 -0.42299512 -0.00586748  0.03868085 -0.00010738 -0.35124317  0.68624151 -0.37822589 -0.01961194	
0.00397200	0.86879766	0.00389886	 -92.50313568   53.29492950 -891.93676758    6.33110189  -32.96593475   -9.34781551	 4.00386572 -0.75898510 -9.46223354 -0.10221128 -0.29877639  0.09831239	 -29.06933145   72.90825698 -939.53630273    4.51603050  -68.69577667  -12.47761055	  3.07549810   0.57576100 -31.08768951  -0.09630838  -0.66224363   0.12521241	189.21135882	0	0.00000000	0.00000000	0.00000000	0.17279664 0.01020627 0.01069031	 0.07387606 -0.07435190  0.03921966	 -15.73752937   29.07005413  -10.38565458 -138.15717556  -24.41831370    7.61547064   -0.77990543   -2.86154271    2.18081335  -25.35668447    2.03506243    0.00000000	 0.02070874  0.03284252 -0.25722551  0.59331298 -0.42352435 -0.00596718  0.03942698 -0.00011505 -0.35195649  0.68624151 -0.37798813 -0.01975767	
0.00400000	0.87535375	0.00372038	 -89.09494019   47.37405396 -873.92974854    6.37666845  -31.10845375   -8.72699451	 2.27754545 -2.19426227 -8.42160130 -0.26587811 -0.11885317  0.02962592	 -25.71214174   65.16712332 -914.96455373    5.01342701  -65.55886989  -11.49743378	  2.52252106  -1.22684095 -32.22576347  -0.09552565  -0.72738586   0.09275504	189.13703031	0	0.00000000	0.00000000	0.00000000	0.18067735 0.00723581 0.00863868	 0.08745338 -0.08117360  0.06805144	 -14.07502289   27.41654630  -10.96750315 -136.98817451  -22.27240974    6.36073787   -0.96419744   -1.80374791    0.63108077  -27.82662790    1.70809484    0.00000000	 0.02070107  0.03219058 -0.25530803  0.59291410 -0.42399988 -0.00608990  0.04009457 -0.00019175 -0.35253173  0.68592703 -0.37776569 -0.01985738	
0.00398400	0.88170260	0.00354028	 -88.01512146   42.38809204 -857.26416016    6.36049938  -29.17201042   -8.21500874	-1.24390841 -1.94478559 -9.99318600 -0.08340083  0.07762066  0.07272393	 -25.06687811   58.34938625 -896.95724135    5.26794948  -63.01994071  -10.65329882	  1.57164480  -1.71470960 -32.69431291  -0.07663481  -0.63840224   0.11215024	188.97306876	0	0.00000000	0.00000000	0.00000000	0.18824558 0.00419359 0.00702411	 0.08745338 -0.08117360  0.06805144	 -13.11113734   27.18533480  -12.22286386 -135.16073211  -19.23498955    5.37516713   -1.03298369    0.06534236   -1.25828280  -28.94855693    1.63098280    0.00000000	 0.02069340  0.03158466 -0.25355929  0.59257668 -0.42442173 -0.00624330  0.04064435 -0.00024544 -0.35293823  0.68537480 -0.37759697 -0.01990340	
0.00400000	0.88786018	0.00339755	 -87.35191345   39.25651169 -841.39691162    6.37816477  -27.14570427   -7.66433811	 1.18313968  0.90395999 -7.69409752 -0.05713456 -0.03966491  0.12672843	 -25.37442050   53.98831869 -881.64290681    5.49572897  -60.65164472   -9.93130117	  1.25210136  -0.18248674 -31.90224667  -0.07520901  -0.60465765   0.10510615	188.90152253	0	0.00000000	0.00000000	0.00000000	0.19421995 0.00456725 0.00321100	 0.10971623 -0.08890894  0.07485134	 -12.43521137   24.83040030  -12.78703255 -133.78857466  -17.10659052    4.33152089   -1.54864507    1.06052481   -2.63595187  -30.98221974    1.49849918    0.00000000	 0.02070107  0.03077932 -0.25121230  0.59218550 -0.42487425 -0.00651942  0.04124910 -0.00027612 -0.35337541  0.68428570 -0.37739754 -0.01991874	
0.00398800	0.89385247	0.00323614	 -84.04615784   36.46280289 -841.08105469    6.22348452  -24.84079933   -7.02134848	 0.55629295 -0.61571670 -9.32721615 -0.06705818 -0.04007033  0.02112773	 -23.81072751   51.05759619 -871.03421519    5.51560375  -57.82032970   -9.19737162	  1.19477544  -0.03534829 -31.64026216  -0.08568635  -0.63038738   0.08211217	188.79615326	0	0.00000000	0.00000000	0.00000000	 0.19898066  0.00636718 -0.00229243	 0.14383551 -0.10513548  0.06401854	 -11.67728999   23.10950574  -14.51825596 -132.03622013  -15.12019963    3.90006824   -1.66554121    2.59834125   -4.46931778  -32.20327296    1.54940090    0.00000000	 0.02070107  0.03005068 -0.24904940  0.59181732 -0.42520404 -0.00682621  0.04172034 -0.00027612 -0.35368988  0.68292809 -0.37724414 -0.01991874	
0.00398800	0.89966536	0.00309756	 -76.89537811   42.08335495 -836.47589111    6.07587719  -22.65003777   -6.13625622	 1.12517786 -1.94961810 -6.92532492 -0.20076880 -0.14661613  0.08868268	 -21.99015649   48.58313935 -867.26496831    5.36596819  -55.30510076   -8.35494921	  1.84348778  -0.55567701 -30.93414111  -0.08401039  -0.61111098   0.09053409	188.74295551	0	0.00000000	0.00000000	0.00000000	 0.20224349  0.00894783 -0.00989603	 0.14383551 -0.10513548  0.06401854	 -11.00341545   19.18305363  -15.34519426 -130.64312701  -13.59549942    3.26549808   -1.74963371    4.06606859   -5.26751988  -34.65431568    1.18046251    0.00000000	 0.02069340  0.02940641 -0.24709357  0.59146452 -0.42544949 -0.00715602  0.04208948 -0.00022243 -0.35392764  0.68142480 -0.37713677 -0.01991107	
0.00401200	0.90533757	0.00291518	 -78.97593689   39.45013428 -851.60412598    5.78510809  -20.21853638   -5.31546354	  3.62742782  -0.52008128 -12.10093594  -0.08968046  -0.11749529   0.14195135	 -20.34087307   47.02740583 -871.73533817    5.20637013  -53.02811090   -7.48207100	  1.85032824  -1.18446086 -32.03604820  -0.04627028  -0.65615172   0.11761938	188.61210430	0	0.00000000	0.00000000	0.00000000	 0.20572715  0.01005691 -0.01800979	 0.17311381 -0.13564450  0.06560138	 -10.14360651   15.45194771  -17.00345674 -128.36251596  -11.36548211    2.89391552   -1.18661797    5.48241252   -5.91849697  -37.65900046   -0.48893828    0.00000000	 0.02067806  0.02851670 -0.24453183  0.59092760 -0.42573327 -0.00763922  0.04246647 -0.00010738 -0.35419610  0.67909318 -0.37702173 -0.01988806	
0.00398400	0.91079152	0.00277646	 -77.77644348   46.67127991 -861.39361572    5.41577053  -17.49999619   -4.57295513	  5.68730736   1.34330380 -11.72539711   0.01698901  -0.52862287   0.14916193	 -18.85612534   52.52175661 -881.56186624    4.42652127  -50.65720664   -6.82638094	  4.31900219   0.47066895 -33.59020031  -0.07667442  -0.75349135   0.14279355	188.53200627	0	0.00000000	0.00000000	0.00000000	 0.20995060  0.01027264 -0.02524917	 0.19908740 -0.14913926  0.08157701	  -9.17212525   11.16767844  -18.95737217 -126.43608875   -9.78142749    2.34054557   -0.00582242    6.61331934   -5.99133713  -42.06754766   -2.86219536    0.00000000	 0.02067039  0.02773437 -0.24253765  0.59048277 -0.42591736 -0.00811476  0.04268638  0.00003835 -0.35438785  0.67697626 -0.37695268 -0.01987272	
0.00400000	0.91610014	0.00257133	 -81.96205902   48.42636108 -878.68310547    4.82536650  -14.22153854   -3.53240657	 6.56042957  2.21511650 -8.53074169  0.02988292 -0.54343259  0.10127056	 -20.29383520   55.06125071 -893.21793306    3.56199457  -48.35946113   -6.01717860	  6.55064973   1.64931454 -32.90260965  -0.10505851  -0.79114481   0.11791977	188.46717073	0	0.00000000	0.00000000	0.00000000	 0.21547888  0.01032034 -0.03137829	 0.19908740 -0.14913926  0.08157701	  -7.87717947    8.25623223  -21.10922661 -124.25567489   -8.18404325    2.00066540    1.32950569    7.80484662   -6.25814120  -45.02022423   -5.29091471    0.00000000	 0.02066272  0.02657621 -0.24013697  0.58984619 -0.42610911 -0.00881272  0.04287488  0.00025311 -0.35463327  0.67383927 -0.37690666 -0.01987272	
0.00398800	0.92117417	0.00239237	 -81.03363800   46.44319153 -891.07543945    3.85843420  -10.88955212   -2.16097307	  7.64225292   2.12544060 -10.88118458  -0.01027126  -0.44979325   0.45786375	 -21.79117529   54.03660951 -908.72963982    2.70682574  -45.65959390   -4.82722571	  7.13952430   2.72461104 -32.12755195  -0.14062889  -0.67928954   0.09471536	188.40058066	0	0.00000000	0.00000000	0.00000000	 0.22147136  0.01111345 -0.03679771	 0.20757727 -0.15862673  0.08195140	  -7.05281898    5.67315011  -23.14976261 -121.28357343   -7.56188166    1.48310877    2.81820767    9.17554188   -5.15311201  -48.48096287   -7.45709927    0.00000000	 0.02065505  0.02532602 -0.23792805  0.58927095 -0.42623949 -0.00952602  0.04298483  0.00042951 -0.35480967  0.67064857 -0.37691435 -0.01987272	
0.00398800	0.92604923	0.00223259	 -73.26765442   45.10894394 -902.86578369    2.63585019   -7.64234924   -0.60482299	 8.88859749 -1.26815557 15.28705311 -0.40559140 -0.16837443 -0.30521169	 -17.71920660   52.41591283 -920.76183151    1.56732496  -42.49284329   -3.37702412	  5.94141539   0.20665274 -32.56297787  -0.10617570  -0.64360152   0.00362328	188.31329681	0	0.00000000	0.00000000	0.00000000	 0.22759727  0.01148342 -0.04196862	 0.23133220 -0.17750987  0.09179080	  -6.29627819    4.21122485  -26.25885841 -118.97730970   -6.75342522    0.58937182    4.14764349   10.31410030   -3.07696834  -50.34707324   -9.60065041    0.00000000	 0.02063971  0.02405281 -0.23604125  0.58878005 -0.42634687 -0.01020864  0.04306337  0.00062126 -0.35490939  0.66750395 -0.37699103 -0.01987272	
0.00400000	0.93075347	0.00211519	 -61.81868744   48.72285080 -915.96099854    2.61838555   -4.99780798   -1.33118618	 6.53066587  1.11129212 -8.93083382 -0.08678960 -0.42031115  0.08899980	 -11.14629295   53.04306479 -936.58790188    0.65290230  -39.64708340   -2.75968468	  4.81385805  -1.36664947 -28.85344137  -0.14462400  -0.38052831  -0.20632032	188.27015100	0	0.00000000	0.00000000	0.00000000	 0.23208102  0.01494285 -0.04530282	 0.27162525 -0.16429798  0.10057931	  -4.87492879    4.13400148  -29.51102143 -116.86607028   -6.93727847   -0.71075652    5.72172220   11.53927358   -1.03206827  -52.53113547  -11.23621648    0.00000000	 0.02061670  0.02237310 -0.23398571  0.58831221 -0.42647725 -0.01102932  0.04316548  0.00087437 -0.35488638  0.66346955 -0.37714443 -0.01987272	
0.00400400	0.93532938	0.00199658	 -56.27498627   44.85066605 -926.61206055    1.65533590   -3.12312245   -2.56198955	25.18359184 11.92363644 -8.04738331  0.46802095 -1.64329755  0.27960962	  -0.32477128   50.58950320 -947.17020935    0.06839825  -36.62238540   -3.69221000	 17.03057214   7.27155780 -28.53427994  -0.24302404  -0.50613403  -0.16906784	188.26520663	0	0.00000000	0.00000000	0.00000000	 0.22502563  0.01948980 -0.02307600	0.20995684 0.02103442 0.04538069	  -3.83047446    5.30920253  -32.80689060 -115.07380603   -5.95013367   -2.07232606    6.71968579   12.64669614    1.84575087  -53.32790365  -12.99627055    0.00000000	 0.02063204  0.02028689 -0.23190717  0.58792102 -0.42667666 -0.01201107  0.04333826  0.00106612 -0.35442618  0.65844578 -0.37740523 -0.01987272	
0.00399600	0.93976903	0.00197196	 -73.04454041   41.13687134 -899.89300537   -0.20909019   -1.23458576   -2.20559192	 21.83061028  38.35195541 -83.02897644  -1.95590115  -8.60546875  -0.77270848	  -4.04993664   47.45564218 -944.22473050   -1.02352257  -34.46239114   -4.00397853	 21.17160320  24.88157972 -73.45803639  -2.21626426  -5.53111419  -1.14654253	188.22647841	0	0.00000000	0.00000000	0.00000000	0.20884135 0.02331330 0.00570298	0.35066086 0.09053922 0.02538323	  -5.17847893    8.62804697  -36.22273840 -113.68038247   -5.57932806   -2.88785157    6.23259632   14.62275440    4.03155222  -53.79838310  -13.75724013    0.00000000	 0.02062437  0.01842310 -0.23035784  0.58765256 -0.42694512 -0.01293145  0.04355032  0.00106612 -0.35352880  0.65366745 -0.37771967 -0.01989573	
0.00398400	0.94417465	0.00200281	 -68.43594360   33.63140869 -872.98394775   -2.13480711   -2.04368067   -1.36344397	  54.05335999   33.64654922 -143.30601501   -5.03576899  -20.13588333   -3.75116014	 -12.75510103   39.42191320 -917.71628295   -2.39857715  -33.84002427   -3.25374721	  42.80803660   33.09318156 -122.21517361   -4.32801162  -14.27479820   -3.14317594	188.18104846	0	0.00000000	0.00000000	0.00000000	 0.20216664  0.02948486 -0.00811597	0.35066086 0.09053922 0.02538323	  -4.85230233   12.44507297  -38.19157489 -112.53654905   -3.39306807   -3.28408069    6.15053136   15.82168978    5.95755658  -52.18620085  -15.38986126    0.00000000	 0.02060136  0.01642893 -0.22913833  0.58743781 -0.42729792 -0.01386718  0.04379379  0.00081301 -0.35210222  0.64868969 -0.37805715 -0.01993408	
0.00400000	0.94862342	0.00212772	 -65.35465240   27.34944153 -859.31750488   -3.08978105   -3.32308912   -1.42743576	  41.10050583   24.08091354 -232.90592957   -7.50819397  -23.60296631   -4.65124607	 -10.48704484   31.50851498 -896.44654974   -3.48085112  -33.93971899   -2.72092369	  56.26459470   27.66024054 -202.12924234   -6.44940087  -23.52217067   -4.94758896	187.67547287	0	0.00000000	0.00000000	0.00000000	 0.19019487  0.03086190 -0.01488489	 0.35764720  0.05157359 -0.02515988	  -3.78200006   17.91459853  -40.10284477 -112.74682389   -2.51176532   -3.54498586    6.50908189   17.77603666    7.57027155  -49.54168170  -17.38392420    0.00000000	 0.02060136  0.01456514 -0.22828697  0.58723074 -0.42770442 -0.01476456  0.04403727  0.00040650 -0.35023075  0.64360452 -0.37824124 -0.01994175	
0.00400000	0.95321107	0.00225247	 -74.41824341   12.90135193 -802.03515625   -5.15312386   -5.13833904   -1.10112977	  74.00833893   49.90989685 -342.57580566   -7.91004467  -38.22237396   -6.51006365	 -14.85309482   20.46506144 -857.63779980   -4.36614110  -34.34024561   -2.42178045	  79.32695735   37.19522871 -295.78611607   -7.74118917  -34.92325369   -7.04986919	186.45392548	0	0.00000000	0.00000000	0.00000000	 0.17700468  0.02756373 -0.01803359	0.32819962 0.02778678 0.00057974	  -3.65403890   23.27709408  -42.70408513 -112.81230694   -0.18826313   -3.76555305    5.14589514   18.60299589    9.51175437  -46.77688623  -21.24807945    0.00000000	 0.02057835  0.01296213 -0.22777309  0.58700061 -0.42812628 -0.01556223  0.04431216 -0.00006903 -0.34793746  0.63872647 -0.37828726 -0.01977301	
0.00399200	0.95793289	0.00234854	 -54.37215424    1.05427015 -767.43872070   -6.88724899   -6.43222761    1.27248132	  91.38823700   75.63314056 -431.10266113   -8.32851219  -48.37750626   -8.53969097	 -11.43893349    8.14668010 -822.54014143   -5.42346290  -33.90426503   -0.78316353	 108.09827199   58.02175962 -378.16484913   -8.92149085  -47.47260533   -8.98635068	185.19129837	0	0.00000000	0.00000000	0.00000000	 0.16666140  0.01783974 -0.03233045	0.32819962 0.02778678 0.00057974	  -1.58144037   27.25556859  -44.49854291 -112.85675278    1.44247661   -4.08805031    4.72990571   20.16640637   10.17971202  -41.59962555  -24.55479480    0.00000000	 0.02050932  0.01176563 -0.22758134  0.58673984 -0.42860180 -0.01617582  0.04461846 -0.00052922 -0.34528366  0.63430095 -0.37811086 -0.01947388	
0.00399600	0.96276373	0.00243583	 -34.53825378   -2.82062435 -726.25701904   -7.75444460   -7.88169098    2.92610002	  86.17598724   74.86711884 -498.41870117   -9.56093311  -53.06493378  -10.51975632	  -1.68989107   -0.59226508 -781.89382654   -6.32458494  -33.46281313    1.17453885	 118.80158722   70.72869465 -456.53516730   -9.87543818  -56.63725184  -11.32271051	184.49808967	0	0.00000000	0.00000000	0.00000000	 0.16913759  0.00224035 -0.02784526	 0.24258613 -0.03272132  0.09548077	   0.11631678   27.80972337  -45.41139330 -113.26056180    2.87289053   -4.30247726    4.02864075   20.11948816   11.02952839  -37.07086014  -29.13903289    0.00000000	 0.02040961  0.01106767 -0.22756600  0.58648676 -0.42905435 -0.01650563  0.04497189 -0.00088971 -0.34233075  0.63049668 -0.37762764 -0.01909039	
0.00398400	0.96768492	0.00247804	 -15.36631680   14.57117558 -716.79296875   -6.47547293   -6.51724625    4.21839952	 101.64916229   73.73295593 -520.97283936  -10.59332657  -59.94725418  -10.82657528	  20.17650950    7.37759113 -752.43787141   -6.88237422  -31.42691610    2.50701442	 133.13652103   73.40914788 -512.72106207  -10.49832590  -65.30951969  -13.26078900	184.22229802	0	0.00000000	0.00000000	0.00000000	 0.17222682 -0.00948996 -0.02036043	0.23889684 0.03556488 0.12287906	   5.36632044   25.87347077  -44.50698252 -112.19976324    3.87312672   -4.37009161    5.53763117   20.29453498    9.89880259  -34.00228290  -32.05457779    0.00000000	 0.02029456  0.01092961 -0.22764270  0.58624130 -0.42940715 -0.01654398  0.04530176 -0.00111981 -0.33948523  0.62778151 -0.37699103 -0.01870689	
0.00399600	0.97265971	0.00246684	  16.42015648   29.77677727 -703.45104980   -5.15671396   -5.39797640    4.94949484	  22.25004005   60.24988174 -565.93005371  -12.39840126  -52.97929001   -4.15427923	  42.63781124   19.60562975 -735.46175814   -6.80196798  -28.26471490    3.29623326	 112.15130600   64.52774106 -547.67527494  -11.42642422  -68.83572955  -10.39862891	184.85746151	0	0.00000000	0.00000000	0.00000000	 0.17623165 -0.01733986 -0.00844605	0.23889684 0.03556488 0.12287906	   7.99456190   21.29767647  -43.26990089 -111.80274480    5.17162516   -4.59306147    5.69409274   19.47192677    9.87613001  -31.54277315  -35.81316419    0.00000000	 0.02017184  0.01125942 -0.22770406  0.58592683 -0.42972162 -0.01636757  0.04575729 -0.00121951 -0.33572698  0.62533480 -0.37586355 -0.01808563	
0.00400000	0.97762424	0.00245422	  40.65302658   46.91356659 -693.70373535   -4.08053303   -4.16536188    7.14307547	 -58.13223648   62.64030075 -564.83917236  -11.86958981  -45.72105408   -2.45249534	  66.83448783   38.03812367 -721.55412821   -6.89803240  -25.37994869    3.95152772	  42.93840818   56.60309667 -583.41555073  -12.21232250  -68.51080885   -6.47254483	186.38158274	0	0.00000000	0.00000000	0.00000000	 0.18024040 -0.03307733  0.00281366	0.21413151 0.12924952 0.15689598	   9.55780948   14.00152626  -42.28476834 -109.63450124    5.86390043   -4.91650397    5.75497412   17.45519260    6.88210676  -31.15400315  -38.17116243    0.00000000	 0.02007213  0.01185767 -0.22765805  0.58574277 -0.42982134 -0.01614514  0.04631492 -0.00118883 -0.33196872  0.62396955 -0.37468240 -0.01732631	
0.00400400	0.98257697	0.00245367	  45.75590134   44.19899368 -668.79144287   -3.22156668   -2.50324249    9.95580864	-132.69822693   83.36289978 -565.65808105   -9.48826408  -39.30282593   -4.22232819	  84.04687115   48.42482654 -703.10659631   -6.65690866  -22.03778623    6.16912842	 -39.76053753   62.36749889 -592.68365081  -11.72455371  -67.65166525   -6.22633588	186.86667077	0	0.00000000	0.00000000	0.00000000	 0.18369782 -0.04819795  0.01062905	0.18246622 0.12047234 0.20434789	  10.48799155    9.09577446  -41.40954028 -107.25534621    7.49311532   -4.46635016    4.61909010   15.46454679    5.87562701  -32.81335718  -41.08922156    0.00000000	 0.01998010  0.01252495 -0.22742027  0.58571976 -0.42981365 -0.01598408  0.04716315 -0.00102010 -0.32811075  0.62337130 -0.37350890 -0.01639825	
0.00398000	0.98751575	0.00245989	  40.54408264   51.62426758 -649.25512695   -2.60347795    0.16301857   11.31261349	-178.75125122  104.46099854 -555.17163086   -6.97246218  -33.12957001   -3.76075077	  85.22203757   53.32547651 -682.14022325   -6.43765127  -19.36458063    8.22044813	-105.37761000   79.58416151 -591.48760913  -10.81565707  -65.26541123   -7.29257606	186.10514838	0	0.00000000	0.00000000	0.00000000	 0.19238265 -0.07742278  0.02106668	0.12152465 0.03366305 0.26500866	  11.95588467    4.55868688  -39.68464915 -101.41779404   10.26363025   -4.13339006    2.69177017   12.53282102    4.02746828  -35.95887610  -43.52325277    0.00000000	 0.01992641  0.01312320 -0.22701377  0.58578110 -0.42964491 -0.01593806  0.04819202 -0.00076699 -0.32432181  0.62314886 -0.37258086 -0.01538582	
0.00400400	0.99247473	0.00244069	  31.88282394   51.92753220 -631.98901367   -1.56373429    3.02030540   11.39937210	-173.88021851  101.32993317 -521.28674316   -5.71603489  -30.27984047   -2.44878602	  77.74980636   58.81950865 -665.02021745   -6.03725693  -16.64970743    9.16317397	-137.74258306   89.23269908 -572.90964828   -9.69415116  -61.94763232   -7.19050350	186.52453862	0	0.00000000	0.00000000	0.00000000	 0.19022496 -0.08264006  0.04187496	0.05893806 0.10445383 0.28915831	 13.31107730   1.85032909 -39.14511733 -96.26370557  10.80606593  -3.98151576   1.27562763  10.14823365   3.18195289 -41.82851257 -45.55738265   0.00000000	 0.01990340  0.01349903 -0.22644620  0.58579648 -0.42936113 -0.01597641  0.04943295 -0.00049854 -0.32081667  0.62302619 -0.37189054 -0.01441942	
0.00399200	0.99740577	0.00244994	  21.63160896   48.32561111 -614.44830322   -0.73430139    5.44304657   11.13916492	-155.21093750   88.19869232 -505.88931274   -5.28925848  -27.54469490   -1.19237518	  65.84894050   58.24208134 -646.35235899   -5.00337856  -13.81512205    9.27356725	-138.03111545   85.88421200 -549.70118139   -8.52175157  -57.45481807   -5.45237650	186.88003109	0	0.00000000	0.00000000	0.00000000	 0.18471857 -0.08346008  0.05512637	0.05523421 0.17768305 0.17639304	 14.30117114  -0.72229766 -37.72812955 -87.12821441  13.53795015  -4.11632270   0.02567204   8.66719922   3.30595079 -47.21357828 -45.21135088   0.00000000	 0.01989573  0.01362175 -0.22576357  0.58578879 -0.42893162 -0.01615281  0.05067388 -0.00034515 -0.31762600  0.62288046 -0.37158376 -0.01357573	
0.00399200	0.00234710	0.00251442	   7.17987680   43.51826859 -587.71868896   -0.29560855    8.31408215   13.40129185	-110.35246277   63.03392792 -476.62899780   -5.81278038  -29.15285683   -0.16739786	  52.76711270   53.06654078 -626.60744228   -4.26843012  -11.52303278   10.31383774	-116.60971254   71.25817043 -527.48705597   -7.51893773  -54.17098773   -3.83241483	188.12871243	0	0.00000000	0.00000000	0.00000000	 0.17263937 -0.07963538  0.07269595	0.05523421 0.17768305 0.17639304	 11.09576212  -1.33625562 -37.36733567 -78.21440752  15.32226860  -4.35124895  -3.69267025   7.44535129   7.32997352 -53.33117646 -44.48159015   0.00000000	 0.01985738  0.01349903 -0.22495057  0.58578879 -0.42851743 -0.01641359  0.05184412 -0.00035282 -0.31485716  0.62272704 -0.37162977 -0.01284709	
0.00398800	0.00735785	0.00259980	  12.34186268   26.98437881 -547.95471191   -0.58919483    9.43837738   15.19949627	 -81.34798431   38.45638275 -465.45089722   -6.89549398  -31.39289093    1.31181109	  44.32512302   43.82301707 -597.82866025   -3.54919656   -8.99225604   12.17025432	 -82.89544459   51.01814548 -505.99940816   -6.67730210  -52.71565023   -2.03191725	188.92100184	0	0.00000000	0.00000000	0.00000000	 0.17528321 -0.08999600  0.07457100	0.08165709 0.17842482 0.21668390	 12.58480567  -0.62592998 -36.74597917 -66.44374037  18.99051204  -5.83701956  -4.04612373   6.52733045   9.43236721 -60.29313147 -42.78375940   0.00000000	 0.01976534  0.01322291 -0.22411455  0.58580410 -0.42814162 -0.01670505  0.05277875 -0.00055223 -0.31283998  0.62254298 -0.37195960 -0.01224883	
0.00400800	0.01247461	0.00271322	  23.14221573   18.96463966 -517.43426514   -0.42709619   10.48495865   16.06757164	 -75.03070831   22.45047188 -456.45684814   -7.81539726  -30.66809273    2.62111115	  48.23358088   32.47754113 -563.26579221   -2.97885794   -5.97800241   14.18157387	 -60.78550497   29.55641204 -489.43238173   -6.18639506  -51.48884901    0.11065510	189.41869704	0	0.00000000	0.00000000	0.00000000	 0.18172619 -0.10291743  0.07923797	0.05492072 0.09857741 0.28344263	 13.99037960   0.79981164 -36.62874907 -56.35353382  20.75432107  -6.71085033  -3.32235144   6.52238936  12.30001523 -66.97156337 -41.31520195   0.00000000	 0.01956592  0.01280107 -0.22294872  0.58585018 -0.42764306 -0.01711155  0.05380762 -0.00100476 -0.31080747  0.62208277 -0.37257317 -0.01142815	
0.00398800	0.01770630	0.00285761	  35.37734985    6.85560799 -482.04351807   -0.51638091   12.46788120   16.42738152	 -78.12602234   23.87969971 -450.50970459   -7.21006012  -29.46786499    3.35353518	  55.61504687   19.61742256 -529.18919419   -2.34867159   -2.78791853   15.48461162	 -54.65390877   20.46023099 -481.53546698   -5.92849753  -50.18944463    1.63667884	190.21405363	0	0.00000000	0.00000000	0.00000000	 0.18942206 -0.11660533  0.07920864	0.05492072 0.09857741 0.28344263	 17.65044729   1.75208385 -34.98428432 -43.60464830  24.25903487  -8.13591088   0.49813539   5.92306832  12.90548182 -73.31133516 -38.64467976   0.00000000	 0.01930514  0.01246359 -0.22182892  0.58592683 -0.42713687 -0.01751806  0.05453804 -0.00154165 -0.30951890  0.62140018 -0.37327114 -0.01056913	
0.00398800	0.02309847	0.00304790	  41.22649002    6.80961084 -449.18704224   -0.44802433   14.46494102   15.69334507	 -84.50772095   31.94138527 -463.90789795   -6.24508429  -28.48681068    3.40293932	  61.30985887   12.19184668 -495.74756670   -1.96953375    0.66376065   15.79037098	 -56.88900542   22.21659992 -481.98418191   -5.48176067  -49.34966909    2.24331973	189.44550348	0	0.00000000	0.00000000	0.00000000	 0.19693001 -0.12089226  0.07082395	0.10414732 0.00464565 0.31883115	 18.08945344   1.93420296 -35.06233108 -33.29822274  25.53810091  -8.25239077   2.16570785   5.53982958  14.67654355 -78.71705665 -36.40540852   0.00000000	 0.01894466  0.01219514 -0.22061707  0.58608794 -0.42656928 -0.01793990  0.05513494 -0.00219359 -0.30859852  0.62046444 -0.37408414 -0.00961039	
0.00399200	0.02870437	0.00323525	  44.67391205   13.67345333 -407.14251709   -0.02239166   16.52317238   13.81500721	 -80.75090027   44.91845322 -469.32897949   -4.79883146  -29.49149132    2.50853562	  63.78926670   14.70965061 -457.30677826   -1.88063740    4.31814188   14.49554475	 -58.29019226   32.35709158 -489.80876317   -4.79342001  -49.47504152    1.41607520	188.89513194	0	0.00000000	0.00000000	0.00000000	 0.20411139 -0.12161358  0.06464660	 0.11040399 -0.05326912  0.28994595	 20.32218653   1.54355510 -33.47873323 -19.95907236  27.81152091  -8.56924911   6.61858004   3.07291649  15.57954763 -84.73374262 -34.09370557   0.00000000	 0.01853048  0.01202641 -0.21929018  0.58638704 -0.42591736 -0.01836175  0.05561403 -0.00292223 -0.30791590  0.61926794 -0.37498152 -0.00859029	
0.00400400	0.03452515	0.00345300	  45.04831696   12.48194695 -370.10150146   -0.07480162   18.65969086   11.83039474	 -82.06620789   43.69753265 -491.15515137   -4.22314692  -30.27267075    1.31941068	  63.02316269   16.28091474 -419.74264282   -1.88256392    7.59055800   12.82575851	 -56.56858971   39.20842105 -503.55318657   -4.09711855  -50.46881664    0.31548865	187.94453216	0	0.00000000	0.00000000	0.00000000	 0.20753895 -0.12019482  0.05757648	 0.11040399 -0.05326912  0.28994595	 18.97766048  -0.13067005 -34.45385714  -9.74119981  27.03491739  -7.03188356   8.55377596   0.83738088  17.86696049 -90.79300405 -32.23406681   0.00000000	 0.01815466  0.01198806 -0.21793261  0.58689326 -0.42520404 -0.01888330  0.05603815 -0.00368155 -0.30735600  0.61779529 -0.37594792 -0.00757019	
0.00398800	0.04057906	0.00375561	  36.83007812    9.51812744 -339.77740479   -0.18632615   21.07395554    9.82723808	 -75.45084381   44.33716202 -511.10894775   -4.41613007  -31.97097588    2.08776474	  56.77163825   14.04781946 -386.27798100   -1.75858846   10.50335344   11.14845896	 -52.98365696   40.12132818 -521.78552819   -3.52853927  -51.80166862   -0.09931511	187.63349672	0	0.00000000	0.00000000	0.00000000	 0.20781086 -0.12044895  0.05420234	 0.11099005 -0.06349962  0.26373579	 19.04615947  -2.05466033 -34.92488301   1.17308509  25.44979145  -6.43610343  12.50944541  -4.04841886  19.43259147 -96.39951040 -30.24057642   0.00000000	 0.01785553  0.01200340 -0.21665940  0.58765256 -0.42440638 -0.01946621  0.05646226 -0.00442553 -0.30679610  0.61601585 -0.37694502 -0.00660379	
0.00399200	0.04697151	0.00402997	  27.20046997    9.95270443 -326.32369995   -0.21943767   23.69851494    8.22821140	 -65.39469147   36.36420059 -536.89385986   -5.06373167  -34.11206436    3.25653291	  47.35638152   13.87437497 -356.72044065   -1.82054527   13.64118531    9.17616809	 -41.97296415   37.76421748 -546.12806141   -3.52323246  -53.98845731    0.89474944	186.82190322	0	0.00000000	0.00000000	0.00000000	 0.20555515 -0.12074068  0.04857683	 0.11099005 -0.06349962  0.26373579	  16.68505463   -4.32986172  -38.66166313    9.74934091   19.36568763   -5.35097739   14.45837068  -10.50179317   22.01282752 -102.45723050  -28.41121990    0.00000000	 0.01763310  0.01205709 -0.21541688  0.58864200 -0.42360103 -0.02009514  0.05689423 -0.00517718 -0.30611348  0.61401403 -0.37792677 -0.00566039	
0.00400000	0.05367335	0.00429488	  20.52505302   15.83403206 -284.64599609   -0.15232892   26.34583473    7.08871508	 -52.38184357   23.05515099 -567.52001953   -5.99111795  -37.46298599    3.73500729	  36.62456846   15.58500187 -325.62840677   -2.02007135   16.84761541    7.48238026	 -25.89636544   29.82651832 -574.07745481   -3.44214847  -56.95075761    1.94085069	186.64747246	0	0.00000000	0.00000000	0.00000000	 0.20316940 -0.12090087  0.04302643	 0.11099005 -0.06349962  0.26373579	  15.28346907   -5.80847834  -41.71872614   19.30881167   14.78112628   -4.74423386   18.20360700  -18.03227686   24.13737379 -107.49067586  -26.57392555    0.00000000	 0.01748738  0.01207243 -0.21440445  0.58987683 -0.42288005 -0.02074709  0.05736547 -0.00600553 -0.30524677  0.61183578 -0.37883949 -0.00471699	
0.00398800	0.06066293	0.00450769	  11.84714031   11.03449821 -267.74963379    0.01371021   28.81932259    6.17776489	 -64.62399292   13.09353924 -601.40966797   -6.76825285  -38.33916473    4.00262880	  26.41054109   13.15151368 -304.32290606   -1.89322956   19.38349539    6.56911723	 -20.94066409   19.54570172 -603.84458564   -3.14503404  -59.80545663    2.49638296	186.50271487	0	0.00000000	0.00000000	0.00000000	 0.19853064 -0.11963538  0.03995197	0.14096893 0.04562286 0.23298017	  12.96445292   -6.02350730  -46.23813373   25.01956350    8.54519627   -4.89147973   19.95066193  -23.90243397   26.22746662 -111.61039695  -25.41947836    0.00000000	 0.01739534  0.01204942 -0.21372950  0.59135711 -0.42232785 -0.02137602  0.05791525 -0.00704097 -0.30416530  0.60952711 -0.37960649 -0.00371990	
0.00400400	0.06789793	0.00466312	  13.82224655    8.89730453 -249.91914368    0.22647597   29.54727936    5.13820696	 -93.83575439   14.85275459 -639.88476562   -6.30342388  -37.26073837    3.45756769	  21.47840125   11.33347851 -287.28904191   -1.63281432   21.27372468    5.73117472	 -33.81183238   14.73430793 -638.21221891   -2.78424334  -62.07122378    2.62988981	186.71368462	0	0.00000000	0.00000000	0.00000000	 0.20117954 -0.12568789  0.03426666	 0.03764841 -0.00136916  0.28953214	  11.10798593   -4.85466181  -49.69802220   30.34013902    4.53906342   -5.19429176   21.54549556  -28.12376608   28.82924997 -113.13048121  -24.55200221    0.00000000	 0.01737233  0.01201107 -0.21350707  0.59310585 -0.42205173 -0.02199728  0.05857498 -0.00829883 -0.30285376  0.60710347 -0.38021240 -0.00262311	
0.00399600	0.07530123	0.00476881	  14.99358463    4.48972940 -233.52610779    0.27477694   28.76259804    3.89461160	-111.66550446    7.27061653 -674.06799316   -6.69566345  -37.00641632    2.60240602	  21.80555392    7.99057689 -267.60371366   -1.29676768   22.13099499    4.56390930	 -52.85295160    8.93700420 -678.22624835   -2.23424382  -64.24238785    2.07319236	186.94797896	0	0.00000000	0.00000000	0.00000000	 0.20533773 -0.13435539  0.02995968	 0.03764841 -0.00136916  0.28953214	  11.79127364   -2.77110536  -51.94018273   32.15226152   -1.00382529   -5.28897865   24.76871139  -30.84063102   28.96141869 -112.77851238  -24.13543874    0.00000000	 0.01739534  0.01201107 -0.21373717  0.59518445 -0.42209774 -0.02261087  0.05937609 -0.00965641 -0.30138114  0.60460305 -0.38068026 -0.00142660	
0.00398000	0.08281311	0.00488526	  22.02496719    0.66496879 -194.87554932    0.21946496   24.66084290    2.03122640	-115.67189026  -12.86716938 -727.81353760   -8.47659683  -38.99928284    2.09970641	  24.75979079    5.60333570 -245.40135499   -0.97800653   21.35008497    3.16787036	 -63.16109266   -4.97096141 -723.53135669   -1.74470943  -67.08533388    1.67174365	186.77547403	0	0.00000000	0.00000000	0.00000000	 0.20540707 -0.13421756  0.03028966	0.01237997 0.03589511 0.30078074	  10.83131539   -0.94297601  -55.18350891   32.50023769   -5.97599638   -5.08526887   25.14453328  -32.52431886   30.35268068 -112.05592329  -24.16413865    0.00000000	 0.01742602  0.01213379 -0.21433543  0.59727830 -0.42241219 -0.02315544  0.06023217 -0.01089126 -0.29974747  0.60257822 -0.38098705 -0.00026078	
0.00400800	0.09046996	0.00498897	  15.01180077   -5.10989857 -163.83177185    0.00975991   20.39638519    0.46688065	-103.53079224  -25.70703697 -778.84106445   -9.88402367  -42.57793045    1.42620742	  23.49733652   -1.07659235 -210.52725888   -0.58072905   18.57064921    1.81025282	 -54.06782319  -19.65514838 -771.50619863   -1.65879166  -70.91529880    1.63323569	186.64581589	0	0.00000000	0.00000000	0.00000000	 0.20407164 -0.13048600  0.03268298	0.01192787 0.10163180 0.25359057	  10.70600442    0.90769712  -58.23560993   32.93062320   -9.86209303   -4.98202664   24.56360562  -35.13966649   31.52112650 -108.55525031  -23.83027040    0.00000000	 0.01749505  0.01246359 -0.21553193  0.60028493 -0.42312551 -0.02383039  0.06155949 -0.01254796 -0.29719338  0.59987843 -0.38124016  0.00143427	
0.00399200	0.09823320	0.00513692	  17.19981766  -11.70965099 -136.13735962   -0.23420069   16.39705849   -0.14539140	-102.49018097  -30.39649391 -813.85144043   -9.81393337  -43.73477936   -0.16637889	  21.90068551   -6.43661082 -178.05074745   -0.24960054   15.20877145    0.72014687	 -45.70291128  -27.56587240 -816.35670030   -1.28732945  -74.21362187    0.66777266	186.66259274	0	0.00000000	0.00000000	0.00000000	 0.20157405 -0.12374324  0.03734788	0.01192787 0.10163180 0.25359057	   9.59528346    3.45216085  -62.75437557   30.21644304  -10.67672396   -4.71513634   20.23805647  -35.66421656   33.35462775 -102.90938659  -23.77321544    0.00000000	 0.01757175  0.01294679 -0.21700455  0.60328382 -0.42403823 -0.02439029  0.06283969 -0.01414330 -0.29450890  0.59762347 -0.38130918  0.00309864	
0.00399600	0.10616309	0.00530213	  12.63203335  -10.67124176 -104.41065979   -0.06152084   11.51368809   -1.40619087	-115.08747101  -28.95628929 -864.55651855   -9.06631851  -43.24676895   -0.77350646	  21.79831338   -8.72732150 -145.98938193   -0.02025189   12.00817784   -0.38775167	 -46.77354592  -31.35814842 -859.47122843   -0.30285922  -76.34111913   -0.52291847	186.72981837	0	0.00000000	0.00000000	0.00000000	 0.19736548 -0.12217393  0.03210346	0.03101737 0.12534076 0.32183214	 10.26031900   5.84089391 -65.77820355  28.20109762  -8.57481908  -4.86609896  18.21496910 -36.75523290  32.17362133 -96.50390893 -24.38959305   0.00000000	 0.01761777  0.01361408 -0.21890669  0.60656655 -0.42517337 -0.02488883  0.06433195 -0.01583068 -0.29141793  0.59556794 -0.38127086  0.00513116	
0.00399200	0.11427438	0.00549433	 18.70138931  -6.93196154 -71.17052460   0.00724600   7.25065136  -2.21281552	-132.82531738  -39.89132690 -897.65478516   -8.51354122  -42.18902969    3.26602149	  20.04372291   -8.55442415 -115.26146179    0.18275049    8.58356115   -1.22420267	 -58.87543317  -34.05445097 -902.28782189    0.71004512  -77.93610741    1.21829941	187.08578029	0	0.00000000	0.00000000	0.00000000	 0.19454807 -0.12286675  0.02750189	-0.01742388  0.12298732  0.36450557	 11.59041413   8.23744766 -68.50558413  25.15817118  -6.23068987  -5.26934603  17.83421795 -37.59929251  30.87368794 -87.10204657 -23.10887119   0.00000000	 0.01769446  0.01449612 -0.22123833  0.61014843 -0.42647725 -0.02533369  0.06579279 -0.01744903 -0.28796649  0.59382683 -0.38110977  0.00740146	
0.00399600	0.12260150	0.00566126	 12.65565872  -6.12753630 -42.96276474   0.09182101   4.69347811  -2.10142422	-144.75018311  -62.05854034 -924.81640625   -9.82411575  -40.25012970    8.19989491	 17.17701741  -6.30707408 -83.83487748   0.27800330   5.62405853  -1.75254060	 -72.10100155  -52.42592965 -936.97565069    1.49598738  -78.29949384    5.99991461	187.47516965	0	0.00000000	0.00000000	0.00000000	 0.19672862 -0.12332915  0.02611321	-0.01742388  0.12298732  0.36450557	 12.55322790   9.70204979 -70.62844608  23.21879465  -4.06568159  -5.37270356  18.78356767 -39.02927543  29.55670022 -79.00793433 -20.98015610   0.00000000	 0.01782485  0.01560058 -0.22396114  0.61402172 -0.42788085 -0.02575553  0.06710441 -0.01900602 -0.28423890  0.59241557 -0.38089502  0.00988650	
0.00398400	0.13110748	0.00579724	 -1.18423605  -5.18740320 -13.02288628  -0.00763251   1.49182415  -0.91759318	-157.80949402  -89.69028473 -949.14532471   -9.83185005  -38.19552231   16.24767303	  8.81841797  -4.17339096 -55.63293825   0.36321021   2.78273576  -1.49779932	 -84.94690945  -78.86805051 -966.69165120    2.36679477  -77.87601458   12.84664594	188.10923223	0	0.00000000	0.00000000	0.00000000	 0.20256766 -0.12240723  0.02895905	-0.00222344  0.17306931  0.34827316	 12.80304285  10.64677214 -72.83838058  20.76679301  -2.20067049  -5.66547869  19.61583778 -41.35358937  28.53906117 -70.50006197 -18.53478059   0.00000000	 0.01805495  0.01672806 -0.22662261  0.61762655 -0.42904666 -0.02610835  0.06810971 -0.02010281 -0.28085649  0.59149522 -0.38068792  0.01230252	
0.00400800	0.13977793	0.00596046	 0.68467039  4.46537590 -8.09150600  0.50272346  0.35682976  0.09725070	-161.69531250  -91.49066925 -964.53656006   -7.84356928  -35.98195648   17.48776054	  2.17546236  -0.86727321 -38.95252707   0.27940602   0.81787539  -0.52305953	 -92.88840849  -88.43546315 -985.77174070    3.80475116  -77.29264695   17.36307597	188.27077663	0	0.00000000	0.00000000	0.00000000	 0.20911553 -0.12134435  0.03233405	-0.05063083  0.07815342  0.34358869	 12.31819890  10.36778621 -73.52444665  20.27201631   0.12886724  -5.98380998  20.48993045 -45.31307273  28.12030210 -63.29660634 -15.90442801   0.00000000	 0.01843845  0.01836175 -0.23035018  0.62251228 -0.43068036 -0.02659155  0.06919356 -0.02100019 -0.27643096  0.59072822 -0.38041949  0.01578466	
0.00399200	0.14862090	0.00613438	 7.92571259  8.86798477 -3.08872175  0.76324254 -0.50766492  0.26968130	-166.92257690  -83.52374268 -967.32269287   -5.49052906  -34.06660843   18.32477951	  4.31127186   5.72967129 -30.01028419   0.24862957  -0.02119142  -0.18076368	-103.35652195  -85.42386375 -996.19268727    5.73865115  -75.76563756   19.09065287	188.46820642	0	0.00000000	0.00000000	0.00000000	 0.21222342 -0.11777405  0.03839441	-0.05063083  0.07815342  0.34358869	 12.10229367  10.65393992 -73.55283374  19.86368001   1.69046399  -6.76463463  22.02202863 -51.49402108  26.85533073 -57.33380756 -14.64958309   0.00000000	 0.01877592  0.01984204 -0.23381697  0.62715256 -0.43209162 -0.02705174  0.06993183 -0.02123796 -0.27261901  0.59045208 -0.38018173  0.01921310	
0.00399600	0.15765938	0.00637818	13.88953495 13.51392555 -5.39839792  1.09601116 -1.21924162 -0.34209928	-170.59208679  -82.94016266 -968.64074707   -3.03707671  -30.80047035   19.69912720	 13.62268760  11.58277446 -25.71076384   0.24173938  -0.78452793  -0.36423008	-113.32884383  -80.84202354 -999.23964895    8.21871199  -73.53434253   20.12389599	188.63582232	0	0.00000000	0.00000000	0.00000000	 0.21590520 -0.11962669  0.03410772	-0.02198127  0.14182547  0.42443269	 11.19660617  11.48879130 -73.26097847  20.29539624   3.21535014  -7.28396027  23.88028477 -57.22706938  26.62637784 -53.66301369 -13.35905090   0.00000000	 0.01910573  0.02119961 -0.23724543  0.63209969 -0.43335715 -0.02761165  0.07037166 -0.02105388 -0.26914454  0.59048277 -0.37997463  0.02286398	
0.00398000	0.16695996	0.00665049	  5.69736719   9.39614010 -16.69485474   0.67770910   0.73859584  -0.50180531	-180.97776794 -102.37722778 -959.07330322   -2.18837905  -28.45547676   21.89978981	  9.28223730  12.52544890 -31.06762390   0.13198471  -0.39812880  -0.75618262	-122.48896977  -85.80073619 -996.12746158   10.14935245  -71.37231354   21.78272420	188.83616104	0	0.00000000	0.00000000	0.00000000	 0.22120413 -0.11883750  0.02992333	-0.04118608  0.08052859  0.45860347	 11.04285535  11.93852529 -71.84270876  21.89778526   3.40124994  -7.66018706  29.16348464 -64.62465381  25.99057187 -51.20797381 -12.30615918   0.00000000	 0.01944320  0.02225039 -0.24012931  0.63667858 -0.43433890 -0.02814087  0.07045020 -0.02073175 -0.26653677  0.59069753 -0.37981355  0.02622340	
0.00400400	0.17657651	0.00699844	11.29703617  5.67297459 -9.54915810  0.56261557 -0.74086833 -1.34986818	-177.06608582 -124.77517700 -953.19531250   -2.36298227  -26.65455246   22.39321899	  9.71823497   8.67629231 -34.23389777   0.16913933  -0.30065087  -1.16131077	-127.42343165 -101.71698945 -989.28082477   11.79053967  -69.03814743   23.55802491	188.88241363	0	0.00000000	0.00000000	0.00000000	 0.23342588 -0.12611947  0.02595926	-0.04118608  0.08052859  0.45860347	  9.80719658  13.75952534 -72.22054112  22.98641775   3.29546325  -7.84333987  33.80760038 -70.64548787  25.90094574 -51.05800266 -12.01249059   0.00000000	 0.01998010  0.02336252 -0.24361144  0.64273781 -0.43546638 -0.02900757  0.07018317 -0.02035592 -0.26387531  0.59106570 -0.37967551  0.03077165	
0.00400000	0.18657754	0.00735581	10.00067806  4.03052473  1.71320057  0.48990831 -1.13334513 -0.86836213	-184.61068726 -144.37661743 -939.23864746   -1.49242187  -23.64909935   21.57184029	 13.41181369   5.73698705 -26.85262718   0.22744388  -0.91322970  -0.99518718	-131.92569450 -120.15890217 -979.93259683   13.57380583  -66.47239760   24.19527040	188.87055110	0	0.00000000	0.00000000	0.00000000	 0.24409617 -0.13233944  0.02221863	-0.07876457  0.03624176  0.53150390	  7.58494199  15.89566084 -72.70053738  23.99685669   2.11384976  -7.48543853  39.25596781 -77.74840715  27.00841812 -51.96173695 -12.99967337   0.00000000	 0.02058602  0.02416019 -0.24635726  0.64885843 -0.43632540 -0.02987427  0.06985330 -0.02011815 -0.26218027  0.59140319 -0.37962949  0.03506679	
0.00399600	0.19697356	0.00773176	-8.35894871  8.12180710 -7.55873489  0.73358554  1.35320139  0.35913044	-188.31120300 -150.92472839 -931.18408203    0.32883731  -20.94338226   21.22575760	  2.65767668   7.57915744 -26.27223342   0.12525185  -0.35031885  -0.61811886	-136.07081822 -129.58317020 -971.49242374   15.55170715  -63.59014531   23.95191520	188.53457907	0	0.00000000	0.00000000	0.00000000	 0.25362768 -0.13781998  0.01612305	-0.12221222 -0.00801537  0.53991620	  6.70188596  19.38698404 -73.91890279  24.14587857   0.64043283  -7.02270195  43.96921839 -82.66451892  27.37010570 -53.45468450 -13.77301502   0.00000000	 0.02123796  0.02483514 -0.24923347  0.65523976 -0.43706939 -0.03081000  0.06956270 -0.02005680 -0.26104513  0.59173298 -0.37965250  0.03956136	
0.00398000	0.20777851	0.00806612	-3.62355566 10.99268818 -5.39676189  1.01483870  0.34984702 -0.30438209	-174.65878296 -152.02313232 -926.95727539    1.65605462  -20.34927750   21.02086067	 -4.07043440   9.17916903 -29.52354337   0.19300430  -0.21771055  -0.42965744	-132.35151133 -131.53525293 -964.64997385   17.19260146  -61.12454180   23.75128297	188.27530074	0	0.00000000	0.00000000	0.00000000	 0.26545643 -0.14246513  0.00578933	-0.12221222 -0.00801537  0.53991620	  4.83398720  22.58775389 -76.01632481  22.50945876  -0.38712158  -6.04743818  46.60806272 -86.94794925  29.29920492 -57.33225727 -15.36525984   0.00000000	 0.02178252  0.02541039 -0.25185660  0.66100752 -0.43764463 -0.03170738  0.06938992 -0.02012582 -0.26040852  0.59199375 -0.37977523  0.04361873	
0.00399600	0.21896398	0.00836972	 6.24944210  6.34549189  4.08961678  0.61338812 -1.13036180 -0.61997980	-140.87237549 -156.16166687 -917.44989014    3.58857155  -21.62745476   22.83260345	  3.23141588   7.57887246 -21.01761592   0.24549501  -0.86852441  -0.58431546	-111.56156026 -130.71706948 -956.39612801   19.10281349  -59.30410614   24.47544283	187.94955949	0	0.00000000	0.00000000	0.00000000	 0.27079753 -0.14013305 -0.00082825	-0.12339931 -0.07491371  0.54886947	  3.71567387  26.00663788 -76.99149103  19.65057962  -0.12347081  -4.73746211  47.72507697 -89.04275857  30.88484839 -59.78350375 -15.31136973   0.00000000	 0.02235777  0.02615437 -0.25510862  0.66759598 -0.43826589 -0.03280417  0.06931137 -0.02029456 -0.25992531  0.59230053 -0.38000530  0.04834339	
0.00399200	0.23048465	0.00860590	-6.11386871  0.79914188 -7.21621418  0.47159058  1.04356909 -1.19083309	-109.59262085 -164.00651550 -916.06555176    5.11528158  -23.13370514   24.33629799	 -1.02477347   5.28322623 -24.70618784   0.25384232  -0.57310212  -1.10038441	 -81.30816396 -128.77765366 -951.78232628   21.11338551  -58.11571561   25.90935444	187.89969864	0	0.00000000	0.00000000	0.00000000	 0.27451101 -0.13203707 -0.00481645	-0.08314399 -0.12487865  0.47141016	  2.84420686  28.42563572 -77.30478791  16.20449596   0.68813548  -3.42906796  49.00593364 -92.15232844  32.19592885 -63.62709980 -16.05179207   0.00000000	 0.02289466  0.02705942 -0.25875950  0.67417675 -0.43881047 -0.03396233  0.06935850 -0.02050932 -0.25956485  0.59266871 -0.38029677  0.05312941	
0.00399200	0.24226780	0.00879661	-6.25725222  3.38083816 -6.74623585  0.31040949  0.80129260 -0.81636351	 -98.55142975 -166.04989624 -913.82934570    6.39944315  -23.47787476   25.08282471	 -5.79824486   2.27719945 -28.96174973   0.21494758  -0.22044629  -0.90365345	 -60.49542347 -127.03291582 -948.17262537   22.81838187  -57.42213556   27.07954380	187.37538024	0	0.00000000	0.00000000	0.00000000	 0.27830288 -0.11585676 -0.00972812	-0.08314399 -0.12487865  0.47141016	  1.22794261  31.24988572 -78.62812154   9.91451047   1.42290746  -2.15281692  46.67871413 -92.97355220  33.82914728 -65.56280293 -16.15008716   0.00000000	 0.02343922  0.02810252 -0.26282454  0.68085724 -0.43929365 -0.03511281  0.06942918 -0.02083912 -0.25918901  0.59313655 -0.38057289  0.05798446	
0.00400400	0.25426960	0.00889700	 6.69473171  9.56985569  1.30451250  0.76802588 -1.08743179 -0.11140307	 -96.39560699 -175.93151855 -917.50659180    7.72017908  -22.31842804   25.43537712	  0.04209124   5.43941810 -24.59805481   0.20463656  -0.71172945  -0.90545234	 -48.36550552 -128.19438603 -948.20970288   24.65910891  -56.33222339   27.80178378	186.87333833	0	0.00000000	0.00000000	0.00000000	 0.28084829 -0.10857464 -0.01462080	-0.04656843 -0.14198928  0.44486119	  0.61109722  33.76593670 -78.54991345   3.89347639   2.10860448  -0.99598121  48.45684346 -93.49572008  34.58270924 -67.24718531 -16.65317727   0.00000000	 0.02403747  0.02955213 -0.26783299  0.68849647 -0.43980753 -0.03638602  0.06942133 -0.02145272 -0.25860611  0.59378850 -0.38082600  0.06355281	
0.00398800	0.26637408	0.00889285	  3.02093649  18.69183922 -11.14896393   1.36758256   0.02226076  -0.04739109	 -99.08917999 -185.24893188 -919.51495361    8.45745468  -21.39356422   25.58058167	  2.12211300  13.09072337 -28.37982105   0.15079812  -0.67209839  -0.61781517	 -47.68447849 -132.35275943 -953.04661474   26.31015035  -55.40617911   28.20970871	186.51236537	0	0.00000000	0.00000000	0.00000000	 0.28200445 -0.10387257 -0.01467646	-0.06562189 -0.13482385  0.45380356	  0.13363748  36.14618132 -79.14098812  -4.02965553   2.98092086  -0.07240728  48.30059298 -91.51373641  35.27917246 -66.95386712 -16.40557753   0.00000000	 0.02445165  0.03084835 -0.27199009  0.69454032 -0.44013736 -0.03734475  0.06938206 -0.02205097 -0.25798485  0.59438676 -0.38098705  0.06789397	
0.00399600	0.27847838	0.00883892	  8.55337620  18.16829681 -16.27152824   1.32614505  -0.41046613   0.03267939	-101.76287842 -193.51475525 -919.56256104    9.16956139  -20.51257324   25.55380630	  3.42978015  18.00158882 -36.99588368   0.16616134  -0.59579178  -0.57811720	 -50.33136177 -137.51213891 -954.99842997   27.69480786  -54.66111510   28.39069769	186.25547560	0	0.00000000	0.00000000	0.00000000	 0.28147018 -0.09970279 -0.00787347	-0.06562189 -0.13482385  0.45380356	  0.03788522  37.79676281 -78.22703866 -11.30977038   3.66031236   0.76236103  50.18492253 -89.50835250  34.93495392 -67.01406931 -16.01514638   0.00000000	 0.02491184  0.03271213 -0.27761978  0.70235598 -0.44045180 -0.03855660  0.06938992 -0.02284097 -0.25692639  0.59529948 -0.38114813  0.07310951	
0.00400000	0.29052499	0.00871278	16.86244774 11.36204815 -5.28322601  0.88054627 -1.94613457 -0.97152799	-111.42495728 -207.61048889 -924.21026611    9.09464931  -19.23036957   25.89243889	 12.28485563  15.28788736 -31.52196949   0.17307818  -1.10288479  -1.04071820	 -56.83749602 -148.58714018 -959.14030840   29.05264288  -53.92612221   28.90547620	185.53924111	0	0.00000000	0.00000000	0.00000000	 0.27794490 -0.09809896 -0.01043578	-0.11764791 -0.05303787  0.43792345	  0.58640622  39.08832290 -77.76758192 -20.04178532   4.52492969   1.51297465  49.52453446 -86.14175780  34.06585453 -65.79768058 -14.62300071   0.00000000	 0.02528767  0.03448388 -0.28280464  0.70935094 -0.44059753 -0.03962272  0.06940562 -0.02344689 -0.25570688  0.59620452 -0.38129386  0.07794922	
0.00398800	0.30242473	0.00857983	  0.74267393   7.59132814 -13.41135406   0.55689287   0.11475094  -1.41216862	-115.93368530 -219.29776001 -928.85766602    9.42512035  -18.28942108   26.10511780	  7.26732692  11.06872886 -37.20800549   0.10643784  -0.92050666  -1.23816934	 -61.83566781 -158.08035697 -963.04613044   30.18663423  -53.27349290   29.22895500	185.56270351	0	0.00000000	0.00000000	0.00000000	 0.27433139 -0.09276832 -0.01430215	-0.10187416 -0.03869014  0.39158615	  0.89595324  39.74932901 -75.95760735 -28.39098365   5.15690931   2.18887204  49.65570023 -83.63085850  32.00974960 -63.96553993 -12.46481452   0.00000000	 0.02560980  0.03610223 -0.28753698  0.71541780 -0.44061288 -0.04050475  0.06940562 -0.02377670 -0.25443366  0.59707886 -0.38144726  0.08219067	
0.00400800	0.31418779	0.00839041	  3.68955684  12.20746040 -14.19667435   0.86465538   0.11963409  -0.57562596	-111.42105103 -223.99873352 -924.91662598    9.85960674  -18.23163223   26.40935326	  1.94289610  11.01198752 -37.10509193   0.05697775  -0.67176152  -1.20349742	 -64.69829065 -161.23161289 -965.29334368   31.08490914  -52.89673784   29.39643110	185.95042689	0	0.00000000	0.00000000	0.00000000	 0.26958561 -0.08393512 -0.01469158	-0.10187416 -0.03869014  0.39158615	  0.86932791  40.27039588 -74.31451560 -37.11959801   6.19821612   2.56234766  47.25565736 -80.73657401  30.76400582 -61.68394126 -10.20734218   0.00000000	 0.02602398  0.03817311 -0.29394135  0.72283459 -0.44045949 -0.04154019  0.06938992 -0.02390709 -0.25258523  0.59827536 -0.38166201  0.08767466	
0.00398800	0.32572922	0.00823345	13.83027840 27.11830139 -8.99633121  1.75998425 -0.98404986  0.31381592	-110.09904480 -232.13026428 -926.97021484   10.19974899  -17.78189659   26.98275185	  5.91742981  19.68492564 -31.42232383   0.04991916  -0.84428993  -1.04683070	 -64.64884323 -163.74673921 -967.13154466   32.04242674  -52.52142118   29.80645168	185.67046964	0	0.00000000	0.00000000	0.00000000	 0.26943106 -0.07906202 -0.01909040	-0.12813684 -0.03376633  0.36063953	  1.16664589  40.79192623 -69.96146880 -44.92189454   6.19961038   2.72851637  47.44198817 -79.08741774  29.32490434 -60.25826364  -7.73603671   0.00000000	 0.02641514  0.03993718 -0.29982415  0.72889382 -0.44021404 -0.04236854  0.06938206 -0.02382272 -0.25092852  0.59944886 -0.38186142  0.09263708	
0.00398800	0.33709621	0.00805571	 15.00581360  27.58156776 -18.67550850   1.90570438  -1.17326367   0.31639662	-115.77365112 -238.35731506 -928.48876953   10.56322002  -17.18035507   27.01549339	 11.09965862  27.30927054 -35.19986980   0.02737299  -0.89287667  -0.65823161	 -67.52197725 -167.99145326 -968.60380758   33.01715253  -52.05033793   30.13123744	185.22435177	0	0.00000000	0.00000000	0.00000000	 0.27112411 -0.07675437 -0.02370941	-0.15724892 -0.01567316  0.35906921	  0.90321754  41.31894069 -67.41262204 -52.72793892   6.61449444   2.63665558  45.19097976 -77.14164181  28.39458579 -58.35871923  -5.86392038   0.00000000	 0.02676029  0.04141747 -0.30498600  0.73372585 -0.43993026 -0.04305883  0.06938206 -0.02368466 -0.24933319  0.60053033 -0.38198414  0.09704728	
0.00400800	0.34827679	0.00788983	 17.69128036  17.48589706 -20.94804573   1.23699510  -1.30039835  -0.15849476	-118.85344696 -247.58178711 -924.18200684   10.40895081  -16.18648720   27.16410828	 13.96692816  24.12529693 -41.13803488   0.09494462  -0.97226560  -0.59144672	 -74.24251274 -171.24683142 -968.24989427   33.65304613  -51.60944941   30.18436539	185.03360157	0	0.00000000	0.00000000	0.00000000	 0.27028731 -0.07794085 -0.01707064	-0.15724892 -0.01567316  0.35906921	  1.23765476  40.74821077 -65.28915404 -59.57213985   5.29792389   2.07790062  45.07495934 -75.25379822  27.11688247 -58.62436504  -4.63774088   0.00000000	 0.02714378  0.04323524 -0.31142873  0.73940158 -0.43947774 -0.04391786  0.06937420 -0.02345456 -0.24730065  0.60216403 -0.38206086  0.10275368	
0.00399200	0.35926411	0.00770850	 20.12037086   8.54800701 -18.20465660   0.60146248  -1.62265277  -1.11895144	-132.00405884 -256.34887695 -919.61529541   10.12437057  -14.27352428   26.48290253	 18.89526100  16.25732046 -39.85410737   0.11140064  -1.08851629  -1.03168573	 -85.12825373 -176.62369786 -967.75637645   34.14006247  -50.83302467   29.87289205	184.68648942	0	0.00000000	0.00000000	0.00000000	 0.27125730 -0.07615557 -0.02026848	-0.16162591  0.01081294  0.35764145	  1.27012923  40.20308970 -64.20410167 -65.78877164   4.07987967   1.52553832  43.76204618 -73.60607072  26.78758641 -58.75484968  -4.20835992   0.00000000	 0.02744291  0.04478456 -0.31685135  0.74398053 -0.43899453 -0.04462349  0.06935064 -0.02319378 -0.24560562  0.60374403 -0.38207617  0.10784650	
0.00398800	0.37004766	0.00754817	 13.64889622   9.70341110 -14.09022522   0.66440612  -0.89423382  -0.97155684	-138.43119812 -256.36178589 -915.47326660   10.28865910  -13.14683056   26.31083870	 16.07853373  11.89911509 -37.85983241   0.08555301  -0.93581948  -1.21073286	 -95.06433515 -179.68135213 -964.17848123   34.54785336  -49.75953342   29.46332552	185.05905304	0	0.00000000	0.00000000	0.00000000	 0.27301339 -0.07252636 -0.02631356	-0.13442339 -0.06896101  0.30921707	  1.62486048  39.44186379 -62.73269415 -71.85657394   2.47601527   0.82048361  43.74263879 -71.41986969  26.07083772 -58.79380739  -3.78617469   0.00000000	 0.02774204  0.04628786 -0.32212055  0.74801487 -0.43842697 -0.04525242  0.06931137 -0.02291000 -0.24406396  0.60537773 -0.38206086  0.11297766	
0.00400000	0.38065967	0.00735569	 11.52634144  14.15568542 -18.26134872   1.23908830  -0.63798237  -0.34070447	-137.91020203 -255.05004883 -910.90637207   10.86048603  -12.21519566   26.65570450	 11.79958607  13.63896530 -38.79702104   0.14056831  -0.72755767  -1.06034759	-101.09626839 -176.15570279 -960.95074035   34.89069073  -48.85348945   29.20054141	185.25272616	0	0.00000000	0.00000000	0.00000000	 0.27649754 -0.06724149 -0.03326865	-0.13442339 -0.06896101  0.30921707	  1.25754333  38.43484329 -62.90128405 -77.07709823   0.99261413   0.17380067  41.45698548 -69.73560880  26.15818805 -59.64066865  -4.37781920   0.00000000	 0.02806417  0.04780650 -0.32721338  0.75124395 -0.43782872 -0.04581233  0.06926425 -0.02261087 -0.24271406  0.60704976 -0.38202250  0.11817785	
0.00398000	0.39104664	0.00718846	 18.56069374  19.27562523 -15.16458321   1.39994431  -1.47586060   0.01289993	-129.21517944 -253.34837341 -910.23431396   11.30340195  -12.12177849   27.21747780	 14.62537375  18.97155261 -37.11098599   0.13706589  -0.88113714  -0.72213890	 -99.04300613 -170.85102786 -957.50603724   35.31074148  -47.87609425   29.45962817	185.41470076	0	0.00000000	0.00000000	0.00000000	 0.28015550 -0.06709567 -0.03607975	-0.13343274 -0.08987269  0.34741047	  1.25469691  37.07307505 -61.83473257 -82.13128892  -0.60259514  -0.47536921  40.87173982 -67.44682857  26.11557745 -59.56805949  -4.22526152   0.00000000	 0.02834029  0.04916408 -0.33144715  0.75372130 -0.43729180 -0.04629553  0.06920927 -0.02234242 -0.24170163  0.60853004 -0.38199949  0.12283348	
0.00400800	0.40126333	0.00695446	 23.44328690  16.29446220 -22.03310204   1.23684406  -1.71857142   0.03431125	-112.14742279 -249.80299377 -900.81378174   11.82225609  -12.60277081   27.50688171	 19.66119740  19.75331704 -39.79852443   0.16124358  -1.06446518  -0.53267755	 -89.90822714 -162.83526305 -951.42169878   35.72596934  -47.05762739   29.55028830	185.80834299	0	0.00000000	0.00000000	0.00000000	 0.28285707 -0.06506431 -0.03706251	-0.12051213 -0.07855407  0.34170555	  1.51372055  35.52325154 -61.13299072 -87.24206296  -3.71117057  -1.04790848  40.98335084 -65.65986389  25.86406470 -59.63092617  -3.90673643   0.00000000	 0.02869310  0.05100485 -0.33653998  0.75609899 -0.43661687 -0.04690912  0.06911502 -0.02197427 -0.24063551  0.61042452 -0.38198414  0.12893106	
0.00399200	0.41121104	0.00671499	 21.46168327   7.29016066 -25.49218178   0.72299284  -1.47725594  -0.64700967	-100.84291840 -255.64964294 -897.07385254   11.80593777  -12.64718628   28.59149933	 21.83183516  16.15964199 -44.07586650   0.16732397  -1.03497413  -0.73801652	 -81.07223616 -158.04741081 -946.77784040   35.96583684  -46.53067250   29.91570463	186.02757464	0	0.00000000	0.00000000	0.00000000	 0.28363059 -0.05792652 -0.03973073	-0.12051213 -0.07855407  0.34170555	  1.17722007  33.81152873 -59.89046884 -94.40134541  -7.81056296  -2.13506354  40.80339375 -63.34307621  26.50673581 -59.65360823  -3.35125619   0.00000000	 0.02894621  0.05271524 -0.34066638  0.75743353 -0.43598026 -0.04743835  0.06900506 -0.02162145 -0.23986852  0.61215794 -0.38196880  0.13436136	
0.00398800	0.42089039	0.00642444	 22.46651459   6.29762459 -21.00245857   0.53850144  -1.77854562  -1.16298640	 -97.64093781 -256.74810791 -886.44464111   11.77123070  -11.95781898   28.42867661	 21.73763584  11.20699817 -44.46774289   0.16781356  -1.15834330  -1.11483370	 -77.37502928 -155.38146189 -940.47075844   36.12753818  -45.90485502   30.15692406	186.55334844	0	0.00000000	0.00000000	0.00000000	 0.28410457 -0.05086846 -0.04237779	-0.12051213 -0.07855407  0.34170555	  1.37779440  31.64389105 -59.26027836 -99.41116380 -10.72736033  -3.18321972  40.17683435 -60.47793559  27.18553985 -60.09444259  -1.87991079   0.00000000	 0.02919932  0.05451766 -0.34448600  0.75798577 -0.43538201 -0.04792155  0.06885584 -0.02126864 -0.23923959  0.61389130 -0.38194579  0.13977630	
0.00401600	0.43026239	0.00612844	 13.80947208   8.54186440 -23.22891617   0.88971162  -1.20301688  -0.84366506	-103.11795807 -254.08236694 -880.18560791   12.22865677  -10.94240952   27.91682816	 18.61200442  10.42532623 -43.70673965   0.27996529  -1.21170679  -1.13412940	 -79.83944690 -152.31532023 -933.57030147   36.37884044  -44.90098406   29.71042101	186.79394642	0	0.00000000	0.00000000	0.00000000	 0.28544861 -0.04509584 -0.04454811	-0.11669439 -0.10662740  0.30001785	   2.33956440   28.76896190  -57.63500697 -104.43264498  -13.40776190   -4.19955449   39.92134510  -56.42746606   26.76688931  -61.38480503   -0.73001986    0.00000000	 0.02949077  0.05643514 -0.34813687  0.75770199 -0.43485278 -0.04839708  0.06864379 -0.02094650 -0.23867969  0.61561704 -0.38189211  0.14518358	
0.00399600	0.43929428	0.00577575	 15.27661705  13.65876102 -19.62591171   1.09821033  -1.17943895  -0.52944416	-106.41458893 -247.72903442 -878.18164062   12.71308994  -10.04308891   27.54489326	 15.57811041  13.70249364 -42.09328806   0.28892432  -1.05182446  -0.99658298	 -85.11308014 -144.28717643 -928.60060704   36.49344312  -43.91245889   29.02857378	186.88315876	0	0.00000000	0.00000000	0.00000000	 0.29036160 -0.04339888 -0.04535008	-0.13811503 -0.10262092  0.31036960	   2.48587438   25.52635814  -56.54283065 -109.39796287  -15.49074152   -5.18517044   38.28370406  -52.10172810   26.53831683  -63.29300498    0.32538486    0.00000000	 0.02982825  0.05846000 -0.35171103  0.75650549 -0.43446928 -0.04888796  0.06839246 -0.02065505 -0.23815814  0.61733508 -0.38183841  0.15060620	
0.00397200	0.44792083	0.00543274	 16.33720970  12.44788742 -16.81650734   1.01495302  -1.56178319  -0.05258326	-100.31391907 -245.61654663 -872.25671387   13.34881020   -9.72187901   27.55251503	 15.33611306  14.51418997 -39.97613649   0.27414914  -1.17979101  -0.59977533	 -83.85767373 -136.78505913 -922.71134972   36.80118689  -42.88400308   28.61284917	186.49053883	0	0.00000000	0.00000000	0.00000000	 0.29398709 -0.04215392 -0.04760912	-0.16876667 -0.11401308  0.31085667	   3.94380255   22.00166770  -53.89252972 -113.81231197  -17.13623670   -6.09364520   38.19489580  -46.57545506   25.65902769  -64.63681493    1.71010571    0.00000000	 0.03019641  0.06059223 -0.35525453  0.75437325 -0.43423918 -0.04947087  0.06809401 -0.02034058 -0.23762891  0.61902249 -0.38178474  0.15606718	
0.00400400	0.45618394	0.00498541	 16.36569214   4.85455084 -17.42429543   0.55794311  -1.44347906  -0.44324896	 -79.67908478 -243.64285278 -857.21978760   13.45180798  -10.07915592   27.73660469	 16.73876529   9.94968237 -39.37404662   0.31039689  -1.12432546  -0.60729429	 -72.45378740 -129.53729112 -912.72546722   36.86234063  -41.81594024   28.47519798	185.97980226	0	0.00000000	0.00000000	0.00000000	 0.29657826 -0.03889257 -0.04926842	-0.16613021 -0.11505217  0.29851019	   4.96603593   18.62998083  -51.78748846 -117.96132043  -18.34136746   -7.38022123   37.30121551  -41.73200379   24.39477511  -65.51121961    3.24233806    0.00000000	 0.03053388  0.06280116 -0.35851425  0.75129759 -0.43415481 -0.05016116  0.06774057 -0.01993408 -0.23701532  0.62071753 -0.38170803  0.16155115	
0.00398800	0.46394101	0.00455168	 21.85431862   0.34558931 -24.87217140   0.20991120  -1.69060481  -1.00894475	 -69.51955414 -246.32852173 -854.67639160   13.58365154   -9.73129177   27.80453491	 20.03267605   5.81114205 -41.84116875   0.31623321  -1.13786660  -0.71201872	 -63.37081998 -124.92299043 -908.85910771   36.97032758  -40.97775073   28.38662743	185.38081946	0	0.00000000	0.00000000	0.00000000	 0.29832669 -0.03201313 -0.05029018	-0.16236190 -0.10621125  0.28763404	   5.38270873   14.93466857  -48.01745525 -123.07338345  -19.27993406   -8.61033053   36.11256960  -35.31514030   21.20189213  -63.98753827    5.03770183    0.00000000	 0.03085602  0.06504844 -0.36177397  0.74731696 -0.43418550 -0.05092048  0.06734788 -0.01938184 -0.23631737  0.62241256 -0.38159299  0.16697377	
0.00400000	0.47122267	0.00411423	 25.29005814   3.16172481 -23.96014595   0.35169727  -2.19599009  -0.97863328	 -67.17571259 -248.77532959 -850.64807129   13.73229694   -8.83889008   27.54824448	 24.47963523   5.98760056 -44.69286765   0.33198996  -1.37021453  -1.00461986	 -59.43963641 -123.23267870 -904.05815652   37.22106122  -39.69394374   28.20133310	184.70100724	0	0.00000000	0.00000000	0.00000000	 0.29757087 -0.02799912 -0.04966433	-0.15705053 -0.07235284  0.24578589	   4.93305130   11.52650906  -44.56795222 -126.99928682  -19.65017623   -9.62422452   34.92298567  -30.33785345   16.39440060  -61.70539377    6.33602087    0.00000000	 0.03120883  0.06729572 -0.36472687  0.74253094 -0.43436959 -0.05175650  0.06691591 -0.01870689 -0.23551969  0.62413830 -0.38142425  0.17231202	
0.00398000	0.47800702	0.00373537	  -6.23625803   10.54895878 -166.33514404    1.25136638  -16.54430389   -1.04047501	 -69.82273102 -250.14900208 -850.53527832   14.13282204   -6.95613718   26.70053482	  16.38562856   12.01696098 -117.51049906    1.67250266  -10.83442000   -1.25554268	 -60.53568380 -121.74837928 -902.11553266   37.42154340  -38.11764171   27.68062736	184.15368985	0	0.00000000	0.00000000	0.00000000	 0.29603756 -0.02684359 -0.04869405	-0.16975693 -0.05424399  0.25084055	   4.12048836    7.86034233  -40.68749214 -130.65321119  -20.17133297  -10.49368274   33.19429504  -26.03646207   11.36954375  -59.42070365    6.56690452    0.00000000	 0.03157699  0.06921320 -0.36699715  0.73769122 -0.43462268 -0.05258485  0.06648394 -0.01794757 -0.23477571  0.62568760 -0.38123250  0.17692931	
0.00400400	0.48438364	0.00346839	  64.68329620   13.02500629 -316.42568970    3.48495817  -41.71896744   -2.18322158	 -68.88417053 -221.44003296 -745.13537598   13.95366001   -5.54474115   25.18537903	  46.50412132   22.04714384 -239.53706358    5.33707870  -30.31241083   -2.80476171	 -67.34805810 -112.95927485 -843.04158926   36.11733100  -35.40657502   26.45042593	183.85777399	0	0.00000000	0.00000000	0.00000000	 0.29505759 -0.02904195 -0.05112845	-0.17571558 -0.04478137  0.25104595	   4.09636657    3.71385549  -36.60295314 -132.77115740  -20.80022057  -11.06290008   32.48013851  -22.68803198    6.25276824  -58.27938868    6.48143440    0.00000000	 0.03210621  0.07162154 -0.36940551  0.73054284 -0.43500617 -0.05387339  0.06583206 -0.01676641 -0.23379396  0.62776619 -0.38091037  0.18280445	
0.00400000	0.49046132	0.00324874	 117.08314514   13.07483101 -449.75363159    4.68913031  -58.76325226   -2.32887030	 -55.95156479 -217.74865723 -736.13336182   14.51658630   -6.10471153   25.41227531	 118.62770915   33.60337146 -394.38740321    9.52282083  -53.16039936   -3.35856364	 -59.69701447 -101.42472137 -798.51254756   35.40257767  -33.35898332   25.54481894	183.69052232	0	0.00000000	0.00000000	0.00000000	 0.29084226 -0.03181484 -0.05159175	-0.20414544 -0.03049163  0.25707273	   4.43077418    0.16672183  -33.35476153 -131.55615219  -20.25286055  -10.57206863   33.22465708  -21.36870661    0.18701963  -56.82142167    5.70359657    0.00000000	 0.03260475  0.07355437 -0.37120026  0.72337151 -0.43512124 -0.05530000  0.06520374 -0.01551621 -0.23302697  0.62965298 -0.38054988  0.18797396	
0.00398400	0.49628600	0.00302072	 153.98248291   26.76500320 -708.59228516    6.00464630  -74.70989990   -2.82963824	 -55.41855240 -194.36589050 -659.44750977   14.36009979   -4.35339022   23.05639458	 179.04968437   52.58598464 -601.36598162   12.84250295  -73.50771766   -4.15646604	 -59.02854928  -90.13618634 -738.48001537   33.88792398  -30.37941815   24.02182692	183.53762464	0	0.00000000	0.00000000	0.00000000	 0.28558545 -0.03362247 -0.05464589	-0.21235306 -0.08545229  0.26107153	   4.87182744   -2.22349567  -29.50486493 -130.17817147  -19.47295407   -9.54721790   34.07132075  -20.54205282   -6.31816066  -55.20869748    4.38281092    0.00000000	 0.03311097  0.07551019 -0.37277260  0.71619248 -0.43475306 -0.05707174  0.06457543 -0.01416631 -0.23229066  0.63140172 -0.38012037  0.19302844	
0.00400000	0.50186610	0.00278329	 216.98934937   41.82811356 -854.98974609    6.98829985  -92.40918732   -5.40151453	 -56.56613922 -180.61422729 -618.99078369   14.41013527   -4.28436852   20.72520638	 243.86631523   75.08969819 -753.95637533   15.22562148  -90.23533005   -6.38644945	 -61.86165780  -78.98990116 -693.51288375   32.64135841  -28.35178165   21.60432175	183.62791110	0	0.00000000	0.00000000	0.00000000	 0.29381646 -0.01737231 -0.08658939	-0.18547015 -0.13105759  0.20774911	   5.03775781   -4.35725242  -26.05212076 -130.10802238  -21.95435502   -7.90726647   34.38472792  -18.18740227  -12.81027030  -54.87892825    3.14421773    0.00000000	 0.03365553  0.07725893 -0.37396911  0.70999521 -0.43381736 -0.05921165  0.06400208 -0.01283942 -0.23165406  0.63320410 -0.37968317  0.19786814	
0.00398800	0.50717568	0.00252588	 237.95063782   66.92976379 -971.25671387    7.67796230  -99.17836761   -6.26612234	 -38.77576065 -147.44647217 -543.61712646   14.46355724   -4.44577074   18.81118393	 302.44248344  101.97484735 -886.49784173   16.58131633 -104.24691279   -8.39390119	 -53.71349763  -61.61534988 -627.71431939   30.35774032  -25.36984051   19.16070676	183.61534732	0	0.00000000	0.00000000	0.00000000	 0.30665915  0.00769660 -0.08816569	-0.09547109 -0.14091308  0.11760234	   2.97496256   -5.01675009  -24.42982021 -132.24767315  -26.82766648   -5.52712666   32.29208457  -14.62151354  -18.30949902  -54.04169806    2.96453792    0.00000000	 0.03429213  0.07869320 -0.37453666  0.70510179 -0.43220666 -0.06174272  0.06356226 -0.01170427 -0.23113251  0.63492221 -0.37923831  0.20216328	
0.00399600	0.51220363	0.00225703	  239.75962830    95.28923798 -1051.02478027     8.93581963  -100.48951721    -8.00013828	 -18.63322449 -119.83850098 -511.73062134   15.21443176   -3.98288774   17.55962944	 321.89631699  133.49096142 -997.59520145   16.92143824 -111.68447142  -10.51993166	 -38.00529645  -36.64889430 -575.06766716   28.37699662  -22.39097952   17.09745625	183.60266769	0	0.00000000	0.00000000	0.00000000	 0.32274630  0.03544057 -0.07875350	 0.00381871 -0.20553256 -0.06432596	  -1.51063510   -5.21781773  -24.19465222 -135.35459091  -34.02503117   -2.30218740   28.37123004   -9.46107246  -22.67838396  -53.56101554    4.41614282    0.00000000	 0.03499776  0.07972097 -0.37439862  0.70158130 -0.42990568 -0.06467262  0.06317741 -0.01086825 -0.23084871  0.63648683 -0.37878579  0.20644309	
0.00399600	0.51693279	0.00203862	  275.41275024    98.49256897 -1036.18640137     9.02556515  -100.38932037    -9.31139088	 -14.52284813 -111.61430359 -493.47399902   15.19553661   -2.35589337   16.87443161	  351.14871860   146.82960472 -1021.14314337    16.88852126  -112.08168176   -12.33169218	 -29.04343760  -20.91291639 -541.45568727   26.88103428  -19.59812254   15.96914580	183.49629407	0	0.00000000	0.00000000	0.00000000	 0.33432769  0.03019071 -0.05028801	 0.06914812 -0.09122733 -0.03093617	  -9.44488950   -5.43358516  -26.70787290 -141.63834872  -43.57995855    1.75882756   20.21056955   -2.04074670  -25.95024857  -51.44533468    7.71169962    0.00000000	 0.03568805  0.08038057 -0.37360862  0.69957948 -0.42699879 -0.06799369  0.06283184 -0.01036204 -0.23077969  0.63787508 -0.37832561  0.21032406	
0.00398800	0.52141470	0.00191847	  248.27505493   109.71717072 -1008.60260010     8.29909229   -90.51193237    -8.77507019	   1.73331249 -108.34677887 -473.11141968   13.65972519   -0.51961583   15.95679951	  340.55587696   155.34657247 -1008.63471536    15.10423110  -106.16844677   -12.70939676	 -16.45187401  -13.98768855 -519.88662275   24.94515034  -16.40817347   15.48950207	183.42071312	0	0.00000000	0.00000000	0.00000000	 0.33426678  0.02156875 -0.03732103	 0.02532093 -0.08313522  0.03004590	 -11.73712494   -3.73119357  -27.60622589 -146.99968715  -53.84714079    7.04215111   17.43030468    6.70375495  -31.61477896  -49.47841246   13.87303123    0.00000000	 0.03624796  0.08071806 -0.37242743  0.69914997 -0.42396918 -0.07112300  0.06255695 -0.01002456 -0.23086406  0.63895655 -0.37790376  0.21339202	
0.00399600	0.52576756	0.00186659	  66.51194763   93.63026428 -936.11511230    4.62849426  -64.83964539   -3.16179562	  25.09144402 -107.22785187 -450.57263184   12.17687702    0.20542331   14.63686180	 218.81249661  129.26262793 -975.78699061   11.42911934  -94.81626344   -8.49363229	   2.44892385  -11.85580864 -497.76309376   22.93233425  -13.66197886   14.93655806	182.70479576	0	0.00000000	0.00000000	0.00000000	 0.33514100  0.02119376 -0.02539284	 0.02891849 -0.17760229 -0.02071202	 -14.78805362   -1.66038214  -28.63717941 -152.61290682  -63.40441642   12.98849265   15.11687372   13.04044281  -38.00889163  -47.20262950   19.35378232    0.00000000	 0.03695359  0.08088679 -0.37047929  0.69971752 -0.42037967 -0.07488126  0.06226635 -0.00968709 -0.23123221  0.64010704 -0.37735152  0.21661338	
0.00400000	0.53006494	0.00186928	 -56.52814484   85.89086914 -893.16821289    3.19506383  -48.57896805   -3.16791773	  34.61877060 -103.50735474 -404.38299561   10.18563557    1.36110187   12.44515896	  89.79248178  103.42579961 -943.41740271    8.78306982  -84.91656516   -6.50442990	  18.14926749  -13.29776761 -465.09386917   20.78590645  -10.90699598   13.89780830	182.28944526	0	0.00000000	0.00000000	0.00000000	0.33959424 0.02813604 0.00291807	 0.10326152 -0.11766807 -0.02264297	 -20.62670458   -0.21346675  -29.64385173 -159.24097180  -72.23825834   20.41322131   10.32027469   18.68433207  -43.91733731  -44.18640111   24.67713503    0.00000000	 0.03775126  0.08087145 -0.36755705  0.70058423 -0.41603085 -0.07900766  0.06193649 -0.00917320 -0.23194551  0.64128053 -0.37653852  0.21991144	
0.00399200	0.53436089	0.00195223	 -87.41046143   71.60058594 -852.19500732    1.43939090  -41.36768341   -1.81077564	  32.68454742 -101.31701660 -391.53463745    9.33423615    2.70828795   12.03968811	   3.08381016   77.42496359 -899.74018490    6.65057213  -76.74229483   -4.76296293	  21.64969855  -11.21209149 -437.98507199   18.75500859   -8.45840299   13.00667827	182.52641595	0	0.00000000	0.00000000	0.00000000	0.33288595 0.02269489 0.05317260	0.06736726 0.08115828 0.02769515	 -24.55599440    0.86039790  -29.87338905 -163.02586469  -76.93286765   26.89899620    8.31054729   21.47514430  -49.26457473  -43.64011666   27.47640752    0.00000000	 0.03829582  0.08073339 -0.36452743  0.70092934 -0.41249502 -0.08238242  0.06159877 -0.00866699 -0.23285057  0.64224696 -0.37557212  0.22261892	
0.00400000	0.53875345	0.00206711	-106.70522308   50.39839935 -786.33392334   -0.66298938  -33.27748871    0.71174628	  31.49730110  -87.81575012 -346.37106323    8.51319981    5.60813951   10.48145103	 -42.13187282   52.04394745 -842.54572951    4.74140796  -68.89161947   -1.92180399	  22.37135481   -8.05771355 -400.13160138   16.76269850   -5.31422303   11.91954863	182.44206240	0	0.00000000	0.00000000	0.00000000	0.31773162 0.01058373 0.09233872	0.06261915 0.06642651 0.11428730	 -24.45919640    4.02497579  -28.14230957 -165.56640339  -78.45062424   32.29021810    9.89406300   24.16973556  -53.79014639  -41.40722530   30.78721670    0.00000000	 0.03853359  0.08059534 -0.36135978  0.70059955 -0.40953442 -0.08523563  0.06115894 -0.00806874 -0.23402406  0.64315969 -0.37447530  0.22512697	
0.00399200	0.54326928	0.00217638	 -63.38502502   49.82114029 -741.82788086   -0.13334365  -32.41007614   -2.37624979	  28.60573959  -70.63131714 -325.34503174    8.36588287    7.37878895    8.67238331	 -36.40674861   41.04122643 -798.02835037    4.17037175  -62.85162597   -2.34211566	  18.51161882   -2.66965921 -374.72124538   15.08091093   -2.84940340   10.92976397	182.75173756	0	0.00000000	0.00000000	0.00000000	0.30728843 0.01450173 0.06117430	0.05090279 0.10053994 0.12266962	 -21.52282170    6.22544744  -23.94217411 -166.74882850  -76.29989698   35.46515606   14.23609146   24.79773485  -57.91552842  -40.97393971   30.54389830    0.00000000	 0.03849524  0.08051097 -0.35830715  0.69969451 -0.40729481 -0.08720679  0.06068770 -0.00739379 -0.23535863  0.64396501 -0.37310240  0.22742794	
0.00399600	0.54790878	0.00224641	 -17.65247536   61.10368347 -727.13580322    0.98233211  -34.88890076   -5.12173462	  33.46567154  -53.49896622 -306.45761108    8.60613537    7.73789787    7.79133892	   3.91133815   51.43496644 -762.07138739    4.28988528  -59.43174303   -5.17357749	  19.03826228   12.00904598 -347.88178767   13.37883289   -0.74126871    9.45699781	181.01125561	0	0.00000000	0.00000000	0.00000000	0.29179192 0.02088972 0.05880755	-0.03735386  0.03162593 -0.11570086	 -20.37466049   10.62666593  -18.40890212 -166.31621796  -72.79986288   37.32699157   18.18319050   25.85584102  -60.19890971  -36.74317988   30.08215090    0.00000000	 0.03837252  0.08068737 -0.35554600  0.69842130 -0.40570715 -0.08842631  0.06029500 -0.00670349 -0.23673920  0.64469361 -0.37151474  0.22948349	
0.00398800	0.55262166	0.00230107	  29.14872360   88.25312805 -702.16302490    3.91323209  -36.65699387  -10.05758762	  62.17906952  -36.55860138 -271.34375000    8.60071278    6.72748518    7.53924513	  44.11435239   78.28536418 -737.79961631    4.92033428  -57.09527747   -9.85413161	  35.55934617   26.67549928 -315.36305147   11.88276472    1.22256567    8.81724252	179.97916263	0	0.00000000	0.00000000	0.00000000	0.27835913 0.03058893 0.06697848	-0.05746216  0.05985544 -0.25924738	 -26.01024532   12.32810479  -15.83744142 -165.04242003  -70.19297003   37.91331140   16.29179883   24.93628703  -58.43831864  -33.70505233   26.81810826    0.00000000	 0.03824213  0.08104786 -0.35342911  0.69686431 -0.40477142 -0.08877912  0.06009080 -0.00612058 -0.23782066  0.64531493 -0.36995006  0.23103280	
0.00400000	0.55740196	0.00233097	  20.10604095  104.04573059 -709.74694824    5.86217022  -35.67564392  -12.59358406	  83.06759644  -24.86129570 -248.67501831    8.14167404    4.99666119    6.67538166	  54.80179371   97.83269097 -729.66008220    5.67066813  -56.14639156  -13.27918541	  56.33325619   36.77406661 -289.80807029   10.62593696    1.96511227    8.08714128	178.05055243	0	0.00000000	0.00000000	0.00000000	0.27002310 0.02932116 0.06338829	-0.00502669  0.08093091 -0.29286105	 -30.84928984   15.78592976  -12.35748105 -164.99883997  -66.94618591   38.02265033   15.26244704   24.77915551  -56.64402158  -27.94455910   24.49501722    0.00000000	 0.03796602  0.08176883 -0.35121250  0.69441760 -0.40411180 -0.08847232  0.06002797 -0.00539961 -0.23889445  0.64622760 -0.36767977  0.23266649	
0.00398800	0.56220883	0.00239318	 -17.40091515   95.18138123 -731.07568359    5.90795565  -32.40177536  -13.46165752	  95.70116425   -7.59257746 -202.83300781    7.93170881    4.15825748    5.60725737	  36.57889911  100.03905578 -741.92428618    6.51411548  -55.58543183  -15.18956780	  69.65366755   46.50511006 -254.73136415    9.26160080    2.13873928    7.21477574	177.17455099	0	0.00000000	0.00000000	0.00000000	0.26410866 0.02814540 0.05771538	-0.00396305  0.15200946 -0.26480401	 -33.97068614   16.23582323   -8.18850896 -163.41832436  -62.61781093   37.29241923   16.48348223   23.14582721  -56.34101975  -23.91917675   19.85108079    0.00000000	 0.03762087  0.08252815 -0.34961715  0.69216269 -0.40399677 -0.08774368  0.06010651 -0.00489340 -0.23942368  0.64703298 -0.36569327  0.23364824	
0.00398400	0.56708258	0.00244435	 -47.18429947   78.19351196 -756.24017334    5.13461733  -31.35782814  -12.33555508	  70.19256592  -10.24315262 -185.72079468    6.53602076    4.92357922    4.75384712	   6.73916082   85.07525003 -765.39338076    7.13326138  -56.44666040  -14.93189014	  61.57449090   43.36865295 -225.00551848    7.88441238    2.71933329    5.93374548	176.13731730	0	0.00000000	0.00000000	0.00000000	0.25814831 0.02679237 0.05202434	 0.00828540  0.19912055 -0.30789267	 -35.03706256   18.00504187   -2.32370768 -160.70256042  -59.20828341   37.54004556   20.03669008   22.06181822  -57.14607939  -17.52825441   16.94452409    0.00000000	 0.03713767  0.08365563 -0.34796047  0.68927109 -0.40419617 -0.08652417  0.06027929 -0.00440252 -0.23976114  0.64810675 -0.36320055  0.23445357	
0.00401600	0.57203102	0.00261362	 -55.59589005   70.66569519 -790.77697754    4.97137785  -32.29555893  -12.60790920	  60.36311340   -6.83307314 -156.72041321    5.67479753    4.60920143    3.75772905	  -6.94252391   75.00687894 -793.08370141    7.66591744  -58.20190722  -14.70569018	  50.49579278   38.50930913 -199.95020688    6.72394355    2.87338405    4.73111075	176.40193886	0	0.00000000	0.00000000	0.00000000	0.24927003 0.01322741 0.06858214	-0.01997619  0.20163406 -0.26715149	 -37.74227804   17.38998439    1.24264548 -158.77325765  -54.58773579   36.96772259   20.32059632   21.89440934  -58.79761610  -11.26535866   11.88975934    0.00000000	 0.03653175  0.08501320 -0.34608901  0.68568158 -0.40490180 -0.08469873  0.06060916 -0.00398835 -0.23997590  0.64941061 -0.36020163  0.23499046	
0.00398400	0.57714981	0.00278139	 -51.78845978   69.02227783 -817.59381104    6.16851139  -34.63372803  -13.34438896	  56.16099167    1.05366719 -141.44306946    5.45880318    4.32346249    3.33686256	  -6.85139004   72.70944333 -826.72702680    8.95244806  -61.01043630  -15.37990427	  44.66409556   38.56557425 -173.33996440    5.64281502    3.02847046    4.01983408	176.91749891	0	0.00000000	0.00000000	0.00000000	 0.23748074 -0.00894851  0.07657638	-0.02751761  0.28930930 -0.10197802	 -38.76632139   19.77451672    7.30952899 -156.34335549  -48.94316919   36.66484812   23.26396215   22.93861263  -61.21511655   -1.91787431    9.18102179    0.00000000	 0.03600252  0.08597194 -0.34451666  0.68275172 -0.40569180 -0.08293466  0.06098615 -0.00373524 -0.24022134  0.65046906 -0.35780862  0.23519756	
0.00399600	0.58246171	0.00292068	 -42.55598831   74.28860474 -864.79760742    7.70817184  -38.40451431  -15.15796089	  33.63903046    0.76677573 -119.08580780    4.92190695    5.27958822    2.55091238	   1.03710706   79.74041672 -864.79463191   10.49412178  -64.63617546  -16.99402679	  31.22878789   34.23812079 -152.62010537    4.86683854    3.39835723    3.37284001	177.77140776	0	0.00000000	0.00000000	0.00000000	 0.22468816 -0.02853059  0.08048175	-0.00682976  0.35491733 -0.06740376	 -34.98545137   20.11593445   12.87195771 -153.51442964  -44.33473552   35.74160857   27.94247181   24.85649819  -64.10202939    4.48698262    5.31182223    0.00000000	 0.03524320  0.08713776 -0.34224638  0.67891675 -0.40689600 -0.08032688  0.06163803 -0.00343612 -0.24090396  0.65187269 -0.35469463  0.23525125	
0.00400000	0.58793068	0.00307024	 -56.71231079   84.96707916 -897.31384277    9.79655743  -39.85282135  -16.71669579	  34.94754028   -1.19811153 -102.28470612    4.20295238    4.35586882    2.24070358	  -0.14233667   90.56151650 -898.44153006   12.01293597  -67.70359051  -18.78366042	  26.20025566   29.60023668 -137.41895935    4.32590780    3.42186205    3.02336332	177.74917042	0	0.00000000	0.00000000	0.00000000	 0.21827092 -0.04748334  0.07857248	-0.03334241  0.30787420 -0.05922050	 -34.04833430   22.65327041   17.41348053 -150.19285044  -39.23992109   34.78740860   28.93522271   26.55110161  -64.23861808   11.04157225    2.12972068    0.00000000	 0.03449155  0.08795077 -0.33986104  0.67554200 -0.40801579 -0.07780349  0.06238416 -0.00308330 -0.24200843  0.65316123 -0.35200250  0.23510551	
0.00398000	0.59355474	0.00320981	 -68.92093658   92.04589844 -919.32562256   11.01923943  -39.98246765  -18.08940697	 33.32300949  -2.13628435 -92.98338318   3.83139157   4.89414501   1.76333058	 -12.76106416   98.01238798 -929.63664522   13.49653607  -70.26706819  -20.62457744	  24.61010702   25.04917037 -122.64194671    3.80118242    3.73820373    2.56625296	177.84878744	0	0.00000000	0.00000000	0.00000000	 0.21903985 -0.05398311  0.07958658	-0.05929556  0.32837373 -0.08914674	 -33.61212357   25.47029834   21.50052541 -146.00674438  -36.00140139   34.47717900   28.81964452   26.05788205  -64.27015260   15.97155944   -2.88575304    0.00000000	 0.03387796  0.08845698 -0.33746803  0.67264277 -0.40899754 -0.07550252  0.06322454 -0.00266146 -0.24342737  0.65435004 -0.34973222  0.23491377	
0.00399600	0.59934276	0.00341222	-109.96212769   97.99278259 -954.59051514   12.75439930  -39.12532043  -19.74172974	 25.64994049   4.61177444 -79.22666168   3.72176623   4.83643961   1.49042368	 -40.42557156  103.85253349 -963.26664941   15.04502265  -72.71209132  -22.40642541	  18.50180649   24.66660553 -109.84356399    3.23787857    3.86859248    2.29830521	177.44313158	0	0.00000000	0.00000000	0.00000000	 0.22581720 -0.05943280  0.08022661	-0.02970387  0.30818863 -0.08006870	 -37.35319449   29.27043113   25.18452669 -143.42895846  -30.52487273   33.37646436   27.82222145   25.13501850  -62.89777444   19.79522317   -8.81120042    0.00000000	 0.03326437  0.08880213 -0.33437705  0.66939837 -0.41007900 -0.07289475  0.06437907 -0.00204786 -0.24554425  0.65583801 -0.34724715  0.23461464	
0.00401200	0.60536468	0.00359302	-134.66986084   94.41819000 -976.62554932   13.80917740  -39.01163101  -20.49608421	 30.79099274   9.87131691 -65.25122070   3.75324941   3.13396144   1.97328806	 -64.36800487  104.62117367 -988.70677998   16.48071508  -74.70704835  -23.48207985	 20.37970874  26.85172785 -96.05179987   2.90987185   3.43407893   2.22356821	177.62321364	0	0.00000000	0.00000000	0.00000000	 0.23280968 -0.06374987  0.07806297	-0.01010852  0.33172395 -0.06953205	 -39.67580193   32.66174651   28.30643119 -141.06249585  -26.84031982   32.65581704   26.85703272   22.85054813  -63.39579042   20.42909731  -14.95236216    0.00000000	 0.03268145  0.08890951 -0.33051911  0.66586256 -0.41122949 -0.07002621  0.06591845 -0.00128087 -0.24845114  0.65773249 -0.34467775  0.23417746	
0.00398400	0.61157197	0.00367814	-145.39913940   89.93246460 -986.91125488   14.56624699  -38.89952469  -21.32243538	 29.73199654  12.98276520 -64.38815308   3.72486877   3.73720527   1.74405193	  -82.89448689   102.88286463 -1006.71793618    17.78030079   -76.13404991   -24.46213770	 21.14117095  29.30864934 -87.34587066   2.57842174   3.43243876   2.04013672	177.39395289	0	0.00000000	0.00000000	0.00000000	 0.23891303 -0.06545695  0.07625070	 0.01965577  0.32093556 -0.11440269	 -42.28132448   36.25343767   31.12503860 -137.36509741  -21.56391587   32.51217417   26.13913571   19.92492711  -62.14087116   21.25375763  -18.65755437    0.00000000	 0.03224427  0.08885582 -0.32678387  0.66277158 -0.41216522 -0.06758718  0.06747355 -0.00054456 -0.25129667  0.65968060 -0.34264523  0.23368658	
0.00398400	0.61787391	0.00369394	 -167.39836121    77.43395996 -1013.90991211    15.13620567   -38.95158005   -22.72677803	 30.05362892  16.78945732 -53.48063660   3.56344819   2.46304417   2.00344658	 -100.90720909    93.91631476 -1029.58957907    19.31686622   -77.94148805   -25.59926596	 20.88094953  31.39044875 -79.61119992   2.27443408   3.00049580   2.09626959	177.87336806	0	0.00000000	0.00000000	0.00000000	 0.24451767 -0.06440276  0.07746191	-0.01246940  0.24300194 -0.18080846	 -43.09946506   39.75074404   33.11699670 -133.46941791  -16.17003128   31.43691149   22.40709301   17.80404190  -60.41653886   21.28499432  -20.36691685    0.00000000	 0.03188378  0.08874844 -0.32340911  0.66010249 -0.41287851 -0.06552397  0.06898936  0.00006136 -0.25373572  0.66158277 -0.34109589  0.23317270	
0.00400400	0.62420446	0.00356902	 -180.38316345    68.73651886 -1011.22857666    15.84382057   -38.47769928   -23.30200577	 28.00201225  17.67849350 -42.75448227   3.25710344   2.00340629   1.78520942	 -114.05760172    87.08587864 -1038.59657001    20.55017028   -78.69581811   -26.32083156	 22.22235623  30.27747546 -68.91289100   2.06548850   2.53372375   1.86327431	176.70414229	0	0.00000000	0.00000000	0.00000000	 0.24446584 -0.06713530  0.08407305	 0.00359298  0.34113946 -0.19692756	 -46.64257227   42.50392658   35.26889887 -129.67305672   -9.16183133   30.37012716   19.43520022   17.15399897  -58.46184838   20.65176351  -19.19105199    0.00000000	 0.03146194  0.08868708 -0.31952047  0.65708822 -0.41356879 -0.06327669  0.07085861  0.00066728 -0.25680366  0.66385305 -0.33962327  0.23250543	
0.00399200	0.63038957	0.00344796	 -188.30921936    62.47897339 -1013.26635742    16.19198608   -38.32162857   -24.35496902	 23.48059273  12.57543087 -46.84465790   2.97329164   2.57345724   1.59633815	 -128.05249563    79.54056395 -1042.76028429    21.56695322   -79.24267203   -27.26479026	 18.32567075  27.31901284 -68.27704809   1.87230149   2.48434995   1.74701006	177.72222530	0	0.00000000	0.00000000	0.00000000	 0.24691454 -0.06865980  0.07709312	-0.02998390  0.24824506 -0.22965611	 -47.07045586   43.42971838   37.35526156 -124.55681108   -2.03921402   29.29051940   16.38511086   17.35141046  -57.15384065   20.71273954  -16.06989329    0.00000000	 0.03104009  0.08873310 -0.31567785  0.65408927 -0.41405201 -0.06120582  0.07285352  0.00115049 -0.25984862  0.66661423 -0.33845747  0.23176144	
0.00400800	0.63644898	0.00331678	 -207.62886047    46.06196213 -1022.73449707    16.37803650   -36.86346054   -24.65282249	 31.67371941  14.32211304 -31.98044205   2.52766848   0.32485050   1.65498531	 -141.41383472    66.84823953 -1049.43999469    22.69210707   -79.33452720   -27.42365690	 23.58922990  26.54931283 -60.19207339   1.65320006   1.66961056   1.53279410	177.40392076	0	0.00000000	0.00000000	0.00000000	 0.24834681 -0.06820753  0.05886763	-0.02998390  0.24824506 -0.22965611	 -49.46396160   43.30850857   40.35710453 -120.05507957    5.38830356   28.46882372   14.54853737   17.88556749  -55.75234902   21.43887097  -13.78168933    0.00000000	 0.03052621  0.08894019 -0.31147474  0.65068382 -0.41434348 -0.05917330  0.07507619  0.00157233 -0.26320803  0.67008871 -0.33751404  0.23085639	
0.00398400	0.64234924	0.00310763	 -216.88082886    43.58389664 -1009.05523682    16.79498100   -35.44350052   -24.72213936	 19.96504593  12.01154995 -31.76246643   2.06414270   1.36142504   1.13592505	 -153.09915379    61.02129382 -1046.13055784    23.28813926   -78.70624720   -27.51656261	 20.77034622  24.02113243 -55.04280679   1.36454791   1.44927867   1.21876536	178.48134838	0	0.00000000	0.00000000	0.00000000	 0.24956049 -0.06782679  0.04084907	-0.02998390  0.24824506 -0.22965611	 -48.48352938   43.46743575   41.47937368 -116.75174112    8.63118887   28.36169814   13.52886115   18.15375370  -56.03894826   21.69407841   -9.87789747    0.00000000	 0.02996631  0.08918563 -0.30792356  0.64761585 -0.41434348 -0.05753194  0.07725175  0.00190214 -0.26613027  0.67351711 -0.33684677  0.22999737	
0.00400000	0.64802599	0.00298811	-221.03210449   44.83609772 -999.43103027   17.41366768  -34.10163116  -25.75408745	 19.24794388  11.05103207 -24.21965981   1.82801354   0.87463063   0.98749942	 -164.87130234    60.15862225 -1036.89763114    23.53901609   -77.53823306   -28.15612450	 15.62642239  20.75957697 -49.83661014   1.07100406   1.31466226   1.03902733	178.06012287	0	0.00000000	0.00000000	0.00000000	 0.25623203 -0.07005588  0.03758999	 0.05524834  0.27462788 -0.28293079	 -47.99389747   43.36052130   43.04358666 -112.21900787   12.01574697   26.98079944   12.52340331   18.42691755  -55.89354788   21.22026938   -6.47184217    0.00000000	 0.02932971  0.08947708 -0.30462551  0.64460158 -0.41402900 -0.05609766  0.07947443  0.00222427 -0.26898348  0.67722934 -0.33636355  0.22909999	
0.00399200	0.65356541	0.00290338	-220.27595520   44.09234238 -985.90270996   17.82152748  -32.56007385  -26.53340530	 19.47998810  10.10118771 -17.22285080   1.57002139   0.05462513   0.88217509	 -169.83619554    60.18298653 -1026.50172194    23.74801353   -75.92633043   -28.96997441	 16.23100292  18.29449008 -42.75840968   0.89154865   0.87407688   0.75299494	179.33355971	0	0.00000000	0.00000000	0.00000000	 0.27020377 -0.07633787  0.03499438	 0.03829657  0.17765685 -0.29083021	 -49.48632158   43.13434870   44.25313627 -108.36526873   10.95464609   27.80427522   10.99754724   18.39251894  -54.92233927   20.08010599   -3.18959457    0.00000000	 0.02871612  0.08979922 -0.30159590  0.64121151 -0.41347677 -0.05492417  0.08173637  0.00263078 -0.27181366  0.68119472 -0.33603376  0.22817193	
0.00398400	0.65900624	0.00291970	-210.75209045   42.01714325 -968.60455322   17.94146538  -31.67393875  -26.46054077	 13.98905659   8.67974758 -17.14561081   1.25144982   0.59666079   0.64592087	 -165.81309179    59.92309161 -1010.67259731    23.79963929   -73.86220028   -29.31252414	 13.54686650  15.84072111 -39.64527408   0.67052818   0.73368009   0.63535909	179.94839939	0	0.00000000	0.00000000	0.00000000	 0.28226117 -0.08205982  0.03540145	 0.02352743  0.10431663 -0.29850626	 -49.78161351   43.53788803   46.78741232 -104.43842303   11.26012444   28.36290356   10.50235419   17.81785866  -53.63799942   19.37708924   -0.92990501    0.00000000	 0.02811786  0.09008300 -0.29918754  0.63812053 -0.41281715 -0.05414184  0.08374699  0.00307563 -0.27428338  0.68482256 -0.33584967  0.22735125	
0.00400000	0.66447407	0.00294517	-191.63513184   41.85556030 -951.60235596   17.83100128  -31.53120804  -26.67753410	 15.05049706   8.23473358 -11.44731426   1.01323736   0.00064574   0.64008272	-151.02055766   62.22587628 -990.80302075   23.44711936  -71.64148181  -29.55383412	 12.35122398  13.18924211 -35.11355411   0.47409091   0.47499089   0.53642390	180.21483868	0	0.00000000	0.00000000	0.00000000	 0.29329507 -0.08766612  0.03528323	 0.06275874  0.09096778 -0.29183579	 -48.93929291   44.11361026   48.33116925 -100.98611267    8.18798285   30.10805545    9.69188363   16.31087197  -51.90297444   18.27295571    1.05244013    0.00000000	 0.02732019  0.09045116 -0.29628834  0.63402480 -0.41164365 -0.05346689  0.08634666  0.00381194 -0.27748939  0.68973899 -0.33571163  0.22632349	
0.00400000	0.66997027	0.00302942	-165.02191162   43.57074738 -931.96563721   17.89855766  -30.96792412  -26.91624069	12.91510010 10.20365906 -5.05313349  0.90821248 -0.15546998  0.44429225	-130.96433259   64.66091781 -971.25838762   23.04107277  -69.13708766  -29.70751045	 11.02701664  12.68898783 -29.33424032   0.30659904   0.17116472   0.34851752	179.92508859	0	0.00000000	0.00000000	0.00000000	 0.30436290 -0.09308134  0.03302203	 0.07973059  0.10490766 -0.28344420	-48.10702311  44.98779603  51.40654330 -96.72529905   6.92656497  31.82473209   9.04015538  14.06220783 -50.18101322  17.25533383   1.82399815   0.00000000	 0.02659155  0.09074262 -0.29371890  0.63036627 -0.41033977 -0.05306805  0.08867143  0.00462495 -0.28033492  0.69430256 -0.33562726  0.22541843	
0.00398800	0.67555338	0.00313671	-148.56961060   45.72823334 -917.38171387   17.81831741  -30.22574997  -26.72694588	 5.51536751  7.52183342 -4.84655190  0.56215751  0.19152190  0.44074214	-116.09114574   67.97459074 -954.10025088   22.62645221  -66.99188362  -29.80961906	  6.07282124  10.85019418 -27.75750817   0.10462187   0.10606754   0.29097613	179.73069280	0	0.00000000	0.00000000	0.00000000	 0.31294123 -0.09612150  0.03149168	 0.07003340  0.05796396 -0.28599883	-47.48934566  45.70598643  52.91266990 -93.32305687   3.82725130  33.74599998   7.89093399  11.87944664 -48.14295337  15.79217431   2.20110080   0.00000000	 0.02587825  0.09106475 -0.29099610  0.62681508 -0.40880579 -0.05280728  0.09100407  0.00556835 -0.28325716  0.69898123 -0.33557355  0.22453639	
0.00399600	0.68126017	0.00327910	-141.56698608   45.70932770 -903.21667480   17.75419998  -28.94568634  -26.40483665	 4.17223501  7.02920485  2.35152602  0.41901523 -0.34215876  0.23410340	-105.39056536   70.40729690 -937.60554306   22.06570593  -64.53283324  -29.59484709	  3.95470633   8.15002735 -22.32637507   0.00316349  -0.22761361   0.13435914	178.91972061	0	0.00000000	0.00000000	0.00000000	 0.31942411 -0.09896170  0.03096367	 0.07299533  0.07195715 -0.29017567	-48.44947545  46.23934140  54.86032339 -89.55077410   2.29459002  35.47524503   6.96531718   9.49009362 -45.48365930  15.05332544   2.84003044   0.00000000	 0.02529534  0.09137922 -0.28838065  0.62386984 -0.40730250 -0.05270757  0.09305395  0.00649641 -0.28593397  0.70314598 -0.33553523  0.22378474	
0.00399200	0.68712306	0.00341543	-143.36598206   47.86824799 -883.36578369   17.45086288  -26.14205360  -25.45722580	 1.16513383  8.69172764 -4.00109529  0.34009209  0.20706153  0.45769721	-103.73634672   71.76521161 -919.25296313   21.29231544  -61.73400653  -28.94577053	  0.75819900   8.44676885 -23.54951840  -0.14863223  -0.29427570   0.18425264	178.65432906	0	0.00000000	0.00000000	0.00000000	 0.32632115 -0.10224427  0.02880070	 0.06913951  0.06906890 -0.27856403	-48.98878910  47.20680796  55.64992148 -86.70087368  -0.07153322  37.62310233   5.85391311   6.74076840 -43.56546996  14.18642822   3.33890864   0.00000000	 0.02458204  0.09185475 -0.28459939  0.62034172 -0.40520862 -0.05265388  0.09566148  0.00776194 -0.28960785  0.70858395 -0.33551222  0.22284901	
0.00400000	0.69314188	0.00354625	-138.66139221   47.57008362 -864.67797852   17.11477470  -23.67581558  -24.29932976	 5.57023144  7.12394619 -3.53741479  0.32172084 -0.46218491  0.48383787	-104.56098879   72.06089476 -902.81602325   20.53566174  -58.94219613  -28.00953276	  1.40844477   9.11289221 -24.79385451  -0.16910978  -0.44609292   0.16380054	177.95955126	0	0.00000000	0.00000000	0.00000000	 0.33335421 -0.10383597  0.02440045	 0.06500222  0.04466810 -0.28041930	-49.83067874  47.23815456  55.89110098 -83.17662516  -0.94617394  39.76781436   4.62403856   4.18612038 -42.22466660  12.66763361   3.79533479   0.00000000	 0.02397612  0.09235329 -0.28105590  0.61746550 -0.40323743 -0.05263087  0.09795484  0.00891243 -0.29311299  0.71343130 -0.33548918  0.22205901	
0.00399600	0.69930387	0.00360817	-137.17872620   49.94761276 -851.94305420   16.96852303  -21.75907898  -23.56874084	 7.74601030  5.19865179 -6.76821709  0.23207846 -0.60587633  0.59514701	-106.82233743   74.49235444 -884.64988738   19.66017197  -55.98147534  -27.14764635	  4.57944362   8.75813279 -27.44711107  -0.10066181  -0.67120974   0.28206919	177.18676534	0	0.00000000	0.00000000	0.00000000	 0.34257771 -0.10843381  0.02022633	 0.06218964  0.03912275 -0.26656372	-50.59127254  47.18555743  54.97040170 -80.09104124  -1.90502531  42.05664282   3.04173745   2.15705971 -41.36703511  10.32872068   3.68595836   0.00000000	 0.02334718  0.09294388 -0.27683747  0.61475801 -0.40120491 -0.05255417  0.10019322  0.01003990 -0.29680988  0.71828634 -0.33545852  0.22130737	
0.00399600	0.70553464	0.00368923	-141.79859924   54.27823257 -832.42028809   17.05937767  -18.38912582  -22.51922035	 2.10139298  4.08615017 -3.69232750  0.01373204  0.05641535  0.18816847	-113.14235741   77.71500153 -865.44749490   18.87952611  -52.75522495  -26.18678526	  3.13989348   6.80956566 -26.91060573  -0.17910127  -0.42167032   0.15370031	176.28560582	0	0.00000000	0.00000000	0.00000000	 0.35397091 -0.11528030  0.01630860	 0.05146993  0.01596881 -0.25765065	-50.29107079  46.03095788  53.37982927 -75.57837924  -1.00142579  43.86840975   1.79087465   0.20641033 -41.92591252   5.95583103   4.19908340   0.00000000	 0.02266456  0.09365718 -0.27222016  0.61218095 -0.39911872 -0.05237776  0.10236092  0.01111369 -0.30066785  0.72321808 -0.33539715  0.22059406	
0.00398400	0.71184886	0.00370753	-147.91563416   57.09893036 -817.04888916   17.10773277  -15.39090919  -21.35915565	 6.19185972  6.17768431  0.47481331  0.28544345 -0.42300048  0.20574704	-121.15132495   79.69492606 -852.24118959   18.34284047  -49.98167945  -25.45507001	  3.68054887   6.17744424 -23.97169380  -0.20387739  -0.35067611   0.08852294	175.45807595	0	0.00000000	0.00000000	0.00000000	 0.36628059 -0.12211538  0.01133071	 0.05146993  0.01596881 -0.25765065	-49.86576646  44.43923686  51.42847065 -71.71126136  -0.58407145  45.67137838   0.55417357  -1.34151313 -42.61699775   1.31696517   4.25770856   0.00000000	 0.02202029  0.09437048 -0.26797873  0.60996431 -0.39732394 -0.05211699  0.10420661  0.01199573 -0.30408862  0.72748256 -0.33532813  0.22002649	
0.00399200	0.71818787	0.00373862	-148.58882141   62.46457291 -804.63159180   17.22426987  -13.09146881  -20.30706024	 6.09728336  8.64301682  3.66294026  0.27692184 -0.24180980  0.21585023	-129.07910000   84.05254690 -836.91494732   17.68679997  -47.17366363  -24.62265146	  5.31457873   7.57974314 -19.69703634  -0.27902152  -0.23007190   0.06110681	175.02637644	0	0.00000000	0.00000000	0.00000000	 0.37905851 -0.12747483  0.00367614	 0.02189253 -0.04300054 -0.24238084	-49.00626292  43.00902127  49.71288215 -66.49578546   1.87723086  47.05446112  -0.86299643  -2.20920202 -44.03257955  -3.72126515   5.00447446   0.00000000	 0.02121495  0.09526019 -0.26307765  0.60744095 -0.39529911 -0.05166446  0.10625649  0.01292379 -0.30796191  0.73223794 -0.33525142  0.21942057	
0.00400000	0.72456592	0.00377457	-149.68624878   62.45749283 -794.38366699   17.27805328  -10.89757252  -19.10318375	 9.69517231  6.92368555 -2.10237360  0.32456499 -0.22429958  0.00255876	-134.14026966   86.35401578 -824.08420488   17.19751764  -44.72102102  -23.42910238	  5.97765051   8.73109845 -21.90783795  -0.27429448  -0.10740244  -0.00543882	174.51301511	0	0.00000000	0.00000000	0.00000000	 0.38851120 -0.12602811 -0.00696787	 0.04648137 -0.09642071 -0.31411539	-47.84414636  41.39535685  48.36297829 -62.48201588   4.05266454  48.25319903  -1.88672701  -2.35007036 -45.14186828  -8.63723387   4.76625019   0.00000000	 0.02034058  0.09608854 -0.25817659  0.60487151 -0.39331260 -0.05107388  0.10824355  0.01376747 -0.31144404  0.73686284 -0.33515173  0.21884532	
0.00400000	0.73098391	0.00374041	-145.45034790   68.19155884 -789.59802246   17.73034859   -9.49145126  -17.73746872	22.47148514  7.70928907 -7.69209766  0.25217786 -1.64843273  0.41607305	-135.63548854   91.98280908 -815.80950564   16.86499207  -42.59240293  -22.30202303	 13.23482018  10.12544990 -27.32580183  -0.16443726  -0.40795541   0.09232866	174.55506137	0	0.00000000	0.00000000	0.00000000	 0.39634534 -0.12306613 -0.02114991	 0.05450630 -0.10944126 -0.33189225	-49.05321641  40.21470428  46.74451908 -58.88166111   7.16377487  49.66010941  -3.77715450  -2.07511294 -46.37785574 -13.66985752   4.72910774   0.00000000	 0.01923612  0.09702426 -0.25273862  0.60191858 -0.39108831 -0.05023786  0.11038769  0.01462650 -0.31538638  0.74161822 -0.33502135  0.21824707	
0.00400000	0.73736387	0.00373334	-152.13484192   74.50942230 -789.99365234   18.24552917   -6.56966257  -16.67913437	 23.77040482   2.35590458 -10.23605061   0.14898148  -1.70870757   0.14970505	-142.47268985   99.29438647 -812.84074396   16.54793840  -40.24005446  -21.23403992	 19.36758660   9.06318607 -32.56159123  -0.01515118  -0.70081681   0.06065297	174.63794468	0	0.00000000	0.00000000	0.00000000	 0.40391577 -0.12435938 -0.03393655	 0.07163754 -0.14436661 -0.37623866	-47.76098816  38.40939386  45.62882875 -55.66108196   9.30983935  50.42206652  -4.95108705  -1.15439325 -47.19968704 -18.57054772   4.14254940   0.00000000	 0.01807796  0.09771456 -0.24794494  0.59927249 -0.38923222 -0.04933281  0.11220981  0.01529379 -0.31872278  0.74597472 -0.33485261  0.21777153	
0.00397600	0.74372274	0.00369009	-149.81913757   78.00212097 -785.40496826   18.86390305   -5.39074612  -16.09427452	 23.42359161   2.33604097 -15.20021057  -0.02290131  -1.40699971   0.23558734	-145.27721084  104.33826396 -808.63732036   16.49118697  -38.42299908  -20.43718157	 20.18030942   7.98474553 -38.64739371  -0.04653438  -0.62073972   0.27774784	175.12213804	0	0.00000000	0.00000000	0.00000000	 0.41270700 -0.13054941 -0.04545238	 0.05089242 -0.16650516 -0.34930061	-47.22040875  37.59863032  43.56794832 -52.79797696  12.71211228  50.90341950  -6.66662422   0.12797370 -48.44120593 -23.51096461   3.37583492   0.00000000	 0.01689680  0.09818242 -0.24378784  0.59697151 -0.38765988 -0.04842009  0.11370207  0.01583835 -0.32153764  0.74977899 -0.33464551  0.21738037	
0.00399600	0.75004458	0.00369339	-147.19155884   78.96376801 -789.08532715   19.14132500   -3.53521252  -15.75274086	16.27258873 -1.17716098 -7.22591305 -0.22633842 -0.95018381  0.07599258	-145.34067373  108.70977561 -806.98666768   16.46128879  -36.67303167  -20.09629413	 18.30163193   5.82840782 -34.46116427  -0.06082116  -0.50221370  -0.00117703	175.24742467	0	0.00000000	0.00000000	0.00000000	 0.42229484 -0.14426217 -0.05163524	 0.03497894 -0.18465542 -0.32706575	-43.56861417  36.52949939  41.49681593 -51.13040758  14.26078479  50.65560127  -7.40557562   1.17926119 -49.50563967 -27.88513545   2.53230749   0.00000000	 0.01541650  0.09858892 -0.23913988  0.59437144 -0.38588047 -0.04720825  0.11520218  0.01657466 -0.32463628  0.75408179 -0.33438474  0.21706590	
0.00400000	0.75637233	0.00366251	-143.59916687   72.41770935 -789.28332520   18.89953232   -2.24785399  -15.49834633	 7.28143263 -2.43191099 -6.01894236 -0.23849323 -0.45506465 -0.52826488	-144.61481091  107.64428188 -807.71772493   16.39633257  -34.94303381  -19.70609854	 10.98241881   2.01852437 -30.98163162  -0.09392169  -0.40375556  -0.12090805	175.67378991	0	0.00000000	0.00000000	0.00000000	 0.42933641 -0.15046822 -0.05954808	 0.02907179 -0.21197348 -0.28615214	-40.72755926  37.51738003  39.92099692 -50.22023706  16.27371499  50.09865503  -8.25350512   1.32638841 -50.13433391 -31.81779292   1.43719292   0.00000000	 0.01364476  0.09884970 -0.23415445  0.59154123 -0.38391697 -0.04562825  0.11683580  0.01753340 -0.32796502  0.75870675 -0.33407792  0.21675912	
0.00400000	0.76266575	0.00368104	-132.81904602   61.20832443 -793.10382080   17.70176697   -0.99213010  -14.93771744	13.28194046  2.53791881 -2.71305490  0.06940495 -0.74445236  0.60581839	-139.86714292  102.19934349 -809.99299464   15.98957135  -33.37489741  -19.03379688	 11.08812933   2.42901508 -27.15401932  -0.05119519  -0.29241031   0.15989364	175.31609906	0	0.00000000	0.00000000	0.00000000	 0.43314580 -0.15121374 -0.07099261	 0.08836591 -0.20309185 -0.32024707	-36.68945918  38.36704420  37.90109607 -50.52594430  16.08787271  48.63365028  -8.10381412   1.53208137 -50.28775410 -35.18308970   0.63693765   0.00000000	 0.01214145  0.09891873 -0.22994368  0.58913285 -0.38219124 -0.04403291  0.11814742  0.01845378 -0.33084124  0.76250333 -0.33381715  0.21658270	
0.00399200	0.76897532	0.00361143	-126.82601166   61.11673355 -799.44226074   17.57102203   -0.04002268  -14.49498081	18.66543961  6.01900482 -8.74689960  0.35321784 -1.08593440  0.08619002	-134.58057523  100.18756404 -815.60438077   15.67252226  -32.07639439  -18.42288793	 14.10291377   7.70462444 -28.75023647  -0.07182787  -0.48273587   0.07232806	175.99430780	0	0.00000000	0.00000000	0.00000000	 0.43236342 -0.14417289 -0.08216893	 0.12100934 -0.23154863 -0.34175612	-35.95230050  39.62943426  35.53597950 -50.12247497  17.67488405  47.43377552  -8.95538885   1.84337984 -50.04276961 -38.52551861  -0.18633241   0.00000000	 0.01050777  0.09884203 -0.22584027  0.58687794 -0.38058054 -0.04221514  0.11930981  0.01951990 -0.33372512  0.76592410 -0.33354872  0.21645232	
0.00400400	0.77521420	0.00361036	-120.49333954   60.79196548 -806.13751221   17.80417252    0.59528977  -13.88842297	 18.01938629   3.59077191 -14.08629513   0.16778664  -1.14534593   0.63616246	-128.56439854  101.71799896 -820.43843496   15.46167242  -30.91968994  -17.80363779	 14.78526134   9.21931119 -34.49397505  -0.01102303  -0.70077303   0.31986751	175.21279257	0	0.00000000	0.00000000	0.00000000	 0.43357912 -0.13917755 -0.09489057	 0.17189958 -0.26179979 -0.39630112	-34.09312085  40.37866332  33.54668966 -50.93483353  18.50687470  44.40070885  -8.58829691   2.61313233 -48.82683942 -39.95460390  -1.00800468   0.00000000	 0.00885107  0.09864262 -0.22175221  0.58482236 -0.37888551 -0.04021330  0.12034654  0.02064738 -0.33667037  0.76902276 -0.33328792  0.21634494	
0.00399200	0.78144521	0.00354216	-105.06577301   62.45465851 -813.33007812   17.64664459    1.18092608  -13.51799011	 21.81797791   0.35639462 -12.68776035  -0.09563777  -1.40260494   0.28240389	-118.20800060  106.41344929 -825.66717307   15.09409058  -29.72665243  -17.51393715	 17.54930113   8.06572585 -37.23837620  -0.00914375  -0.78148683   0.19312157	174.78327745	0	0.00000000	0.00000000	0.00000000	 0.43635566 -0.13860395 -0.10416036	 0.14914162 -0.26875986 -0.39124138	-34.64539168  41.10834395  29.72906994 -51.40094768  19.59189632  42.04437257  -9.29953204   3.43774961 -48.01149819 -42.33814082  -1.94288924   0.00000000	 0.00720204  0.09841251 -0.21761046  0.58299696 -0.37720579 -0.03805805  0.12123404  0.02183621 -0.33970764  0.77177626 -0.33305016  0.21626824	
0.00398400	0.78759599	0.00353455	 -96.45887756   60.79538345 -824.17230225   17.41551208    1.97120309  -12.91226196	 17.51433945  -1.23487043 -11.17538071  -0.12167782  -0.77719754   0.14995207	-112.10384201  108.80716665 -835.29605970   14.81519195  -28.64474341  -16.93881408	 16.71429882   5.11054304 -36.35086311  -0.00911732  -0.68528339   0.13185638	173.36859027	0	0.00000000	0.00000000	0.00000000	 0.44029622 -0.14602379 -0.10894325	 0.14914162 -0.26875986 -0.39124138	-33.31268270  41.48118328  26.31265920 -52.26685033  19.81735732  38.49923724  -8.80702233   4.16715604 -47.22967794 -43.52526354  -2.54452413   0.00000000	 0.00557602  0.09822844 -0.21336134  0.58143228 -0.37551075 -0.03580311  0.12196445  0.02310942 -0.34278327  0.77417696 -0.33285075  0.21622221	
0.00400000	0.79374719	0.00348492	 -87.81124878   57.64776611 -830.61230469   17.00764275    2.57346940  -12.35291004	18.26085091  1.62405062 -5.61231327 -0.01807054 -0.99299622  0.26363555	-105.45186500  110.16065370 -842.06434207   14.45937971  -27.66756909  -16.43140828	 15.76781357   5.16324706 -33.36577165  -0.05130918  -0.51493735   0.15349416	172.09335356	0	0.00000000	0.00000000	0.00000000	 0.44392215 -0.15532295 -0.11161612	 0.09035120 -0.24211035 -0.32086620	-33.49214236  41.17470770  22.86044326 -52.34134900  20.65121378  35.35936827  -9.01231555   3.95278658 -46.31532087 -44.88333925  -3.54500873   0.00000000	 0.00395000  0.09815174 -0.20899718  0.58012074 -0.37380037 -0.03360184  0.12256921  0.02448233 -0.34581289  0.77615577 -0.33268201  0.21619153	
0.00400400	0.79984546	0.00350596	 -91.95423126   55.19260025 -835.58135986   16.59717369    4.13129568  -12.44470024	17.11019325  5.41690540 -5.71383524  0.23155183 -0.99520892  0.13708058	-105.88592907  110.48988566 -847.95482875   14.03114287  -26.57210572  -16.22007379	 15.71673399   6.93186936 -29.66065255  -0.05853883  -0.50289457   0.10986469	170.63419567	0	0.00000000	0.00000000	0.00000000	 0.44449368 -0.16168247 -0.11323031	 0.10362202 -0.25056330 -0.33390172	-30.18172331  40.81300479  18.68671925 -53.20168260  19.90056359  31.92093727  -7.49757788   2.96643158 -46.73520608 -46.63407390  -4.12946822   0.00000000	 0.00236233  0.09815941 -0.20464833  0.57911599 -0.37208998 -0.03127019  0.12304831  0.02594728 -0.34877348  0.77767444 -0.33255163  0.21618387	
0.00398400	0.80595601	0.00350688	 -92.66260529   50.30467987 -845.53906250   15.73068142    5.74223566  -11.83364773	17.13422394  7.59847641 -8.18582058  0.24120542 -0.87592942  0.26541498	-109.77614411  108.97990551 -855.59069712   13.52495610  -25.45165731  -15.71121246	 14.23483897   9.02939370 -30.88582377  -0.09154972  -0.45961536   0.12505560	169.91502487	0	0.00000000	0.00000000	0.00000000	 0.44370710 -0.15835813 -0.12205809	 0.11607929 -0.24702411 -0.36185837	-30.92951383  40.07262449  15.31053912 -54.56153811  20.13734413  29.03883605  -7.34244477   2.77886638 -45.60051511 -47.74526988  -5.27127039   0.00000000	 0.00082068  0.09822844 -0.20038387  0.57824159 -0.37035656 -0.02907660  0.12343315  0.02745058 -0.35160366  0.77872521 -0.33246726  0.21616852	
0.00399200	0.81207198	0.00354832	 -97.08554840   48.03312683 -850.73638916   15.47578144    6.94657516  -11.98567390	20.34309196  4.53762579 -5.71741629  0.10587752 -1.33698118  0.21349688	-116.07093871  108.56659261 -862.63893349   13.05619121  -24.45755017  -15.62018448	 17.14546825   9.41218393 -29.70255313  -0.15859247  -0.51452127   0.06553729	167.98587431	0	0.00000000	0.00000000	0.00000000	 0.44270390 -0.15729052 -0.13127950	 0.13637370 -0.27430986 -0.41167043	-30.55426704  39.17532966  11.20668542 -55.88433478  19.70708942  26.39133301  -6.79720978   2.29649393 -45.34692951 -48.81933280  -5.86868056   0.00000000	-0.00065194  0.09825912 -0.19650289  0.57753599 -0.36863852 -0.02702874  0.12373946  0.02896155 -0.35433415  0.77931577 -0.33243659  0.21614552	
0.00400000	0.81823850	0.00357433	 -95.25782776   45.95302200 -859.58282471   14.91876221    8.65240479  -11.07601547	 18.74629211   4.37428427 -10.52922440   0.15625809  -0.98197001   0.18208259	-119.77391621  108.34078150 -869.25545886   12.55237848  -23.27670094  -14.86312161	 17.54889172   9.19811556 -32.27802234  -0.11304195  -0.53192983   0.07335520	167.16384394	0	0.00000000	0.00000000	0.00000000	 0.44323207 -0.15942309 -0.13949026	 0.10531022 -0.29966413 -0.41542850	-32.61085543  39.43560479   7.19846471 -58.34994554  19.31659757  24.16871417  -7.31344801   2.63303057 -44.69526725 -49.83133371  -6.48011480   0.00000000	-0.00208621  0.09825912 -0.19254524  0.57697606 -0.36695880 -0.02513427  0.12399078  0.03047252 -0.35693425  0.77947682 -0.33243659  0.21613018	
0.00398800	0.82442725	0.00366230	 -89.18257141   41.30217361 -865.31475830   14.27012253    9.48120213  -10.50569916	18.16558266  3.67276692 -9.68402481  0.11024731 -1.08516061  0.22226538	-119.58811797  109.00097112 -873.23190592   12.10732875  -22.12866368  -14.20731236	 16.04510039   8.75328955 -33.23631371  -0.09499480  -0.54936123   0.11397432	165.93172257	0	0.00000000	0.00000000	0.00000000	 0.44747320 -0.16887842 -0.14345674	 0.09148922 -0.28980536 -0.40933256	-32.15611864  38.98993698   3.58093061 -59.94693682  18.99905805  22.16156886  -7.16858951   2.60701603 -44.38927329 -50.60956142  -6.43954423   0.00000000	-0.00350515  0.09823611 -0.18877164  0.57651585 -0.36532512 -0.02344689  0.12418713  0.03199116 -0.35941929  0.77926207 -0.33249792  0.21611483	
0.00399200	0.83071601	0.00376650	 -81.08996582   37.69290543 -871.03833008   13.88686752    9.71745110  -10.48589134	18.19696617  2.99554443 -7.33595467  0.02046837 -1.07908046  0.18110354	-114.90559361  106.89669101 -880.49846434   11.75028210  -21.30445556  -13.87943346	 16.31753407   8.04566116 -31.90218573  -0.13121234  -0.53001007   0.08385040	164.83431405	0	0.00000000	0.00000000	0.00000000	 0.45111549 -0.17816887 -0.14722722	 0.08241684 -0.27426057 -0.39389934	-32.21629314  39.72181432   0.94031117 -61.99610793  19.37830378  20.67146034  -7.70694714   2.74699168 -43.42068141 -51.11885527  -6.44003533   0.00000000	-0.00476301  0.09823611 -0.18563464  0.57620144 -0.36396754 -0.02218136  0.12430494  0.03328738 -0.36149785  0.77876353 -0.33260530  0.21609950	
0.00399200	0.83712059	0.00391981	 -66.15886688   35.83016205 -874.19110107   13.02931404    9.87627506  -10.41890240	16.40028572  4.58822393 -6.85183382  0.14583409 -0.95242834  0.38239637	-107.02826821  105.25919350 -884.46618169   11.12504168  -20.40749598  -13.53862050	 15.07669208   8.55049762 -30.69522816  -0.13960373  -0.47984596   0.11745779	163.09870984	0	0.00000000	0.00000000	0.00000000	 0.45309918 -0.18763940 -0.15057479	 0.09173323 -0.27094634 -0.37518601	-30.84977026  40.00220105  -2.49971863 -63.63124759  19.60928899  19.50211237  -7.38218801   2.61428797 -43.59389488 -51.73379213  -6.44700127   0.00000000	-0.00621262  0.09825912 -0.18219087  0.57595599 -0.36246425 -0.02094650  0.12433635  0.03473699 -0.36379114  0.77782780 -0.33276638  0.21609950	
0.00400800	0.84370440	0.00408385	 -51.47713470   33.71086121 -874.78991699   12.50647354    9.61209106  -10.15855598	16.76643753  5.46371651 -3.62456036  0.22697374 -1.62946260  0.27173403	 -98.15315754  104.12649645 -887.62506951   10.66166243  -19.67323305  -13.25716049	 17.18509491   8.74006330 -26.28961562  -0.15186492  -0.52628511   0.13727106	161.21524411	0	0.00000000	0.00000000	0.00000000	 0.45334344 -0.19389123 -0.15686965	 0.11452630 -0.26991777 -0.36594521	-30.66080837  40.67995562  -4.79681975 -65.91002776  20.31621237  18.65653834  -7.64759886   2.37376749 -43.06262364 -51.79639648  -6.56376028   0.00000000	-0.00780029  0.09830514 -0.17847095  0.57584858 -0.36082289 -0.01984204  0.12428138  0.03634767 -0.36626852  0.77633220 -0.33300415  0.21609183	
0.00399200	0.85046166	0.00428715	 -39.64297104   29.86758804 -882.74066162   12.09632587    9.55360985   -9.68928528	15.44684887  3.92234087 -6.59384632  0.11177574 -0.82592791  0.28235734	 -86.08212333  104.43362947 -893.15604643   10.23584485  -19.03365595  -12.89186282	 15.23600683   8.16335244 -28.03856796  -0.14244308  -0.50078735   0.12808256	159.27718035	0	0.00000000	0.00000000	0.00000000	 0.45215732 -0.19849959 -0.16269988	 0.13744326 -0.28647276 -0.35966849	-29.98347449  40.29928480  -8.03121812 -67.74919360  20.88610313  18.10725686  -7.22276339   2.53198606 -43.25372129 -52.25413499  -6.22180386   0.00000000	-0.00914252  0.09835882 -0.17531863  0.57587159 -0.35938862 -0.01909806  0.12418713  0.03772825 -0.36840841  0.77458346 -0.33321890  0.21609183	
0.00398400	0.85744047	0.00445261	 -29.96592522   30.51008797 -878.13330078   11.77321815    9.99093533   -9.29902172	14.10816765  6.01405287 -7.54652405  0.21727253 -1.00237453  0.34810463	 -77.77305120  104.61920406 -894.52578346    9.87386886  -18.20734998  -12.44276886	 12.21920122   8.74820270 -29.75730567  -0.13659833  -0.48621738   0.14675711	157.75000461	0	0.00000000	0.00000000	0.00000000	 0.45051474 -0.20249367 -0.16723051	 0.14802246 -0.26988711 -0.36497792	-30.02068295  39.59608680 -11.33477352 -70.81901482  20.28440702  17.63678517  -7.43938116   2.92246880 -42.96940490 -53.12933880  -6.29798114   0.00000000	-0.01027767  0.09842019 -0.17268786  0.57596368 -0.35813075 -0.01861485  0.12410074  0.03890175 -0.37027222  0.77271962 -0.33341834  0.21608415	
0.00400400	0.86461425	0.00464670	 -28.28585434   32.41616821 -893.37316895   11.69258595   10.79609871   -9.01927471	15.95856285  5.86595488 -3.89574051  0.25000966 -1.28002560  0.36347914	 -77.23740075  107.57611969 -900.21325591    9.49650404  -17.55090229  -12.15055671	 13.82586923   9.51420424 -27.18064533  -0.13240706  -0.63271440   0.09437188	156.76584493	0	0.00000000	0.00000000	0.00000000	 0.44829247 -0.20602817 -0.17139909	 0.14986563 -0.27345081 -0.37143670	-29.45265347  37.25914814 -14.57877989 -72.27499543  19.70186789  17.86988720  -7.49727972   3.58061461 -42.15108634 -54.87193067  -6.06789765   0.00000000	-0.01166592  0.09849688 -0.16954319  0.57607102 -0.35651240 -0.01818534  0.12402220  0.04034369 -0.37268054  0.76988947 -0.33367142  0.21607649	
0.00399200	0.87199706	0.00475745	 -21.59700012   36.23599243 -899.02142334   11.61788845   11.31762218   -8.77059078	11.09981823  5.78326797 -9.90663052  0.14014417 -0.62627196  0.14230457	 -75.68571549  110.46142978 -905.92099367    9.16866061  -16.86149301  -11.87828777	 11.85112085   9.07271369 -28.96840173  -0.19552778  -0.54434794   0.06234388	156.37339643	0	0.00000000	0.00000000	0.00000000	 0.44580279 -0.20974858 -0.17533831	 0.14986563 -0.27345081 -0.37143670	-29.25481747  35.14659426 -17.82854247 -74.75234354  17.72494046  18.28180088  -8.19474752   4.32785675 -40.27251407 -56.52194104  -6.07764814   0.00000000	-0.01285476  0.09855825 -0.16685106  0.57614005 -0.35508579 -0.01799359  0.12397508  0.04156320 -0.37485114  0.76694423 -0.33387852  0.21606115	
0.00398400	0.87949854	0.00488556	 -15.27470493   35.35356140 -905.19653320   11.52188396   11.29939270   -8.33698463	17.38676643  4.97504759 -7.22593164  0.22080411 -1.23106945  0.49821454	 -70.61571591  114.84176790 -912.89318128    8.87704297  -16.31319838  -11.57577375	 12.67553799   8.89814075 -30.03409485  -0.11401355  -0.56838929   0.16497961	154.92487773	0	0.00000000	0.00000000	0.00000000	 0.44348031 -0.21272746 -0.17845151	 0.16192777 -0.27002429 -0.41299730	-28.58096490  31.97062117 -20.63829280 -75.74356166  17.08753704  18.80565515  -8.69923996   5.57967116 -37.53030006 -57.87526709  -6.15317808   0.00000000	-0.01385184  0.09859660 -0.16455775  0.57620144 -0.35382792 -0.01796291  0.12395937  0.04251427 -0.37676093  0.76406032 -0.33405492  0.21606115	
0.00400400	0.88715351	0.00496809	   3.06736517   39.62089920 -910.55017090   11.53055096   10.52922630   -7.97690773	18.67873001  5.17850304 -7.74070692  0.19732140 -1.40243614  0.49972335	 -58.57279744  119.33705778 -920.94941049    8.57847000  -15.95857307  -11.31445589	 15.73265793   9.58113377 -29.68643358  -0.08899013  -0.74845724   0.21656122	153.24581275	0	0.00000000	0.00000000	0.00000000	 0.44279590 -0.21506712 -0.18088403	 0.17866050 -0.24927573 -0.42561550	-29.06840631  29.22402526 -24.97588252 -77.59716504  15.11542396  19.41175430 -10.24525752   7.40547804 -33.54131486 -59.71870434  -6.35751403   0.00000000	-0.01507903  0.09861194 -0.16162786  0.57630879 -0.35226327 -0.01797825  0.12395151  0.04379514 -0.37913093  0.75993395 -0.33426967  0.21605349	
0.00399200	0.89489353	0.00509157	  17.81472969   39.96736526 -911.69390869   11.61120892    9.62844944   -7.79462957	 14.04457855  -1.38081837 -17.89863968   0.39240023  -1.46552050   0.63715780	 -44.74236943  121.74241199 -925.33272752    8.49143297  -15.86273934  -11.03851623	 13.46510868   6.85079692 -36.68448043   0.37559238  -1.15501166   0.29738919	151.18469938	0	0.00000000	0.00000000	0.00000000	 0.43808486 -0.22085283 -0.17821576	 0.18747260 -0.16337083 -0.37637821	-28.56967162  25.21473036 -29.65045644 -77.49185773  13.58585484  20.03525909 -10.94819580   8.97683794 -29.25287637 -62.32894396  -5.85525132   0.00000000	-0.01596874  0.09861194 -0.15936524  0.57644683 -0.35104376 -0.01800893  0.12393580  0.04477689 -0.38110977  0.75663584 -0.33442309  0.21605349	
0.00400400	0.90277749	0.00517963	  33.00719833   39.29826355 -902.82208252   11.23218250    9.17333603   -7.52282286	 13.42939663 -14.84678745 -50.19962311   2.49604392  -5.12613678   2.25793099	 -33.88222696  123.72643447 -922.99281287    8.20396990  -15.33847937  -10.87987506	 12.93991198   4.14173987 -56.13034808   2.38746773  -3.50510509   0.62542355	149.16922135	0	0.00000000	0.00000000	0.00000000	 0.43014916 -0.22713731 -0.17371550	 0.19461358 -0.14211534 -0.35865980	-26.81427875  22.45614230 -34.21196109 -78.77499150  11.08607809  20.12029909 -10.96822239  10.29516784 -25.13842367 -65.87487940  -6.09621733   0.00000000	-0.01701951  0.09858892 -0.15650436  0.57670760 -0.34949443 -0.01801660  0.12388868  0.04606543 -0.38365617  0.75163507 -0.33463785  0.21605349	
0.00399600	0.91075480	0.00530929	  28.87854004   32.50611496 -803.56781006    9.96339226    9.02146626   -7.31672430	  22.81368256  -79.76735687 -199.42297363   10.15431690  -20.60323143    8.42290401	 -28.03379647  119.33103612 -885.51725554    7.61251265  -14.15631569  -10.57828175	  18.87641346   -8.23152939 -148.61880105   10.73712377  -13.43093241    2.14043086	147.99167417	0	0.00000000	0.00000000	0.00000000	 0.42110486 -0.22974862 -0.17235202	 0.19233323 -0.14870834 -0.35645601	-25.97846307  19.39095840 -39.13513774 -78.18757573   9.58253504  20.25286568 -10.88782405  10.82966553 -21.11409309 -70.64128788  -7.55345258   0.00000000	-0.01784786  0.09854291 -0.15398096  0.57703745 -0.34812918 -0.01801660  0.12382585  0.04724660 -0.38588047  0.74669570 -0.33478355  0.21603046	
0.00399200	0.91887408	0.00541850	  32.97400665   34.76886368 -728.11346436    9.21709061    7.91152143   -6.75660801	  49.77083206  -90.10130310 -307.21002197   19.16087532  -35.94755173   13.64672852	 -23.90514491  108.80988491 -790.29352899    6.67950725  -12.03546898   -9.72046430	  37.10753115   -2.74668402 -281.43773942   24.63266062  -31.66770590    3.56375818	145.88800340	0	0.00000000	0.00000000	0.00000000	 0.41203294 -0.22934802 -0.17068247	 0.23056945 -0.09265912 -0.37294397	-25.06484800  17.26755864 -44.01636851 -79.13340984   6.97172641  20.42297159 -10.90420037  11.22125921 -17.22430397 -76.08824817  -9.86252557   0.00000000	-0.01856116  0.09845854 -0.15153426  0.57740557 -0.34677163 -0.01801660  0.12373160  0.04847378 -0.38809705  0.74125004 -0.33481425  0.21587707	
0.00398800	0.92711246	0.00558371	  45.63065338   31.36008263 -652.79534912    8.33732033    6.14905310   -5.50725698	  56.29377365 -123.25201416 -511.14031982   28.91096497  -51.01877975   18.25771713	 -12.46224522   99.41800632 -711.28812927    6.02002290  -10.64606123   -8.68999799	  51.55928930   24.68841115 -440.73997784   38.14633171  -50.21744584    4.39947101	145.57652013	0	0.00000000	0.00000000	0.00000000	 0.40266893 -0.22899794 -0.16950175	 0.24069663 -0.06929166 -0.37668526	-24.67516088  15.02667921 -48.27848451 -79.15670087   4.55123683  21.13539333 -11.25981236  11.74629796 -12.91805018 -81.58001639 -12.33697571   0.00000000	-0.01919010  0.09834349 -0.14918727  0.57770473 -0.34544474 -0.01800126  0.12358238  0.04974699 -0.39036736  0.73556662 -0.33446142  0.21531717	
0.00400400	0.93554336	0.00570219	  43.41727829   27.66697884 -619.54309082    7.85120153    6.38947105   -5.14901733	  70.08896637 -222.65026855 -641.21075439   31.33047104  -65.17108154   19.56417847	  -8.59822968   92.37668116 -667.84466615    5.65731197   -9.73789288   -7.75310662	  62.16878427    4.38978572 -595.95823659   49.50480168  -65.24917366    3.52633096	145.66509727	0	0.00000000	0.00000000	0.00000000	 0.39797154 -0.23448310 -0.17430549	 0.22538825 -0.08570935 -0.37107704	-22.93808780  13.56909892 -51.97764286 -80.39237648   1.19180612  22.27760528 -11.15665058  12.19721882  -8.94643074 -88.44869066 -17.97447838   0.00000000	-0.01975767  0.09824378 -0.14697067  0.57781208 -0.34417152 -0.01793990  0.12337032  0.05105087 -0.39253792  0.73050451 -0.33366376  0.21417436	
0.00397600	0.94409043	0.00575025	  42.63964462   22.82931519 -593.58337402    7.56757736    5.85927105   -4.82256126	  58.32394409 -244.72834778 -692.23950195   35.12208939  -75.15310669   21.49021721	  -7.80919256   85.18855465 -632.22685455    5.51225444   -9.13779042   -7.17571488	  73.07636254  -22.78556102 -702.77148950   59.51953853  -80.51248688    3.11165804	147.48394645	0	0.00000000	0.00000000	0.00000000	 0.39627170 -0.25252219 -0.16293130	 0.07419415 -0.01786211 -0.21682586	-20.82727472  11.79076641 -55.34215649 -79.89257963  -1.03317532  23.27530522 -10.72389032  12.11341413  -5.41842645 -96.03885561 -24.61660680   0.00000000	-0.02033291  0.09822844 -0.14518358  0.57778144 -0.34318212 -0.01781718  0.12312684  0.05227805 -0.39417163  0.72709143 -0.33252862  0.21277843	
0.00400000	0.95270419	0.00575583	  53.01957703    3.23515081 -538.72595215    5.95539236    4.22060061   -5.54284477	  -3.51756144 -239.97131348 -776.75708008   41.33071899  -78.35538483   24.23847389	   0.40966337   71.43555641 -589.54222588    5.26011861   -8.29994898   -7.34655609	  37.20612942  -25.23362640 -786.40857434   67.56496724  -91.83678879    2.91092566	149.35720089	0	0.00000000	0.00000000	0.00000000	 0.40105922 -0.27674695 -0.14098072	-0.11059425 -0.01140742 -0.05869288	 -14.55793838   10.87858712  -55.52854484  -79.27198857   -3.44080017   23.80699829   -7.32308124   11.76770296   -4.21332496 -102.52836398  -31.69154551    0.00000000	-0.02110757  0.09854291 -0.14316639  0.57758969 -0.34190890 -0.01751039  0.12274200  0.05412650 -0.39589736  0.72397745 -0.33048075  0.21044677	
0.00399600	0.96132195	0.00573804	  61.65444183  -15.78105831 -557.96356201    4.42279625    4.07980251   -5.63815451	  31.88529587 -224.05766296 -732.52709961   41.04181290  -83.43315125   23.67701340	   8.55660544   53.72331065 -575.74929245    5.11815205   -8.05380693   -6.75075623	  27.99906345  -12.69910855 -801.96027557   70.28978492  -97.06781658    2.21317426	148.42738379	0	0.00000000	0.00000000	0.00000000	 0.39569470 -0.27993214 -0.12346404	-0.11090472  0.01937168 -0.10535305	  -8.87261206    7.29887928  -53.83194900  -76.67665480   -4.50158607   24.13171641   -3.08044872    9.87889376   -3.39663864 -108.74078171  -38.89643419    0.00000000	-0.02170582  0.09913349 -0.14155571  0.57735956 -0.34086579 -0.01698116  0.12233359  0.05615902 -0.39711687  0.72202927 -0.32821813  0.20770863	
0.00398800	0.96991551	0.00558618	  72.57752228  -40.03359985 -600.78125000    2.67050481    3.58688569   -3.97297120	  35.76092148 -224.82159424 -702.88183594   35.81585693  -76.40450287   20.20169640	  15.36588156   34.81521145 -595.60031938    5.11543021   -8.44489851   -5.85192309	  39.90496688  -13.33513910 -778.79174708   67.61946808  -95.15390481    0.80591659	149.26394776	0	0.00000000	0.00000000	0.00000000	 0.39263413 -0.27612170 -0.11336327	-0.09124106  0.07369680 -0.18648074	  -7.71874659    2.44324520  -51.96961609  -74.48808712   -6.35842152   24.02829554   -1.96094931    6.54054054    0.40966419 -115.29846055  -46.21058738    0.00000000	-0.02211233  0.09993882 -0.14021349  0.57718319 -0.34004512 -0.01619883  0.12198016  0.05813019 -0.39797589  0.72082508 -0.32590950  0.20477106	
0.00400000	0.97834694	0.00533934	  92.30601501  -42.35042572 -611.51489258    3.19994426    2.38905692   -4.93892097	  65.11148834 -190.42202759 -604.59582520   30.10782814  -71.00507355   19.85498238	  26.20493947   23.43437032 -624.06403067    5.33867357   -9.20195955   -4.98540745	  57.74950117  -17.76651720 -716.15732528   60.11718497  -87.46800040    1.89360545	148.18296718	0	0.00000000	0.00000000	0.00000000	 0.38841304 -0.26713353 -0.11018858	 0.04153055 -0.04882061 -0.16986780	  -7.93822286   -3.40697319  -50.48721420  -71.79344642   -5.43955958   22.99561084   -1.26307444    3.79332476    5.50170437 -122.74674468  -53.78978166    0.00000000	-0.02254951  0.10103562 -0.13853377  0.57712948 -0.33909404 -0.01460349  0.12154034  0.06084533 -0.39886561  0.72011948 -0.32261911  0.20040688	
0.00400000	0.98650402	0.00504243	  95.36212158  -36.51622391 -616.26885986    3.86388826    2.73203492   -4.99574566	  41.63990402 -170.36331177 -543.43682861   28.00586510  -65.17189026   21.79557419	  33.64591494   27.51719043 -639.28807221    5.69033911   -9.18525423   -5.25053961	  56.09904319  -11.09809355 -635.74395741   53.62341786  -80.85344996    3.17040135	145.79943780	0	0.00000000	0.00000000	0.00000000	 0.38245047 -0.26837514 -0.10483405	 0.20586236 -0.06900299 -0.05822536	  -8.08215706   -7.99833427  -48.48179759  -70.96407732   -4.37726000   20.33278294   -0.22152807   -0.02630860    9.00894703 -129.98024101  -61.38477305    0.00000000	-0.02281029  0.10187931 -0.13696145  0.57729822 -0.33835775 -0.01278573  0.12105339  0.06333806 -0.39951754  0.72006577 -0.31950513  0.19610406	
0.00399600	0.99432886	0.00459579	  97.76802063  -24.56284714 -600.82318115    5.05204153    2.35982490   -6.13907146	   1.32097685 -138.54978943 -516.42523193   25.87126350  -57.02851105   20.91450691	  36.12753362   38.24081683 -634.10552358    5.94226438   -8.79747809   -6.57433672	  20.91377616    1.16933374 -583.66411852   48.03132610  -74.50334458    4.75884872	147.73741771	0	0.00000000	0.00000000	0.00000000	 0.39028234 -0.27679364 -0.09003648	-0.02057607 -0.15396835 -0.02149239	  -7.00672374  -10.82939352  -47.34835124  -68.78306249   -2.96166134   17.86397076    2.61807251   -2.28395010   11.39860820 -136.26537587  -66.29464901    0.00000000	-0.02276427  0.10260795 -0.13528940  0.57759732 -0.33771348 -0.01044641  0.12021302  0.06571572 -0.40002376  0.71998906 -0.31639880  0.19141008	
0.00398400	0.00165069	0.00422817	  94.91716003    1.33721268 -587.43304443    7.37689543    1.98345947   -4.75239801	  13.98253727 -147.25698853 -424.69219971   18.38005829  -52.25502396   14.42113590	  36.60820614   55.01771186 -619.58175793    6.38807181   -8.73519011   -6.29667244	  17.95254952  -17.09693163 -521.54746821   41.84763016  -68.19765599    3.21312007	145.30203493	0	0.00000000	0.00000000	0.00000000	 0.39727835 -0.27731153 -0.06989255	 0.08257781  0.15049988 -0.12004419	  -7.06250751  -12.18676149  -48.06848399  -64.80607858   -0.47037624   14.14420114    5.70703707   -3.09515833   11.99946136 -143.02473453  -69.69997512    0.00000000	-0.02246514  0.10310650 -0.13381679  0.57791948 -0.33714589 -0.00818379  0.11916059  0.06768689 -0.40032288  0.71960557 -0.31381404  0.18703824	
0.00400000	0.00857280	0.00378338	  92.47474670    6.28794479 -600.20306396    8.23935413    3.19480038   -2.05541468	 -14.79381371 -109.59854889 -385.90109253   15.09874725  -40.16649628    9.08718109	  30.28550277   68.03899218 -615.61018396    6.97470576   -8.52663751   -5.09724032	   6.39197245  -18.78256756 -471.55111633   35.24897331  -59.39489110    0.19226547	146.19068548	0	0.00000000	0.00000000	0.00000000	 0.39402238 -0.27463430 -0.06871375	 0.09813602 -0.04512072 -0.13453158	  -7.78751885  -13.37221251  -49.78062253  -59.65701359    1.79882779   11.17093878    6.66367798   -4.37308210   14.45418565 -149.28974143  -71.18772781    0.00000000	-0.02189757  0.10351300 -0.13166921  0.57844102 -0.33644027 -0.00517718  0.11747983  0.07005689 -0.40047628  0.71857780 -0.31076911  0.18133950	
0.00399600	0.01499834	0.00339484	  97.57038879   11.87371826 -613.02185059    9.21421528    2.91907835   -1.85106730	 -22.45156479  -32.43958282 -278.94970703   12.64299965  -27.22193718    2.46713448	  30.43628480   81.38774244 -627.83402619    7.62805981   -8.53160107   -4.58652371	 -17.14803428   17.50080770 -363.47506987   25.04528894  -43.74465155   -4.24573359	143.89690120	0	0.00000000	0.00000000	0.00000000	 0.39175292 -0.28478446 -0.06414572	 0.15935187 -0.00537529 -0.12576617	  -7.10173966  -13.14778592  -51.73756536  -54.40171685    4.81861060    7.02327266    9.09106858   -2.49579614   13.99095180 -156.26649082  -72.56905103    0.00000000	-0.02141437  0.10358970 -0.12965202  0.57906997 -0.33581901 -0.00256175  0.11597187  0.07197437 -0.40045327  0.71719724 -0.30846813  0.17624669	
0.00398400	0.02098538	0.00297929	  83.74265289   -6.60088444 -687.67352295    8.82737541    5.01287127   -1.72925842	 16.60645676   6.16892624 -31.72817039  -1.23241365   2.46965146   0.92262489	  19.24901652   79.17359442 -671.08604112    8.49853518   -9.33109583   -3.77790261	  -3.60349526   20.22425032 -180.73824266    9.81926502  -18.86866116   -1.71022263	143.82561643	0	0.00000000	0.00000000	0.00000000	 0.39165586 -0.30205301 -0.05818792	 0.20576345  0.16196062 -0.04587912	  -4.91085115  -13.26033920  -53.06152417  -48.20167261    6.42076827    4.58967905    9.54782093   -1.92775029   15.33837602 -162.53462873  -72.20008636    0.00000000	-0.02106922  0.10343631 -0.12788795  0.57976025 -0.33525911 -0.00042184  0.11478592  0.07344698 -0.40026152  0.71533346 -0.30691880  0.17169076	
0.00400400	0.02652169	0.00267298	  45.82375717  -32.48194885 -670.63623047    7.04848766    9.08732128   -2.89502311	 -6.67687273 -48.29861450 -32.16063690  -3.55516887   4.19045591  -1.69395864	  -7.44045319   69.94114884 -713.08368985    8.93169769   -9.34864186   -3.90695488	  1.16826553 -10.70294747 -95.11196571   2.71401124  -3.79579499  -0.23181928	141.58156063	0	0.00000000	0.00000000	0.00000000	 0.39662895 -0.31837372 -0.04434178	0.15491904 0.03626611 0.00271500	  -1.07575009  -11.71421842  -54.66525660  -40.66260666    7.54471065    0.89527278   11.12786875    0.75036303   11.63498923 -166.94268631  -69.53404687    0.00000000	-0.02067039  0.10309882 -0.12571737  0.58091074 -0.33452278  0.00207087  0.11350572  0.07509601 -0.39988568  0.71143711 -0.30581436  0.16594601	
0.00400000	0.03171533	0.00237947	  41.10637665  -31.60395813 -606.61669922    6.28339529    8.06333828   -3.44873643	 14.33213806 -23.05300331  19.91010475  -1.53523493  -4.98851585  -2.35029531	 -27.69001333   53.92566292 -655.45094181    8.34435971   -7.70966473   -4.34543623	  9.99073716 -25.96598219 -37.62520289   0.86046283  -3.09805342  -1.54837570	138.77085761	0	0.00000000	0.00000000	0.00000000	 0.39773623 -0.31377532 -0.04676498	0.31906595 0.05587292 0.01279966	   2.10696436  -10.52868122  -55.91324484  -32.61333532    7.43279573   -1.46378537   11.81713617    1.24618002    8.89669898 -169.58025308  -63.21771548    0.00000000	-0.02024087  0.10268465 -0.12393028  0.58229131 -0.33380949  0.00408039  0.11263393  0.07634621 -0.39941016  0.70648235 -0.30571464  0.16119833	
0.00398400	0.03657388	0.00216193	  23.32666779  -28.43246078 -517.24841309    5.49014854    7.50806475   -3.83283353	 -6.02510548  43.54228210 -28.97439003   2.66398168   4.03385735   1.42494059	 -38.45733167   44.30082399 -589.68023029    7.66490112   -6.43162099   -4.10819463	  1.18076800  13.30717609 -32.97155108  -0.02514026  -1.23135582  -0.38370521	135.15788946	0	0.00000000	0.00000000	0.00000000	 0.39866639 -0.30159589 -0.05860430	 0.48832469  0.10137815 -0.03299542	   4.03314190   -8.40202035  -55.98830161  -25.26237293    7.09036180   -4.25865052   12.14300195    3.67189158    5.88870825 -170.49707356  -56.82093656    0.00000000	-0.01965796  0.10204038 -0.12232728  0.58405536 -0.33321890  0.00590582  0.11202132  0.07732029 -0.39887327  0.69944906 -0.30637425  0.15669611	
0.00399600	0.04119730	0.00194626	  18.02119064  -43.01965332 -525.14141846    5.41067648    7.88045740   -1.60610712	 37.94219208  37.62929535 -32.26120758   1.99640274  -0.92514396   3.15357852	 -41.37643807   35.28833778 -551.76866562    7.57062244   -6.07013352   -3.49995284	  3.04877369  46.09812051 -39.22288113  -0.32124271  -0.33282125   0.66085876	134.81901528	0	0.00000000	0.00000000	0.00000000	 0.39732896 -0.29713351 -0.07492562	 0.48100176  0.07132321 -0.05771983	   3.60176427   -7.07311330  -57.87508985  -20.16085558    6.34576183   -5.49346582   10.53167474    5.79023823    4.49509270 -168.50012320  -48.65090348    0.00000000	-0.01890631  0.10122737 -0.12098504  0.58611858 -0.33265135  0.00752417  0.11167574  0.07794154 -0.39827502  0.69080508 -0.30765513  0.15221688	
0.00399600	0.04558104	0.00169612	   8.77337074  -33.76702499 -479.02655029    5.47703028    8.30785465   -2.08856320	 47.07161713  -7.66927433 -26.92981148  -0.71907723  -3.22730947  -1.63647783	 -47.75618481   34.53741260 -522.89505220    7.42298542   -5.11233878   -3.38893915	 33.16147496  31.35083958 -40.63085297  -0.11514112  -2.81944363  -0.73152420	133.83692594	0	0.00000000	0.00000000	0.00000000	 0.39260263 -0.29742364 -0.08292219	 0.43961418  0.15496990 -0.08111966	   2.53421950   -4.98840902  -57.47155315  -17.63525075    4.23967096   -6.48330168    7.26800618    9.81511170    3.70603301 -161.50168976  -38.61202304    0.00000000	-0.01813932  0.10028397 -0.11997261  0.58842725 -0.33214512  0.00889709  0.11156578  0.07823300 -0.39760774  0.68144011 -0.30941153  0.14797543	
0.00400000	0.04968897	0.00145169	  10.89347076  -34.03523254 -467.85897827    5.28953266    7.59023762   -2.36240339	 -0.64024818 -33.84886169 -30.22608757  -2.56568146   3.75690794  -1.88742816	 -51.61525755   30.97491382 -500.41054115    7.40279209   -5.15919943   -2.85610549	 21.03160278  -9.57345630 -54.37991249  -0.25100393  -0.63987804  -0.11316143	134.90664436	0	0.00000000	0.00000000	0.00000000	 0.38826073 -0.30415235 -0.09208799	0.31164721 0.09363025 0.04522397	   0.26475770   -4.21660522  -58.62284867  -17.06463685    1.91781457   -6.74585668    4.55292113   13.86599730    3.38618075 -152.77469657  -29.92583199    0.00000000	-0.01744136  0.09948631 -0.11942038  0.59096599 -0.33174628  0.00997087  0.11162861  0.07827903 -0.39677939  0.67185277 -0.31144404  0.14364193	
0.00398400	0.05351635	0.00131648	  12.90124512  -39.84539795 -437.21649170    4.56685019    7.80836439   -2.29437184	18.93725204 11.40577984 -8.16846848  0.49888521 -0.63406080  1.66231835	 -50.61570586   26.42555570 -474.80548330    7.24940830   -4.45937566   -3.30028832	  3.60519255  -0.82784426 -53.05597355  -0.19744368  -0.35439889  -0.70792526	135.05665992	0	0.00000000	0.00000000	0.00000000	 0.38754187 -0.31565324 -0.09347201	0.19498313 0.10447801 0.04392321	   0.61025313   -4.81824830  -58.07458696  -15.94593410   -2.57175540   -6.68601814    6.39232963   18.05891944    0.75742262 -141.57002898  -19.24766468    0.00000000	-0.01688913  0.09901077 -0.11932834  0.59337431 -0.33148551  0.01066116  0.11176999  0.07824834 -0.39587435  0.66329318 -0.31347659  0.14012912	
0.00400000	0.05720235	0.00125268	  16.79282951  -44.93555069 -433.98965454    4.26899195    7.54897165   -3.72838712	12.19727612 46.76708221 12.67051125  2.69598937 -1.85167599  0.64910322	 -47.77440609   19.77641762 -460.48788304    7.07494488   -4.17690855   -3.46068577	  6.93205582  28.12405342 -18.69172093  -0.18947611  -1.57024881  -0.62254882	134.76037545	0	0.00000000	0.00000000	0.00000000	 0.39142605 -0.32074480 -0.10833429	 0.24392648  0.15663289 -0.03109538	  -1.54462463   -4.82996922  -56.57013595  -15.91437824   -8.63151766   -5.51840793    4.94198304   21.06151749    0.95299421 -131.08002272  -10.24326204    0.00000000	-0.01625252  0.09878834 -0.11978853  0.59671074 -0.33127841  0.01125175  0.11200561  0.07813329 -0.39457047  0.65187269 -0.31627610  0.13575727	
0.00398400	0.06080855	0.00117162	  22.80104446  -65.16117859 -440.75860596    2.68402195    6.89726257   -2.77527761	-29.93417168  15.14487267 -11.30464649   0.21017787   5.27113342   0.19904537	 -45.17574363    5.28773127 -460.02387171    7.03945854   -4.39210392   -2.93461997	-19.88930859  22.17455263 -24.70680162  -0.61808644   0.40200319   0.32094354	133.16253972	0	0.00000000	0.00000000	0.00000000	 0.39911795 -0.32102090 -0.13257602	 0.37834880  0.29397342 -0.14967458	  -3.99817396   -5.03139814  -54.01432599  -14.54655485  -14.90948923   -3.58621136    2.67726626   21.77657478    1.08687783 -117.98192284   -2.43037412    0.00000000	-0.01571563  0.09889572 -0.12052485  0.59947193 -0.33121705  0.01152786  0.11224908  0.07804126 -0.39346600  0.64269948 -0.31850037  0.13231349	
0.00399600	0.06433134	0.00107239	  33.04633713  -73.72721863 -438.08660889    2.08849835    6.14011097   -2.58128619	 21.37290573 -11.36461830  10.07081604  -0.95578361  -2.79571009  -0.71563917	 -37.62635623   -1.49901185 -465.45181341    6.84255306   -4.57656420   -2.78313187	 -5.27608214   3.83161512 -23.85855338  -0.40788612   0.09531177  -0.68038196	134.64762587	0	0.00000000	0.00000000	0.00000000	 0.39252265 -0.30234640 -0.14831600	 0.38078242  0.18839131 -0.17312106	  -5.98302278   -5.41994609  -51.85527845  -12.39231374  -19.74289832   -2.53340109   -2.18864043   22.70355309    3.70336014 -105.75151981    5.84678039    0.00000000	-0.01516340  0.09923320 -0.12170601  0.60282362 -0.33127075  0.01175796  0.11256324  0.07797990 -0.39201638  0.63218403 -0.32108513  0.12840950	
0.00399600	0.06774383	0.00097401	  44.05748367  -65.07667542 -450.31741333    2.80077171    5.36352110   -2.87685847	 14.57921696  -3.56083512 -12.01249313  -0.60677463  -0.24325082  -0.25978410	 -29.44570755   -0.69938049 -474.30151464    6.90811741   -4.92347273   -2.65418940	 10.99544285  -1.95526368 -26.80136643  -0.27847516  -0.77369029  -0.21376744	132.93569409	0	0.00000000	0.00000000	0.00000000	 0.38092845 -0.29207324 -0.16474501	 0.39371674  0.33390533 -0.19091466	 -6.32520140  -6.82975075 -47.80302830 -11.73005190 -22.17246451  -3.39229414  -5.40600369  24.15737587   5.47095568 -93.99817183  12.83193584   0.00000000	-0.01477223  0.09964737 -0.12324766  0.60645920 -0.33154687  0.01198039  0.11291667  0.07796456 -0.39035967  0.62179130 -0.32361618  0.12466659	
0.00400400	0.07105143	0.00087360	  42.72846603  -52.16465378 -474.62637329    4.24745893    6.24581051   -2.41748857	 -9.43273926  23.49298096 -23.61285591   1.37927210   1.76447642   1.46334291	 -28.02120269   10.78975283 -491.11517371    7.24097938   -5.04767676   -2.85225023	 -3.42226471  15.20161074 -40.92073776  -0.34029987  -0.03442484   0.19340839	133.14382839	0	0.00000000	0.00000000	0.00000000	 0.37063655 -0.29213255 -0.18001364	 0.33770898  0.37309515 -0.21947003	 -4.93639858  -8.59029412 -46.19868215  -9.14569211 -21.60227144  -4.05325798 -10.41827019  26.59321403   8.29959955 -84.53551320  19.73760909   0.00000000	-0.01448845  0.10017660 -0.12537223  0.61090004 -0.33218348  0.01221815  0.11323083  0.07808728 -0.38828880  0.61018676 -0.32607824  0.12065523	
0.00399200	0.07424077	0.00081859	  40.27677155  -40.82102203 -506.71685791    5.54950619    6.80897188   -2.22331285	14.36310101 16.57871056 -7.20199013  0.93361068 -1.99298072  0.31722796	 -34.97941725   24.57371716 -510.89684824    7.64080271   -5.20723862   -2.99988783	  4.16685593  23.45814174 -35.00612511  -0.18967428  -0.79654871   0.08447700	131.06711496	0	0.00000000	0.00000000	0.00000000	 0.37006751 -0.30857089 -0.19833800	 0.33639015  0.37257987 -0.19253133	 -2.60983349 -10.43430282 -43.62968635  -7.66019227 -20.76326463  -5.70508047 -13.45658589  27.90031610   9.55794017 -74.43453710  25.51825334   0.00000000	-0.01432738  0.10065980 -0.12749679  0.61517984 -0.33301950  0.01234087  0.11338005  0.07842475 -0.38629463  0.59978634 -0.32815677  0.11718076	
0.00400000	0.07737340	0.00069913	  29.23711395  -33.75242615 -525.27050781    6.07840252    8.88184357   -1.90194190	 -1.82259738  -6.80108976 -12.10603046  -0.65634549   0.86068106   0.33893582	 -47.85834149   38.80682905 -533.49250037    7.99861401   -5.23545592   -2.99362057	  4.54126300   6.40289819 -33.33019039  -0.17347696  -0.67332604   0.29229027	129.02589108	0	0.00000000	0.00000000	0.00000000	 0.36984411 -0.32639471 -0.21199514	 0.31971916  0.42962060 -0.03581785	  0.79093649 -10.71164986 -41.06070483  -7.01961430 -18.87827992  -7.07783205 -15.24206982  29.26521861  12.38729196 -67.09461768  31.00037742   0.00000000	-0.01421233  0.10112766 -0.12985145  0.61949801 -0.33403960  0.01234854  0.11338005  0.07902300 -0.38414705  0.58921725 -0.32988250  0.11376766	
0.00399200	0.08036882	0.00057177	  14.44153595  -29.02373314 -560.48883057    6.82454824   10.83343315   -1.92947388	-13.52429485 -15.16852188  -1.89524221  -1.12945056   1.14135003  -1.01099753	 -67.87987337   50.03753598 -558.84085889    8.28586366   -4.96344288   -3.03395268	 -7.85799483  -9.08314404 -36.21477497  -0.14266583   0.00293335  -0.19493467	124.71113067	0	0.00000000	0.00000000	0.00000000	 0.36974388 -0.33502163 -0.22759375	 0.36157639  0.43199425 -0.06176309	  6.21195714 -11.02727974 -34.59816949  -5.34303232 -16.98595271  -8.45685444 -11.43691095  28.19292994  15.54809461 -59.52401924  33.29031557   0.00000000	-0.01413563  0.10153417 -0.13224445  0.62450647 -0.33530512  0.01209544  0.11322298  0.07990504 -0.38186142  0.57848704 -0.33120173  0.11053097	
0.00398800	0.08322047	0.00046792	  20.75457001  -29.70761490 -586.60784912    6.94753790   10.62882805   -2.24438238	-3.22241807 15.76362133 -4.11764812  0.78720659 -0.48585951  0.46998915	 -75.12315280   56.27199050 -580.71619168    8.51452944   -5.23773040   -3.44502347	 -5.90628065  -0.25018125 -28.50194563  -0.19930311  -0.60608875  -0.20962544	122.17802582	0	0.00000000	0.00000000	0.00000000	 0.37363666 -0.32918145 -0.25439913	 0.37318076  0.39741629 -0.06791521	  8.39135925  -9.27124069 -31.98807120  -3.88867223 -13.57680514  -8.81057412 -14.07674263  26.98886694  20.88422670 -52.89423654  35.80921075   0.00000000	-0.01405893  0.10179494 -0.13456076  0.62932318 -0.33660901  0.01168893  0.11297950  0.08091747 -0.37972152  0.56912977 -0.33202240  0.10786184	
0.00399200	0.08595892	0.00042667	  15.31155205  -30.89809227 -610.08166504    7.01374817   12.78248501   -1.75646150	-23.18297386  25.64396858 -15.04861546   1.36223471   3.65793228   0.62091941	 -84.54590335   61.47214718 -609.89334140    8.67660075   -4.98573477   -3.28985936	-17.20652335  18.14775808 -31.49481475  -0.38718898   0.45971023  -0.10268623	117.55580629	0	0.00000000	0.00000000	0.00000000	 0.37435625 -0.32069332 -0.27092726	 0.42942322  0.41049125 -0.18950971	 11.65881145  -8.06340202 -29.27124302  -2.42722265 -11.93882934  -9.46964410 -13.92180018  24.40895974  24.20953454 -49.31452590  35.39204427   0.00000000	-0.01389019  0.10194834 -0.13723756  0.63532871 -0.33833474  0.01094495  0.11261822  0.08226737 -0.37710610  0.55855298 -0.33262834  0.10490125	
0.00400400	0.08865819	0.00038618	  23.59484291  -33.09637833 -639.91650391    6.92698526   11.28031540   -1.47005165	 0.31483850  7.27633238  1.43136716  0.32629251 -1.05274940 -0.88928866	 -87.47302084   63.08320566 -636.75312041    8.82498512   -5.67489145   -3.19299368	-13.49219697  14.68538244 -26.69052266  -0.34174091   0.12532393  -0.37338328	116.06208829	0	0.00000000	0.00000000	0.00000000	 0.37351264 -0.31277889 -0.28402237	 0.42942322  0.41049125 -0.18950971	 11.66318826  -4.95103945 -29.61905953  -1.99397979  -9.25883084  -8.72056537 -18.72510532  21.91066816  29.71656244 -45.55334711  34.43393091   0.00000000	-0.01360641  0.10193300 -0.14024417  0.64273781 -0.34052065  0.00980214  0.11213913  0.08393941 -0.37383872  0.54655725 -0.33287376  0.10158019	
0.00398400	0.09130134	0.00041811	  18.57450676  -36.25564575 -661.38012695    7.04324627   12.80367661   -1.87377572	  3.42652583  -2.37182212 -10.00301266  -0.56040049  -0.57232654   0.15308979	 -91.36395751   63.68520264 -659.39755342    9.00789488   -5.96571893   -3.22194622	  0.06751459   6.07199448 -26.82599721  -0.27897081  -0.65296939  -0.36609379	113.37232260	0	0.00000000	0.00000000	0.00000000	 0.37335179 -0.30438273 -0.29720696	 0.42942322  0.41049125 -0.18950971	 13.49019991  -2.46550672 -29.98585175  -1.80241119  -8.62760741  -8.62874282 -18.43046919  19.54282877  30.75054951 -45.27985737  33.37641287   0.00000000	-0.01331495  0.10175660 -0.14258349  0.64902711 -0.34236142  0.00868233  0.11169931  0.08525863 -0.37106222  0.53707725 -0.33278939  0.09905679	
0.00399200	0.09398443	0.00044354	   5.69015741  -33.58480453 -681.30438232    7.27925634   14.51896191   -1.52161384	-15.03422546   3.08292627 -21.63066673  -0.04478093   1.36152232  -0.43109488	-107.54434780   68.77064168 -678.32461087    9.13898880   -5.69955060   -3.29397831	 -6.26446305   4.30958198 -39.30633933  -0.23326588  -0.11512248  -0.38023913	109.08858686	0	0.00000000	0.00000000	0.00000000	 0.37809973 -0.30504435 -0.31107701	 0.46658397  0.43045266 -0.14133603	 14.19642194   0.51545781 -31.52864425  -3.20629740  -7.64658758  -7.94018953 -19.94679823  18.30340098  33.35404486 -44.91073360  32.22327943   0.00000000	-0.01289311  0.10149582 -0.14530630  0.65658969 -0.34461638  0.00717903  0.11105528  0.08673893 -0.36755705  0.52607858 -0.33230618  0.09627262	
0.00400000	0.09670022	0.00046145	  -0.83535755  -34.35271454 -696.83245850    7.32908678   15.25544930   -1.91609704	-10.39957333  14.31041145 -10.44896698   0.69054812  -0.01782926   0.27969021	-123.40563070   71.48290082 -694.61706908    9.26211067   -5.74416349   -3.29434358	 -9.23950323   9.59471479 -35.47261161  -0.22050762  -0.54547352  -0.34705078	105.64063855	0	0.00000000	0.00000000	0.00000000	 0.38524446 -0.30947355 -0.32569502	 0.42868973  0.40885165 -0.16442941	 15.86774258   4.14662342 -30.58962201  -2.72870631  -5.66289049  -7.65313630 -17.35682785  17.77128422  33.83635024 -43.79158143  31.92066338   0.00000000	-0.01231019  0.10126572 -0.14843562  0.66547143 -0.34737754  0.00523087  0.11015993  0.08830359 -0.36328492  0.51369172 -0.33141649  0.09329669	
0.00398800	0.09942926	0.00048283	   0.14395382  -42.52074432 -709.23736572    6.77730894   15.80041695   -1.25760293	-20.87699318  11.05067348 -12.47449589   0.73670387   1.13506770   0.23339435	-132.88144164   70.39764509 -710.28100092    9.37293212   -5.75637951   -2.97498339	-12.00722934  15.48727897 -34.96860263  -0.20709974  -0.66747221  -0.40833030	102.33325414	0	0.00000000	0.00000000	0.00000000	 0.40294864 -0.32721745 -0.35733119	 0.42937253  0.33522234 -0.11950911	 15.53473459   7.58610322 -30.26064441  -2.11481980  -2.94204240  -6.93953139 -17.23397673  17.77335126  36.41797965 -42.72897547  31.36961492   0.00000000	-0.01182699  0.10122737 -0.15091300  0.67259675 -0.34968618  0.00355883  0.10930384  0.08940038 -0.35979512  0.50421935 -0.33048075  0.09103407	
0.00399600	0.10218651	0.00046796	   0.76676244  -45.61265564 -699.49920654    6.34765100   15.48313999   -1.87677121	-17.85494995   8.79929829  -1.22853088   0.22801407   1.39020693  -0.33375657	-135.23602070   65.76610241 -710.59100745    9.17258987   -5.60771193   -3.09880309	-16.30296121  11.33937314 -29.94408379  -0.29660396  -0.23940935  -0.37180751	99.34281514	0	0.00000000	0.00000000	0.00000000	 0.41979156 -0.33347563 -0.37540854	 0.47116564  0.24650741 -0.11594299	 16.49948236   9.79026204 -29.95642162  -2.01515169  -1.88966876  -6.46764133 -13.57785884  16.78628953  35.32065860 -43.34888476  29.79024011   0.00000000	-0.01124408  0.10138077 -0.15378155  0.68121004 -0.35248572  0.00148029  0.10818072  0.09046650 -0.35563037  0.49354288 -0.32916152  0.08865640	
0.00400000	0.10492945	0.00050458	  -0.68211287  -41.29750061 -687.60430908    6.03124094   15.92846584   -1.67093670	-20.95843887   5.27900410  -2.73115993   0.06093546   1.09516978   0.38109443	-137.87081073   62.45969170 -702.28373505    8.91291186   -5.29913254   -2.74908511	-18.33996633   5.76301348 -28.66772856  -0.26620350  -0.35747784  -0.28768505	96.04085226	0	0.00000000	0.00000000	0.00000000	 0.43786662 -0.33354226 -0.38936380	 0.53006105  0.26670288 -0.16367464	 14.84196070  11.08014384 -30.32160909  -1.66926378  -0.64460248  -5.93523312 -12.64670995  17.66365547  36.36907139 -42.31910732  30.54528968   0.00000000	-0.01059214  0.10174892 -0.15665776  0.69042927 -0.35539261 -0.00068262  0.10690837  0.09129485 -0.35129687  0.48272830 -0.32758921  0.08620203	
0.00399200	0.10770864	0.00053565	   5.63323832  -39.56408691 -677.96612549    6.39208460   15.37588501   -0.53064734	-18.72952843  14.70690346  -2.52158737   0.95402271   0.54319054   0.29749519	-137.93831134   65.24407726 -693.51073392    8.83504000   -4.92253075   -2.70232730	-16.94098856   8.82621241 -30.95829719  -0.23128869  -0.46011940  -0.17817443	94.09211586	0	0.00000000	0.00000000	0.00000000	 0.46030145 -0.33459540 -0.41095354	 0.53802812  0.17631736 -0.16751583	 13.20860447  12.62970375 -31.61327304  -2.38984239   0.29356295  -5.40055901 -11.66727245  18.44516378  35.93999806 -41.91124871  32.21021690   0.00000000	-0.00983282  0.10229348 -0.15955698  0.70033109 -0.35839918 -0.00292223  0.10550252  0.09187009 -0.34685600  0.47160697 -0.32580978  0.08383203	
0.00399600	0.11052459	0.00059069	  14.76761055  -28.97830963 -667.26324463    7.16365767   14.21484470   -1.41587114	-20.28739738  13.86384773  -1.90560365   0.69676131   1.46381330   0.50477576	-130.12312002   70.99934466 -680.93824582    8.83085840   -4.81240824   -2.96322680	-18.87579071  12.90345570 -27.11731838  -0.28153619  -0.43448268  -0.14750583	91.73175825	0	0.00000000	0.00000000	0.00000000	 0.47861759 -0.34371378 -0.43218521	 0.50236066  0.08430956 -0.14099304	 11.30146586  13.42224390 -33.30150743  -3.27915873   1.09277168  -4.82319614 -11.01707953  19.70687319  36.94030603 -41.11246225  34.76672009   0.00000000	-0.00897379  0.10301446 -0.16252524  0.71090794 -0.36147484 -0.00525388  0.10396314  0.09220757 -0.34257618  0.46025550 -0.32380027  0.08152339	
0.00400000	0.11340394	0.00060239	  21.39777756  -15.45882130 -624.57635498    7.69468117   13.66691113   -0.04991939	-16.54568863   6.47929478 -17.49529457   0.07170957   1.58401930   0.29654974	-121.41923414   76.75954688 -654.07326061    8.78662343   -4.35936175   -2.23845947	-18.89904299  10.63744886 -36.27179865  -0.30475913  -0.16663811  -0.06015293	90.08302288	0	0.00000000	0.00000000	0.00000000	 0.49583864 -0.35590068 -0.45468515	 0.51159900  0.11749685 -0.13532430	 10.40469159  14.86133817 -34.69829964  -4.62386331   0.90673340  -4.42533453  -9.07831936  20.52572685  36.32764116 -40.32338261  36.96654948   0.00000000	-0.00793835  0.10404990 -0.16593833  0.72333318 -0.36497229 -0.00801505  0.10211745  0.09246067 -0.33726093  0.44747743 -0.32126921  0.07900000	
0.00399200	0.11629184	0.00060006	  23.70507812   -8.57254791 -596.46655273    8.15229034   12.92809772    1.47214389	 2.97162080  3.44497681 -2.89428806  0.00037710 -1.76291049  0.04393348	-114.15202596   83.19017249 -627.98436516    8.64851568   -3.87915621   -1.86254907	 -5.47954952   6.86939782 -33.59260952  -0.19008629  -0.94634952  -0.02255554	89.31385034	0	0.00000000	0.00000000	0.00000000	 0.51349709 -0.35755993 -0.47075607	 0.51355854 -0.00768638 -0.14590687	  8.64202415  15.06832029 -36.20170515  -6.42098811   1.79033446  -4.09397093  -8.42516094  22.74130053  36.67474440 -38.59124165  40.04171975   0.00000000	-0.00697961  0.10504698 -0.16905232  0.73446983 -0.36810163 -0.01061514  0.10036601  0.09263708 -0.33236754  0.43707705 -0.31874579  0.07682941	
0.00399200	0.11917715	0.00063967	  27.80919266    0.08218325 -579.02093506    8.58942127   11.99945927    0.36538404	-116.24210358 -196.80867004 -163.57995605    9.58583355   -5.55826521    4.18586493	-106.82673299   88.45358560 -600.66860192    8.56955341   -3.69624427   -1.71751494	 -28.65171199  -60.67950163 -116.88167431    9.13614501   -8.29403429    3.89031592	86.48977506	0	0.00000000	0.00000000	0.00000000	 0.52883003 -0.36010526 -0.48508436	 0.53807464  0.00868075 -0.20629029	  7.37078586  15.21774023 -36.84296781  -8.99853282   1.87337823  -3.62106859  -7.30610121  24.01794366  35.93584477 -38.36252212  40.06566290   0.00000000	-0.00601320  0.10611310 -0.17221999  0.74583662 -0.37126163 -0.01338398  0.09853603  0.09285951 -0.32732841  0.42620113 -0.31586960  0.07476621	
0.00399600	0.12210871	0.00070385	  28.59995842    9.54709530 -267.96441650    8.72197628   11.79356480   -3.64894700	-346.80722046 -341.59182739 -735.48272705   84.50720978 -116.82610321   11.95728302	 -76.64293601   74.36798624 -467.02744233    7.96140711    0.28727647   -2.75966409	-123.85706709 -196.14668095 -701.98101649   85.29260339 -114.70388148    7.84607268	85.09541320	0	0.00000000	0.00000000	0.00000000	 0.54386967 -0.36759976 -0.50302466	 0.54135373  0.02454550 -0.18194183	  4.44807542  15.63224859 -38.57205664 -12.16805754   2.96585529  -2.72599256  -8.17749781  26.99216781  37.00025130 -37.97405260  41.13702711   0.00000000	-0.00503146  0.10717922 -0.17544901  0.75779402 -0.37440628 -0.01632155  0.09678460  0.09318931 -0.32207453  0.41526386 -0.31274027  0.07258796	
0.00399600	0.12511161	0.00084369	 36.20676804  34.04092789 154.68603516   9.82187939   9.74736786 -12.46221542	 -291.60836792  -274.03179932 -1079.15991211   110.45519257  -110.38722229     4.67329264	 16.61354690  32.57752308 -80.85725610   5.50084922  12.26473495  -8.86879487	 -80.18427576  -81.35309763 -983.10123298  122.38606648 -143.38871649    4.16471839	85.34980152	0	0.00000000	0.00000000	0.00000000	 0.55348975 -0.38297999 -0.52581614	 0.54135373  0.02454550 -0.18194183	  4.54896877  17.13239259 -38.82367898 -14.89927279   1.62734271  -1.97317145  -6.03981043  26.32257584  35.37332495 -37.63781786  39.96421751   0.00000000	-0.00395000  0.10832970 -0.17874707  0.77033430 -0.37759697 -0.01948155  0.09486823  0.09379523 -0.31689736  0.40464103 -0.30804628  0.06877601	
0.00400000	0.12827213	0.00089297	  77.44975281  -20.24116135 -550.06756592    6.00219774    5.52799940    8.10771179	 -401.32614136  -530.20434570 -1115.84497070   108.42118835  -108.18497467    -4.47919989	  34.23173008   32.91988275 -122.03716313    5.88407127    8.64211888   -6.53833368	  -99.67861847  -120.10239573 -1239.85540095   145.66330921  -153.42531789    -3.38072289	88.55794856	0	0.00000000	0.00000000	0.00000000	 0.55732877 -0.39239896 -0.53138295	 0.38839378  0.19474495 -0.31874232	  5.91073785  20.25480056 -38.32936213 -17.33113906  -1.82330213  -0.61497935  -2.93365497  21.51981387  31.65597428 -45.29958617  30.08806477   0.00000000	-0.00269981  0.10984067 -0.18189174  0.78225332 -0.38080299 -0.02291767  0.09281833  0.09483067 -0.31197327  0.39691743 -0.30148086  0.06214922	
0.00398800	0.13148077	0.00086884	  65.94195557  -37.78408432 -660.57257080    4.48561525    3.68398619   11.94611359	-500.05517578 -886.17456055 -815.28735352   92.92149353 -113.09745789    5.75458908	 -61.75857218   64.11054565 -551.30213891    8.55746034   -7.14934805    4.19084609	 -207.52826769  -456.04761648 -1139.98755978   153.91418929  -162.00706506    11.37441399	100.92581010	0	0.00000000	0.00000000	0.00000000	 0.55969579 -0.40277448 -0.47131386	-0.30316258 -0.17915565 -0.12329443	  5.46378442  24.79011980 -36.59141833 -17.72621348  -6.86551350   0.95122078  -0.55662759  14.35388254  25.13997113 -55.59717179  16.02721727   0.00000000	-0.00154932  0.11211096 -0.18453786  0.79447919 -0.38397831 -0.02644582  0.09071347  0.09664077 -0.30737135  0.39276037 -0.29288289  0.05250048	
0.00400000	0.13466926	0.00076718	 62.82928848 -56.04366302 444.78097534   1.08212817  -0.83728307 -11.32695484	 -435.44772339  -564.16241455 -1139.48059082   108.26793671  -107.39863586     6.26089764	   4.66365553   11.54629215 -288.03389323    6.70674772   -1.51779425    1.36212611	 -226.29717082  -502.82082244 -1136.73392394   156.15317220  -162.76421538    10.99871475	99.19427561	0	0.00000000	0.00000000	0.00000000	 0.65218668 -0.46487407 -0.49193425	-0.14072335 -0.65938332  0.30882914	 12.10734778  29.25669159 -31.73622865 -21.91931715 -14.81208920   2.03584893   6.42480031   1.89233932  18.42092135 -73.53910184  -6.06875771   0.00000000	-0.00092806  0.11505620 -0.18673144  0.80620646 -0.38696191 -0.02986660  0.08853792  0.09947863 -0.30327561  0.39101163 -0.28245950  0.04035903	
0.00398400	0.13773586	0.00074131	 59.55545807 -72.30554962 245.11064148  -1.22253454  -3.27743292 -11.01997662	 -419.55517578  -456.14959717 -1293.30725098    90.38852692  -105.18167114    17.00639534	116.14053717 -84.71613359 150.47620493   2.36979338  10.25764772  -6.77247420	 -216.35685441  -300.57491467 -1323.60262084   142.17382455  -167.11828636    13.83572628	109.11054418	0	0.00000000	0.00000000	0.00000000	 0.68433192 -0.47204671 -0.41632130	-0.65561960 -0.72644535 -0.04542624	 23.92007813  31.78922475 -27.67330441 -23.16771860 -22.28656133   3.37008272  14.18797722 -14.02249091  11.32969576 -91.66889479 -21.80172762   0.00000000	-0.00053689  0.11909057 -0.18847251  0.81785703 -0.39006823 -0.03295757  0.08629953  0.10343631 -0.30006191  0.39124173 -0.27086261  0.02584757	
0.00400800	0.14078705	0.00076966	   6.46447182  -74.66252899 -111.68563080   -1.36530125    2.26251435   -1.87843800	 -122.16189575  -333.81002808 -1020.00103760    46.91436386   -96.26390839     5.71441841	 33.87350071 -68.67707586 -52.51197204   2.82266951   2.69308191  -3.12177414	  -90.11836564  -200.38924867 -1240.13378000   105.56116727  -154.89613449     5.05994013	91.83597096	0	0.00000000	0.00000000	0.00000000	 0.69200848 -0.43240724 -0.37466260	 0.09943105  0.53418948 -0.28203720	  29.37154340   38.98145465  -26.05061398  -22.66791668  -28.51016731    4.57083773    6.38580036  -30.31457180   14.97767686 -101.55761219  -31.65388696    0.00000000	-0.00014573  0.12412203 -0.18962300  0.82954597 -0.39319754 -0.03552699  0.08406900  0.10835271 -0.29762289  0.39239222 -0.25856775  0.00988650	
0.00398000	0.14385419	0.00083114	 15.10134411 -36.15468216 -91.88258362  -0.43827626  -0.80276960  -1.05834973	 -69.50115204 -194.91178894 -500.66381836   14.61664295  -37.15607834   19.59267235	  -8.35137313  -43.98058980 -115.31542842    2.32774009    0.03059562   -1.03942342	 -12.80102802 -153.67591864 -895.78392512   64.09920805 -109.35413207    9.78604181	99.24195053	0	0.00000000	0.00000000	0.00000000	 0.75240633 -0.44759148 -0.29224093	-0.04252264 -0.59115287 -0.04709735	  34.68923562   41.70711045  -24.95273785  -19.90075778  -29.78581801    5.28820162    3.50101573  -44.72415886   18.47817829 -110.88813765  -38.95878777    0.00000000	 0.00040650  0.12998950 -0.19038999  0.84118885 -0.39650327 -0.03758252  0.08172067  0.11367562 -0.29562873  0.39325124 -0.24578202 -0.00671883	
0.00400000	0.14700077	0.00078094	 31.99663162  -6.35672617 -49.54051590   0.99247044  -2.96350384  -0.97691905	 -50.87023163  -62.57145309 -209.05915833    2.40387845   -4.96067667   10.23739529	  7.30775502 -12.20561884 -95.65142673   1.60745910  -1.64877722  -0.97921539	 -22.78383866  -76.09718756 -450.18364004   24.59793254  -47.04751064   12.08985638	81.65364719	0	0.00000000	0.00000000	0.00000000	 0.77664556 -0.44613566 -0.23280935	0.19691427 0.16332445 0.19302345	  42.79836993   43.66682187  -22.35544726  -23.79789593  -36.37027782    5.82702324    7.78285577  -64.17268271   21.14501586 -120.84142884  -49.29896376    0.00000000	 0.00113515  0.13637087 -0.19104193  0.85249430 -0.40001610 -0.03913951  0.07923095  0.11890650 -0.29387230  0.39327425 -0.23300396 -0.02308641	
0.00398800	0.15008490	0.00065702	  3.70813441  31.27147102 -47.10098648   2.09879875   0.77937704   2.41914558	 24.60994720 -92.53000641 -41.18994522  -5.54106331  -6.29000521   1.40884697	  2.72051317  17.93211949 -75.48368919   1.11527429  -1.16193979  -0.08447768	   1.10670611  -71.48913881 -195.39265791    7.26789815  -17.36288351    7.19730428	92.21413910	0	0.00000000	0.00000000	0.00000000	 0.78969186 -0.40816708 -0.21514263	 0.12110287 -0.49522563 -0.14833926	  51.51621151   45.70193364  -21.25598516  -22.68967799  -35.14610955    7.27422815    9.79166616  -77.86579642   22.55121908 -128.95434567  -55.23086829    0.00000000	 0.00213990  0.14196989 -0.19149445  0.86192060 -0.40319142 -0.04039738  0.07696901  0.12311728 -0.29232299  0.39236152 -0.22242717 -0.03716068	
0.00399600	0.15303573	0.00059961	  8.88291168  61.17560577 -49.64949036   4.15187693  -0.73651385   1.63977182	-15.76924610 -62.27875137 -56.07385635  -3.37770772  -2.71473408   7.79417419	 -8.50387352  46.70226628 -74.72912416   0.59770622  -1.28419278   0.03643812	  10.12292483  -73.18103024 -105.10019199    2.74747251   -9.95616787    6.07300419	77.88146584	0	0.00000000	0.00000000	0.00000000	 0.79634652 -0.40708676 -0.26665212	 0.24948409 -0.35095008 -0.16685122	  49.59016504   48.54738269  -27.63992953  -18.29968764  -37.46179329    8.19590505    3.52397634  -91.42930217   26.79649740 -135.44516421  -58.34827527    0.00000000	 0.00385029  0.14790639 -0.19177824  0.87242836 -0.40705705 -0.04174728  0.07440861  0.12705193 -0.29041317  0.39006054 -0.21127513 -0.05245446	
0.00400400	0.15592721	0.00042884	 17.56066704  56.41252518 -33.55657959   4.03053284  -2.61599231   2.21052122	-13.18864632 -29.50401306 -64.94828796  -0.27975863  -1.93537140   5.50683165	  1.78663679  59.80721839 -56.94398093   0.33148384  -2.15383689  -0.13970997	 -2.09896932 -40.21813095 -93.42720226   1.48279556  -6.98454584   6.82133923	79.57467230	0	0.00000000	0.00000000	0.00000000	 0.77835205 -0.43463544 -0.28346058	 0.31483762 -0.16826091 -0.02044346	  52.44586105   52.43345609  -31.35684001  -16.46832589  -32.87823213   10.05366000    3.47293233  -97.52104565   25.03352412 -139.44086006  -58.24704189    0.00000000	 0.00664214  0.15367417 -0.19214639  0.88430136 -0.41173568 -0.04321223  0.07171469  0.13012756 -0.28795880  0.38576540 -0.19975494 -0.06902145	
0.00399200	0.15862222	0.00031960	 -9.46918869  28.69470215 -32.87681198   1.89319527   0.70664537   0.05045588	  38.69669724  -13.33384800 -102.28608704    2.43694353   -8.49986076    6.17306232	 -3.61427544  46.75275433 -47.05612493  -0.15951096  -1.61362013  -0.87185818	 20.64158664  -5.60834664 -99.46532986   2.46830526  -8.07488890   5.25019277	73.50644913	0	0.00000000	0.00000000	0.00000000	 0.74980545 -0.48474290 -0.29958477	 0.12332065 -0.33279841  0.17947539	  50.46779428   54.35206441  -38.56435177  -12.86513168  -31.76465324   11.01991527    3.57902619 -100.45997412   22.67920601 -141.28742542  -54.81137758    0.00000000	 0.00990951  0.15806134 -0.19268328  0.89489353 -0.41614589 -0.04443941  0.06946845  0.13170756 -0.28543541  0.38042715 -0.19023658 -0.08324145	
0.00399600	0.16119805	0.00021136	-16.16689682  15.95752239 -33.79001617   0.87334150   1.07342100  -2.04506111	  78.92387390  -98.35667419 -218.98144531    0.92493796  -15.68745422    0.69853938	-21.38581095  31.14182649 -46.70456133  -0.54978227  -1.06319982  -1.65379951	  60.09730383  -29.10214780 -165.31528285    5.10404994  -11.78425472    3.89651807	75.74535094	0	0.00000000	0.00000000	0.00000000	 0.74279687 -0.52971545 -0.37861621	 0.12332065 -0.33279841  0.17947539	  53.08372145   59.02608669  -43.66882726  -12.07020887  -28.12096083   12.51198548    7.96030867  -99.86852233   13.08613273 -145.26497899  -50.94028779    0.00000000	 0.01393621  0.16193464 -0.19356532  0.90536296 -0.42074785 -0.04549019  0.06735573  0.13262795 -0.28248250  0.37408414 -0.18119377 -0.09730805	
0.00399600	0.16365358	0.00016104	-8.15044594 10.75576496 -8.77450943  0.69687408 -0.76636183  0.36654198	 107.13391113 -175.99313354 -442.08813477    9.86195087  -39.73793411   10.70755100	-17.31091112  18.34737896 -36.52670651  -0.39186134  -1.56660942  -1.34423801	 107.41148457  -88.91614757 -299.56231834   12.68001784  -27.78988162    7.26503722	73.12021625	0	0.00000000	0.00000000	0.00000000	 0.71997875 -0.53783144 -0.40487770	 0.11939676 -0.42710223  0.02994334	  49.10502891   61.48103593  -48.60289877   -9.97806692  -24.42615007   12.59116281    7.01403316  -98.42648556    8.11497832 -140.80269771  -41.13007626    0.00000000	 0.01864553  0.16544746 -0.19502261  0.91538751 -0.42554918 -0.04624951  0.06542365  0.13318019 -0.27906173  0.36738831 -0.17258047 -0.11080708	
0.00399600	0.16605319	0.00022857	-27.66463089  35.37607193 -23.55822945   2.39716244   1.35917771   0.16910824	  145.21121216  -366.63650513 -1297.47851562    37.92411041   -59.92959213    28.30919266	-18.25065466  21.55422751 -23.70514670  -0.21498420  -1.42095537  -0.77104050	 169.27530931 -190.77990559 -815.95825324   39.65386826  -64.90218785   23.70476528	68.39516970	0	0.00000000	0.00000000	0.00000000	 0.70804906 -0.52541756 -0.42547602	0.38730224 0.00572682 0.03830371	  46.76998926   65.13796183  -57.70312658  -12.41772902  -19.56129573   12.19545214    6.79141708  -96.58230876   -5.57452114 -137.67390832  -35.71589714    0.00000000	 0.02388408  0.16850775 -0.19713950  0.92457604 -0.43048093 -0.04666369  0.06374290  0.13367873 -0.27475125  0.36033967 -0.16422027 -0.12392261	
0.00398000	0.16851895	0.00036966	-8.98751259 44.37126923 -0.94855022  2.67337155 -0.39262411  0.28175479	  278.16973877  -295.04449463 -2172.44531250    78.79271698   -16.37139893     6.84089708	-19.57904837  34.38394707 -20.61443101  -0.24529342  -1.04462755  -0.43125614	  307.09570409  -192.93577262 -1539.35377143    73.05798392   -72.05341867    26.45180632	68.96731451	0	0.00000000	0.00000000	0.00000000	 0.71281634 -0.50297255 -0.44243859	 0.37587775 -0.28885926  0.08712916	  44.63441400   68.28046615  -60.48678561  -12.12116201  -14.06545164   10.47532073    4.16362325  -95.97086876  -13.50886418 -129.86403202  -20.14545932    0.00000000	 0.02880048  0.17121524 -0.19962455  0.93215394 -0.43490648 -0.04680175  0.06250983  0.13429232 -0.27043310  0.35457191 -0.15707961 -0.13537377	
0.00400000	0.17115264	0.00075682	 3.84426212 37.85385895 20.89981270  2.59629893 -3.47805309  0.14640546	  426.19192505  -151.97140503 -2168.67431641    90.04650116    13.63308144    -0.07025960	-0.70872091 36.70532204 -3.78022336 -0.27249885 -1.79254969 -1.23627817	  457.37851015   -80.23087589 -2053.47191574    95.57568264   -41.51007136    14.90681939	71.10849798	0	0.00000000	0.00000000	0.00000000	 0.69328004 -0.47378326 -0.43766149	 0.45668747 -0.01057179 -0.26467716	  44.60391720   72.52436317  -63.15893176  -19.89601306  -10.89680734    7.98551330    2.98169414  -95.86702614  -28.19915531 -123.19687935  -11.45738543    0.00000000	 0.03564971  0.17484309 -0.20365125  0.94141150 -0.44075862 -0.04681708  0.06124534  0.13565756 -0.26441988  0.34791443 -0.14813650 -0.15104339	
0.00400400	0.17421885	0.00105845	-16.06237030  15.48274708 473.93414307   0.75172353   1.16010666 -10.39637661	  576.52362061    94.40184021 -2237.32006836    71.18696594    51.57625198    34.12588120	 73.79561544 -31.41973490 239.16811921  -2.14935597   7.22645897  -4.35740800	  624.13621159    87.74032710 -2163.82212948    80.41568129    -0.54531592    23.26176981	79.54847259	0	0.00000000	0.00000000	0.00000000	 0.66593700 -0.45194428 -0.41686656	 0.18430737 -0.13338564 -0.25357085	  39.13844197   81.30975607  -64.12118930  -13.57051213   -3.47676935    6.15761415   -6.76877019  -99.38320349  -31.83135152 -108.13976146   12.21487273    0.00000000	 0.04226116  0.17866270 -0.20793106  0.94915807 -0.44610453 -0.04671738  0.06048350  0.13792019 -0.25884387  0.34427890 -0.14060465 -0.16599202	
0.00398400	0.17760918	0.00159132	 -5.74591637 -30.03098297 498.62927246  -2.21434832  -1.50828362  -8.76669216	  521.87225342   213.80952454 -2175.10815430    48.58941650    99.27665710    47.79698944	128.19365427 -93.60138388 420.28676856  -3.53602789  14.23769820  -5.87208766	  615.54692464   228.39295930 -2194.12974330    52.40409462    36.66016217    37.29225592	85.51271501	0	0.00000000	0.00000000	0.00000000	 0.66369647 -0.49218954 -0.32294668	-0.01314505 -0.08397824 -0.13902808	  40.99232249   90.91208527  -61.57775002   -9.07480627   -3.76035424    3.74986556  -11.39766375 -108.75819860  -37.86290995  -91.39945365   29.94566523    0.00000000	 0.04914873  0.18355611 -0.21283212  0.95644450 -0.45145813 -0.04645660  0.06008295  0.14160174 -0.25344425  0.34226939 -0.13398552 -0.18408532	
0.00400400	0.18160287	0.00176923	 18.04990768 -28.20501328  42.28989410  -1.51412666  -5.01763105  -2.48328543	  378.97433472   204.73648071 -2123.95434570    38.82090378   119.62467957    34.52842712	 71.37228593 -63.80542468 170.60320088  -1.32091897   4.06235441  -3.35902622	  502.32632301   249.59922724 -2138.62552566    30.52320867    69.26744941    34.48229016	91.65237254	0	0.00000000	0.00000000	0.00000000	 0.63831884 -0.51016942 -0.20961947	-0.12900661  0.46661255 -0.10949889	  46.14046739  103.49059530  -54.53090534    1.62072215   -7.20104577    1.61137590  -20.46881865 -127.39782278  -33.29081895  -66.39914277   68.51192747    0.00000000	 0.05602097  0.18971503 -0.21829309  0.96327072 -0.45670435 -0.04597339  0.06019290  0.14634174 -0.24857387  0.34104222 -0.12873931 -0.20417280	
0.00399600	0.18578984	0.00204460	-42.95332718  -1.92366159   8.13383198   0.09247082   4.69320917   1.25191736	  305.71554565    51.66429901 -2184.48754883     7.84165096   151.19140625    31.58939934	  2.97116825 -34.17626152  37.57439017   0.03353628   0.84611540  -0.13657671	  391.02884449   147.63015730 -2201.84282742    13.11275507    92.68929067    31.34974881	93.90114353	0	0.00000000	0.00000000	0.00000000	 0.60250055 -0.50276884 -0.11309250	 0.14861821  0.11115661 -0.15625016	  52.97627675  114.30674808  -42.49999938   16.36880551  -13.68042524   -0.10324164  -31.59709900 -149.99329534  -23.69130456  -44.04257355   95.66492709    0.00000000	 0.06240233  0.19708581 -0.22418357  0.96943730 -0.46146736 -0.04529077  0.06051492  0.15231659 -0.24430940  0.34004512 -0.12510377 -0.22549513	
0.00398800	0.19027843	0.00203795	-0.13264415 39.55692673 12.51601410  2.73922610 -1.14077497  1.33584714	  356.14541626    21.13055420 -1775.39221191   -12.08103180   139.05731201    33.71603012	-19.69963652   3.78457880   3.45608179   0.08098063   0.41872363   0.41915041	  368.26309204    57.10971708 -2035.03438340    -5.28973822   105.16248788    28.82384457	94.04118725	0	0.00000000	0.00000000	0.00000000	 0.55995396 -0.45164339 -0.06710919	 0.35654003  0.29329753 -0.28063358	  60.19326279  127.13494162  -31.34525248   29.38369012  -15.84469276   -2.56835548  -44.79493364 -174.97770424  -14.93497773  -18.34266542  132.63997130    0.00000000	 0.06931291  0.20515455 -0.23035784  0.97503632 -0.46654481 -0.04456980  0.06070341  0.15860590 -0.24074289  0.33906338 -0.12297154 -0.24694784	
0.00398400	0.19475739	0.00202341	25.01346970 58.88333893 17.92041016  3.74355674 -4.29426003  0.70126903	  238.39340210    57.83693695 -1447.03186035   -24.02294159   124.50004578    23.98089027	 8.67819882 40.65206717  1.78287301 -0.21683442 -1.43116582 -0.62487650	  308.34595589    23.25893965 -1669.21151970   -23.08084667   101.29099883    24.20359974	92.55951082	0	0.00000000	0.00000000	0.00000000	 0.52280379 -0.44092079 -0.02410593	 0.21952257  0.44765107 -0.28356352	  65.00543397  137.20595662  -20.11281182   40.13616432  -17.07999607   -3.34974395  -55.59479878 -193.86811977   -4.19663767   -1.79133533  156.43921790    0.00000000	 0.07574029  0.21221086 -0.23581882  0.97972262 -0.47104704 -0.04412495  0.06061702  0.16398251 -0.23828852  0.33808163 -0.12194378 -0.26523289	
0.00400800	0.19923353	0.00191614	 -4.14748335  25.54176712 -22.07898521   1.67561471   0.67391562  -1.69855320	  219.26087952    50.76669312 -1168.98950195   -35.32992172   113.85415649    22.16168785	  4.53247182  37.71474467 -18.15539885  -0.27851100  -1.25076986  -0.90988319	  256.55948384    -1.08739111 -1356.45266191   -34.88702647    96.02234017    20.23177491	94.51791132	0	0.00000000	0.00000000	0.00000000	 0.50532426 -0.45113626  0.00007505	 0.01270202  0.18520386 -0.22497398	  65.96502580  145.66008668  -14.15158542   46.71745047  -17.09958541   -4.51234933  -64.39687583 -210.85930540    1.34261917   11.47771129  180.11256053    0.00000000	 0.08485980  0.22110794 -0.24279076  0.98585856 -0.47679949 -0.04394087  0.06012222  0.17045590 -0.23597221  0.33665502 -0.12102339 -0.28743726	
0.00399600	0.20358379	0.00177557	 -8.75012493  -4.87804556 -23.69463348  -0.53638905   0.85280758   0.17982270	  214.89672852    69.33123016 -1071.09387207   -38.96686172   111.67707062    21.74637604	-13.40526351  20.33472569 -42.31940366  -0.47785551  -0.66191508  -0.93102864	  225.57286011    19.50655666 -1199.50258058   -43.63680745    93.25665572    14.00664941	94.08011714	0	0.00000000	0.00000000	0.00000000	 0.48911433 -0.48245154 -0.02186788	 0.01049001 -0.03921106 -0.03732267	  63.18409404  152.37071061   -7.01338455   50.83723130  -15.30492501   -4.94785314  -65.39417347 -218.05021298    5.90889791   16.09638690  192.70994897    0.00000000	 0.09384125  0.22877018 -0.24865824  0.99180275 -0.48193830 -0.04403291  0.05936823  0.17531863 -0.23450726  0.33537415 -0.12020271 -0.30543852	
0.00399200	0.20777558	0.00151813	 6.44779921  9.77731323  4.62596655  0.48849478 -2.57391286 -0.75708663	  195.70762634   103.80607605 -1028.61584473   -38.43108749   111.72048950    17.35020447	 -2.79744161   9.85284132 -31.81394937  -0.36229339  -1.51543949  -1.19580212	  211.47702341    21.13249881 -1098.92261882   -47.62098745    92.60078027    11.36081603	94.11173122	0	0.00000000	0.00000000	0.00000000	 0.47197986 -0.50988141 -0.04653435	 0.01049001 -0.03921106 -0.03732267	  62.96882750  153.07534412   -6.14283261   50.81914741  -12.83257329   -4.59830835  -62.13182136 -221.98501713    7.47211460   15.35204907  201.78633536    0.00000000	 0.10349000  0.23597988 -0.25418055  0.99828380 -0.48706949 -0.04426301  0.05844932  0.17900786 -0.23341814  0.33413163 -0.11893717 -0.32195181	
0.00399600	0.21168348	0.00130192	-40.79047775  49.41683578  24.64180374   3.15045595   2.32628846   0.68372971	 204.68754578   84.27548218 -998.93255615  -42.09782791  115.19239807   17.38030052	-11.40966706  18.06771649  -0.52109759  -0.21031696  -1.36686124  -0.28835332	  204.47582235    24.08840414 -1046.19319657   -50.31625804    94.43708909     7.07350399	90.95336290	0	0.00000000	0.00000000	0.00000000	 0.45427355 -0.53234227 -0.06449392	0.22388688 0.05558121 0.05113760	  55.15324733  152.55807900   -6.31081334   50.85919379   -7.40559503   -3.49654789  -59.69350929 -217.59341933   11.16264934   13.84537208  204.35567842    0.00000000	 0.11366795  0.24289046 -0.25951114  1.00471890 -0.49213162 -0.04463116  0.05763251  0.18166164 -0.23256677  0.33298880 -0.11714242 -0.33677006	
0.00398800	0.21534663	0.00110009	-60.82011032  59.34322357   7.22674751   3.40583014   4.37591648   2.11231089	  223.17921448    78.13481903 -1040.03076172   -45.89017868   123.26335144    14.02248478	-46.08018072  35.62858806  15.29169322  -0.41151016  -0.31608358   0.00584630	  215.94876420     6.16984892 -1052.72027446   -53.67964727   101.09409200     4.21021633	89.05509563	0	0.00000000	0.00000000	0.00000000	 0.44558294 -0.53056310 -0.06169478	 0.16226687 -0.01616055  0.02152593	  50.04253970  148.84940858   -8.34502204   49.32892164   -1.18952765   -1.86588092  -57.94246656 -211.72896595    9.91208787    7.32127853  206.27794019    0.00000000	 0.12437513  0.24990843 -0.26445055  1.01154506 -0.49720141 -0.04523708  0.05712200  0.18351775 -0.23175377  0.33195338 -0.11478776 -0.35006201	
0.00400400	0.21879435	0.00100123	-31.60058212  33.73782349  10.22347164   2.10988927   0.51322824  -0.36467919	  291.27145386   101.85086823 -1098.87023926   -51.36610794   136.00848389    14.68936348	-39.20493211  28.89825199  11.18416785  -0.47146243  -0.82302856  -0.88902624	  261.62385450     1.10625217 -1107.32058456   -60.40365593   113.29851215     1.26414887	86.31897215	0	0.00000000	0.00000000	0.00000000	 0.42937164 -0.52129924 -0.06085765	0.21922487 0.04097201 0.03722242	  41.06654354  144.52932814   -9.32492910   48.19348904    7.89849226   -0.29264954  -57.48861299 -200.88427767    9.00234969   -2.80785619  201.97902950    0.00000000	 0.13556552  0.25694939 -0.26985785  1.01803386 -0.50232494 -0.04610378  0.05693350  0.18482931 -0.23086406  0.33107901 -0.11191154 -0.36138278	
0.00398400	0.22212109	0.00100463	-31.04729462  16.59317017 -13.57810402   0.56228846   2.04587913  -1.17379892	  339.30511475   157.43608093 -1008.88208008   -48.54229736   142.45564270    15.10238934	-32.81954361  15.81309716  -8.59935928  -0.45609011  -1.26820492  -1.11341107	  298.85822506    31.43321789 -1063.94934174   -63.73190670   125.42747437    -1.33798963	84.27212720	0	0.00000000	0.00000000	0.00000000	 0.41057702 -0.50542974 -0.06422248	0.34441490 0.10505505 0.05966306	  33.98675558  138.88211686   -8.26556935   46.31777386   16.94858188    1.24284241  -54.34845719 -189.34282762    7.12782361  -15.79087151  195.06834042    0.00000000	 0.14698601  0.26386765 -0.27575600  1.02438450 -0.50754809 -0.04705485  0.05707487  0.18589543 -0.22983630  0.33031201 -0.10869019 -0.37072474	
0.00399200	0.22545604	0.00108760	-32.82046127  20.06505203  -3.80329251   1.03847349   2.08664632  -1.22205627	  361.87652588   175.22746277 -1044.89831543   -47.09019470   142.85333252    15.93171787	-37.34338785  12.79924374 -16.26372280  -0.67905227  -0.54999870  -1.83077098	  331.92440770    64.67543943 -1072.05773071   -65.13168377   131.17374740    -3.10091688	82.89122496	0	0.00000000	0.00000000	0.00000000	 0.39607023 -0.47269185 -0.05504149	0.37843958 0.07929194 0.01026480	  24.00777728  133.09327714   -8.12420961   43.26821179   26.36585135    2.08905035  -53.39166394 -176.13753531    6.19075969  -26.12980499  188.25084736    0.00000000	 0.15852155  0.27072453 -0.28210667  1.03071988 -0.51264858 -0.04799058  0.05741259  0.18700756 -0.22871649  0.32968310 -0.10533844 -0.37804949	
0.00400400	0.22888988	0.00120902	-28.74220467  45.57381821   1.32030690   2.32112527   0.12877771   0.74959457	  385.58618164   204.16264343 -1087.61804199   -45.19873047   143.39328003    15.26013374	-35.65020450  25.40785416  -8.43608876  -0.56846974  -1.54013900  -1.38796751	  356.78919261    90.96070238 -1108.78910750   -65.65292642   133.26971642    -4.21038049	80.41522834	0	0.00000000	0.00000000	0.00000000	 0.39431622 -0.44887582 -0.04604470	 0.50876053  0.03514347 -0.14979182	  13.91791349  127.06953549   -6.08002487   40.01427853   33.73156357    1.97361939  -51.69980026 -160.31929231    3.80201590  -34.78332821  184.91976205    0.00000000	 0.17009543  0.27749705 -0.28900191  1.03702450 -0.51738858 -0.04889563  0.05797808  0.18828076 -0.22751999  0.32896212 -0.10210941 -0.38316530	
0.00398000	0.23244534	0.00140797	-48.99507523  66.19659424   4.21179008   4.14989710   3.50126243   1.34763467	  380.41958618   198.07339478 -1115.35046387   -44.44871521   143.98054504    17.52673149	-47.48555759  41.73878124   7.87454179  -0.57225791  -0.91645152  -0.88996859	  360.68563264    94.11325943 -1136.34903907   -65.15800173   133.69458271    -3.09873548	79.19130762	0	0.00000000	0.00000000	0.00000000	 0.39375806 -0.44682918 -0.01674281	 0.45893646 -0.23668015 -0.01764662	   0.70613277  121.97210403   -3.56557257   36.14693263   40.82160889    0.73691239  -53.04989217 -144.18723641    2.49375446  -42.59863677  179.22884111    0.00000000	 0.18015067  0.28302705 -0.29555202  1.04220939 -0.52113920 -0.04974699  0.05866138  0.18968436 -0.22642319  0.32814142 -0.09949397 -0.38587278	
0.00400800	0.23623748	0.00166881	-38.43775940  44.93118286   4.84762335   2.50415611   1.98933446   0.14686419	  383.55041504   179.62380981 -1120.08984375   -44.60280991   143.99804688    19.19006729	-49.86038711  37.36649204   9.23268863  -0.77774437  -0.56744369  -0.90044218	  358.92271405    88.84961961 -1156.11260634   -64.43285932   133.72503555    -0.94758779	75.88827886	0	0.00000000	0.00000000	0.00000000	 0.39691088 -0.46350702 -0.01761684	0.52457619 0.04143694 0.00100152	  -6.94248223  117.64173424    2.24153782   32.18384279   43.70176140   -1.19294766  -48.54494770 -128.93572113   -0.88044087  -47.82755547  178.99194010    0.00000000	 0.19292872  0.29076600 -0.30469453  1.04822254 -0.52534229 -0.05102019  0.05972952  0.19213106 -0.22488920  0.32676852 -0.09644902 -0.38714600	
0.00398800	0.24030840	0.00192353	-40.88934326  16.65379906 -10.76316357   0.82471037   2.14273214  -0.02804092	  377.32818604   174.02297974 -1112.84326172   -44.92804337   143.93917847    19.10066605	-45.90204325  16.96742951  -9.33592875  -0.47590685  -0.79817338  -0.85437667	  355.07273845    85.52279124 -1156.32155259   -64.10158256   133.65915192     1.37907309	74.37115290	0	0.00000000	0.00000000	0.00000000	 0.39340777 -0.48218829 -0.01053017	0.37420679 0.00542187 0.14665507	 -15.99205392  114.77599340   10.25446263   28.05279667   46.37535289   -3.26175747  -46.47010776 -114.58548985   -1.23093721  -54.14585111  169.65369361    0.00000000	 0.20401174  0.29765356 -0.31322348  1.05313122 -0.52860969 -0.05227805  0.06074268  0.19503027 -0.22345494  0.32521152 -0.09399465 -0.38663977	
0.00400000	0.24466908	0.00215204	-25.48420525  20.79894829  -6.25593710   1.10037720   1.25156558  -0.96237630	  343.57901001   156.45408630 -1060.60705566   -38.15638733   126.39827728    17.71902847	-34.63620301  12.69720269 -16.99646674  -0.70152475  -0.66620027  -1.99288463	  339.28624481    80.85785916 -1150.92159009   -60.78820397   125.29646023     2.87828766	71.35671340	0	0.00000000	0.00000000	0.00000000	 0.38449769 -0.50057155  0.00388837	0.36637095 0.00190263 0.20842116	 -20.06718654  115.85796645   19.10892551   26.98921996   44.58890772   -5.44551251  -41.89610767 -103.96908150   -2.61146186  -59.29079042  161.70460948    0.00000000	 0.21473426  0.30449513 -0.32176775  1.05781758 -0.53122509 -0.05355893  0.06176370  0.19865814 -0.22197464  0.32330173 -0.09157863 -0.38525152	
0.00399600	0.24928153	0.00229730	-23.03604698  34.45127487 -14.11589146   1.95055485   1.05730891  -1.37734056	 320.50811768  141.79702759 -951.38275146  -32.12298965  115.75162506   15.57415581	-32.50108148  20.47486802 -18.42769895  -0.67653271  -0.63649367  -1.89305291	  311.65189586    82.57458169 -1053.18986014   -52.91617147   113.56442114     3.32296650	71.44207673	0	0.00000000	0.00000000	0.00000000	 0.38330510 -0.51293777  0.00464024	 0.33561251 -0.04794036  0.18878821	-22.82927901 119.71126377  30.40357287  25.37381076  44.63094804  -7.46834733 -39.07797471 -95.32895583  -1.16478927 -65.42791471 144.69187124   0.00000000	 0.22512697  0.31172016 -0.33011261  1.06238890 -0.53325760 -0.05487815  0.06280828  0.20296863 -0.22044066  0.32097775 -0.08910125 -0.38315764	
0.00398400	0.25404873	0.00240227	-28.11927605  37.42185211 -20.91551590   2.19369292   1.57284856   0.58597761	 292.84298706  108.24487305 -843.29602051  -27.05010223  103.87808228   14.14154625	-36.52383752  29.25364585 -19.66558824  -0.43623830  -0.87212421  -1.28536420	 284.51356322   69.22864964 -940.01834455  -44.61402966  102.40163390    4.13626728	71.29804694	0	0.00000000	0.00000000	0.00000000	 0.38173507 -0.52934822  0.00189875	0.32798862 0.04587949 0.17687621	-24.66913545 123.58012320  38.64442670  27.17516458  41.64694743  -9.34421297 -38.28786276 -88.75076975  -0.11090753 -71.60550371 131.00381758   0.00000000	 0.23399338  0.31833163 -0.33716890  1.06637716 -0.53456920 -0.05618970  0.06368792  0.20711038 -0.21906775  0.31853873 -0.08680028 -0.38091803	
0.00400400	0.25894374	0.00243665	-29.95708275  29.97515297 -18.91282272   1.93334448   1.76465976  -0.48654515	 251.18000793   94.58854675 -703.32189941  -18.94430161   86.77751160   12.61378860	-40.00295779  30.17929299 -21.32635047  -0.39144400  -0.77884489  -1.37825159	 255.10995462   65.90449349 -825.07922180  -36.48351784   90.52333749    4.73733121	74.54326612	0	0.00000000	0.00000000	0.00000000	 0.37964046 -0.54708261 -0.00003175	 0.23464778 -0.09097379  0.15844724	-27.62199455 127.00525589  45.69846734  26.08554745  42.95049229 -10.84153876 -36.72434201 -81.73580120   0.73869031 -73.41766111 116.06267819   0.00000000	 0.24497668  0.32700628 -0.34581289  1.07151604 -0.53563529 -0.05813786  0.06466182  0.21221086 -0.21722697  0.31481880 -0.08365563 -0.37764299	
0.00398400	0.26386583	0.00250540	-31.67754555  17.03368759 -10.07899189   1.06157756   1.74248302  -1.24619961	 223.67280579   96.57865143 -637.90216064  -14.39848709   77.75771332   11.19119453	-37.83714373  16.58591826 -20.99196212  -0.37852483  -0.65714844  -1.65702852	 221.44398641   70.93653138 -720.92783309  -29.22757925   78.55282686    4.89798024	73.42566942	0	0.00000000	0.00000000	0.00000000	 0.36992190 -0.57493859  0.01110849	0.18337052 0.10941234 0.32021301	-28.69879690 127.68851422  49.48784183  25.80681245  41.41470504 -11.64395576 -33.84999030 -75.96679735   0.73336871 -77.02128475 102.19579171   0.00000000	 0.25315279  0.33387852 -0.35223261  1.07548904 -0.53599578 -0.05988660  0.06527442  0.21632193 -0.21582338  0.31145173 -0.08104019 -0.37489715	
0.00400000	0.26887321	0.00240568	-31.23921394   0.33730027  -9.93498611  -0.03900928   1.93332684  -1.70556128	 207.77734375   87.19323730 -593.42291260  -10.71456718   71.30420685    9.13535500	-34.22030925   0.14939394 -25.04340640  -0.34707785  -0.43435752  -1.73963114	 197.56820146   73.80254009 -655.15865930  -23.78148867   70.06386815    4.29320177	71.69305064	0	0.00000000	0.00000000	0.00000000	 0.36310686 -0.59319617  0.00411268	0.03552710 0.05609704 0.21037601	-27.22624196 126.49766254  53.36715621  22.49399814  43.02984758 -12.17818563 -28.26014146 -68.26937169   0.83006670 -77.87731759  87.35140519   0.00000000	 0.26313901  0.34292135 -0.36007890  1.08044386 -0.53591907 -0.06236397  0.06599700  0.22127669 -0.21370649  0.30680376 -0.07744300 -0.37134600	
0.00398800	0.27376309	0.00235723	-35.65208435   0.60789120 -18.49507904   0.13481155   2.13163352  -1.14038098	 215.80017090   60.98969650 -586.67718506   -9.03206444   70.72827911    7.57561159	-35.73425142  -6.68420236 -30.92939482  -0.20750448  -0.52000942  -2.01542910	 193.60314456   62.49211838 -623.70155452  -20.08538545   67.17274952    3.66104790	70.17468167	0	0.00000000	0.00000000	0.00000000	 0.35928442 -0.60285020 -0.00838428	-0.00292896 -0.00262485  0.18292486	-27.99264458 123.98569890  51.90095601  22.02494865  44.13635257 -11.82170653 -27.81170067 -62.36984731   3.77652102 -78.47018347  76.84537746   0.00000000	 0.27042541  0.35016173 -0.36591572  1.08414841 -0.53544354 -0.06441184  0.06656248  0.22483552 -0.21192707  0.30246261 -0.07448242 -0.36865386	
0.00400400	0.27860802	0.00214230	-38.73382568  11.22687435 -20.65308189   0.75409549   2.12476516  -0.46885756	 221.03189087   54.31477737 -593.82250977   -7.88545418   71.33632660    7.07236814	-40.22946506  -1.82824533 -31.78981435  -0.01360384  -0.87904725  -1.27937381	 198.96035314   53.07957682 -621.42256142  -17.55502501   67.17962257    3.53797558	68.57840429	0	0.00000000	0.00000000	0.00000000	 0.35339463 -0.62141228 -0.01888140	0.00817830 0.11348556 0.19163621	-27.30873696 121.44945965  51.59730619  19.35114051  45.15925812 -11.89147018 -26.40761758 -56.34908280   6.40059010 -78.44644266  67.26774648   0.00000000	 0.27903873  0.35964173 -0.37297967  1.08868122 -0.53435445 -0.06717300  0.06725363  0.22902328 -0.20941134  0.29624999 -0.07086990 -0.36527911	
0.00398800	0.28320518	0.00199559	-35.62091446  28.31607628 -10.63829899   1.86739147   1.61838019  -0.40041724	 240.38720703   60.61114883 -603.26904297   -5.89234209   72.15933990    6.95335674	-42.10730950  10.90166882 -22.75168808  -0.03435459  -0.89942618  -1.48871971	 212.86351059   56.69463807 -628.88550931  -15.83226611   68.53574993    3.42298891	67.85650028	0	0.00000000	0.00000000	0.00000000	 0.34767463 -0.63432705 -0.03794028	0.05122960 0.09516178 0.22116756	-26.82110010 117.98943986  48.57922872  20.05474029  44.47375027 -10.40761601 -25.89800195 -51.02620328  10.06420076 -76.05047550  63.68306793   0.00000000	 0.28509793  0.36694348 -0.37805715  1.09198701 -0.53316557 -0.06948165  0.06785839  0.23202989 -0.20719475  0.29099610 -0.06794766 -0.36274803	
0.00400000	0.28764597	0.00167411	-42.98260498   7.71467209 -12.62739086   0.73577583   2.57901096  -1.66819632	 265.54360962   80.30846405 -632.86676025   -2.26084089   72.97203827    8.16911411	-44.45577973   5.57523170 -23.31429286   0.01928543  -0.74145595  -1.54867303	 229.24266747   72.82564740 -646.27316686  -14.29483400   69.91918721    3.69011856	67.94432761	0	0.00000000	0.00000000	0.00000000	 0.34395064 -0.63862597 -0.06385783	 0.02151435 -0.07606020  0.09216371	-27.12339735 115.96427946  47.91107328  19.10929141  45.15626905  -9.26718770 -24.68764280 -46.63385354  10.55592314 -75.78046066  58.57517436   0.00000000	 0.29215425  0.37667656 -0.38411638  1.09563792 -0.53118676 -0.07271067  0.06873018  0.23557338 -0.20388134  0.28373271 -0.06433514 -0.35968006	
0.00399200	0.29172501	0.00147919	-41.04000092  -3.33050942 -10.62243748  -0.25781098   2.01223087  -2.33401465	 274.19299316   76.09214020 -639.29809570   -0.66194892   74.29388428   10.15037346	-41.86796941  -7.02932943 -26.79797882  -0.23602551  -0.56149005  -2.15310787	 245.23652290   82.69338509 -661.29693627  -12.39842491   71.80545381    5.41078495	67.83096769	0	0.00000000	0.00000000	0.00000000	 0.33667396 -0.64434972 -0.07771829	0.04833063 0.01229930 0.03812497	-29.01792627 114.74269709  43.96554894  23.47471327  45.16518831  -6.71640243 -28.19357684 -42.34048992  13.34252701 -74.50498719  60.41829719   0.00000000	 0.29733911  0.38537425 -0.38917851  1.09865987 -0.52919257 -0.07572494  0.06968051  0.23846494 -0.20032251  0.27696785 -0.06127485 -0.35724103	
0.00399200	0.29558739	0.00120282	-41.27400589  -8.69801426 -19.03140259  -0.40503576   2.38914061  -2.27675366	 284.70977783   90.00205994 -663.96130371    2.12524939   77.49694061   11.80821800	-39.70533385 -14.99909148 -32.99415995  -0.10167778  -0.68252015  -2.15709427	 255.61809912   94.58540510 -680.29305929  -10.61196683   74.56672696    7.34050847	68.30158631	0	0.00000000	0.00000000	0.00000000	 0.33238056 -0.65416591 -0.08840775	0.07658618 0.03590566 0.12179219	-29.45238081 116.24083605  40.89385364  25.83147965  46.21191613  -4.70946208 -30.30640565 -39.75662204  13.36774334 -73.34339944  60.01863696   0.00000000	 0.30211747  0.39410260 -0.39408726  1.10124457 -0.52668452 -0.07872388  0.07078007  0.24112639 -0.19607338  0.26994222 -0.05841397 -0.35517785	
0.00398800	0.29914039	0.00098198	-37.04281616   4.80265045 -13.07578564   0.52406764   2.16104150  -0.68568593	 297.41934204  103.60265350 -692.35473633    5.61292315   80.85129547   14.33828354	-41.27250529  -9.41519008 -32.10994398  -0.16649071  -0.41215016  -2.06777880	 265.84649793  109.46655896 -704.36871799   -8.85502855   77.61001047    9.20250678	68.62600943	0	0.00000000	0.00000000	0.00000000	 0.32970377 -0.66456847 -0.09943172	 0.12696806 -0.00652497  0.06148087	-27.42891337 115.79260822  37.18903885  29.49844135  45.20279089  -3.06039607 -30.73826957 -37.78809186  12.62566259 -69.91156095  65.94583726   0.00000000	 0.30567628  0.40172648 -0.39833638  1.10320044 -0.52417648 -0.08130863  0.07184821  0.24331231 -0.19177824  0.26358387 -0.05612835 -0.35374355	
0.00400000	0.30245462	0.00068906	-29.21061707  23.09461784 -13.16665077   1.44667757   1.05904591  -0.91034919	 312.54400635  108.29618073 -715.28027344    7.90170145   82.42119598   15.72648335	-39.03567357   2.12363818 -26.34357327   0.06971076  -0.84348931  -1.53318206	 277.36465147  123.21319623 -728.11675458   -7.07240817   80.24529382   10.96412899	69.67751891	0	0.00000000	0.00000000	0.00000000	 0.32093044 -0.66596464 -0.11548536	0.15644119 0.02648960 0.02605093	-26.56532488 119.03179582  35.03678346  32.95048359  45.50824616  -1.40506772 -34.12275622 -37.06084226  11.94107077 -65.35004956  72.37485875   0.00000000	 0.30944222  0.41152093 -0.40369764  1.10540938 -0.52054095 -0.08459135  0.07330120  0.24597377 -0.18555795  0.25526202 -0.05349757 -0.35257006	
0.00400000	0.30544332	0.00051722	-32.40160370  21.53220558 -12.82736588   1.58946693   1.55140352   0.14383681	 312.03851318  110.21617889 -714.81506348    9.57754230   82.20507050   16.42839050	-39.18289625   8.71688148 -22.10859774   0.16845628  -0.93497610  -1.29113638	 283.18711102  129.72740414 -741.17451881   -5.06313357   81.40793642   12.40851938	70.35244025	0	0.00000000	0.00000000	0.00000000	 0.31300647 -0.67189416 -0.12724504	0.16027757 0.04525430 0.00172358	-23.20999035 121.47240562  30.98579728  38.97127865  42.79810674   0.24556223 -37.72735137 -36.54203995  11.50741760 -57.28855053  86.18264838   0.00000000	 0.31207299  0.42025697 -0.40831491  1.10722709 -0.51690543 -0.08749057  0.07456569  0.24817502 -0.17944503  0.24776852 -0.05139602 -0.35224792	
0.00400000	0.30824098	0.00032867	-38.19611359  11.42314339 -10.05036163   0.94500566   2.37811208  -0.41972920	 279.18469238  110.15937042 -696.13726807   12.27677441   81.52461243   18.73107719	-42.30188124   4.29547716 -21.30322406   0.05506201  -0.56379385  -1.17763381	 267.37152342  131.39462894 -731.71577727   -2.84149654   80.45154371   14.24987212	71.53050288	0	0.00000000	0.00000000	0.00000000	 0.30670031 -0.68103755 -0.13711928	0.15944091 0.01198759 0.04290116	-21.10820294 125.58191886  27.96790150  42.52172298  41.24259616   1.56357343 -40.30466993 -35.66624820  10.93755376 -49.99292795  98.12400432   0.00000000	 0.31407484  0.42879355 -0.41277114  1.10892987 -0.51287103 -0.09015203  0.07570451  0.25025359 -0.17282590  0.24016765 -0.04943252 -0.35257006	
0.00398400	0.31082022	0.00014265	-30.18491554  -3.36129570  -4.95835066  -0.14052694   1.72521734  -1.38675332	 264.95147705  116.61238098 -696.03741455   13.44092846   82.99356842   19.08060646	-33.95097251  -7.36687224 -23.21693320  -0.05639790  -0.44024828  -1.19192149	 246.04717724  135.55983510 -726.49574676   -1.43705688   80.07504665   15.24369152	72.12355273	0	0.00000000	0.00000000	0.00000000	 0.30776701 -0.69390050 -0.14223249	0.11681008 0.01851486 0.05920298	-17.26514890 129.24620263  23.54297797  47.08274854  37.62232847   2.45587748 -41.07249184 -34.75234933   9.79589605 -40.83851904 113.05181025   0.00000000	 0.31553978  0.43742219 -0.41711229  1.11059415 -0.50851452 -0.09288251  0.07664699  0.25227842 -0.16576193  0.23221396 -0.04750738 -0.35352114	
0.00399200	0.31319717	0.00001803	-30.09031868  -3.81151271  -5.17867231  -0.26088551   1.68338931  -2.04866171	 237.06439209  115.09866333 -732.66497803   14.81905651   90.63222504   18.93961906	-28.41292550 -13.61168672 -23.40830655  -0.21931791  -0.22900160  -1.83978018	 219.96034891  135.90627736 -746.31728496   -0.34266346   82.76339382   15.55824548	72.97024792	0	0.00000000	0.00000000	0.00000000	 0.30599689 -0.70094863 -0.14799764	 0.11907782  0.05802999 -0.02557442	-14.15985918 132.05610654  20.31994645  50.72242756  33.84698416   3.30366789 -40.66728645 -33.80598724   7.93626520 -32.56304370 125.83895955   0.00000000	 0.31660590  0.44605085 -0.42103928  1.11223555 -0.50388956 -0.09534456  0.07737741  0.25431862 -0.15836814  0.22386144 -0.04553621 -0.35503978	
0.00400800	0.31544450	0.00000000	-20.51954651  14.38421822  -6.33261776   1.32027984   1.38663244   0.02368456	 237.54435730  116.15726471 -759.84185791   15.82059956   94.16180420   19.57718468	-29.22768174  -2.96704865 -21.53122012  -0.11389000  -0.23359437  -1.36101852	 209.27280353  136.36609720 -769.66345583    0.36102076   86.09077844   15.88628135	73.62817404	0	0.00000000	0.00000000	0.00000000	 0.29993513 -0.70501153 -0.15466306	 0.12385943  0.05414423 -0.02913075	-11.98284392 135.47549781  16.02942231  54.55955065  29.59819572   3.59018000 -41.95750754 -32.87683604   6.41697590 -20.68093829 142.28684159   0.00000000	 0.31730387  0.45357502 -0.42454442  1.11372352 -0.49970949 -0.09728504  0.07781723  0.25618240 -0.15171833  0.21621455 -0.04374912 -0.35684988	
0.00399200	0.31766289	0.00000000	-20.31707382  26.25440216  -5.09963465   2.02042770   0.45952192   0.51314247	 233.32334900  117.26470184 -752.80084229   15.88987064   94.72505951   19.76800728	-30.18162332  10.24468733 -17.13042951   0.23778267  -0.87583151  -1.00082962	 203.96932793  137.45958177 -780.24288973    0.67620712   87.43604097   16.12473638	74.21254170	0	0.00000000	0.00000000	0.00000000	 0.29224286 -0.71652644 -0.16543276	 0.12086714  0.07221491 -0.01849597	 -8.82588388 137.30121988  13.35654744  57.66358362  24.41093237   3.68900987 -41.81876411 -32.50064522   5.07262023 -12.02259193 154.86791723   0.00000000	 0.31789443  0.46317774 -0.42887026  1.11590171 -0.49421781 -0.09960135  0.07809997  0.25878251 -0.14300533  0.20606726 -0.04130242 -0.35980278	
0.00398400	0.31987685	0.00000000	-22.01466942  17.45487785  -6.43555975   1.37189186   1.10324264   0.14709887	 214.55812073  111.68482971 -780.50970459   15.80772591  100.44768524   17.85103989	-27.35633421  10.37490943 -17.83853880   0.31096587  -0.95383498  -0.77198515	 186.64392533  134.07819390 -794.56532549    0.76585564   89.55572094   15.35704639	74.40665842	0	0.00000000	0.00000000	0.00000000	 0.28583877 -0.73089805 -0.17179069	0.07811685 0.09505661 0.07976293	 -5.69135577 140.53069425   9.75809934  61.80969277  19.16509057   3.83446690 -42.96703905 -33.74738108   4.04844406   0.24538611 171.73376227   0.00000000	 0.31813222  0.47169900 -0.43252879  1.11817205 -0.48911735 -0.10153417  0.07816281  0.26141328 -0.13528174  0.19690174 -0.03885572 -0.36299348	
0.00399600	0.32209745	0.00000000	-26.66538239  -6.64960670  -0.80464441  -0.36686978   1.64867342  -0.72462934	 220.58694458   92.67113495 -817.29174805   15.10679436  105.91287994   15.97582150	-26.72058299  -2.18108049 -21.41011420   0.00607667  -0.48576057  -0.94805658	 184.96653537  123.08482508 -826.97583678    0.66773950   93.84079212   13.94873682	74.15312778	0	0.00000000	0.00000000	0.00000000	 0.28031502 -0.74377181 -0.17513545	0.07086346 0.05640722 0.09063266	 -1.35640323 141.29353569   7.73120401  63.59615079  13.87152294   4.15753561 -41.29013228 -35.76005317   1.77464114   8.78287849 183.32928290   0.00000000	 0.31810153  0.48024327 -0.43599561  1.12078750 -0.48386347 -0.10332125  0.07813139  0.26443523 -0.12778825  0.18773620 -0.03610223 -0.36669803	
0.00399200	0.32431585	0.00000000	-23.88377762  -5.69655609   7.97469854  -0.25179914   0.38937348  -1.80942261	 210.98849487   86.02835083 -827.03643799   14.19079876  107.84013367   15.60763836	-20.68757340 -14.90119915 -19.44342665   0.06640949  -0.52287919  -1.10872380	 177.89775933  112.16674463 -846.92176314    0.42986506   95.93706566   13.04881241	73.91863148	0	0.00000000	0.00000000	0.00000000	 0.27090774 -0.73896267 -0.18540225	0.09965584 0.10289055 0.02503200	  1.62513594 142.67736776   5.03906207  65.53093336   7.84555594   4.31851955 -42.49175964 -39.76220288   1.20233519  20.58329953 198.04243093   0.00000000	 0.31790212  0.48811260 -0.43928599  1.12369442 -0.47854054 -0.10487057  0.07806856  0.26787135 -0.12104640  0.17867805 -0.03292689 -0.37085512	
0.00399600	0.32653648	0.00000000	-33.94056320   8.26201916   2.59745550   0.46604967   1.82109499  -0.91136032	 177.67333984   96.24282837 -851.54760742   13.92244816  113.47968292   15.70918941	-26.36636549 -11.60106881 -13.28273776  -0.11871219  -0.46174876  -1.39442061	 154.10103036  108.27776863 -863.87379773   -0.31825536   98.36686810   12.95365208	73.25572694	0	0.00000000	0.00000000	0.00000000	 0.26297490 -0.74623267 -0.19322530	0.05995487 0.08833072 0.08366938	  3.34409270 144.40460915   3.26858806  66.43257412   3.91180320   4.59418007 -44.81939898 -45.08614331   0.72715284  28.50249301 207.95835600   0.00000000	 0.31764901  0.49642676 -0.44249201  1.12680840 -0.47319463 -0.10617446  0.07804500  0.27167562 -0.11409747  0.17004174 -0.02926068 -0.37544173	
0.00399200	0.32875487	0.00000000	-35.32001114  23.70271111  -2.38949490   1.74103832   2.06672812   0.19240849	 179.64912415  114.08081055 -897.28192139   14.62260342  121.74879456   19.06091118	-37.98042234  -2.87224680 -10.70316984  -0.05381801  -0.29115435  -0.98073867	 139.06727334  117.74205193 -898.07908428   -1.50230125  102.84125190   14.13134694	72.61158893	0	0.00000000	0.00000000	0.00000000	 0.25232425 -0.75777767 -0.19469174	0.00354676 0.03644798 0.07086230	  5.92315112 146.13254042   2.39158051  66.46742133  -0.43845958   4.70256348 -45.09660734 -50.99789791  -0.11215918  36.54771915 216.83053388   0.00000000	 0.31743425  0.50384355 -0.44529152  1.12963855 -0.46865404 -0.10719456  0.07804500  0.27525747 -0.10830669  0.16189630 -0.02561747 -0.37977523	
0.00401200	0.33098435	0.00000000	-24.42040062  21.44048119   8.41437435   1.63533044  -0.61789602   0.54433364	 210.94140625  122.94857788 -936.43072510   13.94866562  124.83535767   20.98656654	-32.57787868   2.58443231  -5.73518766   0.37847775  -1.15276545  -0.77756765	 149.71809496  131.18096853 -940.45189686   -2.81322220  107.80297838   15.97894484	72.24463951	0	0.00000000	0.00000000	0.00000000	 0.24071686 -0.76207293 -0.21522169	0.06070279 0.12073629 0.05859490	  6.90194030 148.85915243   1.73427785  66.40187754  -3.04477243   4.87625327 -47.31644221 -56.90913532  -0.19975112  42.60501679 222.00000000   0.00000000	 0.31705841  0.51173586 -0.44896540  1.13347352 -0.46299365 -0.10837572  0.07805286  0.28017387 -0.10111232  0.15117377 -0.02040194 -0.38545093	
0.00398000	0.33319610	0.00000000	-34.47325134  -8.59251976 -11.93710327  -0.50908840   2.39890766  -1.12643111	 221.98481750  142.77047729 -973.57177734   13.95196247  129.82929993   23.83801270	-28.85758439  -4.52211617 -19.43535251   0.23027973  -0.57874240  -1.46487313	 164.96754964  149.15279507 -977.88538076   -4.62356313  112.60621371   18.04781281	74.68686190	0	0.00000000	0.00000000	0.00000000	 0.23800992 -0.76666404 -0.23573382	 0.06332283 -0.04246594  0.10176325	  7.67317859 159.45632954   3.09434523  63.47890396   1.12257671   4.23361009 -48.77818088 -63.04296121   0.17114832  52.20110702 222.00000000   0.00000000	 0.31665960  0.51374543 -0.45230949  1.13709366 -0.45806190 -0.10929611  0.07804500  0.28470677 -0.09499941  0.14157873 -0.01524010 -0.39123404	
0.00399600	0.33541670	0.00040167	-17.14934158 -48.03820801 -13.61741543  -2.33231521   1.29689217  -2.34233785	  262.79980469   173.59509277 -1085.63842773    14.57356548   140.13142395    29.03362083	-21.29494645 -26.02889858 -42.85942133   0.34472126   0.13861652  -1.32499872	  182.44163518   172.54633450 -1053.90700548    -6.58368634   119.41180697    20.95278622	77.26330866	0	0.00000000	0.00000000	0.00000000	 0.24153486 -0.77312235 -0.25463901	 0.06332283 -0.04246594  0.10176325	  7.60682673 171.54638573   4.79058173  58.15350260   6.43879274   3.06085482 -48.31448507 -68.71718325   1.84148456  57.92025740 221.94373126   0.00000000	 0.31630677  0.51132935 -0.45568424  1.14108205 -0.45327589 -0.10997873  0.07801358  0.28936240 -0.08927000  0.13219076 -0.00960272 -0.39752337	
0.00398800	0.33807930	0.00082515	  -3.46158576 -103.82333374    7.62431383   -5.76760006   -2.64498019   -5.19556808	  347.75088501   221.82508850 -1226.94287109    13.81904602   147.63967896    36.04867935	 18.32283265 -64.89768398 -58.95154575   1.21002761  -0.51200425  -2.24104845	  231.11092965   204.21493486 -1167.61538373    -9.75410617   129.09945421    25.28008346	78.04010690	0	0.00000000	0.00000000	0.00000000	 0.24467768 -0.77951373 -0.27349790	 0.06332283 -0.04246594  0.10176325	  5.30114738 193.58925999   7.17975870  50.97863457  14.29104523   0.72764292 -46.86560719 -71.29755639   3.32049448  64.31929848 222.00000000   0.00000000	 0.31606901  0.50640529 -0.45898229  1.14554596 -0.44860491 -0.11026251  0.07791933  0.29382628 -0.08396242  0.12317096 -0.00364320 -0.40438026	
0.00399600	0.34121701	0.00133169	-26.85144806 -90.55835724 -16.71407127  -4.23206234   2.20285916  -1.26393199	  359.14947510   264.06735229 -1330.14660645    11.36696529   149.31262207    43.70365524	 11.72294964 -81.34702068 -71.53512012   1.92131113  -0.56204687  -0.56034385	  267.56237220   250.81619874 -1295.39900038   -14.33996852   132.38348290    32.06677080	76.58944083	0	0.00000000	0.00000000	0.00000000	 0.24164349 -0.78556744 -0.26919190	0.15331241 0.06253343 0.02537997	  2.52622516 212.30769745  11.21398471  46.78982313  17.64131834  -1.44088563 -44.21983729 -71.74523538   4.12336803  69.79101582 222.00000000   0.00000000	 0.31583890  0.50277746 -0.46176648  1.14976442 -0.44479299 -0.11007077  0.07773084  0.29789135 -0.07965960  0.11567747  0.00177942 -0.41086900	
0.00400400	0.34492213	0.00154298	-39.13413239 -68.28765869 -11.49163342  -3.25507712   2.20752621  -0.56199473	  374.11611938   327.74987793 -1539.78723145     6.68442440   152.97412109    46.27232742	-13.03325681 -76.20517896 -67.37687074   2.13503264  -0.10791421   1.05274176	  263.02829136   311.53959504 -1454.56133189   -21.44255899   131.30007412    34.43054041	74.33084687	0	0.00000000	0.00000000	0.00000000	 0.22345196 -0.77292734 -0.24587750	0.75925558 0.42622499 0.17490093	  0.03752396 231.83037281  17.18089171  43.77244086  20.72890811  -3.30302002 -43.05565067 -72.49420078   6.70056169  79.78281171 222.00000000   0.00000000	 0.31527901  0.50120509 -0.46491879  1.15537870 -0.43958512 -0.10930378  0.07747166  0.30262366 -0.07455145  0.10639688  0.00889709 -0.41986579	
0.00398800	0.34885320	0.00178435	-15.76589966 -78.25830841  10.22166920  -3.61803818  -2.04000020  -1.12011087	  380.21456909   322.89480591 -1536.89562988     1.81185782   152.73425293    45.43923187	 -1.45787659 -72.48949332 -55.65106734   2.42088419  -1.10803708   0.08487990	  264.34018698   331.37344845 -1554.65192281   -27.50212653   130.44582689    35.48526565	74.38255122	0	0.00000000	0.00000000	0.00000000	 0.18440021 -0.69444725 -0.20868782	 0.81203442  0.22195064 -0.03114728	  3.27941395 232.00000000  21.33185786  45.63515074  20.63010874  -3.38854684 -39.99858208 -76.04511025   9.52169617  85.45492233 222.00000000   0.00000000	 0.31435862  0.50145054 -0.46748054  1.16031814 -0.43509054 -0.10837572  0.07729887  0.30612880 -0.07044806  0.09846620  0.01517107 -0.42856348	
0.00400000	0.35305920	0.00186907	-46.82238007 -66.19830322 -18.08213425  -2.80344558   3.21675658  -2.20994711	  318.27392578   332.14022827 -1362.00671387    -2.25774908   150.15798950    48.18806839	 -9.16894486 -70.97553525 -56.48573468   1.77499827  -0.64970004  -0.69332379	  234.60379023   338.30033109 -1482.15304887   -33.16723813   129.14457263    37.17279795	74.11361486	0	0.00000000	0.00000000	0.00000000	 0.14989466 -0.65186511 -0.16982011	 0.80328954  0.27992600 -0.16575913	  2.83950515 232.00000000  25.66349780  43.94202769  23.31172794  -3.23933038 -42.23096067 -84.65057785  14.45443625  98.18601156 222.00000000   0.00000000	 0.31303173  0.50155026 -0.47000393  1.16501987 -0.43053463 -0.10727125  0.07705539  0.30879027 -0.06683553  0.09068893  0.02100019 -0.43783638	
0.00398400	0.35735047	0.00204483	-48.65341949 -44.22277832 -19.89185715  -1.86002874   2.79224634  -3.91826820	  233.36694336   344.07769775 -1183.17687988    -5.74046516   147.83085632    51.83871841	-34.03748959 -59.46231745 -58.15893408   0.86800658   0.33072059  -1.53750117	  178.53267880   336.64911157 -1334.52793885   -37.13997162   127.17123579    38.88135567	75.04122711	0	0.00000000	0.00000000	0.00000000	 0.13013658 -0.64550625 -0.14884011	 0.75439173  0.18266895 -0.14003566	  5.49407913 232.00000000  28.91191349  42.58944360  24.10049381  -3.07292507 -40.74558709 -88.82122055  20.53134610 102.00244474 222.00000000   0.00000000	 0.31139037  0.50127411 -0.47255036  1.16947603 -0.42589435 -0.10611310  0.07665484  0.31043163 -0.06372922  0.08308806  0.02706709 -0.44750044	
0.00399600	0.36184376	0.00214744	-28.60115814 -38.86648178  -4.26789665  -1.89463627  -0.65862089  -3.39380956	  216.49240112   346.55032349 -1131.14172363    -7.86137342   147.01719666    53.10734558	-25.44500368 -48.70314602 -48.05872657   0.45610355  -0.49437487  -2.72107704	  133.80961078   335.44196496 -1228.26306391   -39.95629263   125.59127976    40.38417335	71.48391731	0	0.00000000	0.00000000	0.00000000	 0.12813332 -0.64613965 -0.14407261	 0.75731369  0.32025889 -0.11992222	  7.69245300 232.00000000  30.25794972  34.23338919  24.59215579  -4.19029453 -36.12079354 -89.66393929  26.48069684 110.57466925 222.00000000   0.00000000	 0.30980268  0.50102103 -0.47486666  1.17291987 -0.42178327 -0.10500097  0.07615219  0.31096852 -0.06138223  0.07666067  0.03229029 -0.45623648	
0.00399200	0.36644888	0.00227849	-52.56824875 -24.16581726 -14.29001236  -1.05744302   3.33680224  -1.50916696	  226.75166321   330.87423706 -1045.95654297   -10.92737865   145.00326538    51.75103378	-30.77682606 -41.21338776 -40.22089186   0.49044159  -0.45271543  -2.04575826	  126.06506140   322.64491341 -1138.23992951   -42.35533426   125.87688788    40.57480697	62.25829517	0	0.00000000	0.00000000	0.00000000	 0.13218593 -0.63140547 -0.13444384	 0.83992635  0.27743852 -0.37057586	 10.14154796 232.00000000  31.79849124  31.17921402  25.62676400  -4.60415300 -30.96088522 -84.16087757  33.64685077 109.52079379 222.00000000   0.00000000	 0.30790824  0.50043809 -0.47763550  1.17689288 -0.41693589 -0.10372009  0.07546889  0.31066939 -0.05895087  0.06981145  0.03816544 -0.46657550	
0.00400800	0.37120852	0.00249315	-50.64361572 -13.67176342 -16.37908173  -0.17638952   3.81411934   0.41750789	  271.59783936   317.20397949 -1004.54351807   -14.75261021   136.52130127    46.69841003	-45.82605443 -34.14262570 -36.70754662   0.60725729  -0.11662447  -0.51358490	  153.12699105   301.01262835 -1091.65660178   -44.61983636   124.59833263    37.42910398	56.69220838	0	0.00000000	0.00000000	0.00000000	 0.14820770 -0.61395838 -0.12517121	 0.77481201  0.07224877 -0.36010871	  5.63753356 232.00000000  31.69964399  21.09762942  27.40786414  -6.82272664 -29.21585764 -76.69790006  42.26843380 112.68858385 222.00000000   0.00000000	 0.30562261  0.49941802 -0.48063442  1.18095791 -0.41133687 -0.10232417  0.07464422  0.30947289 -0.05634310  0.06287786  0.04473087 -0.47848687	
0.00398800	0.37619561	0.00277657	-19.00844765 -16.53755760  -0.32887435  -0.29088438  -0.47764841  -0.60497302	 258.09741211  291.88204956 -961.04779053  -15.87614441  129.66609192   41.71316910	-32.17033440 -25.51158394 -32.50262125   1.01917170  -0.81294987  -0.51573164	  166.36513457   275.22365789 -1044.20343565   -45.19948010   120.27268079    32.58499917	53.76462135	0	0.00000000	0.00000000	0.00000000	 0.15693012 -0.59909458 -0.12962592	 0.75705867  0.13615468 -0.44583214	  6.45654878 232.00000000  31.33137542  14.60492530  28.06364791  -7.57955609 -22.60580529 -67.05720813  47.80545725 105.70033885 222.00000000   0.00000000	 0.30342135  0.49908823 -0.48333424  1.18427122 -0.40634376 -0.10123504  0.07389025  0.30809230 -0.05401145  0.05748592  0.05075941 -0.48913267	
0.00398800	0.38149774	0.00303049	-11.49592686 -28.87784767 -13.98896408  -1.46336007  -0.29485160  -0.55688816	 225.84704590  264.38031006 -909.14709473  -16.80001831  123.59210968   41.96392822	-10.90681304 -23.40777971 -38.35794192   1.16946279  -1.58908827  -0.54471537	 150.44783979  246.91203785 -990.17987805  -44.26961601  113.24610785   30.11280474	52.85333495	0	0.00000000	0.00000000	0.00000000	 0.15998987 -0.60077261 -0.12559000	 0.46241154 -0.00216071 -0.46313545	  3.41910070 232.00000000  30.78400578   7.57484243  29.42532155  -7.65229142 -19.84519982 -60.40042158  53.86798296 104.71517203 222.00000000   0.00000000	 0.30133513  0.49925694 -0.48548949  1.18694043 -0.40185687 -0.10044504  0.07324622  0.30710289 -0.05197126  0.05334417  0.05632009 -0.49849764	
0.00400800	0.38709316	0.00340769	-28.96218109 -18.74890137 -32.07806778  -0.83893341   2.61593723  -1.61002052	 218.36421204  239.09114075 -898.87567139  -20.57262421  124.85240936   40.59811401	-23.73476107 -22.08766487 -49.30301390   0.46518102  -0.54504989  -0.66580477	 133.15648798  208.59531618 -960.05799390  -44.34033042  110.98897960   29.36054973	52.50458880	0	0.00000000	0.00000000	0.00000000	 0.15850670 -0.61420552 -0.13627777	 0.53204031 -0.01489139 -0.42550097	  5.57116926 232.00000000  30.81997564   2.90340397  28.44144109  -7.53494677 -16.61862999 -56.60953662  57.86954567 100.81033069 222.00000000   0.00000000	 0.29845890  0.49947172 -0.48785949  1.19020772 -0.39580530 -0.09959368  0.07247653  0.30687279 -0.04926378  0.04861951  0.06395932 -0.51044732	
0.00398400	0.39309451	0.00369958	 -9.73599434  -0.48404557 -17.03147316   0.13778605  -0.83456516  -0.91172129	 222.83494568  237.21099854 -894.46484375  -21.87028122  124.00465393   39.30287552	-20.74184160  -8.48485601 -42.41479691   0.09107587  -0.72858962  -1.39719971	 127.59468461  187.98411956 -951.70981200  -46.10011355  110.53070887   27.44782603	54.31363541	0	0.00000000	0.00000000	0.00000000	 0.15590027 -0.60311487 -0.16905679	 0.53204031 -0.01489139 -0.42550097	 10.67042417 232.00000000  31.72103631  -1.93092913  27.82128097  -7.12684024 -14.30545165 -57.92394464  61.28333834  99.57209546 222.00000000   0.00000000	 0.29590484  0.49953306 -0.48952386  1.19301498 -0.39019862 -0.09901844  0.07184035  0.30777016 -0.04676339  0.04500699  0.07129941 -0.52074802	
0.00399200	0.39942467	0.00384760	 -8.80552292  22.24603462 -19.17072678   1.49508655   0.48923030  -0.51614553	 189.73510742  223.03440857 -848.54455566  -22.60158157  121.28726196   39.03028488	-20.12450096  10.36400981 -31.86507662  -0.13811300  -0.81017379  -1.55470586	 108.83011659  172.53801546 -922.04164869  -46.16836274  108.21132444   26.85032442	54.32473375	0	0.00000000	0.00000000	0.00000000	 0.15055004 -0.59970565 -0.17008437	 0.51869346 -0.08643824 -0.46400422	 14.90293039 232.00000000  32.32936369  -5.38736200  24.86174694  -6.91344652 -11.88793359 -59.06733551  62.11640485  98.02329185 222.00000000   0.00000000	 0.29384163  0.49961743 -0.49057463  1.19540036 -0.38511348 -0.09868863  0.07132199  0.30926579 -0.04452378  0.04223815  0.07809494 -0.52958375	
0.00399200	0.40591937	0.00389669	-25.15262032  43.39818573 -28.22446442   2.92861915   1.62472069   1.02563810	 174.36499023  227.42320251 -848.05187988  -23.38705444  122.51145172   37.08323669	-33.44805221  23.28925594 -22.85701503  -0.00855385  -0.84081158  -0.46578915	  88.09270373  168.50503719 -912.73834757  -46.72232285  106.93963229   26.15922616	55.65705841	0	0.00000000	0.00000000	0.00000000	 0.15697032 -0.60457090 -0.16367153	 0.60204615 -0.02399041 -0.38320346	 16.85619992 232.00000000  32.71238328  -6.21806447  23.13795925  -6.72664561 -13.04553379 -64.16248427  62.86856377 103.36951630 222.00000000   0.00000000	 0.29174775  0.49943337 -0.49129561  1.19798505 -0.37911561 -0.09858125  0.07080363  0.31180453 -0.04198505  0.03939262  0.08630174 -0.53940886	
0.00400400	0.41247529	0.00389991	-16.19973755  45.52001572  -7.90740538   2.39354539   0.43706656   1.13330269	 177.27009583  208.29690552 -835.52453613  -25.59653091  121.94002533   37.23435211	-33.46206694  30.13389262  -7.65576427  -0.35925508  -0.91076318  -0.36696184	  74.57668171  154.90199246 -895.26719105  -47.71129569  106.97200320   25.58819672	56.32087330	0	0.00000000	0.00000000	0.00000000	 0.16375737 -0.61133206 -0.17507912	 0.55301000  0.01448767 -0.35579632	 19.58640243 232.00000000  34.07696179  -5.89969298  18.75840972  -6.64697729 -12.84735947 -70.61006968  62.53029562 107.00681039 222.00000000   0.00000000	 0.28979191  0.49934900 -0.49146435  1.20065415 -0.37245047 -0.09881902  0.07034810  0.31570086 -0.03925456  0.03647039  0.09587378 -0.54937977	
0.00399200	0.41902813	0.00389818	-15.72889233  40.23567581  -4.07432652   1.96176839  -0.14834353   0.11920303	 147.26509094  207.32637024 -805.32885742  -23.98802948  118.81105804   35.51162338	-26.36160994  26.95385259  -2.87887546  -0.39148397  -1.26626464  -0.86331007	  52.72316886  146.52805850 -872.82910770  -47.17134773  104.28140577   24.76498237	57.34493970	0	0.00000000	0.00000000	0.00000000	 0.17773577 -0.62882277 -0.19003982	 0.41471164 -0.10519878 -0.32533068	 21.58102581 232.00000000  36.68198267  -6.91193091  16.50422288  -5.97984499 -13.22543748 -79.33481090  62.78861328 116.05793597 222.00000000   0.00000000	 0.28839600  0.49940267 -0.49091977  1.20267904 -0.36648327 -0.09938660  0.07002608  0.31992698 -0.03699961  0.03415408  0.10454077 -0.55833054	
0.00398400	0.42557457	0.00396664	-29.51016617  39.00886154 -12.16896725   2.31942892   2.16339421  -0.00343219	 139.41899109  198.50973511 -766.48950195  -23.26249695  113.40969849   33.42499924	-32.65073034  23.92063049  -3.40939144  -0.81944496  -0.64875733  -1.20290485	  40.76274341  137.98398820 -841.31457680  -46.29982343  100.73134172   23.95895850	57.89579398	0	0.00000000	0.00000000	0.00000000	 0.19934696 -0.66885328 -0.21438016	 0.36716810 -0.23233428 -0.29033128	 24.42403450 232.00000000  39.92611431  -6.06033773  11.89515387  -5.33010458 -14.45245963 -88.11741484  62.60328195 120.16550581 222.00000000   0.00000000	 0.28753698  0.49952540 -0.48999172  1.20414400 -0.36122173 -0.10008456  0.06981403  0.32417610 -0.03518951  0.03235165  0.11208795 -0.56586236	
0.00400000	0.43220603	0.00406811	-20.26989365  42.28539276 -15.04117966   2.24438834   0.97140473  -0.13492213	 141.41316223  195.68986511 -738.52313232  -22.56407547  108.55059052   33.10383224	-38.31049534  24.96096237  -5.48862734  -0.89216535  -0.63468484  -1.13549474	  30.47495091  135.57802360 -810.27694680  -44.94598767   96.39070608   22.97284004	60.89465566	0	0.00000000	0.00000000	0.00000000	 0.22286822 -0.69277372 -0.22568558	 0.26227873 -0.23927972 -0.36289813	 24.04881887 232.00000000  42.11333615  -6.03000753   8.69280121  -4.28990211 -17.40625270 -95.84940086  61.47666072 124.67464411 222.00000000   0.00000000	 0.28703842  0.49971715 -0.48819694  1.20559359 -0.35435715 -0.10125038  0.06959412  0.32989785 -0.03311097  0.03048786  0.12175970 -0.57497424	
0.00400400	0.43895248	0.00415459	-15.16128731  46.61434937 -15.78714466   2.75565243   0.11412369   1.07286406	 138.48580933  189.53839111 -707.30645752  -21.13613319  103.80888367   32.61691666	-32.69691293  32.85934646  -3.73598975  -0.45149952  -1.21608226  -1.05990158	  31.45862818  129.98843063 -774.37681218  -43.03376976   92.25991273   23.08579929	63.39064969	0	0.00000000	0.00000000	0.00000000	 0.24633561 -0.72202562 -0.24190731	 0.19767545 -0.38052512 -0.32169214	  19.76856569  232.00000000   42.30450005   -1.69565987    4.86145787   -2.50329368  -23.61029752 -103.27063159   59.09438456  124.15732362  222.00000000    0.00000000	 0.28709978  0.49992424 -0.48611075  1.20651400 -0.34822890 -0.10253892  0.06938206  0.33550453 -0.03159233  0.02937573  0.13049571 -0.58262879	
0.00398800	0.44578612	0.00421297	-24.63042641  36.48133850 -23.49780464   2.07166052   1.77368629   0.35211477	 154.76818848  196.78869629 -684.19311523  -19.82974243   99.28901672   33.12203598	-37.08652378  31.22924386  -8.68351307  -0.41021655  -1.04590165  -0.86236123	  33.14745750  135.07255035 -751.74832325  -41.73432743   89.09906899   23.17997852	65.32971819	0	0.00000000	0.00000000	0.00000000	 0.27014988 -0.75388426 -0.25868795	 0.18533992 -0.50219893 -0.29901303	  15.54793893  232.00000000   41.04166842    0.54223429    0.96596641   -1.30141259  -26.43848815 -110.22184097   56.02212012  124.43176779  222.00000000    0.00000000	 0.28743726  0.50011599 -0.48359501  1.20712757 -0.34221572 -0.10402688  0.06912288  0.34102687 -0.03010437  0.02886951  0.13937746 -0.58996886	
0.00398400	0.45268244	0.00426925	-16.99013519  25.20590210 -11.41433716   1.34843576   0.18043749   0.19468606	 161.81562805  204.25831604 -684.94189453  -18.99016190   98.39163208   32.83817291	-34.30672382  23.02293575 -14.36212083  -0.29339782  -1.07911747  -0.80489995	  34.90691091  140.12718037 -740.04087525  -40.78987205   87.08606706   23.30199186	63.34601657	0	0.00000000	0.00000000	0.00000000	 0.29199544 -0.77328648 -0.28163994	 0.18197446 -0.53314074 -0.32878605	  11.09106244  232.00000000   39.61595971    5.75282761   -0.62983514    0.18704693  -28.96558280 -115.49982723   53.34511326  123.05944857  222.00000000    0.00000000	 0.28779009  0.50035375 -0.48108697  1.20748043 -0.33701551 -0.10543815  0.06883228  0.34563649 -0.02888485  0.02884650  0.14733115 -0.59618920	
0.00400400	0.45965242	0.00430801	-18.67634583  13.80833817  -7.08798695   0.88647991   0.10205723  -0.75482529	 191.29850769  209.63227844 -698.90875244  -19.18368912   99.38928986   34.28010178	-24.60798747  12.62230650 -16.17917882  -0.25972959  -1.23543153  -1.41303694	  50.54472717  148.74558378 -749.71315790  -41.19444358   88.04685951   23.78734797	61.82570581	0	0.00000000	0.00000000	0.00000000	 0.31417797 -0.78850734 -0.30226559	 0.20456908 -0.67979431 -0.35054607	   7.90788484  232.00000000   36.76678185    7.72059023   -2.30284018    2.00918658  -30.08282523 -118.23386958   50.03863593  120.76681300  222.00000000    0.00000000	 0.28822726  0.50082159 -0.47748977  1.20765686 -0.33040404 -0.10728659  0.06836890  0.35112047 -0.02744291  0.02933738  0.15704125 -0.60388976	
0.00400800	0.46666774	0.00430444	-32.83790588  16.51239014 -11.68387413   1.08726692   2.27871037  -0.24024124	 226.29336548  280.69619751 -733.13726807  -15.11466408  101.02685547   36.07637024	-31.57510831   4.44914422 -16.31686797  -0.27201826  -0.82593035  -1.05152068	  61.14135687  180.03476470 -777.19095209  -42.21841659   89.78961176   24.03813766	58.85285167	0	0.00000000	0.00000000	0.00000000	 0.33158867 -0.80104917 -0.31724412	 0.22847642 -0.68591498 -0.36350182	   4.93932652  232.00000000   32.78432317    8.86503979   -2.13986251    3.49561953  -30.45459943 -119.39758846   46.13897968  117.70301680  222.00000000    0.00000000	 0.28854173  0.50138921 -0.47394627  1.20761073 -0.32462862 -0.10888960  0.06784268  0.35561502 -0.02620039  0.02996631  0.16613008 -0.60913599	
0.00398000	0.47366348	0.00432098	-23.04143524  18.74061775 -10.78228569   1.41083527   0.76721358  -0.32914770	 252.84172058  348.51852417 -736.85363770   -8.81944656   98.99080658   43.42339325	-32.43254943   5.72631018 -14.25866400  -0.25153391  -0.68704743  -1.14807141	  72.83050334  247.27624983 -807.26978800  -41.78616292   91.27058000   26.53609128	56.49338258	0	0.00000000	0.00000000	0.00000000	 0.34764208 -0.81740772 -0.32906556	 0.23708052 -0.76378629 -0.35370260	  -1.31637646  232.00000000   31.84969900    6.75252482   -1.00016651    4.87950806  -29.63674563 -114.71928151   41.41808554  114.32464174  222.00000000    0.00000000	 0.28876415  0.50176501 -0.47063288  1.20738840 -0.31971222 -0.11020116  0.06730075  0.35921988 -0.02511126  0.03071029  0.17379232 -0.61021745	
0.00398800	0.48068208	0.00449291	-25.50376129  11.49986362  -5.46629381   0.93481272   0.69327980  -0.28873745	 284.41073608  373.36886597 -762.45306396   -3.77229309   99.76328278   51.09899902	-27.90905698   4.26819613 -13.98667336   0.07456284  -1.09953981  -1.18823267	  86.78263564  304.43153103 -830.81128757  -38.14109156   92.92829966   33.37284383	53.95267407	0	0.00000000	0.00000000	0.00000000	 0.35745926 -0.83610110 -0.33662660	 0.29350899 -0.75055306 -0.26721907	  -8.43614427  232.00000000   30.84514907    4.70998799    1.31008461    5.43179886  -28.88421849 -106.99544007   36.54684167  107.95431844  222.00000000    0.00000000	 0.28891754  0.50169599 -0.46665218  1.20702016 -0.31433561 -0.11160475  0.06662531  0.36293212 -0.02384573  0.03179175  0.18228289 -0.60800850	
0.00401200	0.48790511	0.00475156	-31.76383400   3.54146600 -16.65819931   0.39639944   2.04296088  -1.33791876	 349.22821045  316.76803589 -824.42242432   -6.12038183  108.94692993   56.02950287	-31.80963313  -1.84760233 -19.90555328  -0.15837735  -0.68273653  -1.39447630	 120.01480549  303.78511341 -875.39907439  -35.97455548   99.91354315   39.80570246	52.77873120	0	0.00000000	0.00000000	0.00000000	 0.35875100 -0.85633992 -0.34373440	 0.36749480 -0.68619112 -0.22700685	-16.76216345 232.00000000  30.25922413  -3.36861459   5.16378784   4.46529932 -26.17787212 -92.43873291  29.58425774  99.02427833 221.31601965   0.00000000	 0.28890222  0.50135851 -0.46192753  1.20639122 -0.30897436 -0.11298533  0.06569854  0.36657530 -0.02238077  0.03331039  0.19170921 -0.60315347	
0.00398400	0.49540004	0.00517520	-25.92733955  -1.03403044 -14.54641819   0.14777261   1.22671068  -1.53015697	 436.06567383  319.15322876 -945.39581299   -7.93464994  124.02293396   53.11856079	-30.72268705  -7.50551980 -23.92140100  -0.15160082  -0.59506419  -1.41326766	 166.94587289  290.29475357 -961.93759650  -37.54890056  112.91234939   41.76358774	52.88606652	0	0.00000000	0.00000000	0.00000000	 0.36071602 -0.85322311 -0.34161192	 0.43192607 -0.80985163 -0.20830231	-22.25830028 232.00000000  28.55488320  -7.05139298   8.89801612   3.58167694 -23.90068357 -82.46963354  24.27679613  91.13718110 210.00622845   0.00000000	 0.28864142  0.50123578 -0.45757103  1.20563197 -0.30410397 -0.11395941  0.06466182  0.36943617 -0.02103854  0.03487505  0.20035319 -0.60058403	
0.00399600	0.50337249	0.00561345	-13.34690666  14.75564289  -8.32436180   1.05031288   0.37475970  -0.67754841	 488.49969482  361.49996948 -999.28222656   -5.64145279  128.88134766   52.73845673	-23.59640302  -0.15963231 -20.42357120  -0.35049254  -0.69345123  -1.59189646	  216.42952176   322.85889782 -1071.56956358   -41.11909497   124.82366660    40.36614308	53.04933617	0	0.00000000	0.00000000	0.00000000	 0.35815361 -0.84561820 -0.33381659	 0.49621166 -0.79375077 -0.37182552	-25.76962458 232.00000000  26.38794020  -9.59334277  10.19095517   2.14003937 -22.70038073 -75.21423236  19.27045991  84.91596343 204.27234875   0.00000000	 0.28816590  0.50122809 -0.45308414  1.20461190 -0.29930261 -0.11468038  0.06343660  0.37210530 -0.01961194  0.03657776  0.20916590 -0.59964061	
0.00400400	0.51183641	0.00609058	-20.23480225  19.74037743 -13.51486206   1.59923887   0.80100489  -0.63647461	 445.91955566  372.14196777 -962.02661133   -0.53046048  124.01011658   55.13025284	-26.04778443   5.62030980 -18.95319508  -0.08163971  -0.71382353  -1.53641656	  203.45158175   347.37625598 -1083.93773913   -39.07319151   125.18848104    41.51510173	52.95671532	0	0.00000000	0.00000000	0.00000000	 0.35264076 -0.84120518 -0.32691996	 0.50531357 -0.79189013 -0.40439706	-31.18836460 232.00000000  22.67437045 -11.33600395  11.85593981   1.45241372 -25.09196605 -68.62659629  14.58965282  77.04368061 197.53980202   0.00000000	 0.28747562  0.50129718 -0.44839016  1.20333862 -0.29449356 -0.11524795  0.06211713  0.37475911 -0.01819301  0.03834184  0.21800163 -0.59980172	
0.00398400	0.52081960	0.00666797	-19.94615173   8.28108978 -17.12014389   0.80939162   0.81141156  -0.00531218	 428.56195068  357.70703125 -961.23028564    1.16581035  125.67343140   51.54556656	-26.95207667   6.61366689 -20.50918335   0.04147402  -0.73287064  -1.27708627	  172.99804968   350.83036329 -1066.19650662   -35.86833610   123.01627000    40.74449116	52.42408183	0	0.00000000	0.00000000	0.00000000	 0.34432241 -0.85634758 -0.31597303	 0.44061441 -0.77543498 -0.44816805	-33.16535644 232.00000000  21.25486519  -9.59992048  12.55367221   1.11949649 -25.33050369 -66.85284516  12.30356391  72.80567207 191.12734732   0.00000000	 0.28658590  0.50134319 -0.44348910  1.20182765 -0.28965387 -0.11570815  0.06090761  0.37760463 -0.01684310  0.04009058  0.22687571 -0.60034627	
0.00400400	0.53045553	0.00737609	-16.74513626  -9.68297100 -21.68459320  -0.40362418   0.70131356  -0.96723634	  478.67211914   332.81106567 -1005.23486328    -0.19833975   133.97375488    50.05673599	-24.64570213  -4.18512010 -31.69226984   0.22309690  -0.86926654  -1.21023070	  188.28354913   337.72825353 -1097.74760243   -35.98863264   129.68655410    39.48389913	51.88131563	0	0.00000000	0.00000000	0.00000000	 0.33994582 -0.88130333 -0.31129451	 0.48216188 -0.75567309 -0.32797954	-35.97792044 232.00000000  18.03082789  -7.37012951  13.52022314   1.91649780 -27.13961257 -64.80487642   9.03483138  66.59384834 183.26616015   0.00000000	 0.28538173  0.50130481 -0.43839628  1.20012498 -0.28484485 -0.11612999  0.06000441  0.38071862 -0.01556990  0.04174728  0.23561940 -0.60069907	
0.00399200	0.54087186	0.00804372	-18.99028778 -12.25418949 -17.38034439  -0.55497670   0.74623352  -1.32760775	 469.21856689  305.80114746 -958.83917236    3.29099393  127.28103638   47.73581314	-22.01130262 -10.50662483 -36.79202875   0.07063548  -0.75856696  -1.34719601	  187.76836916   320.52978433 -1095.08955050   -33.48843545   130.27610007    38.42132407	51.42610399	0	0.00000000	0.00000000	0.00000000	 0.33907840 -0.92108702 -0.30565405	 0.48216188 -0.75567309 -0.32797954	-34.10405577 232.00000000  15.17014762  -5.72013360  14.93317568   2.05366530 -26.41474840 -64.29659935   4.65380180  61.00666047 173.69116789   0.00000000	 0.28379405  0.50112075 -0.43345687  1.19826889 -0.28003579 -0.11636776  0.05936823  0.38410103 -0.01433505  0.04337330  0.24424805 -0.60081410	
0.00398400	0.55202579	0.00889273	-16.26929855  -1.69067359  -8.46367931   0.40678379   0.37078357  -1.20996571	 427.08544922  291.98318481 -870.88525391    8.30122948  113.32111359   42.46714783	-19.30449115 -10.43767858 -31.11789025   0.13021641  -0.65552802  -1.37794261	  179.14590970   309.29637620 -1032.78710084   -28.10734456   122.19102335    35.31185948	50.25234605	0	0.00000000	0.00000000	0.00000000	 0.32495843 -0.92741745 -0.29678431	 0.47255721 -0.68487409 -0.25180640	-35.22374715 232.00000000  13.27669049  -4.55811818  15.45941006   2.38345847 -29.61691207 -64.08083158   1.32908152  58.24797364 164.85018094   0.00000000	 0.28210667  0.50104403 -0.42870152  1.19653547 -0.27580968 -0.11641378  0.05906193  0.38733774 -0.01329194  0.04481524  0.25177988 -0.60077578	
0.00400000	0.56413215	0.00975652	-19.49880600   3.47954988  -9.35241413   0.67938083   0.79985756  -0.56820464	 397.81604004  241.79974365 -793.93896484   12.03406620  101.18365479   41.10929108	-20.74382043  -5.47793468 -24.41079352   0.10857826  -0.63555673  -1.30286905	 163.90213525  279.94697750 -942.63701262  -19.87972484  110.16078750   33.08965027	49.52998282	0	0.00000000	0.00000000	0.00000000	 0.31130644 -0.93681126 -0.29427192	 0.31643464 -0.84451244 -0.33443097	-32.48275556 232.00000000  11.64099739  -4.32770209  15.67402415   2.69821209 -29.84363869 -64.17220415  -5.37645240  53.08171542 152.68031663   0.00000000	 0.27969065  0.50106704 -0.42251191  1.19415009 -0.27026436 -0.11631407  0.05895983  0.39190900 -0.01204175  0.04663301  0.26175842 -0.60076046	
0.00399600	0.57719636	0.01000000	-21.69833946   0.52660906 -18.89635086   0.42195809   1.36705792  -1.26493692	 399.16018677  219.61708069 -734.99365234   16.42696190   92.48213959   39.02058029	-25.70994051  -3.91650574 -27.06141646  -0.06277488  -0.47576086  -1.44407289	 161.58589923  255.58534991 -876.74984304  -13.10676432  102.52714657   31.23505665	48.60412645	0	0.00000000	0.00000000	0.00000000	 0.29539350 -0.95668935 -0.29745693	 0.31643464 -0.84451244 -0.33443097	-33.33552438 232.00000000   8.64703860  -6.53156288  12.75957098   3.12509242 -33.70092942 -66.18535821  -9.82732017  49.60802358 137.68551421   0.00000000	 0.27736667  0.50115907 -0.41696656  1.19188750 -0.26526359 -0.11609931  0.05897554  0.39621180 -0.01106767  0.04835873  0.27098531 -0.60076046	
0.00398800	0.59052676	0.01000000	-17.98297501  -9.29878139 -20.08202934  -0.24095248   0.93090147  -0.96395600	 368.73925781  212.90617371 -661.68023682   20.99008942   80.77918243   38.08206940	-25.58624579  -7.25877777 -32.96903935   0.01213871  -0.53577357  -1.32778288	 157.50058882  244.90577637 -806.19605007   -6.57065014   93.89368754   29.65426008	47.84519333	0	0.00000000	0.00000000	0.00000000	 0.27851808 -0.97167014 -0.29139646	 0.31932978 -0.83892120 -0.26225446	-31.22547834 232.00000000   6.66507154 -10.39662307   8.50546411   4.64411895 -33.68354524 -68.28664865 -14.13690381  43.89125233 118.08578293   0.00000000	 0.27518076  0.50115907 -0.41216522  1.18983197 -0.26084572 -0.11583854  0.05893626  0.40000075 -0.01036971  0.04999242  0.27919978 -0.60076046	
0.00400400	0.60386598	0.01000000	-16.62084198 -10.70928001 -16.88710785  -0.29179999   0.65706354  -1.42957950	 341.46856689  190.21549988 -607.48547363   23.49292755   74.32439423   35.82932663	-20.74727432  -9.24616264 -34.73715903  -0.01290503  -0.63003066  -1.54034086	 144.18259845  233.02249207 -735.36326347   -0.75169598   85.23327605   27.80391359	47.00670798	0	0.00000000	0.00000000	0.00000000	 0.26433414 -0.98286442 -0.29071871	 0.37263850 -0.77251490 -0.19247891	-30.40083733 232.00000000   4.96496825 -17.72747981   2.49903585   6.24779271 -32.02521518 -70.27497590 -18.28303860  41.58274168  98.24830157   0.00000000	 0.27209747  0.50102103 -0.40609065  1.18706310 -0.25516999 -0.11541669  0.05881060  0.40476376 -0.00973311  0.05227038  0.28988397 -0.60076809	
0.00400000	0.61720306	0.01000000	-17.97316170  -3.19013381 -25.51157188   0.08902076   1.40507245  -1.04191720	 344.75259399  162.76126099 -607.23461914   25.19989395   75.09632111   35.02801895	-24.13765387  -7.41790770 -36.22069190   0.04252674  -0.57253251  -1.27531642	 134.10744484  212.76615957 -705.08010145    2.15465926   82.66873212   26.47109169	46.42619067	0	0.00000000	0.00000000	0.00000000	 0.24260171 -0.97660759 -0.29732965	 0.36065873 -0.81061239 -0.23136433	-27.98949867 232.00000000   1.60874229 -25.73247401  -3.59695044   8.40512964 -29.99370943 -71.88837161 -23.66207597  35.92525837  77.14433466   0.00000000	 0.26915222  0.50087529 -0.40068337  1.18446302 -0.25026125 -0.11487979  0.05869279  0.40878278 -0.00942631  0.05428757  0.29931027 -0.60077578	
0.00399200	0.63053566	0.01000000	-10.52819633   3.89781618 -22.23904419   0.55048358   0.08761659  -0.55124754	 338.76599121  155.64816284 -601.48101807   26.78231049   74.37319183   33.80594635	-24.60266940  -0.65247046 -35.76165723   0.12887165  -0.77300253  -1.23781663	 132.83002560  201.16484989 -697.59030548    4.68997366   82.59486299   25.54894336	45.89089652	0	0.00000000	0.00000000	0.00000000	 0.22906256 -0.98185433 -0.29739063	 0.34008640 -0.82188362 -0.29806408	-29.05966973 232.00000000  -1.23004250 -34.65989280  -8.38785667   9.79843199 -29.93592636 -72.98383439 -26.83260766  33.61902359  57.76898439   0.00000000	 0.26597688  0.50072956 -0.39529911  1.18164051 -0.24561328 -0.11417416  0.05857498  0.41251802 -0.00940330  0.05652718  0.30864453 -0.60077578	
0.00399200	0.64386821	0.01000000	 -7.80552101   6.72581482 -17.46151161   0.76251215  -0.31202990  -0.81735694	 340.78842163  156.53097534 -580.98315430   28.17605591   70.07346344   33.24345016	-18.86001055   5.70343915 -31.79370371   0.16553130  -1.04073569  -1.45249643	 134.02175309  200.99348267 -681.77296445    6.70042353   80.55148447   24.77185262	45.25853010	0	0.00000000	0.00000000	0.00000000	 0.21571969 -0.98835269 -0.30344995	 0.29397696 -0.80845042 -0.27581344	-28.77870914 232.00000000  -5.85180136 -43.73290853 -12.10407197  11.25757124 -28.82838454 -71.79621769 -33.24267273  26.50005551  39.88250564   0.00000000	 0.26260978  0.50059152 -0.39001453  1.17848051 -0.24114940 -0.11331514  0.05847288  0.41603085 -0.00963340  0.05883582  0.31782541 -0.60077578	
0.00398800	0.65719861	0.01000000	 -7.98031330   2.43304157 -26.13122177   0.37745377   0.91211396  -1.21345437	 346.94488525  136.39384460 -569.87445068   28.09883499   68.72406006   32.44937515	-22.13042573   5.09811058 -34.60934824  -0.02451492  -0.74549059  -1.24899816	 131.01031594  193.63780931 -669.37272461    8.03838007   78.58014725   23.94560629	44.68279421	0	0.00000000	0.00000000	0.00000000	 0.20268954 -0.99494229 -0.31793544	 0.29397696 -0.80845042 -0.27581344	-28.30503249 232.00000000  -9.19103756 -54.36867939 -16.47587220  11.59749102 -26.11544458 -70.41652138 -38.00529085  22.00711907  20.69333521   0.00000000	 0.25906628  0.50043809 -0.38479134  1.17498302 -0.23687726 -0.11228737  0.05846503  0.41941327 -0.01009359  0.06121349  0.32676852 -0.60077578	
0.00400400	0.67053783	0.01000000	 -0.95826095  -3.71825385 -25.90854073   0.16083437  -0.39979210  -1.03400493	 369.55514526  122.25379944 -566.76104736   28.01754189   66.80525970   30.73472786	-20.74857918   5.63664376 -40.92264156  -0.18854761  -0.69024812  -1.75965852	 146.52527970  182.45328478 -670.23465907    9.04329794   78.43585282   23.24264241	44.13073496	0	0.00000000	0.00000000	0.00000000	 0.18678690 -0.99926300 -0.31858181	 0.25774918 -0.80983676 -0.25622772	-27.36285082 232.00000000 -12.71143234 -63.61954962 -19.31481444  12.26544500 -23.04883099 -69.02743499 -43.38633917  18.59338588   3.29924860   0.00000000	 0.25539240  0.50030774 -0.37971386  1.17109442 -0.23284289 -0.11104485  0.05855928  0.42274967 -0.01076087  0.06367553  0.33525911 -0.60076046	
0.00398800	0.68386823	0.01000000	  7.15034676   6.77096081 -32.45489502   0.38547876  -0.47808030  -0.83462167	 356.05343628  113.57070160 -534.26208496   26.98090744   60.36060715   28.65949059	-16.60579292  13.52538218 -45.48522839  -0.19136070  -0.95841862  -1.66141462	 156.81797855  175.62070630 -649.03115913    9.56993889   75.05957620   21.98595100	43.75992827	0	0.00000000	0.00000000	0.00000000	 0.17156076 -1.00703559 -0.31894499	 0.30414592 -0.70357856 -0.17225476	-25.53159733 232.00000000 -17.13068849 -74.31391305 -23.08377104  12.82094036 -19.50348799 -67.32376629 -50.18516149  14.91484975 -14.56633433   0.00000000	 0.25188726  0.50026172 -0.37482813  1.16673017 -0.22907697 -0.10958757  0.05869279  0.42584831 -0.01160456  0.06626029  0.34297502 -0.60073745	
0.00398800	0.69719857	0.01000000	  7.30504131  11.71818066 -36.10757828   0.89340168  -0.13154738   0.10698711	 334.89685059   83.36220551 -479.06604004   23.90426826   52.83986664   24.47049713	-16.63445177  22.37983796 -45.16771644  -0.13274108  -0.82861795  -0.96588135	 152.92065072  159.22433047 -606.67293116    9.41247055   68.90392978   19.88488009	43.71386741	0	0.00000000	0.00000000	0.00000000	 0.15948347 -1.01504557 -0.32320731	 0.30414592 -0.70357856 -0.17225476	-22.12703763 232.00000000 -20.38940037 -78.85187534 -22.35490155  13.74597409 -15.23819321 -64.84418724 -56.42994352  13.16705412 -26.54316189   0.00000000	 0.24809065  0.50024635 -0.37015715  1.16188288 -0.22580193 -0.10795388  0.05891271  0.42914638 -0.01262466  0.06896009  0.34980890 -0.60069907	
0.00399200	0.71053118	0.01000000	 13.13273335  17.13410568 -39.09399033   1.35614252  -1.06391621  -0.09179185	 325.32354736   50.07457352 -438.92987061   20.42942238   47.16209030   19.90436935	-14.42285125  27.71703734 -44.93090449   0.17851155  -1.16253562  -0.95806000	 158.13120983  133.70248916 -563.79046206    8.83780370   62.76721429   17.06797800	43.50336115	0	0.00000000	0.00000000	0.00000000	 0.14029027 -1.02652116 -0.31428092	 0.28780692 -0.65964348 -0.18826809	-20.34351586 232.00000000 -23.43314062 -82.97136435 -21.79094127  12.79409729 -15.93915790 -62.46295918 -59.76227512  15.39049928 -33.96795044   0.00000000	 0.24473891  0.50010830 -0.36616114  1.15727317 -0.22303309 -0.10637388  0.05921115  0.43207628 -0.01368311  0.07143747  0.35498610 -0.60060704	
0.00400400	0.72387046	0.01000000	 13.35462284  17.52135658 -31.32859230   1.20145261  -1.35806584  -0.76316094	 290.65481567   25.43036842 -378.45257568   16.10595512   38.16072083   14.84038162	 -7.14867029  27.79173148 -40.64257454   0.18966876  -1.38456561  -1.34631806	 158.94919125  103.92835866 -507.36616118    7.49661474   54.72830857   13.76645998	43.31940984	0	0.00000000	0.00000000	0.00000000	 0.12125733 -1.03756467 -0.31044520	 0.28084579 -0.56953259 -0.19373557	-16.22610045 232.00000000 -26.55184195 -81.68434815 -18.33417829  12.43246650 -16.73341206 -59.89966585 -63.95132490  15.32138880 -38.91112681   0.00000000	 0.24048978  0.49993190 -0.36126006  1.15080750 -0.21975805 -0.10419562  0.05972166  0.43601862 -0.01533980  0.07481223  0.36059278 -0.60030794	
0.00399600	0.73720527	0.01000000	 -0.46994856  20.08948517 -28.70798111   1.20405006   0.95657581  -0.60089582	 228.44717407   -5.93211508 -277.62417603   10.17942810   26.48548126    9.18717861	-14.48375015  27.09224804 -39.08706121  -0.01461549  -1.13286339  -1.08594615	 142.37776343   71.95749556 -428.58537941    5.99137169   43.65315462   10.23335933	42.92060548	0	0.00000000	0.00000000	0.00000000	 0.10528340 -1.04697734 -0.31366908	 0.28084579 -0.56953259 -0.19373557	-14.94565941 232.00000000 -26.91568646 -83.13228798 -17.04165185  11.23923745 -16.67628588 -57.69404603 -66.25980868  19.72257032 -43.03072592   0.00000000	 0.23688494  0.49983218 -0.35716435  1.14448750 -0.21711193 -0.10211708  0.06023217  0.43971550 -0.01710388  0.07823300  0.36448911 -0.59991676	
0.00399200	0.75053787	0.01000000	  8.30532074  19.49342537 -33.57234573   1.17879581   0.23272313  -0.04063245	 160.30986023  -19.96798515 -200.91209412    5.33560848   16.49637222    3.76893854	-18.38687559  27.97645704 -37.59729455  -0.35445894  -0.78575199  -1.00298078	 115.98263850   36.50782505 -327.43395437    4.02194455   30.93094175    6.27306661	42.25929987	0	0.00000000	0.00000000	0.00000000	 0.09194878 -1.07041917 -0.31614216	 0.26190375 -0.45902235 -0.04369591	-14.20912691 232.00000000 -25.42099364 -82.44863026 -14.30980768  10.50407685 -16.93602217 -56.71356709 -67.90174368  23.33474860 -48.56064416   0.00000000	 0.23358688  0.49980918 -0.35328338  1.13769197 -0.21471125 -0.10009222  0.06075839  0.44361180 -0.01914408  0.08196057  0.36792523 -0.59959459	
0.00399200	0.76387048	0.01000000	 20.49208069  29.34772301 -30.67713356   1.84995890  -1.18157566   0.19896182	 123.07718658  -57.96873474 -142.62536621    0.77852201   10.78116608   -1.12624276	-13.30559120  35.21006239 -36.68709753  -0.30700575  -1.13151869  -1.08593814	  93.13519228   -0.32238696 -245.12424090    2.18888993   20.85444624    2.57819742	41.71647019	0	0.00000000	0.00000000	0.00000000	 0.07975041 -1.08813079 -0.31989217	 0.26190375 -0.45902235 -0.04369591	-11.71261490 232.00000000 -22.92182782 -82.53754417 -14.31200488   9.13044769 -14.55117836 -55.64491884 -71.07531793  26.95108092 -53.02345952   0.00000000	 0.23065697  0.49982452 -0.34961715  1.13044393 -0.21254067 -0.09786795  0.06134744  0.44774589 -0.02147573  0.08607931  0.37067103 -0.59951025	
0.00400000	0.77720749	0.01000000	 17.46507072  34.43059921 -39.65454865   2.04764581  -0.87920767   0.65943313	 106.65090942  -68.26414490 -121.38593292   -1.05300772    8.65557861   -4.26594877	-12.89024778  43.72544174 -39.09918072  -0.16585418  -1.23253492  -1.13776962	  83.44278780  -28.75207492 -197.37648352    0.55894121   15.20264323   -0.57937468	40.69127670	0	0.00000000	0.00000000	0.00000000	 0.06722005 -1.10604497 -0.32371749	 0.26190375 -0.45902235 -0.04369591	-12.99248194 232.00000000 -19.07947947 -79.77834973 -12.07885194   8.16225468 -15.30635409 -56.94521863 -70.71122533  31.74820550 -57.07878422   0.00000000	 0.22814125  0.49987823 -0.34610435  1.12337220 -0.21051581 -0.09565135  0.06195220  0.45217910 -0.02414485  0.09056621  0.37271890 -0.59974802	
0.00398000	0.79053342	0.01000000	 19.01565170  37.09823227 -32.57341385   2.01972413  -0.90295839   0.02284569	  88.58408356  -61.37637329 -107.59492493   -1.33969188    8.13752174   -4.96987295	-15.42539462  48.49222694 -38.34148298  -0.38899853  -1.06120201  -1.07462756	  71.79519400  -37.07547683 -168.96343367   -0.46572075   12.22401869   -2.36565589	39.31585281	0	0.00000000	0.00000000	0.00000000	 0.04399800 -1.11947096 -0.34493896	 0.21831839 -0.35728378  0.07515426	-14.49511011 232.00000000 -16.37449855 -78.48680269 -12.50503762   7.28321813 -15.64590932 -59.01977922 -70.83385978  36.38728019 -59.57954702   0.00000000	 0.22630814  0.49992424 -0.34335852  1.11663043 -0.20886678 -0.09376456  0.06250197  0.45623648 -0.02678330  0.09486135  0.37393841 -0.59977102	
0.00401200	0.80387712	0.01000000	  7.39094257  27.13076401 -29.50809097   1.49757600  -0.58269131  -0.14948812	  82.50971222  -51.18229294 -110.50608826   -0.57599485    8.50575638   -5.00909519	-15.65565756  41.88271882 -34.89682551  -0.41877092  -1.05776519  -1.28535094	  60.75504090  -32.14689318 -158.78862795   -0.87210804   11.12931723   -2.93874054	37.76054339	0	0.00000000	0.00000000	0.00000000	 0.02676871 -1.13316514 -0.37108722	 0.18225262 -0.35920650  0.15490338	-14.01745580 232.00000000 -14.85060547 -75.52773471 -11.56960579   7.17375250 -14.74274737 -60.28969840 -73.11092309  38.98674938 -62.35633150   0.00000000	 0.22440600  0.50000095 -0.33963093  1.10758758 -0.20691095 -0.09147125  0.06322454  0.46142900 -0.03061058  0.10087456  0.37466705 -0.59978634	
0.00398800	0.81720752	0.01000000	 -8.32906342  22.86095047 -30.95797348   1.31358111   0.95901835  -0.38580862	  89.71821594  -56.17902374 -108.54290771   -1.39825892    8.52419758   -6.88891172	-22.50708568  32.85594605 -32.14700055  -0.51969098  -0.80579012  -1.23563069	  60.94085224  -30.92482763 -157.78527148   -1.39308596   10.81846024   -4.10857691	36.13390161	0	0.00000000	0.00000000	0.00000000	 0.01540280 -1.15033274 -0.39491830	 0.18225262 -0.35920650  0.15490338	-14.86393398 232.00000000 -13.31274398 -73.31448450 -11.26581842   6.88900524 -15.35091765 -61.19483541 -74.51522068  40.47850271 -64.78745861   0.00000000	 0.22307144  0.50014669 -0.33643261  1.09895122 -0.20533863 -0.08954611  0.06387642  0.46592355 -0.03446087  0.10663465  0.37465173 -0.59992445	
0.00399600	0.83054233	0.01000000	 -7.15257740  20.39993858 -26.93885040   1.22915769   0.32770935  -0.49067923	  89.97840881  -70.38029480 -115.73295593   -1.81724453    9.69886303   -7.47055912	-25.85513521  25.84599366 -31.18709060  -0.32942193  -0.90885836  -1.01465183	  62.91271713  -38.47984617 -161.87165426   -1.67211572   11.60838049   -4.47270861	34.19735164	0	0.00000000	0.00000000	0.00000000	 0.00074734 -1.16679816 -0.41889962	 0.14027700 -0.28678852  0.20582482	-15.88429649 232.00000000 -11.24379973 -70.02106283 -10.13920398   7.06256381 -17.39944018 -61.71784301 -74.46089378  40.49614909 -67.79349187   0.00000000	 0.22194396  0.50036144 -0.33341834  1.08965540 -0.20395805 -0.08767466  0.06456757  0.47024938 -0.03877903  0.11288562  0.37394610 -0.60006249	
0.00399200	0.84387487	0.01000000	-14.31421947  16.11354828 -22.42310143   1.09179819   0.33476362   0.30451408	  94.17922211  -69.82598114 -128.60682678   -1.60042989   10.38695049   -8.62403679	-24.04722676  20.62170084 -26.57839135  -0.16094720  -1.13938449  -1.15940630	  66.33559139  -40.55725587 -171.64913354   -2.04179954   12.48728737   -5.42247795	33.07442815	0	0.00000000	0.00000000	0.00000000	-0.01243680 -1.18081166 -0.44405351	 0.12454593 -0.29840991  0.24503688	-15.80212581 232.00000000 -10.04167075 -66.32464653  -9.47174194   6.85538768 -18.83036410 -60.32057536 -75.72755255  38.06207131 -69.88720210   0.00000000	 0.22089319  0.50064522 -0.33062649  1.07975352 -0.20276920 -0.08583388  0.06529799  0.47436044 -0.04353436  0.11967348  0.37257317 -0.60013151	
0.00399200	0.85720748	0.01000000	-14.59166145  17.84120560 -26.65074348   1.46652913   1.00534511  -0.59742308	  97.02384949  -78.16870117 -153.19097900   -0.93417883   15.32333469   -9.32911205	-27.48418256  19.22019477 -26.85311200  -0.17683568  -0.94517341  -1.03077035	  64.31880161  -43.18387133 -186.35336745   -2.29886967   14.84274652   -6.01135410	31.81713399	0	0.00000000	0.00000000	0.00000000	-0.01952561 -1.19146692 -0.46382239	 0.12454593 -0.29840991  0.24503688	-15.59047593 232.00000000  -8.39287790 -60.56339287  -7.73163569   7.37348496 -20.97444283 -59.38946086 -76.02851485  35.24410149 -72.49846329   0.00000000	 0.21983474  0.50099033 -0.32804939  1.06949115 -0.20173377 -0.08405446  0.06609124  0.47832578 -0.04867320  0.12702893  0.37052530 -0.60018522	
0.00399200	0.87054008	0.01000000	 -7.61591673  10.50574207 -27.63041496   0.69069856   0.38264284   0.09043988	 126.24671936  -91.76056671 -186.44271851   -0.18270092   20.12315369  -10.89010429	-26.61583333  17.90626147 -29.83245361  -0.20107885  -0.85825649  -1.24991308	  72.84789302  -49.93859389 -217.73140054   -2.44434347   19.80549283   -6.67048065	30.71036176	0	0.00000000	0.00000000	0.00000000	-0.03222993 -1.18821078 -0.46957404	 0.13775728 -0.17343244  0.23189720	-16.03333972 232.00000000  -6.72595446 -55.38307190  -5.70719573   7.89230669 -23.73613836 -58.47096548 -76.37468247  31.12701628 -74.96376684   0.00000000	 0.21877630  0.50130481 -0.32566404  1.05915987 -0.20085940 -0.08232873  0.06693162  0.48225278 -0.05428757  0.13495193  0.36777949 -0.60023886	
0.00400000	0.88387710	0.01000000	-10.33258533   7.00211048 -18.81708717   0.66236174  -0.14415911  -1.51784623	 149.33897400  -93.35664368 -197.80221558    0.93758625   21.05149078  -12.13528538	-20.81615835  13.12860897 -32.50433722  -0.19230119  -0.89767299  -1.56090338	  93.71604562  -46.02537508 -250.21376252   -2.54254368   24.41705745   -7.80082036	29.58067456	0	0.00000000	0.00000000	0.00000000	-0.04474266 -1.18670895 -0.47886988	 0.16204255 -0.11519474  0.30200276	-16.08056577 232.00000000  -6.00730406 -49.72340477  -2.03188416   8.80502876 -26.89031892 -58.25872833 -77.71405743  26.05810507 -78.09109179   0.00000000	 0.21768717  0.50142753 -0.32357016  1.04888213 -0.20012309 -0.08060300  0.06785053  0.48611841 -0.06035446  0.14341183  0.36432037 -0.60028493	
0.00400000	0.89721417	0.01000000	-22.41799927   0.94191903 -19.90742874   0.26478884   1.19752753   0.12575711	 113.21990204  -85.29476929 -176.60951233    0.46409863   19.07511902  -10.68717480	-22.86705517   5.60026777 -31.39452203   0.11599063  -0.90261172  -1.03437445	  88.99302821  -46.50802207 -249.04178694   -2.27780114   24.00209639   -7.75495630	28.75452562	0	0.00000000	0.00000000	0.00000000	-0.05124311 -1.18469008 -0.49606927	 0.16204255 -0.11519474  0.30200276	-15.30067816 232.00000000  -4.14954033 -43.28686699   2.12575984   9.04758349 -30.27929103 -57.48215274 -78.33289351  20.09214609 -80.31296196   0.00000000	 0.21647532  0.50141221 -0.32169873  1.03841269 -0.19950183 -0.07882359  0.06887155  0.48993802 -0.06687388  0.15224756  0.36014026 -0.60034627	
0.00398400	0.91054231	0.01000000	-19.72896194   6.57484436 -14.02438927   0.71807724   0.63581181  -1.44646466	 107.98482513  -85.34600830 -177.56045532    0.66885376   19.85727119   -9.92494297	-25.73238910   5.24670484 -29.01102813  -0.23760824  -0.59304202  -1.67904574	  74.94887959  -46.55548859 -231.29391079   -2.00026993   22.68476331   -6.84504019	27.95262149	0	0.00000000	0.00000000	0.00000000	-0.05904859 -1.19809899 -0.49482454	 0.16311398 -0.03496332  0.45433878	-14.85721838 232.00000000  -2.70390638 -36.47624100   7.16520664   9.67884768 -35.00995379 -57.66438658 -78.46544663  12.96303930 -83.46943130   0.00000000	 0.21511008  0.50132018 -0.32008037  1.02755988 -0.19893426 -0.07696747  0.06997896  0.49369627 -0.07393019  0.16136707  0.35526988 -0.60039997	
0.00399200	0.92387491	0.01000000	-30.48989487   1.89788973 -11.62356758   0.48890805   1.42301238  -0.47356007	 123.95535278  -92.20363617 -180.77711487    0.96970701   20.20572662  -11.48038960	-27.17645519  -2.43227294 -24.19688667   0.09678755  -0.89287722  -1.21605591	  80.24442852  -47.88617136 -236.31127602   -1.80734846   23.63314539   -7.17359065	27.37521765	0	0.00000000	0.00000000	0.00000000	-0.06567482 -1.20538042 -0.49390289	 0.13257702 -0.02806724  0.50019153	-10.94877045 232.00000000   0.15730900 -28.95594806  11.79585160  10.22724593 -36.93042114 -57.04086130 -79.29774990   3.35042516 -86.91958119   0.00000000	 0.21379852  0.50126648 -0.31889921  1.01789570 -0.19842038 -0.07527242  0.07099998  0.49699435 -0.08055698  0.16938213  0.35036114 -0.60043830	
0.00400800	0.93721640	0.01000000	-37.45365143   9.40926552 -24.23577881   0.78265244   3.00840497  -0.98648310	 108.96720123  -92.44086456 -147.29107666   -0.44337919   15.33906460  -10.71530819	-39.80070754  -1.75766227 -23.65810104  -0.24511327  -0.11517902  -1.17306125	  87.00787846  -48.77489542 -227.11560433   -1.63969019   22.22082692   -7.25976087	26.69585509	0	0.00000000	0.00000000	0.00000000	-0.07320562 -1.20689182 -0.49516038	 0.13257702 -0.02806724  0.50019153	 -8.80576036 232.00000000   2.63595731 -20.41058910  17.38790237  10.98479581 -40.95950476 -58.33977541 -78.84423759  -4.77132693 -89.36561568   0.00000000	 0.21193475  0.50118977 -0.31771037  1.00560093 -0.19781445 -0.07296378  0.07227232  0.50097501 -0.08973019  0.17968281  0.34312075 -0.60046899	
0.00399200	0.95054895	0.01000000	-23.52618980   2.62450910 -14.91543579   0.45601457   0.19878818  -0.14852867	  59.50664139  -72.95201874 -108.64112854   -2.00549912   10.43251228   -8.24950504	-32.66821353  -1.32586093 -24.19831125   0.12358031  -0.81072608  -1.13336826	  63.13618472  -50.91337577 -177.34840113   -1.65947142   15.62410399   -6.06197015	26.23596254	0	0.00000000	0.00000000	0.00000000	-0.09189522 -1.18718117 -0.48671596	0.17092552 0.23174865 0.50365112	 -6.10910699 232.00000000   5.10144821 -11.61278179  22.76655098  11.79554281 -45.26008301 -59.30251739 -79.12674027 -14.84118799 -92.17093555   0.00000000	 0.21016300  0.50112075 -0.31693572  0.99472499 -0.19724688 -0.07078553  0.07335617  0.50440347 -0.09774523  0.18836513  0.33585736 -0.60047668	
0.00399200	0.96388155	0.01000000	-28.73528481   2.21207786  -9.67280102   0.35313976   1.40034139  -1.60363376	  73.39988708  -74.67801666 -129.38442993   -1.54353869   10.01211071   -8.96114445	-28.30085152  -3.38543639 -23.24728318  -0.17659950  -0.62172865  -1.71735235	  52.19742476  -45.84465753 -167.47573497   -1.49364414   12.14951789   -5.76496977	25.12603571	0	0.00000000	0.00000000	0.00000000	-0.10372496 -1.16823913 -0.47734537	0.08038816 0.38139708 0.60428013	 -5.89784384 232.00000000   5.98336331  -4.40993494  27.72331753  12.86219279 -49.29901652 -57.26739543 -79.01135663 -25.48061941 -94.83240528   0.00000000	 0.20827620  0.50102872 -0.31640649  0.98395646 -0.19651824 -0.06846154  0.07440075  0.50471026 -0.10660397  0.19780678  0.32777327 -0.60046130	
0.00400000	0.97721863	0.01000000	-39.83855820   0.60017949 -18.32379913   0.29187280   2.71382475  -1.32841325	 127.88791656 -128.72901917 -190.90357971   -1.43835342   19.08081245  -12.77406788	-36.40605853  -6.19229897 -25.64030513  -0.19397913  -0.27592971  -1.23877307	  74.52723306  -61.71028590 -205.52310797   -1.26548736   16.58648158   -6.61163608	25.33397398	0	0.00000000	0.00000000	0.00000000	-0.11474045 -1.14014605 -0.45208355	0.08038816 0.38139708 0.60428013	 -6.34248951 232.00000000   5.69781857  -2.13280123  32.10462901  13.52689380 -50.06584326 -44.27025368 -77.47060648 -42.77605713 -98.39987696   0.00000000	 0.20627436  0.50091368 -0.31612268  0.97288108 -0.19559784 -0.06595349  0.07530396  0.50274676 -0.11562378  0.20724843  0.31958950 -0.60044599	
0.00399200	0.99055117	0.01000000	-34.78711319  -2.95355392 -13.55878353  -0.26461467   1.78656518  -0.36958957	 175.52330017 -170.33120728 -246.63151550   -1.53253615   24.39119339  -17.39496040	-38.55323008  -6.84131937 -27.40756062  -0.30892011  -0.33303057  -1.70788219	 121.74333670  -90.50049543 -279.33696000   -1.02008521   25.90028219   -9.28517372	26.02989094	0	0.00000000	0.00000000	0.00000000	-0.13570536 -1.10571140 -0.42843614	0.03526838 0.53947262 0.57306175	  -6.25353521  232.00000000    4.30059874    1.28538070   34.06856374   13.44396162  -51.38520568  -35.99065928  -78.81999681  -58.34660291 -100.95151160    0.00000000	 0.20412678  0.50074494 -0.31607667  0.96142995 -0.19445503 -0.06323068  0.07622287  0.50116676 -0.12474329  0.21652901  0.31023222 -0.60036159	
0.00399200	0.00388379	0.01000000	-39.29615021  16.57420158 -16.18777466   1.04146314   2.06725526   0.59892339	 110.52220154 -150.50015259 -227.29632568   -1.78507173   25.88758850  -16.32795334	-39.93776901  -2.62104862 -21.25908619   0.16403413  -1.14743074  -0.55936329	 106.42344046 -103.58598704 -289.17486823   -1.38435430   27.83524247  -10.40513430	26.86302532	0	0.00000000	0.00000000	0.00000000	-0.15115622 -1.06694220 -0.40486360	0.28155971 0.55703577 0.56809133	  -4.71367676  232.00000000    3.66722836    5.89020096   35.20903351   12.91684808  -52.00959035  -26.10227264  -81.44861845  -73.21652818 -100.30447414    0.00000000	 0.20169543  0.50033844 -0.31631443  0.94993275 -0.19303611 -0.06026242  0.07714179  0.50080627 -0.13403155  0.22550280  0.30040705 -0.60023886	
0.00398800	0.01721416	0.01000000	-44.14348984  38.09096146 -35.09183121   2.24940777   3.46220541   0.88214087	 167.20018005 -135.11262512 -296.93441772    2.12567759   33.09594727  -18.59075356	-50.91211095  14.83687704 -16.80264821  -0.11250771  -0.70020494  -0.56418071	 102.88748559  -88.39047682 -316.20443824   -1.66104521   31.80123959  -11.26230447	27.81633283	0	0.00000000	0.00000000	0.00000000	-0.15717395 -1.03480613 -0.37796003	0.28155971 0.55703577 0.56809133	 -3.06717448 232.00000000   4.47335108  12.04051331  36.78651582  12.22848811 -54.89621381 -22.14306888 -82.49535952 -85.97262943 -99.96797507   0.00000000	 0.19916436  0.49976316 -0.31680530  0.93930227 -0.19134872 -0.05713310  0.07817066  0.50095201 -0.14359592  0.23375562  0.29032880 -0.60020053	
0.00399200	0.03054675	0.01000000	-18.26528168  47.66477203  -2.90106368   2.73598361   0.43451822   0.20955455	 208.61138916 -193.10469055 -351.13171387    2.02158403   42.29222488  -21.40464973	-41.89277254  28.19394478  -7.07814566  -0.52746079  -0.70439799  -0.79567625	 136.49893234  -93.29109409 -388.30977265   -1.21044899   41.69734427  -12.94876204	28.34527390	0	0.00000000	0.00000000	0.00000000	-0.17254314 -1.00841683 -0.37504218	0.22411353 0.61801160 0.60051789	 -1.52446760 232.00000000   3.43231869  15.56416425  36.39307371  12.26297479 -58.39993336 -16.39435114 -84.29927616 -98.54481534 -99.37244876   0.00000000	 0.19631882  0.49950239 -0.31752628  0.92830360 -0.18953095 -0.05398844  0.07934090  0.50083697 -0.15342873  0.24119543  0.27994376 -0.60032326	
0.00400400	0.04388601	0.01000000	-19.92541885  38.52966309  10.71975803   2.14808822  -0.04289299   0.95168567	 190.95338440 -219.12362671 -347.22445679   -0.54105133   41.33196640  -23.02253532	-26.84161530  25.29619162   6.42976530  -0.47316251  -1.13485409  -1.32076944	 155.26138570 -123.54020815 -418.69629862   -1.05625174   46.67420751  -13.72342294	28.81551677	0	0.00000000	0.00000000	0.00000000	-0.18354072 -0.99442868 -0.38473303	0.22305546 0.64169833 0.78699583	   1.46295140  232.00000000    3.51819882   21.37868165   36.18721142   12.07051519  -61.35504537  -13.70130694  -84.99714962 -108.73950646  -97.46587935    0.00000000	 0.19348863  0.49967113 -0.31840834  0.91742003 -0.18729134 -0.05092815  0.08061325  0.50085998 -0.16319251  0.24773784  0.26929027 -0.60037696	
0.00399200	0.05721860	0.01000000	-40.28876877  23.45571709  -9.55388069   1.21746051   4.02210140   0.85795283	 182.15905762 -196.78825378 -303.37506104   -2.56124520   33.53302002  -22.59487724	-33.73993378  11.42459170   3.31090832  -0.34838998  -0.56296565  -0.07675267	 160.24959976 -136.84480516 -399.98301639   -1.35884994   43.42560672  -14.10606111	28.80793130	0	0.00000000	0.00000000	0.00000000	-0.18258537 -0.98755579 -0.40184494	0.22305546 0.64169833 0.78699583	   5.93362382  232.00000000    2.52905987   24.27244188   32.22410156   10.59283213  -58.62257914   -6.84481105  -87.29098459 -120.44769584  -94.35626726    0.00000000	 0.19081183  0.49980152 -0.31930572  0.90624499 -0.18475261 -0.04794456  0.08211336  0.50084460 -0.17263415  0.25343660  0.25859842 -0.60026956	
0.00399600	0.07055342	0.01000000	-24.47486496  31.61160278  50.81156158  -0.67938828  -0.40091833  -1.31722689	 213.53791809 -180.77685547 -293.23553467   -2.63379288   28.65442276  -25.88006020	-25.33767218  -1.25893093  18.39984375  -1.92686325  -0.47837568  -0.40490189	 169.20657134 -113.60972320 -370.88245124   -2.60909171   38.53100584  -16.64854390	28.18391075	0	0.00000000	0.00000000	0.00000000	-0.20091056 -0.99640398 -0.43061627	0.16602079 0.36913081 1.12681066	   7.31740063  232.00000000   -0.19824374   27.07487312   30.33208172    9.55927364  -61.83160763   -2.62376590  -88.65008687 -132.84992655  -93.97117199    0.00000000	 0.18824242  0.49977851 -0.32015705  0.89503157 -0.18202212 -0.04495330  0.08403759  0.50084460 -0.18164630  0.25836065  0.24808300 -0.60019284	
0.00398400	0.08388156	0.01000000	-17.19694901  34.89142609  49.63843536   0.57164961  -1.46303678  -0.00467723	 182.79792786 -201.51293945 -271.03289795   -5.55528069   25.40001106  -22.87459946	-9.15775613 -3.43320670 33.41489530 -2.03227280 -1.15749591 -1.10856524	 175.88005380 -122.94648578 -351.77753577   -2.70363080   34.05732022  -16.01975859	28.59074735	0	0.00000000	0.00000000	0.00000000	-0.24589994 -1.00588271 -0.41066328	0.18467601 0.64067785 1.26864010	  13.02269451  232.00000000    0.09722276   29.36454754   26.13572572    8.60210953  -58.00704246    3.74144148  -92.18134361 -144.36155998  -90.26418927    0.00000000	 0.18615620  0.49981686 -0.32100841  0.88549787 -0.17944503 -0.04254495  0.08607177  0.50083697 -0.18931620  0.26198086  0.23911688 -0.60020822	
0.00398800	0.09721193	0.01000000	-41.86634064  68.41185760  99.48051453   0.65571904   0.78974169  -0.71053046	 157.77470398 -206.49066162 -249.36608887   -6.22748232   24.66890907  -21.32528687	-10.61942439  -7.34967906  74.78272204  -3.66186268  -0.38037991  -0.51977186	 159.60742222 -146.92639560 -331.25199972   -2.02116540   30.91419023  -13.46639935	28.90445980	0	0.00000000	0.00000000	0.00000000	-0.30909403 -1.01716954 -0.32422843	0.18467601 0.64067785 1.26864010	  15.24129558  232.00000000   -0.79724591   30.52409321   23.16483442    6.96751543  -57.76060273    9.85315034  -94.68781701 -153.51145496  -87.73005011    0.00000000	 0.18398562  0.49991655 -0.32215124  0.87501311 -0.17629270 -0.03966106  0.08866358  0.50081396 -0.19811358  0.26517922  0.22900794 -0.60020053	
0.00399600	0.11054675	0.01000000	-44.74685287  47.03736115  44.79747772   0.66532779   0.80657798  -0.17314191	 140.72123718 -189.07427979 -230.22811890   -5.81928205   23.35817909  -20.92230606	-22.86697534  -6.64587713  67.87938819  -3.40819312  -0.81224991  -1.06865808	 150.78338568 -137.99451532 -305.10788380   -2.03047345   28.77475421  -13.59628422	29.73188753	0	0.00000000	0.00000000	0.00000000	-0.34015107 -0.97795900 -0.28302321	0.01892704 0.84590526 1.23595268	  16.92058199  232.00000000   -0.20044967   32.25215429   19.79562182    3.74954815  -57.86827226   16.72128664  -95.14366873 -164.12646219  -85.51072965    0.00000000	 0.18212950  0.49991655 -0.32362387  0.86495024 -0.17298698 -0.03703796  0.09140462  0.50078326 -0.20711805  0.26703531  0.21876863 -0.60014683	
0.00400000	0.12388379	0.01000000	-69.35060120  30.45145416  61.04973984  -0.10422184   3.78614140   1.84791434	  91.38320160 -191.08360291 -190.05944824   -7.31857061   20.71640396  -15.96922970	-27.11506866 -29.35835071  73.37908401  -2.91280437  -0.80710465  -0.48052762	 121.63724898 -142.21682876 -259.94325510   -1.41331324   24.79852734  -10.92324681	31.23872167	0	0.00000000	0.00000000	0.00000000	-0.35302544 -0.93429156 -0.21250301	0.08666842 1.08306850 1.05440131	  18.16840835  232.00000000    1.55880760   34.92076970   18.71305772    1.60040161  -58.59229765   21.71307785  -95.13073086 -169.97086379  -82.16165484    0.00000000	 0.18025805  0.49993956 -0.32567939  0.85359877 -0.16919805 -0.03437650  0.09468758  0.50075257 -0.21751076  0.26728076  0.20704134 -0.60020822	
0.00400400	0.13722305	0.01000000	-47.70950699  41.33810425  92.14712524  -0.83579463   2.45689034  -1.35597885	 145.69297791 -165.52012634 -202.48756409   -4.86622620   19.04512215  -20.14501953	-36.12399225 -31.23403593  64.60570312  -3.00003160  -0.27883466   0.88143558	 124.25234239 -127.83224090 -252.54839103   -1.05037732   23.58309730  -11.60799262	32.53748087	0	0.00000000	0.00000000	0.00000000	-0.31685709 -0.88503918 -0.18026725	0.08666842 1.08306850 1.05440131	  17.55972746  232.00000000    5.02570178   39.12341816   19.71829985   -0.53983545  -62.34622693   26.63224273  -92.66499374 -174.68001407  -77.46740222    0.00000000	 0.17863202  0.49997026 -0.32794201  0.84302199 -0.16583095 -0.03221359  0.09790771  0.50072193 -0.22661494  0.26582348  0.19659494 -0.60025424	
0.00398400	0.15055120	0.01000000	-2.54308748 34.67795181 22.37408638  1.06812656 -3.18289351  0.71072805	 131.92976379 -190.83604431 -189.57115173   -7.20010185   18.29693794  -20.10968018	-19.78355299  -8.59312359  41.22820491  -2.07979569  -1.55029528  -0.45429731	 148.45969381 -130.37846254 -253.27954983   -1.03313772   23.71923004  -12.85282392	33.98320985	0	0.00000000	0.00000000	0.00000000	-0.32520550 -0.83962472 -0.16100017	-0.12936986  0.63410290  1.15272243	  19.76511802  232.00000000    7.79103449   41.91080567   20.36637525   -2.32864837  -62.99030175   30.76079099  -91.62753018 -180.77658678  -73.61928005    0.00000000	 0.17715940  0.50003159 -0.33018929  0.83366472 -0.16290106 -0.03054155  0.10099433  0.50069124 -0.23439221  0.26353016  0.18764415 -0.60032326	
0.00400000	0.16388823	0.00968890	-24.66519737  45.95484543  71.92454529  -0.34256655   0.17219530  -1.43924439	 106.96367645 -169.18220520 -179.01451111   -6.35724449   16.11286545  -15.56884575	-4.46309737 -4.92997495 51.50083366 -2.67950951 -1.06989617 -1.29597913	 141.58609982 -133.08711106 -237.90004673   -0.39392604   21.22058706  -10.99368151	35.43790086	0	0.00000000	0.00000000	0.00000000	-0.33678914 -0.79608470 -0.12636544	-0.25254605  0.74575443  1.06240197	  23.34778011  232.00000000   13.19615998   46.63915950   21.91237407   -4.05419828  -61.15923994   34.48804523  -88.03604391 -185.29461387  -69.76077805    0.00000000	 0.17538765  0.50028473 -0.33334163  0.82210612 -0.15899707 -0.02876213  0.10525904  0.50061452 -0.24399494  0.25939611  0.17642309 -0.60033858	
0.00398800	0.17687285	0.00885792	-38.71788025  37.13476181  77.88047791  -1.45375860   1.51392651  -2.30651522	  88.49418640 -130.82066345 -156.94595337   -4.14469385   14.46292591  -11.23838043	-14.48879753 -16.15756628  59.61465927  -4.11718140   0.12854035  -0.85002477	 119.96363120 -113.59401046 -214.70593758    0.21150720   18.69504781   -8.26491683	37.25012742	0	0.00000000	0.00000000	0.00000000	-0.35077347 -0.75985891 -0.08046647	-0.25254605  0.74575443  1.06240197	  24.18427334  232.00000000   13.73121107   50.26349464   22.55805419   -5.06034223  -64.94765811   37.78350942  -88.08794305 -188.13643236  -64.36891320    0.00000000	 0.17424484  0.50068355 -0.33594939  0.81369227 -0.15589076 -0.02774204  0.10884046  0.50049180 -0.25116628  0.25518531  0.16780213 -0.60035396	
0.00400400	0.18894278	0.00816729	-32.06972885  14.76604176  23.61882782  -0.00406656  -0.25938308   0.82430667	  76.95638275 -120.19152069 -141.98861694   -4.16022205   12.21321297   -9.19482899	-16.44381660 -19.29314045  42.35716985  -3.16707312  -0.60624316  -1.56866149	 106.21115101  -99.88009820 -187.53224930    0.62890121   16.33409650   -5.72582937	40.09383791	0	0.00000000	0.00000000	0.00000000	-0.36886450 -0.73492878 -0.01299287	-0.41593379  1.03570385  1.11554018	  26.42685527  232.00000000   15.74533870   55.28924765   22.93892032   -6.34503309  -66.41291987   42.48687757  -86.14742036 -192.93273156  -56.28262592    0.00000000	 0.17303300  0.50132018 -0.33950055  0.80365235 -0.15182571 -0.02685233  0.11369421  0.50002396 -0.25972590  0.24834377  0.15657339 -0.60052270	
0.00398000	0.20023179	0.00736022	-62.40061188  11.16284752  48.27962875  -0.70680439   3.26128197   1.38171029	  81.10918427 -107.42535400 -118.53909302   -3.76555634    9.06701946   -9.13862038	-32.81572325 -23.85195732  21.44302017  -0.98934117  -1.65070257   0.11600830	  98.51174725  -84.92347736 -169.27951940    0.78440844   13.30787864   -5.64069044	42.70497772	0	0.00000000	0.00000000	0.00000000	-0.38745720 -0.70581606  0.02875909	-0.45137517  1.13360526  1.19356539	  28.99237475  232.00000000   16.32789320   58.39081036   22.34523677   -7.29530596  -67.15659105   46.34714709  -84.35455939 -189.56299879  -45.20271075    0.00000000	 0.17202824  0.50168830 -0.34246114  0.79618186 -0.14855067 -0.02643815  0.11761335  0.49936435 -0.26676688  0.24240726  0.14764562 -0.60072976	
0.00400400	0.21063715	0.00684069	-73.68552399  16.99882317  50.50019073  -1.18096125   4.91798496   0.85664874	 59.40987015 -79.06163025 -90.59920502  -2.36395359   6.36842728  -5.75482464	-50.37634859 -34.95940142  29.19888461  -1.42835363  -1.05126562   1.19027205	  88.94009564  -71.88627594 -141.20703193    1.12391019   10.62877214   -4.19647424	45.38345845	0	0.00000000	0.00000000	0.00000000	-0.39412727 -0.67398278  0.04579773	-0.45137517  1.13360526  1.19356539	  32.84804226  232.00000000   19.86888126   63.19652303   22.28973280   -7.82240789  -64.80762391   52.54687799  -78.15830618 -188.22752086  -36.09446004    0.00000000	 0.17033319  0.50160396 -0.34655687  0.78662521 -0.14427087 -0.02621573  0.12274200  0.49858966 -0.27590939  0.23291193  0.13602571 -0.60088319	
0.00400000	0.22046286	0.00651907	-36.39656448   8.89334965  43.82390213  -1.06070042   0.04048997  -1.47053587	 41.69340897 -65.04425812 -53.95280075  -2.29154873   2.95835996  -3.35428548	-40.79033548 -33.71427868  29.29047297  -1.74208268  -1.03687569   0.33556651	  74.04902949  -59.55581906 -106.22105691    1.18521105    7.32345985   -2.05485726	47.91702453	0	0.00000000	0.00000000	0.00000000	-0.41771751 -0.66716962  0.03341507	-0.56044056  1.21239420  1.41190619	  36.73658204  232.00000000   22.23773313   65.65582465   21.97994059   -8.84932769  -66.20793454   54.29716837  -73.78592998 -182.33613451  -28.15374723    0.00000000	 0.16848475  0.50149655 -0.35057589  0.77808094 -0.14048961 -0.02626942  0.12699886  0.49851298 -0.28400114  0.22389212  0.12575571 -0.60092151	
0.00399600	0.22992891	0.00626822	-37.20544434   4.32194901  45.89979935  -1.72710061   0.71493995  -1.90882444	 18.28509712 -52.00635147 -34.65824127  -1.88759089   2.16285467  -2.95735526	-22.29186878 -30.23899419  21.36198458  -1.98582702  -1.00813401  -1.48023615	 47.99990323 -46.85341309 -75.90718175   1.15728575   4.18399538  -1.90607756	50.14471752	0	0.00000000	0.00000000	0.00000000	-0.43936868 -0.65792693  0.01680262	-0.50541769  1.20975182  1.58527498	  42.70678100  232.00000000   28.34313593   69.35625621   21.93101861   -9.11805307  -61.24308108   52.73976783  -69.24626757 -171.84716252  -20.37542395    0.00000000	 0.16650590  0.50172669 -0.35498610  0.76978207 -0.13660863 -0.02659922  0.13142850  0.49861267 -0.29206222  0.21447349  0.11559310 -0.60092920	
0.00398000	0.23910727	0.00605303	-50.96657944   4.30637360  44.97541809  -1.96125579   2.69251108  -1.36559570	 -18.06857109  -83.94901276 -130.53459167    0.43123713   -2.11524343    2.23959494	-25.79756279 -37.64874325  24.97442682  -2.63171739  -0.11437901  -1.02289221	 21.18572934 -53.57662941 -77.42038631   2.44507016   1.08917975   0.70683715	52.03912896	0	0.00000000	0.00000000	0.00000000	-0.44228718 -0.63762241  0.02355454	-0.50541769  1.20975182  1.58527498	  48.19551859  232.00000000   32.17803090   71.21397331   21.78432246   -9.46034704  -57.69082352   51.40035823  -66.33677160 -162.95007861  -12.98626702    0.00000000	 0.16497959  0.50182635 -0.35908180  0.76301724 -0.13310349 -0.02703641  0.13515913  0.49862036 -0.29904181  0.20593688  0.10675737 -0.60092920	
0.00400400	0.24805978	0.00581611	-41.74517822  -3.32780552  17.69958305  -1.01166630   1.33269393   0.04010350	 -139.52525330  -522.95153809 -1564.49499512    28.91061974  -105.66175079    46.50222397	-27.98360929 -33.65101604  12.30705608  -1.63083145  -0.70693307  -0.59779921	  12.32751717 -218.57653082 -760.98997434   41.60948022  -66.37136380   24.23134766	53.66834947	0	0.00000000	0.00000000	0.00000000	-0.44546603 -0.61755826  0.02985496	-0.50541769  1.20975182  1.58527498	  51.50924937  232.00000000   35.83980049   73.99244935   22.57581746   -9.41545751  -54.94078374   50.69695737  -62.26218492 -156.61405558   -7.33264715    0.00000000	 0.16308513  0.50168067 -0.36456579  0.75511724 -0.12881601 -0.02780340  0.13973801  0.49858201 -0.30792356  0.19467746  0.09526785 -0.60089082	
0.00399600	0.25674453	0.00577764	-40.02083206  -4.18138647  11.27765656  -0.18860759   2.24406862   1.22756004	 338.97851562 -291.17385864 -868.96752930   37.72825623 -125.37786865   55.15466690	  83.39426521 -216.79641608  287.47291295   -5.11095290   10.89698216    0.45025396	 241.82269918 -370.88410712 -992.49831045   79.75396640 -115.62263067   64.50546411	55.68922913	0	0.00000000	0.00000000	0.00000000	-0.45544967 -0.59038426  0.01999463	-0.55584397  1.15304390  1.59707190	  54.48230813  232.00000000   37.31093242   75.96912994   23.05075326   -9.61460074  -52.30043700   50.58578019  -58.69841161 -149.68835527    1.08326282    0.00000000	 0.16155882  0.50143522 -0.36953589  0.74883556 -0.12477397 -0.02859340  0.14346865  0.49878141 -0.31574687  0.18474494  0.08543504 -0.60086781	
0.00398800	0.26538208	0.00570186	-32.95323944  17.71690941  62.99564743   1.74695504  -0.28654909   0.43664381	  327.12405396  -181.33462524 -1026.06018066    26.63546753   -96.44004059    44.42673111	  7.02125117 -76.73829332  93.28016783  -0.87494729   1.93594689   0.31316397	  391.57942647  -119.36697963 -1062.34481119    63.65830333  -111.69129951    51.52040236	56.71775600	0	0.00000000	0.00000000	0.00000000	-0.47605675 -0.57276002  0.01593367	-0.66057286  1.22673856  1.67283440	  56.14877878  232.00000000   42.36850394   78.92980649   24.19806486   -8.88837907  -47.95221599   47.65245598  -55.64184860 -145.91820873    1.05801158    0.00000000	 0.16019358  0.50158095 -0.37431425  0.74325955 -0.12074728 -0.02947544  0.14642960  0.49973249 -0.32317135  0.17591688  0.07721291 -0.60134333	
0.00399600	0.27393988	0.00573163	-92.27841949 -19.63112831 -30.13701630  -0.44266671   3.90996766  -8.11568260	 470.51303101 -212.64738464 -701.01226807   21.11444855 -122.33686066   34.78173828	-35.27654969 -27.23415888  26.22098212  -0.82842966   2.41912967  -6.57890853	 540.55899906  -16.78395376 -690.16299510   42.15299024  -82.84773983   36.19669639	58.77726080	0	0.00000000	0.00000000	0.00000000	-0.51534150 -0.63348967  0.08047766	-1.36093005  1.46303025  1.43973214	  58.61963971  232.00000000   46.78268111   80.75969521   24.55422535   -8.30129348  -39.66051351   45.47350093  -54.98018523 -144.41108505    2.56507922    0.00000000	 0.15958765  0.50214082 -0.37897754  0.73810536 -0.11666688 -0.03059524  0.14811821  0.50108236 -0.32912317  0.16935144  0.07050941 -0.60145074	
0.00400000	0.28253296	0.00543323	-127.15244293 -113.64386749  -21.78893089   -5.91624403   10.89007759   -4.68542337	 215.73106384 -158.68498230 -962.24188232   49.91984940 -121.51641083   50.37002182	 -65.38966371 -108.60677955  -23.72158389   -0.97066724    2.73157992   -0.94214452	 404.17868082 -112.22753189 -805.91023169   67.69752768 -114.29596273   52.73591231	60.13332810	0	0.00000000	0.00000000	0.00000000	-0.55033558 -0.65580708  0.16609736	-1.41023898  1.18499021  1.08284064	  53.92734460  232.00000000   50.12176661   79.24085567   23.65347298   -8.49869095  -30.31462873   44.31734812  -55.33074193 -143.19645493    1.60791799    0.00000000	 0.15951096  0.50224823 -0.38391697  0.73315060 -0.11254815 -0.03169204  0.14821246  0.50174969 -0.33370212  0.16413590  0.06589213 -0.60099822	
0.00398800	0.29078773	0.00530240	-66.28298950 -64.78940582  29.53097343  -3.61112142   2.39674377   1.57856286	 257.55346680   30.28375053 -788.88049316   34.33584976  -92.71465302   20.13846779	 -66.13770260 -107.31070002  -49.44363943    1.30753238   -0.07642343    0.21352981	 371.45794838   23.51738026 -819.57179187   61.32004338 -113.03906040   36.17400467	60.67959647	0	0.00000000	0.00000000	0.00000000	-0.52575497 -0.50307745  0.08552145	-1.41023898  1.18499021  1.08284064	  48.56264480  232.00000000   52.45552839   79.27050494   25.88734411   -9.43147775  -24.50739759   47.61017675  -50.33808670 -147.72370704   -3.92671697    0.00000000	 0.15911213  0.50176501 -0.38908648  0.72824955 -0.10858281 -0.03245136  0.14753701  0.50145054 -0.33772114  0.15882833  0.06234864 -0.60123599	
0.00400400	0.29890597	0.00487986	-48.50402451 -21.50889587 -18.04861832  -0.03690080   1.94088721   3.08686233	 131.80548096  -97.93817902 -757.79479980   26.25496292  -64.53594208    4.18076611	-43.80333467 -62.60182382 -36.94877853   1.77422461  -1.98354582  -0.35583441	 271.78099908   77.02608486 -777.74126439   49.04153130  -86.97657181   16.35846627	62.71174943	0	0.00000000	0.00000000	0.00000000	-0.54272270 -0.34354014  0.11745775	-0.53445517  1.52335092 -0.00288166	  46.73585526  232.00000000   54.60024410   77.49310308   25.38543150  -10.34289906  -15.59868682   50.15942591  -48.10714137 -153.29900888  -10.64837868    0.00000000	 0.15829912  0.50127411 -0.39435568  0.72367829 -0.10462514 -0.03293456  0.14653170  0.50129718 -0.34199327  0.15350543  0.06013203 -0.60151207	
0.00398400	0.30654350	0.00462554	-41.47494888  20.93289948 -36.04727173   2.08752036   2.46768594   2.43362975	  95.16475677 -173.64262390 -583.67437744   18.34161377  -66.70787048    7.40536976	-47.66509247 -16.57207214 -41.20358193   1.94129735  -2.90981405   1.91188899	 233.05461824  -60.73446255 -661.50855613   43.41480484  -77.62012923   10.87422087	64.96343794	0	0.00000000	0.00000000	0.00000000	-0.54421349 -0.24476573  0.16712537	-0.00596911  1.75349677 -0.17805143	  30.16058606  232.00000000   54.63181170   80.43317110   30.67156525  -11.38442269  -35.78932098   50.42656329  -33.74673430 -155.26406521  -24.13417602    0.00000000	 0.15688786  0.50066823 -0.39940250  0.71913773 -0.10052174 -0.03342544  0.14537717  0.50128180 -0.34693268  0.14790639  0.05879747 -0.60095984	
0.00399600	0.31390503	0.00437993	-53.44371414 -11.21337318 -21.21217155  -0.40744412   4.22094774  -1.02837849	  35.82728195    2.06789327 -542.13519287   21.58157921  -45.03891754   20.33909225	-54.58307782  -2.71845525 -35.65638426   0.55189087  -0.72780650  -1.22257218	 153.27382909  -24.29887920 -610.65989407   36.16181521  -66.92090375   15.46651353	64.17537487	0	0.00000000	0.00000000	0.00000000	-0.45115221 -0.25211576  0.13306236	-0.00596911  1.75349677 -0.17805143	  27.28881243  232.00000000   56.83514983   79.37261473   30.03630391  -11.27399165  -38.20202187   51.31863703  -26.70369110 -160.39606208  -33.86463259    0.00000000	 0.15529251  0.50006229 -0.40469474  0.71515703 -0.09630329 -0.03410039  0.14421478  0.50119746 -0.35267743  0.14096513  0.05816087 -0.60017753	
0.00399600	0.32099360	0.00406468	-63.22640228 -20.99382210  13.88583088  -1.68158174   3.78443861  -4.15857077	 102.66262817 -106.86627197 -426.42691040   13.77412224  -51.04470825   13.14194870	-50.78258913 -36.37580260 -19.94718426  -0.42483560   0.31736740  -0.87765074	 137.13552376  -14.59067746 -515.73693169   28.41972749  -57.82730344   19.05320936	63.97008079	0	0.00000000	0.00000000	0.00000000	-0.40209942 -0.22832949  0.11373731	0.01290305 1.30451913 0.22761167	  24.40684776  232.00000000   59.81841513   79.90447844   30.39677466   -9.88950092  -43.41107647   50.88680846  -15.84555831 -167.33573100  -45.37594921    0.00000000	 0.15388893  0.49949473 -0.40959579  0.71175158 -0.09200048 -0.03495941  0.14298171  0.50113606 -0.35902047  0.13257426  0.05763932 -0.60000110	
0.00400800	0.32773843	0.00351800	-20.94045830 -40.34201050 -77.44496155   1.61414099  11.46517754  -9.72645664	  99.70807648 -201.31193542 -524.99353027   15.05554008  -64.17826080    6.34351301	-43.01670041 -24.93179251 -45.81182938  -0.26767044   4.21628593  -2.33768860	 189.08516407  -92.35733529 -513.06350127   32.95030374  -62.29862298   13.86260273	63.47385611	0	0.00000000	0.00000000	0.00000000	-0.37444542 -0.17650750  0.09859319	0.29170017 1.17748481 0.15649938	  28.29394149  232.00000000   68.18612003   81.55239999   27.87263915   -8.35648847  -36.35680887   48.20021936   -7.02147788 -170.14890619  -52.05830542    0.00000000	 0.15282281  0.49924162 -0.41381425  0.70892906 -0.08763631 -0.03588747  0.14175649  0.50098270 -0.36573163  0.12330902  0.05722514 -0.59993207	
0.00398000	0.33386016	0.00308400	 149.76145935 -157.86689758 -540.95257568   24.15693092   69.74724579  -57.99785614	  78.35012817 -256.33218384 -572.14910889   13.92141056  -70.81282043   30.83035469	  -8.58605581   88.10757857 -295.75868367   -0.24827150   44.09672826   -5.78872669	 196.04812751 -152.89389803 -556.27626635   34.96834510  -72.75933509   23.27103120	62.46532815	0	0.00000000	0.00000000	0.00000000	-0.37352919 -0.16943506  0.16010893	0.29170017 1.17748481 0.15649938	  22.52620712  232.00000000   74.80729247   84.25238159   27.74538205   -6.81651176  -40.75712575   48.17324614    7.38688983 -174.52788218  -60.37904156    0.00000000	 0.15189475  0.49915725 -0.41731173  0.70681983 -0.08317242 -0.03695359  0.14070405  0.50080627 -0.37229705  0.11429688  0.05701805 -0.59977871	
0.00398800	0.33950394	0.00271145	  38.90312195 -482.44711304 -729.89581299   13.70129967  108.78285980  -70.15452576	  89.55101013 -198.10057068 -476.80465698   11.37715721  -60.55063629   32.70943832	-101.42359626   91.15769968 -623.03463102   -1.25008213   87.46149236  -10.02425169	 194.32638349 -165.97311492 -558.99517873   32.00394030  -75.63873777   36.03786535	63.13638939	0	0.00000000	0.00000000	0.00000000	-0.37189742 -0.10832537  0.10972705	0.23778873 1.08751475 0.22143149	  21.48159186  232.00000000   81.20913405   87.29946708   26.91687577   -5.11524909  -42.34296160   45.64487173   16.32547240 -172.90063401  -63.65524126    0.00000000	 0.15099737  0.49911124 -0.41979676  0.70585346 -0.07956757 -0.03815776  0.14017783  0.50080627 -0.37748960  0.10643523  0.05686466 -0.59967899	
0.00400000	0.34474033	0.00246145	 135.18463135 -495.66253662 -865.31097412   20.67752838  111.80741882 -113.45258331	 117.29995728 -242.87571716 -497.31072998    7.52483225  -57.02816391   33.97317505	 -59.82798445   52.60390795 -908.94780423   -3.46246011  127.95368551  -23.00716541	 210.66645962 -157.17104374 -492.55438604   25.68873140  -65.64978040   38.58955595	63.63211709	0	0.00000000	0.00000000	0.00000000	-0.36651547 -0.10411526  0.08793831	-0.14887337  1.32538064  0.73737672	  17.41684754  232.00000000   86.76253028   89.02757198   27.07963482   -2.93782851  -47.23400900   44.53873072   26.39997716 -173.94241250  -68.94671888    0.00000000	 0.15052950  0.49934131 -0.42252725  0.70604521 -0.07628485 -0.03934660  0.14015427  0.50080627 -0.38295054  0.09621892  0.05644281 -0.59972501	
0.00400000	0.34969890	0.00222391	   5.52879047 -357.40621948 -733.22741699   20.09734917  111.71286774  -87.88890076	 129.15504456 -350.41088867 -469.09463501    0.16995265  -63.26702118   37.10523224	-110.41968230   56.35135621 -909.72029673   -8.45440833  134.74960090  -27.19013181	 234.92687153 -240.89800896 -498.68737179   25.04308110  -68.29204949   44.20377348	64.42325806	0	0.00000000	0.00000000	0.00000000	-0.39291630 -0.12401548  0.10544799	-0.33857732  1.53653304  0.52089056	  18.29265714  232.00000000   93.39666973   90.45357916   28.57429776   -4.46850378  -40.38110044   42.17917120   27.86489547 -167.02796820  -66.13547503    0.00000000	 0.15113543  0.49964812 -0.42478219  0.70732605 -0.07480456 -0.03952301  0.14063336  0.50079858 -0.38638666  0.08716077  0.05580621 -0.59974802	
0.00398400	0.35438454	0.00194789	 -57.96160507 -144.21333313 -453.63955688   21.36944771   76.33509064  -61.17824936	  75.20992279 -336.39834595 -495.52362061    1.11110592  -59.58286285   43.74304199	-172.90724973   72.95031367 -692.07337034   -7.13312514  110.79394473  -20.53429638	 229.65822345 -286.09776418 -506.66484789   24.75385348  -70.41335178   48.09183793	65.50733404	0	0.00000000	0.00000000	0.00000000	-0.39498256 -0.15992968  0.09801485	-0.15232532  1.43380807  0.71447823	   7.94104287  232.00000000   96.34044182   92.98752914   33.51685836   -5.15794453  -48.42893822   40.25506493   33.58045617 -159.35466945  -66.39381694    0.00000000	 0.15229358  0.49990124 -0.42691442  0.70860696 -0.07466650 -0.03936194  0.14138734  0.50079095 -0.38822743  0.07919941  0.05510825 -0.59951794	
0.00400400	0.35877451	0.00183380	 -89.07466888  -51.40091324 -219.90805054    9.86911774   39.83666229  -20.27573013	  55.92232895 -224.36511230 -484.56027222    6.88980675  -48.19152832   29.37899208	-176.65215104   55.52500544 -401.43016576   -3.76272372   66.20508303   -8.97485006	 186.71152121 -219.43578336 -491.82282325   22.66025454  -63.15558127   42.82912588	66.28410719	0	0.00000000	0.00000000	0.00000000	-0.37116994 -0.19774995  0.09535728	-0.20324787  1.03043905  1.18799452	   5.29272906  232.00000000  104.22643066   94.75285527   39.74180880   -8.16971160  -46.37154272   35.43479826   35.34460667 -146.44984307  -62.88011598    0.00000000	 0.15381221  0.50018501 -0.42999774  0.70950431 -0.07553320 -0.03935427  0.14286390  0.50076795 -0.38902512  0.06882203  0.05392708 -0.59974033	
0.00398800	0.36302882	0.00156358	-38.42657471   7.10049486 -38.15525055   3.04149699   7.75584078   0.94401467	   2.10005689 -328.23251343 -593.74243164    8.91269016  -64.40083313   22.17841148	-123.08602304   28.13406539 -189.46382640   -0.01809677   27.83667639   -2.06379277	 176.44702742 -231.20158307 -552.17693023   27.36651948  -69.94428165   37.50421902	68.76573649	0	0.00000000	0.00000000	0.00000000	-0.31374692 -0.16683474  0.05208360	-0.20324787  1.03043905  1.18799452	   7.71126635  232.00000000  109.76860888   95.87740275   44.08726667   -8.55245446  -45.60550540   32.26657049   39.43788454 -135.58779620  -57.74604190    0.00000000	 0.15378921  0.50046879 -0.43308872  0.70962703 -0.07652262 -0.03969941  0.14475670  0.50076026 -0.38858026  0.05960281  0.05257718 -0.60020053	
0.00400000	0.36698946	0.00128699	-19.41202927  36.17408371   8.21634579   3.06488299   0.34321406   3.95437884	 -61.03657532 -267.76672363 -657.51562500   15.89296532  -63.44836426   21.25265312	-69.15726612  12.18803852 -55.46438839   2.75370872   3.08070605   1.85046479	 130.65268794 -240.27873532 -625.25247198   35.29876423  -79.24757136   30.54248112	68.79538823	0	0.00000000	0.00000000	0.00000000	-0.28015670 -0.06108798  0.03139382	-0.05609743  0.86213731  0.62365452	  12.71892608  232.00000000  111.23406300   96.91966792   47.96774995   -8.04790077  -49.80614048   29.15969203   41.92226491 -123.10816174  -48.97769095    0.00000000	 0.15209417  0.50086761 -0.43626404  0.70956570 -0.07719757 -0.04032835  0.14723071  0.50075257 -0.38738376  0.05039126  0.05111990 -0.60044599	
0.00399200	0.37063822	0.00103267	-68.35910034  30.45547295 -44.64634323   2.24471498   7.97797346  -2.46736884	 -59.27058029 -202.57440186 -661.41632080   20.37469482  -67.22080994   24.32658386	-64.04889507  16.45168398 -18.21972650   0.46621157   0.65071961  -1.00175385	 101.10172127 -195.79059367 -682.36689115   38.35326509  -86.79961278   32.51882691	68.22101725	0	0.00000000	0.00000000	0.00000000	-0.23202373  0.02941199  0.00488821	0.36627923 0.55842013 0.21772936	  11.49643485  232.00000000  109.52301294   99.96974748   53.06338897   -6.04756634  -66.34874977   25.82961452   50.82621396 -105.35194969  -39.02312815    0.00000000	 0.14914893  0.50132781 -0.43913260  0.70963472 -0.07737397 -0.04127175  0.14996390  0.50073725 -0.38540491  0.04097262  0.04963194 -0.60079879	
0.00400000	0.37400880	0.00086715	-71.22561646   7.38690853 -24.06749153   0.72108173   7.13344336  -5.71026134	  -9.99181271 -134.42276001 -678.14514160   27.99503708  -73.66973114   16.27257156	-79.78926533   2.75435211 -23.97499991  -1.34644922   2.17999125  -2.47227548	 116.18444966 -121.54551919 -677.39482464   40.80054743  -88.55446828   26.42430248	67.17893590	0	0.00000000	0.00000000	0.00000000	-0.17897113  0.06866724  0.00251687	0.36627923 0.55842013 0.21772936	 17.02511959 232.00000000 109.49294975 104.12401477  54.59740996  -4.35229319 -77.38910056  20.96213588  55.12995981 -89.46836337 -25.29537909   0.00000000	 0.14568980  0.50164229 -0.44141054  0.71003354 -0.07711320 -0.04246058  0.15254785  0.50071424 -0.38273579  0.03184544  0.04819000 -0.60124362	
0.00398000	0.37718430	0.00063847	-35.94559097  -4.57431841   3.84332824  -0.47305423   2.04475689  -2.36488032	  -5.38142633  -96.14994049 -726.54522705   34.55817032  -79.85018921    5.75499249	-55.57228924 -15.90948870 -15.64729935  -1.38256674   1.10220113  -3.90449016	 142.67767437  -72.50094739 -706.25726803   45.36224890  -94.06115506   20.12226234	66.17022992	0	0.00000000	0.00000000	0.00000000	-0.14915530  0.06207440 -0.01305610	0.61974955 0.53752343 0.32652817	 22.51790980 232.00000000 109.04476540 105.92055238  52.35938072  -3.09679790 -83.05900310  17.58231962  60.12267956 -72.92617142 -10.18527610   0.00000000	 0.14263718  0.50157326 -0.44268376  0.71067780 -0.07654563 -0.04359572  0.15436213  0.50055319 -0.38003600  0.02313242  0.04713155 -0.60151976	
0.00401200	0.38012341	0.00057977	-42.27821350  13.28192234 -15.85748672   1.12524486   4.15940142   0.90982825	 -67.58998871  -66.31632233 -824.14630127   43.67188263  -86.07163239   -8.13144016	-43.59468808  -9.94699049 -15.68179731  -0.02957060  -0.54188170  -1.43117546	 129.37489526  -18.73876509 -786.60766254   55.16286642 -101.48607542    5.53285610	64.37713599	0	0.00000000	0.00000000	0.00000000	-0.12950882  0.05908610 -0.03470132	0.52499229 0.51659737 0.50649515	 26.09754629 232.00000000 110.10299284 107.28591922  51.59259584  -2.67652208 -83.29131744  15.71235403  63.03731106 -57.20713183   6.17675281   0.00000000	 0.13876387  0.50125110 -0.44310561  0.71205074 -0.07524174 -0.04502233  0.15585437  0.50002396 -0.37613967  0.01190369  0.04645660 -0.60144305	
0.00398000	0.38297951	0.00049433	-52.36856461  22.22207451 -15.48429871   1.80648184   4.61328268   3.00954962	-175.04916382   26.35573578 -914.27154541   54.85707092  -85.95384979  -21.36667824	-53.87904290   0.97705187 -13.80300739   0.76193685  -1.07915894   0.73130094	  78.95442589   31.07921086 -875.70788864   64.55410020 -110.97407952   -7.61277709	65.95047485	0	0.00000000	0.00000000	0.00000000	-0.12734976  0.07148154 -0.00720371	0.52499229 0.51659737 0.50649515	 29.80027397 232.00000000 105.90061222 106.07775732  44.78903859  -1.91290369 -78.60281878  18.61651518  65.87515844 -40.13504807  22.80402026   0.00000000	 0.13512067  0.50112844 -0.44224656  0.71398354 -0.07358504 -0.04630320  0.15651411  0.49931064 -0.37253484  0.00204786  0.04664068 -0.60141236	
0.00400800	0.38575619	0.00065784	-51.93267822  11.52657413  19.21313477   1.19277060   3.27303529   1.06430864	-217.50001526   89.25048828 -931.39581299   60.35356522  -84.10877991  -27.68606567	-50.63010495  -4.83925239  -3.16588304   0.86105663  -1.29296312   0.82213717	  11.21141637  109.53039899 -942.97275892   71.32026030 -115.21466689  -20.22469106	66.15378953	0	0.00000000	0.00000000	0.00000000	-0.11091032  0.07324978 -0.00833524	0.56612169 0.64959468 0.56301559	 32.36952594 232.00000000 102.04922760 106.66419375  41.33557664  -1.66143967 -74.14871702  21.00655013  66.85455571 -30.91543654  32.27310427   0.00000000	 0.13145445  0.50112075 -0.44037512  0.71637654 -0.07152951 -0.04762242  0.15647484  0.49871239 -0.36903736 -0.00775427  0.04773747 -0.60143536	
0.00399600	0.38870797	0.00069387	-100.77040100    2.79072833  -30.92094612    1.00323296    5.34636164   -3.59394336	-285.02896118   73.70336914 -953.38269043   61.42954636  -81.90718079  -29.23440552	-66.65785369 -18.67064285  -7.70687463   0.18920635  -0.77104596  -1.63929759	 -45.79528793  136.90092266 -983.96606726   75.44223158 -119.00555543  -26.02103423	65.65799384	0	0.00000000	0.00000000	0.00000000	-0.08681223  0.06949199 -0.00176864	0.62667043 0.53327926 0.53482944	 34.10911167 232.00000000  98.85819770 106.37124247  34.80970625  -1.04291969 -68.66481197  23.15423431  66.44710491 -25.75849277  37.51245208   0.00000000	 0.12745844  0.50115144 -0.43757561  0.71931410 -0.06930524 -0.04896466  0.15594077  0.49867404 -0.36567792 -0.01772514  0.04975466 -0.60146606	
0.00398000	0.39169085	0.00085439	-413.47329712   83.33026123 -166.73927307   12.24904919   10.17715740  -38.52955246	-235.06224060   70.71006775 -811.57806396   53.62879181  -69.11128998  -32.60265732	-246.09773007  -30.62386220  -25.77488580   -0.64687533   -1.99594746  -21.79400137	 -73.81439586  137.10989276 -954.92851698   73.23991703 -112.28343115  -29.42916530	65.00258257	0	0.00000000	0.00000000	0.00000000	-0.06303980  0.05463603 -0.02632689	0.72229502 0.70014685 0.56471548	 34.63738024 232.00000000  96.02175639 107.41867484  29.72742795  -0.26076740 -66.38451023  24.69257318  67.26044056 -27.77303170  36.97327965   0.00000000	 0.12365416  0.50115144 -0.43397841  0.72261220 -0.06672815 -0.05027621  0.15518679  0.49873540 -0.36243355 -0.02797213  0.05275359 -0.60141236	
0.00400800	0.39486772	0.00102571	-611.28442383   92.76413727 -256.16961670   13.69702816   27.09470177  -41.46622849	-185.32989502   47.57412338 -697.59814453   44.97675323  -60.42475891  -26.77324867	-500.39315454  -50.73950363  -25.89953783   -3.52037584    1.82344172  -39.32514744	 -53.35534143  121.57878980 -831.29472794   65.18955752  -97.13900853  -29.79960024	64.81977864	0	0.00000000	0.00000000	0.00000000	-0.05817436  0.05971567 -0.04670835	0.55067351 0.35630189 0.59160382	 34.81766865 232.00000000  93.26687405 108.37685660  24.90603695   1.46565287 -64.21363806  24.59592126  67.75163821 -29.47277886  34.45316464   0.00000000	 0.12020271  0.50115144 -0.42992872  0.72628605 -0.06428912 -0.05189456  0.15431499  0.49878141 -0.35922754 -0.03866398  0.05671126 -0.60131270	
0.00399600	0.39822835	0.00127904	-406.86135864  103.90201569  -11.77799988   10.59471798   27.66012001  -39.03449249	-156.51963806   31.15065575 -578.64361572   35.52429199  -48.78265762  -14.63813114	-509.24833403  -77.43855618   52.40358638   -9.31805051   10.99401883  -39.10777759	 -45.72343770   94.81807904 -702.62702448   53.93646345  -81.65433137  -21.68981682	64.62247949	0	0.00000000	0.00000000	0.00000000	-0.04717417  0.05829956 -0.06844649	0.49463780 0.04577086 0.64264957	 35.59118578 232.00000000  92.52782931 111.09166492  22.65662840   4.00859843 -61.24570346  23.05977905  66.97232472 -36.32346106  27.03102477   0.00000000	 0.11718076  0.50111306 -0.42592502  0.72988325 -0.06254806 -0.05399611  0.15337253  0.49883512 -0.35585278 -0.04940951  0.06155097 -0.60106725	
0.00398400	0.40186384	0.00157162	-184.63240051   74.29118347   95.14039612    3.73773885   16.77672577  -16.39172935	 -92.31227112   -6.43115902 -492.04592896   26.91405487  -42.50496674   -5.39963722	-291.01496304  -74.56971664  116.62972278  -11.76444574   14.35889274  -24.24463102	 -16.03059942   66.44745079 -591.09020793   42.82869787  -68.67600741  -11.57886260	64.88729608	0	0.00000000	0.00000000	0.00000000	-0.03183060  0.02626737 -0.08302183	0.49463780 0.04577086 0.64264957	 35.57191912 232.00000000  90.73518350 113.15542697  24.40222425   6.73377043 -57.69888837  22.45483459  64.65089886 -40.22648935  21.16589162   0.00000000	 0.11453465  0.50090599 -0.42247355  0.73265976 -0.06155864 -0.05628174  0.15227297  0.49888113 -0.35210988 -0.06007067  0.06716534 -0.60056102	
0.00400000	0.40583342	0.00187219	-164.90095520   66.21083832   -2.24660635    3.92943525   15.70484066   -3.15761805	 -64.58772278  -48.98969269 -424.80453491   21.47308350  -40.97609329   -1.67055881	-176.78651487  -49.96226245  106.35082661   -8.83796430   11.06105968   -9.98064113	  12.62387163   29.57452789 -507.81510376   35.78096411  -59.86441542   -4.85015785	64.35335087	0	0.00000000	0.00000000	0.00000000	-0.01775024  0.01091992 -0.10766032	 0.43410443 -0.18275020  0.90583248	 33.94414773 232.00000000  90.85214604 114.39075781  27.82820909   8.79425924 -53.29404518  22.39106374  62.50934205 -43.06850529  12.15001264   0.00000000	 0.11207261  0.50055319 -0.41976610  0.73457724 -0.06091436 -0.05875912  0.15100062  0.49894249 -0.34781474 -0.07048640  0.07333960 -0.59978634	
0.00399200	0.41013259	0.00206114	-58.64718246  29.88554001 -32.69278717   2.08543515   2.61910677   1.49755800	 -52.83512497  -59.39557648 -331.56097412   16.05266762  -33.80802917   -0.66517174	-134.87002568   -1.33053696   22.11544898   -3.20758582    4.06058570   -3.48592454	  24.22909785   -6.96043059 -431.31169561   30.20129938  -52.43036782   -0.56412537	64.75821775	0	0.00000000	0.00000000	0.00000000	 0.00325093  0.02745204 -0.14578108	 0.45823083 -0.45671172  0.53713347	 36.84675546 232.00000000  90.09749790 113.66944184  30.10287205  10.29996371 -43.37028970  24.22809158  57.76614267 -46.72084998   5.46223183   0.00000000	 0.10942650  0.50019270 -0.41782561  0.73614955 -0.06044650 -0.06116747  0.14964189  0.49901152 -0.34279862 -0.08073339  0.08000475 -0.59920347	
0.00399600	0.41464400	0.00207270	 11.04589844   2.75080085 -11.47471046   0.16228193  -6.29266739   1.46010649	 -22.33338928  -29.69177055 -205.38533020    9.09884071  -18.63976479    0.08686131	-47.18150085   9.54853515 -15.14457556   0.24038380  -1.96520562  -1.35887353	  23.04089179  -13.62749868 -323.43288463   21.71981922  -38.39649013    0.62873655	65.09391937	0	0.00000000	0.00000000	0.00000000	 0.03919712  0.06137199 -0.18939794	 0.45823083 -0.45671172  0.53713347	 32.75070806 232.00000000  88.77781752 115.32815802  33.92845638  12.36478892 -47.69266233  23.82722918  60.78361371 -44.87841604  -1.86098044   0.00000000	 0.10625116  0.49999326 -0.41648337  0.73810536 -0.05989427 -0.06341475  0.14836168  0.49908823 -0.33687747 -0.09091135  0.08695368 -0.59936452	
0.00399600	0.41916826	0.00203878	-49.28821564  15.60930824 -29.36366272   0.97040099   3.53876948  -0.94850969	  11.16052914  -24.96335411 -128.81277466    4.45447731  -11.85839367   -0.72617638	-26.83258470   7.65839702 -24.19615829   0.46510381  -1.97949889  -1.48356557	  29.92406475   -7.11915534 -216.93390597   13.21561916  -23.04412281    0.37772737	64.71418351	0	0.00000000	0.00000000	0.00000000	 0.07226776  0.07226730 -0.19084841	 0.58109495 -0.46931948  0.17111982	 34.38870712 232.00000000  87.53106450 115.90113856  34.25117083  13.59892809 -45.47288087  24.71044926  62.13219878 -42.33876828  -3.06866581   0.00000000	 0.10257728  0.49996260 -0.41504911  0.74086654 -0.05895854 -0.06523252  0.14723857  0.49920326 -0.33004355 -0.10119669  0.09390262 -0.59960228	
0.00398400	0.42364815	0.00200949	-63.02710724  29.34395409 -24.61342049   2.31887817   6.44831896  -0.45548233	   2.51077247  -50.14001083 -137.37818909    3.03316736  -12.65277100    6.05196667	-65.84269353   5.82040862 -19.51450586  -0.53426682   0.71961732  -0.47710465	  38.28382168  -19.82571237 -160.81982838    8.64253855  -17.62635811    3.00524076	64.39328558	0	0.00000000	0.00000000	0.00000000	 0.09638904  0.06802090 -0.19648621	 0.57273517 -0.48418776  0.08564514	 28.80627371 232.00000000  83.80413608 119.07690019  35.59649795  14.34488343 -54.58491724  24.68643576  68.20875901 -30.46739332   3.91576281   0.00000000	 0.09878834  0.50012368 -0.41314697  0.74456346 -0.05772369 -0.06664378  0.14621754  0.49923393 -0.32222793 -0.11155106  0.10072882 -0.59968668	
0.00400800	0.42810881	0.00207459	-31.48638725  45.45539856  24.12665558   3.12243772  -1.32687771  -0.22673039	 -29.75779152  -78.34123230 -155.52990723    2.01489115  -13.43693447   10.81398582	-49.16944251  11.18164930   5.51097242  -0.73804750  -0.03149205  -1.71930205	  24.92483570  -40.56422156 -172.69596933    7.42301832  -18.83042005    8.64382401	64.03609334	0	0.00000000	0.00000000	0.00000000	 0.10907172  0.03861036 -0.20633140	 0.57273517 -0.48418776  0.08564514	 28.05114685 232.00000000  78.59838237 119.40245299  32.77942888  14.62961751 -55.53902189  24.86022937  69.73043107 -21.61842652  14.11095652   0.00000000	 0.09526785  0.50030005 -0.41056222  0.74914235 -0.05631242 -0.06771757  0.14512584  0.49920326 -0.31362998 -0.12187475  0.10736329 -0.59958696	
0.00398000	0.43262628	0.00217830	-59.21739578  45.90655136 -20.32042503   3.26009321   4.92184591   0.47061217	 -21.24006081 -109.18849182 -161.98742676    0.99816132  -15.87937737    6.76843071	-43.66199509  15.16904997  15.58905526  -0.20904500  -0.84952211  -1.89861670	  19.75978746  -69.08790547 -188.26141706    8.22958708  -21.41484456   10.64198636	62.76137278	0	0.00000000	0.00000000	0.00000000	 0.09547638 -0.00174500 -0.22002821	 0.54906355 -0.33252540  0.51055066	 24.01353452 232.00000000  71.41004722 119.45925936  31.52712694  13.85835620 -58.31392110  24.31893919  72.98766922  -5.36844650  29.80376265   0.00000000	 0.09246834  0.50039977 -0.40777802  0.75374430 -0.05486281 -0.06842320  0.14389277  0.49919561 -0.30545387 -0.13078718  0.11315407 -0.59967899	
0.00400400	0.43727234	0.00222011	-66.89279938  23.06260681 -34.48676300   1.79284644   6.64443398  -0.50998259	  -9.23307991  -78.53520966 -153.57321167    2.03963780  -13.59766483    7.31315231	-71.38864993  12.21918937  -4.13564540  -0.56097980   0.58633644  -0.83136367	  27.75919501  -68.95228435 -178.69495191    8.21849017  -20.77912845    9.32026109	62.41203704	0	0.00000000	0.00000000	0.00000000	 0.07152185 -0.03315000 -0.23312262	 0.54906355 -0.33252540  0.51055066	 28.35522252 232.00000000  64.31628765 117.53732342  26.54139608  12.61771100 -48.07313026  25.50662030  68.71972779   3.27003170  45.05945899   0.00000000	 0.08910893  0.50049180 -0.40364394  0.76046312 -0.05276893 -0.06902912  0.14174078  0.49924162 -0.29503047 -0.14198524  0.12073193 -0.59990907	
0.00400000	0.44196266	0.00217108	-22.27955055   0.81276995  -1.46126449   0.19210860  -0.94930285  -0.20306005	 -41.02096558  -31.22302628 -141.00332642    3.67870975   -8.73248100    3.33917880	-44.86594616  -1.33329398 -14.82821382   0.11579765  -1.11435505  -1.11172307	   5.62844441  -40.17253200 -170.64680352    7.74682233  -17.70104521    6.15281176	61.58943746	0	0.00000000	0.00000000	0.00000000	 0.04855210 -0.06421231 -0.24584718	 0.54906355 -0.33252540  0.51055066	 24.97725114 232.00000000  57.20580011 116.46059778  23.56876734  10.24551673 -46.96577459  26.31709307  69.95037685  20.14300831  64.08288458   0.00000000	 0.08610232  0.50055319 -0.39971697  0.76734304 -0.05077475 -0.06925154  0.13933747  0.49938735 -0.28482950 -0.15113543  0.12790330 -0.60004711	
0.00397600	0.44658515	0.00219097	-65.76794434  16.55231285 -19.69101524   1.28179777   4.95503950  -0.09378541	 -69.80924225  -13.21061325 -150.07083130    6.20631742   -7.04802132   -1.53939438	-44.23875579  -8.76887825 -11.25424458   0.15761631  -1.29935261  -1.20061783	 -22.86232871  -16.02683559 -172.83555842    8.61704547  -15.46829880    1.31547410	61.27114292	0	0.00000000	0.00000000	0.00000000	 0.04829562 -0.06783807 -0.27107210	 0.40502038 -0.43476423  0.30445154	 26.85397605 232.00000000  51.20435673 115.54645915  19.28908968   8.82665156 -41.97450218  27.80962350  66.93647179  30.22248688  79.64184812   0.00000000	 0.08335650  0.50057620 -0.39628851  0.77393150 -0.04888796 -0.06922087  0.13691057  0.49954075 -0.27586338 -0.15970270  0.13457611 -0.60023123	
0.00399200	0.45123863	0.00223779	-81.92654419  34.37440109  -8.99368572   2.46817565   6.92889833  -0.04579466	-121.76414490  -30.70219803 -206.37333679    8.40862083   -8.99001312   -0.66970241	-69.97024049  -6.97782767   2.19622322  -0.37897575   0.19210365  -0.32216997	 -49.84977636  -10.56640391 -201.59381854   11.00940658  -18.19353330   -0.46183057	60.59506900	0	0.00000000	0.00000000	0.00000000	 0.07122063 -0.07229505 -0.30079062	 0.46363277 -0.57089724  0.17144361	 23.22700369 232.00000000  43.85873954 112.64473178  14.33059158   6.76633293 -43.25816774  29.79933281  66.90139520  43.79652243  95.41735679   0.00000000	 0.08010446  0.50062984 -0.39246890  0.78196955 -0.04664835 -0.06895242  0.13400461  0.49973249 -0.26558572 -0.16934377  0.14281358 -0.60046899	
0.00400400	0.45595080	0.00235973	-30.76906395  20.49860954  20.52297401   1.52450383   0.00499634  -0.43777114	-131.48486328  -45.04701614 -221.31954956    8.77877235   -9.69651127   -0.75433964	-52.41633099  -6.13235418  13.63429813  -0.37437130  -0.18939236  -1.03557013	 -78.57699593  -22.45447015 -247.34773529   13.74842516  -22.36581840   -0.11950520	59.83296379	0	0.00000000	0.00000000	0.00000000	 0.10699848 -0.07252641 -0.32917017	 0.46363277 -0.57089724  0.17144361	 22.03711311 232.00000000  37.14789260 108.01544232   8.91255806   5.21199119 -40.56511843  31.35507580  63.25481844  49.46042988 104.86017553   0.00000000	 0.07656097  0.50080627 -0.38822743  0.79137284 -0.04421699 -0.06857660  0.13023470  0.49990124 -0.25425726 -0.18005095  0.15300688 -0.60074508	
0.00400400	0.46079850	0.00257025	-21.08782196  13.64187050 -14.75586987   1.03525031   1.05944514  -0.68223327	-112.64274597  -53.30841064 -214.29794312    8.44276333  -11.54415607   -6.24595594	-27.12042494  -1.38644186   2.91412796  -0.12704044  -1.05724935  -1.69371452	 -79.87403712  -31.43487014 -258.60053920   15.09133278  -23.57101971   -2.08798520	58.57051525	0	0.00000000	0.00000000	0.00000000	 0.12142139 -0.06997917 -0.35516376	 0.50300453 -0.74023583  0.11909635	 17.86749364 232.00000000  31.84886696 102.27903428   4.41978475   3.24702908 -38.73992410  32.77377730  62.01911479  59.70767890 115.11281874   0.00000000	 0.07361572  0.50102103 -0.38433880  0.80000919 -0.04210009 -0.06824679  0.12665328  0.50003159 -0.24450114 -0.18906309  0.16282436 -0.60082179	
0.00398800	0.46587130	0.00285907	-33.28757095   0.08289762 -13.06859589   0.26920676   3.08069801   0.16265851	-114.00367737  -40.96293640 -212.73999023    9.67404747  -11.65764904   -4.47435713	-34.07964022  -3.93268839 -16.02179771   0.07672269  -0.34987854  -0.68815814	 -73.20932153  -32.23469640 -254.46760091   16.32850339  -23.62660030   -4.11001075	57.63145219	0	0.00000000	0.00000000	0.00000000	 0.12944356 -0.06954817 -0.37945725	 0.45369832 -0.83716313  0.18772377	 16.42866529 232.00000000  24.69731065  95.41034291  -0.06122518   1.53729402 -35.60339379  35.56806401  56.28111266  61.15810701 120.01543722   0.00000000	 0.07100029  0.50117445 -0.38027376  0.80933577 -0.03999854 -0.06790165  0.12295406  0.50017732 -0.23475270 -0.19736193  0.17300232 -0.60074508	
0.00398000	0.47126067	0.00296783	-17.28678322  -3.84368563  -3.20864940   0.11970475  -0.20176251   0.06970093	-116.80651855  -31.29140854 -200.00152588    9.49837589   -9.39288139   -4.12963867	-24.71976233  -7.48132237 -20.46841217   0.40516277  -0.93286318  -0.58268555	 -77.48715444  -25.06702860 -247.85819224   15.98312319  -22.52567670   -3.90253380	56.28100810	0	0.00000000	0.00000000	0.00000000	 0.14107933 -0.07395356 -0.41749083	 0.45369832 -0.83716313  0.18772377	 14.24083445 232.00000000  16.98280311  86.90888922  -5.34367698  -0.68395749 -32.23456442  38.40223776  51.30738518  66.16338115 126.90365750   0.00000000	 0.06860728  0.50119746 -0.37656152  0.81802577 -0.03836485 -0.06758718  0.11965539  0.50026172 -0.22601669 -0.20407309  0.18206047 -0.60068375	
0.00401200	0.47678867	0.00323962	-25.58335304   7.35419750  -5.44090748   0.79145199   1.45459616  -0.16809125	-106.67546844  -41.93404388 -183.40039062    8.20348740   -8.77800465   -5.35271072	-16.82543823  -7.22124799 -17.01195062   0.40265292  -1.20468837  -0.99432815	 -75.69321873  -22.58910248 -226.60983033   14.86589071  -20.11317490   -4.53773607	54.66764315	0	0.00000000	0.00000000	0.00000000	 0.15402542 -0.08810248 -0.42872357	 0.50109915 -0.93101567  0.30360054	 12.99043479 232.00000000   9.91210665  82.62297254  -7.81184340  -2.23375479 -31.45288301  40.98443003  47.50754797  67.45333803 132.72927048   0.00000000	 0.06559300  0.50110543 -0.37156841  0.82964569 -0.03623262 -0.06718834  0.11536711  0.50027704 -0.21458086 -0.21203445  0.19386445 -0.60067606	
0.00399200	0.48260766	0.00343229	-28.82385826  14.87771225  -7.40341187   1.35317481   2.00516510  -1.07578957	-106.49585724  -62.97127533 -205.47048950    7.67777252  -11.19659519   -0.88292694	-27.29452427  -2.20724944 -12.57838648  -0.24491576  -0.03349530  -1.13113691	 -71.09752990  -36.41097395 -237.33790970   15.07352621  -20.87479009   -2.82961026	53.66843472	0	0.00000000	0.00000000	0.00000000	 0.16193353 -0.09807419 -0.43470072	 0.41009964 -0.95533553  0.29898996	 12.84805278 232.00000000   1.45043461  75.80370035 -11.58238893  -4.18194896 -28.50772055  44.98471046  41.39863726  67.88766933 139.16414260   0.00000000	 0.06316932  0.50105935 -0.36694348  0.84026849 -0.03452223 -0.06691990  0.11147939  0.50027704 -0.20439523 -0.21863057  0.20457163 -0.60066074	
0.00399200	0.48864076	0.00364545	-18.52753067   1.55608320   5.63372278   0.52614129  -0.21822470  -0.26597300	-102.49630737  -92.33638763 -227.32635498    7.18086386  -14.16682243    2.53701568	-19.85307793  -5.49861807 -10.77367230   0.02860044  -0.51538818  -1.18741345	 -63.74323896  -60.25949844 -257.56406895   16.36489409  -24.24681706    1.36465158	52.03757706	0	0.00000000	0.00000000	0.00000000	 0.15619262 -0.08857322 -0.44448778	 0.41009964 -0.95533553  0.29898996	 10.16459515 232.00000000  -5.08335350  71.33143914 -13.49571939  -4.84954943 -25.91909699  48.53773195  34.53146283  66.71869615 142.99090425   0.00000000	 0.06109077  0.50111306 -0.36229551  0.85089898 -0.03304961 -0.06682019  0.10745815  0.50029236 -0.19444737 -0.22472046  0.21470357 -0.60055333	
0.00399600	0.49491301	0.00379680	-23.01754189  -7.12919903  -6.56632519  -0.00245698   0.97279680  -0.62270039	-109.10524750  -98.65550995 -220.22798157    6.53051472  -12.58640289    1.40376639	-14.53288421 -10.61488497 -15.29269302   0.19051983  -0.75271492  -1.30782411	 -61.91687844  -77.90326479 -268.50608998   17.27980517  -25.78035858    3.15006008	50.90277779	0	0.00000000	0.00000000	0.00000000	 0.16441975 -0.09051556 -0.45488399	 0.33657790 -1.08561433  0.35519774	  4.94365227 232.00000000  -9.96786426  67.47180278 -13.83785882  -4.69031442 -23.49533764  50.97304275  29.21242703  69.07595571 148.82670316   0.00000000	 0.05931136  0.50118208 -0.35777026  0.86124569 -0.03181475 -0.06682786  0.10335052  0.50033844 -0.18487532 -0.23028882  0.22542609 -0.60037696	
0.00398000	0.50134456	0.00396002	-26.17227173 -10.67004967  -9.01239586  -0.05966293   1.45200503  -1.08090055	-107.28510284  -87.43464661 -195.68960571    4.80963802   -7.91831827    1.98643911	-20.58966555 -14.82763823 -23.50576193   0.22920983  -0.37993212  -0.94707502	 -70.23090644  -78.21595346 -256.54057514   15.83283831  -22.92209361    2.92249973	50.21621733	0	0.00000000	0.00000000	0.00000000	 0.17720510 -0.09188499 -0.45895139	 0.37539130 -1.01052697  0.39628373	  1.00077040 232.00000000 -15.94200662  62.77535058 -14.79333505  -4.94682041 -18.77241388  54.97585310  19.77472566  65.55204037 150.78637595   0.00000000	 0.05790009  0.50118208 -0.35395831  0.86956751 -0.03094039 -0.06694291  0.09969842  0.50035375 -0.17673756 -0.23476037  0.23462999 -0.60021585	
0.00400000	0.50796866	0.00413890	-16.47488403 -12.94759464  -3.65403366  -0.17698272   0.04102532  -0.31264749	 -81.66481781  -87.16236115 -165.12120056    3.50349855   -8.15217400    2.93521810	-15.02770209 -16.36470132 -24.80417113   0.45373015  -0.64673666  -1.00660339	 -60.17914102  -75.43614822 -226.04355442   13.40311486  -19.52785253    3.63908026	49.73392071	0	0.00000000	0.00000000	0.00000000	 0.19220797 -0.08910823 -0.45206950	 0.37539130 -1.01052697  0.39628373	 -4.41958083 232.00000000 -19.86979863  60.31801679 -13.65231760  -4.83384723 -16.89062074  56.68637072  15.81941494  69.71714798 158.69968815   0.00000000	 0.05638145  0.50110543 -0.35007736  0.87992954 -0.03019641 -0.06711932  0.09544942  0.50036907 -0.16769475 -0.23930863  0.24509174 -0.60016221	
0.00400000	0.51479155	0.00443768	-15.26120853  -5.26004314  -7.88274908   0.16117857   0.54659235  -0.74533212	 -66.41606903 -109.09382629 -172.80439758    2.66957164  -10.21701527    4.34775448	-11.33590502 -13.60662360 -24.60714344   0.47777158  -0.78942065  -0.96394756	 -43.10254611  -81.67295450 -211.78540101   12.60750730  -18.75570625    4.77382907	49.35496172	0	0.00000000	0.00000000	0.00000000	 0.19530280 -0.07480548 -0.44227437	 0.27730131 -1.09145868  0.35307220	 -8.75706439 232.00000000 -23.91080186  56.18522038 -13.56737860  -5.84529230 -13.83204109  60.36981178   9.81622806  68.15683161 161.39631066   0.00000000	 0.05477077  0.50097501 -0.34562114  0.89188695 -0.02962116 -0.06734174  0.09059566  0.50036907 -0.15785426 -0.24371882  0.25697240 -0.60016221	
0.00398800	0.52193981	0.00473285	-15.08773518  -1.38600314 -10.91729259   0.39597407   0.78792572  -1.28089154	 -60.01953888 -122.57193756 -175.42120361    1.60458946  -10.50860977    5.78130817	-16.03189702  -7.58728340 -24.45621761  -0.06358086  -0.23855619  -1.22248993	 -31.49389668  -96.21373304 -216.13571202   12.87234816  -19.31485454    6.60337471	49.04373388	0	0.00000000	0.00000000	0.00000000	 0.20403046 -0.06480523 -0.43702342	 0.27550552 -1.07305283  0.41728976	-12.90871790 232.00000000 -31.52225139  49.32471351 -13.66622534  -6.67549410 -11.82916482  63.99585110   0.90566595  66.07427870 165.37682727   0.00000000	 0.05361262  0.50090599 -0.34234610  0.90142828 -0.02936039 -0.06755650  0.08677077  0.50036907 -0.15061387 -0.24657202  0.26634502 -0.60017753	
0.00401200	0.52942955	0.00499642	-3.39931917  2.51832724  3.77267623  0.23486815 -0.59750086 -0.81314605	 -51.54094696 -119.75771332 -169.62232971    1.01816475  -10.93177223    6.45843697	 -8.74239146  -4.62451138 -20.64342696  -0.19642905  -0.39649685  -1.21625758	 -22.24093437 -102.50318631 -211.54356110   12.52765765  -19.17651937    7.81357420	48.47937883	0	0.00000000	0.00000000	0.00000000	 0.21087032 -0.04100698 -0.41162715	 0.27550552 -1.07305283  0.41728976	-14.56934042 232.00000000 -35.70721744  42.66759958 -14.15201305  -7.43407792  -6.88651355  67.43515623  -6.74874714  62.77419799 166.57988769   0.00000000	 0.05228572  0.50087529 -0.33838075  0.91373849 -0.02925301 -0.06793232  0.08177564  0.50036907 -0.14195456 -0.24948658  0.27852485 -0.60016984	
0.00398800	0.53719884	0.00531495	-19.36986542  -2.39952946  -0.71124190   0.24403235   0.94744921  -1.08756030	 -55.43172836 -101.18350983 -161.69477844    1.64107299   -8.97003841    7.44371367	 -7.90449618  -9.34408649 -16.67605615  -0.08512459  -0.42947001  -1.36942839	 -25.40077704  -95.00731121 -207.04125227   12.00096174  -18.34849068    8.61827439	47.67693895	0	0.00000000	0.00000000	0.00000000	 0.22180246 -0.02572285 -0.39670665	 0.17775827 -1.02269973  0.48197496	-16.90995546 232.00000000 -39.37747371  35.85245214 -14.42012465  -8.28131930  -3.80308134  69.20821294 -12.05103860  61.64139241 168.80093970   0.00000000	 0.05127330  0.50085229 -0.33510572  0.92436129 -0.02936806 -0.06836184  0.07727531  0.50035375 -0.13506699 -0.25145009  0.28924736 -0.60013920	
0.00398000	0.54531771	0.00571628	-16.65667915  -5.06685734   1.44345891   0.11457194   0.62661809  -0.71991730	 -45.38695145 -108.45450592 -148.84867859    0.57491100   -9.19354820    6.76619530	-12.19514273 -12.83113202 -17.18199661  -0.05472151  -0.19151263  -0.96725290	 -20.44966241  -92.21067388 -195.83968055   11.24207399  -17.17867785    8.73659112	46.91118807	0	0.00000000	0.00000000	0.00000000	 0.22969207 -0.00924652 -0.37595460	 0.11403140 -0.94488715  0.48003136	-16.56256141 232.00000000 -42.05127258  28.22064137 -14.85704437  -9.32513096   1.43274969  71.98701074 -19.40438498  57.90469453 168.82020769   0.00000000	 0.05050631  0.50080627 -0.33246726  0.93351150 -0.02965951 -0.06880669  0.07331690  0.50033075 -0.12972873 -0.25271562  0.29845890 -0.60020822	
0.00401200	0.55390036	0.00617842	-11.58417797  -8.17071724   4.64067936  -0.06276551  -0.11472091  -0.32246509	 -37.16889191 -112.74225616 -140.70068359   -0.16653980   -9.50365162    6.27467632	 -7.15670064 -13.78444868 -18.76562326   0.25487792  -0.49546855  -0.86209478	 -12.82330073  -95.95234400 -184.59216407   10.72927884  -16.31233123    8.26291797	46.13538053	0	0.00000000	0.00000000	0.00000000	 0.23258152  0.01584156 -0.33472751	 0.11403140 -0.94488715  0.48003136	-18.44230518 232.00000000 -45.36060374  19.91345417 -16.49905943 -10.31105261   4.29063971  74.18808395 -25.00701323  56.15247022 169.49476896   0.00000000	 0.04961660  0.50070655 -0.32936862  0.94539982 -0.03020408 -0.06948932  0.06822752  0.50028473 -0.12379989 -0.25372803  0.31024754 -0.60028493	
0.00399200	0.56298560	0.00679891	-9.42537403 -9.06644440  3.18087244 -0.10403080  0.09623360 -0.49960282	 -24.53531075 -101.43990326 -145.80830383    0.13751835   -9.78051186    7.04295015	 -2.74360759 -15.39024990 -19.15216659   0.38371967  -0.56290390  -0.68449297	  -4.17581750  -90.18820146 -179.43807797   10.13324034  -15.65572698    8.31398410	45.48639610	0	0.00000000	0.00000000	0.00000000	 0.23413256  0.02774732 -0.30830345	 0.02065340 -0.84125271  0.57661530	-20.16336497 232.00000000 -45.41168788  10.43543420 -18.04840447 -11.35135271   7.75657384  77.12215927 -29.02993915  52.71240834 165.95121034   0.00000000	 0.04887262  0.50060683 -0.32693726  0.95616072 -0.03084835 -0.07020262  0.06376646  0.50023103 -0.11935902 -0.25407317  0.32085502 -0.60028493	
0.00399200	0.57276046	0.00750991	 -2.98474073 -10.18696785   1.85228431  -0.18608429  -0.48064607  -0.90124267	 -29.78787994 -102.25425720 -148.90098572    0.10188490   -9.63462448    7.86560965	 -1.50397092 -11.24973019 -24.87872187   0.24845105  -0.47718923  -1.02026068	  -1.62757818  -86.64529890 -181.82194960   10.18362540  -15.60361218    8.84566976	44.83159067	0	0.00000000	0.00000000	0.00000000	 0.23391600  0.03778829 -0.28476214	-0.10623670 -0.81498395  0.70706181	-19.32546216 232.00000000 -47.79366965  -4.22667868 -22.59464525 -12.17655567  13.81885233  81.17623304 -36.12183791  46.15770584 162.16183318   0.00000000	 0.04814398  0.50054550 -0.32478201  0.96709031 -0.03165369 -0.07103097  0.05940751  0.50014669 -0.11566213 -0.25394279  0.33162355 -0.60030025	
0.00399200	0.58332551	0.00817113	-1.23579979 -8.51212692 -2.22985935 -0.09895161 -0.35795522 -1.09221172	 -20.97761345 -108.63501740 -143.44293213   -0.63465285  -10.15451050    7.36665773	 -0.35516886  -8.56847474 -27.21212122   0.07555224  -0.37964570  -1.07196166	   1.31809956  -88.91710090 -180.67144325   10.12760976  -15.65986139    8.88445345	44.22821640	0	0.00000000	0.00000000	0.00000000	 0.23186296  0.04802354 -0.25466662	-0.10623670 -0.81498395  0.70706181	-18.03902794 232.00000000 -47.34882924 -18.63884505 -27.47336354 -12.59447765  20.92513456  84.89320636 -41.90769670  38.19250872 153.79791715   0.00000000	 0.04752272  0.50053781 -0.32292590  0.97776681 -0.03261242 -0.07198203  0.05524490  0.50003159 -0.11266319 -0.25333688  0.34246114 -0.60034627	
0.00398400	0.59462100	0.00895948	 3.79330826 -5.03779650 -9.06357002  0.21920007 -0.71787548 -1.38962102	  -6.42946053 -105.94544220 -157.22630310    0.68546957   -7.89100981    7.08356524	 -3.81465369  -3.37063760 -30.19984584  -0.10769432  -0.34025031  -1.38032856	   8.63071592  -87.68670467 -182.07849639   10.11833485  -14.52009246    8.80180157	43.67197962	0	0.00000000	0.00000000	0.00000000	 0.22658840  0.05232118 -0.23077884	-0.18873201 -0.76191133  0.85060336	-18.67842217 232.00000000 -46.14513031 -31.39292674 -30.97201031 -12.84955816  24.90621131  86.87105056 -44.96010958  33.00312775 147.74049902   0.00000000	 0.04710087  0.50062984 -0.32158366  0.98664856 -0.03362485 -0.07293310  0.05183627  0.49986288 -0.11064601 -0.25251618  0.35189512 -0.60035396	
0.00399600	0.60679936	0.00975539	 8.66033268 -2.38323426 -6.67346144  0.35986134 -1.60428941 -1.07142341	  15.17622662 -105.18396759 -208.24658203    4.59361458   -0.55694896    7.72992706	 -0.79919165   2.83906646 -33.05013750  -0.05520202  -0.55252043  -1.55938364	  27.12841568  -79.21029982 -213.19089798   11.63375903   -8.79426156    9.73862336	43.33618893	0	0.00000000	0.00000000	0.00000000	 0.21728888  0.05795051 -0.20730972	-0.26476766 -0.74742938  0.93487590	-16.49589327 232.00000000 -45.77561420 -46.65444502 -35.96178569 -13.17128063  33.06328693  89.94165553 -51.97948680  22.85833117 137.46237033   0.00000000	 0.04680941  0.50078326 -0.32034114  0.99635100 -0.03501311 -0.07416795  0.04830198  0.49965578 -0.10901232 -0.25128135  0.36249492 -0.60037696	
0.00400800	0.61986899	0.01000000	  3.66619349  -2.99332213 -20.43703842   0.31585148  -0.12026378  -0.56066144	  53.59774399  -82.30237579 -269.71838379   10.49635315   10.83539295    8.98791313	 -4.34044356   4.77492413 -35.91448473   0.03331895  -0.59093077  -1.33199225	  53.25801622  -56.73242011 -266.83499716   13.55439492    1.62096078   11.26412032	43.05517113	0	0.00000000	0.00000000	0.00000000	 0.20255410  0.06760605 -0.18498218	-0.26476766 -0.74742938  0.93487590	-16.91600256 232.00000000 -43.61649526 -58.06974547 -37.73884401 -13.15737886  37.08825444  90.79004996 -55.05595567  17.15353920 128.81556428   0.00000000	 0.04666369  0.50090599 -0.31935173  1.00692010 -0.03687689 -0.07577863  0.04485408  0.49949473 -0.10809960 -0.24953261  0.37432191 -0.60054570	
0.00398800	0.63319933	0.01000000	 13.25161171   0.37097818 -19.17888069   0.43295196  -1.05747044  -1.34492826	  67.96626282    7.86035633 -275.04840088   16.04044914   14.59476089   13.10365963	 -5.80092469   9.75863439 -38.76331750  -0.23315249  -0.41111142  -1.49470302	  60.10411571   15.35015617 -288.30247302   12.89067861    9.48920800   13.03524961	43.34922382	0	0.00000000	0.00000000	0.00000000	 0.18513821  0.07728073 -0.16100118	-0.32505668 -0.58658238  0.99872683	-17.26151076 232.00000000 -41.93177606 -70.92569317 -40.36212119 -12.56656842  40.47779563  90.88244600 -57.13422269   8.88539194 115.79498125   0.00000000	 0.04666369  0.50091368 -0.31884551  1.01593220 -0.03886339 -0.07737397  0.04237222  0.49947172 -0.10805359 -0.24794494  0.38488337 -0.60091382	
0.00399200	0.64653194	0.01000000	 23.40000725  -1.13142276 -12.67369747   0.21782823  -1.95538712  -1.07901168	  49.49654770   26.36615944 -284.66418457   17.64190292   21.26568222   13.09164524	 -0.47673102  14.17815750 -42.70561884  -0.09279901  -0.66277722  -1.51333601	  49.49709447   57.93758274 -291.08413941   11.90241029   13.92658478   14.80652410	43.48662699	0	0.00000000	0.00000000	0.00000000	 0.16522336  0.09021526 -0.13993976	-0.38939724 -0.53762561  0.90743068	-15.63687194 232.00000000 -42.24531187 -84.77263923 -42.07745580 -11.62910977  45.26147807  91.14520997 -61.88148381   0.17998782 103.22038993   0.00000000	 0.04674805  0.50080627 -0.31863075  1.02443051 -0.04116436 -0.07913038  0.04049512  0.49949473 -0.10883591 -0.24636494  0.39550617 -0.60129732	
0.00399200	0.65986454	0.01000000	 20.26531601  -2.08694863 -20.89025688   0.29235041  -1.76654518  -1.03643548	  62.07855225  -16.49937630 -360.61071777   19.82033348   32.40788651    9.10067081	  2.16375914  15.69892065 -44.60663313  -0.08221432  -0.64501328  -1.49352908	  44.95222298   55.31561831 -338.45882737   12.55933284   21.48892325   13.22031090	43.55201163	0	0.00000000	0.00000000	0.00000000	 0.14228212  0.09984081 -0.11863342	-0.38939724 -0.53762561  0.90743068	-18.19631082 232.00000000 -41.73125160 -97.69838422 -42.37062809 -10.53508464  44.94273710  89.12967664 -63.46788392  -6.17136415  86.29385173   0.00000000	 0.04688611  0.50073725 -0.31866142  1.03212345 -0.04376446 -0.08103251  0.03958406  0.49957141 -0.11045426 -0.24509940  0.40543103 -0.60142004	
0.00399200	0.67319715	0.01000000	 20.41884232  -4.08794498 -32.08719254   0.19477732  -1.20185828  -0.53526068	 137.38796997   30.02781296 -466.14178467   29.33972168   52.85666656   10.91849232	 -4.72099118  16.84106788 -50.87340735   0.44334738  -0.87548649  -1.13815309	  88.07860533   68.53572918 -422.21237715   13.84695819   38.84870257   14.93718027	44.04112833	0	0.00000000	0.00000000	0.00000000	 0.12203553  0.08854622 -0.09391869	-0.43543264 -0.39059523  0.97965798	 -18.28666268  232.00000000  -40.80223195 -108.78241311  -41.65680421   -8.18261752   44.04050138   85.03936021  -64.90466407  -10.24789615   67.55899359    0.00000000	 0.04698582  0.50072956 -0.31889921  1.03803694 -0.04630320 -0.08276591  0.03980397  0.49962512 -0.11249446 -0.24430940  0.41457355 -0.60115159	
0.00400800	0.68653864	0.01000000	 24.56253815  -6.02101040 -27.02114677   0.32969898  -2.07853198  -1.81631112	 191.53436279   72.08465576 -482.83135986   32.67222977   52.88844681   15.82725143	 -1.67525827  16.84093242 -53.03301845   0.09003038  -0.66350266  -1.59605692	 125.40320226  130.77007220 -473.63777527   12.88886495   51.26644607   17.17598417	42.76670396	0	0.00000000	0.00000000	0.00000000	 0.10293977  0.06535897 -0.07287432	-0.49831933 -0.19883713  1.22816621	 -17.25685336  232.00000000  -40.21178878 -121.18908947  -41.85684947   -5.80996539   42.81029866   79.78006271  -66.90480406  -14.98872137   45.06221572    0.00000000	 0.04702417  0.50076026 -0.31943610  1.04401946 -0.04990039 -0.08506688  0.04144545  0.49971715 -0.11584620 -0.24371882  0.42594036 -0.60108256	
0.00399600	0.69987345	0.01000000	 18.94462967  -4.04383516 -29.08803558   0.12578262  -1.76782227  -1.73233330	 196.09552002   75.80408478 -478.34466553   31.15564346   50.14037323   20.15360451	 -1.16900857  16.08144236 -53.14213679  -0.09484975  -0.71083586  -1.89672269	 142.70573668  168.65676379 -487.31034932   11.92012555   52.55743473   20.48167118	39.61657511	0	0.00000000	0.00000000	0.00000000	 0.08414700  0.03872642 -0.06350921	-0.49831933 -0.19883713  1.22816621	 -11.26966971  232.00000000  -36.89218769 -129.39648048  -40.75837689   -3.31459190   41.17821498   71.86917260  -68.30617262  -15.00788063   26.67558881    0.00000000	 0.04703951  0.50092131 -0.32007268  1.04833758 -0.05339786 -0.08706873  0.04407654  0.49984753 -0.11943572 -0.24363445  0.43578085 -0.60122830	
0.00398800	0.71320379	0.01000000	 26.48858070   8.61632729 -31.34354401   1.00768626  -1.78028250  -1.43474221	 201.32975769   75.18121338 -415.76547241   27.28448296   42.33763885   20.69000244	 -5.32939280  22.51664764 -52.68308652  -0.48857429  -0.54409552  -2.17403901	 153.25677635  169.22998458 -463.24817013    9.79543942   50.13865832   23.47610519	34.14517827	0	0.00000000	0.00000000	0.00000000	 0.05810832  0.04724574 -0.04175495	-0.58669961 -0.11105773  1.10034833	  -9.11815526  232.00000000  -34.12208009 -136.14620035  -39.46236794   -0.89628118   31.71572408   63.80162486  -67.75054601  -13.93960040    8.86814570    0.00000000	 0.04714689  0.50103635 -0.32086268  1.05140555 -0.05695669 -0.08901688  0.04777576  0.50006229 -0.12356979 -0.24410231  0.44543725 -0.60123599	
0.00398800	0.72653419	0.01000000	 28.35852242  12.82594967 -36.95100784   1.39058971  -2.39715409  -1.44984615	 167.15565491   68.03662109 -306.05484009   19.24695587   28.13440132   16.28013229	 -7.15506291  32.49830089 -52.95717778  -0.34916398  -0.79247919  -2.20643379	 148.77621567  164.02721887 -394.43104414    7.19705442   41.28605656   20.83097093	29.79214647	0	0.00000000	0.00000000	0.00000000	 0.02594023  0.05118628 -0.01190218	-0.56827934  0.10895361  1.06482753	  -7.34380355  232.00000000  -34.25096241 -139.55037308  -34.66700074    1.36010336   21.10901429   55.51006091  -68.85701917  -10.85381510   -6.99874662    0.00000000	 0.04739233  0.50101334 -0.32181376  1.05316961 -0.06101407 -0.09088067  0.05233892  0.50032306 -0.12821776 -0.24498434  0.45478687 -0.60113627	
0.00400800	0.73987567	0.01000000	 21.08061981  -1.92801487 -40.59770966   0.48648053  -1.43399191  -0.11132305	 115.40647888   27.04002571 -215.29330444   12.24234200   19.74803352   10.84751320	-10.85296739  30.34262505 -55.83049548   0.05440538  -0.92026520  -1.77605951	 115.15373740  120.31536579 -295.19714743    4.65729550   29.25531594   15.71244776	24.27716258	0	0.00000000	0.00000000	0.00000000	-0.00945822  0.04576805  0.01691904	-0.56827934  0.10895361  1.06482753	  -5.92749348  232.00000000  -33.34301846 -140.26777844  -27.69867687    3.01859162   12.22533386   48.22898086  -68.08361875   -4.93318670  -21.21891396    0.00000000	 0.04772213  0.50084460 -0.32297191  1.05366814 -0.06536291 -0.09264475  0.05758538  0.50039208 -0.13340262 -0.24606581  0.46379131 -0.60092920	
0.00398400	0.75320381	0.01000000	 17.52931786  -2.65352535 -38.95377350   0.20776929  -0.62048060  -0.83361220	  73.52274323  -19.32454491 -126.51679993    4.70976448   10.77629662    2.96874237	-15.65391311  22.26178864 -59.53175630   0.12380413  -0.69415774  -1.17178676	  87.67572402   55.22182757 -205.36674401    2.85291533   18.89818489    9.14899666	19.39903108	0	0.00000000	0.00000000	0.00000000	-0.03359235  0.04720784  0.03310112	-0.46711662  0.14855537  1.01894152	  -3.10205795  232.00000000  -32.23159460 -140.92058332  -21.10201405    4.27039190    4.34538863   42.70019841  -66.93163614   -0.01040032  -35.62066147    0.00000000	 0.04803660  0.50062221 -0.32430649  1.05294716 -0.06997252 -0.09422475  0.06335805  0.50019270 -0.13910902 -0.24723163  0.47218218 -0.60046130	
0.00400400	0.76654309	0.01000000	 24.94675064   2.52782154 -28.97131348   0.57332730  -2.09346294  -0.08392799	 66.67587280 -27.56202316 -90.33105469   2.09758091   6.31516838   0.04303812	 -9.55415541  23.52065030 -55.82400180   0.11857790  -0.86889112  -1.36440657	  74.71934148   21.31096067 -147.60460013    1.59655556   12.26671971    4.24564339	16.08142013	0	0.00000000	0.00000000	0.00000000	-0.05613290  0.05079183  0.04916205	-0.44579174  0.30902681  0.88349770	  -0.82528170  232.00000000  -32.92924487 -140.71354711  -14.06561920    5.66512664   -4.26135148   37.47065249  -65.97464179    4.41847378  -49.94958685    0.00000000	 0.04831272  0.50038445 -0.32575610  1.05109870 -0.07469718 -0.09547494  0.06949987  0.49987823 -0.14539833 -0.24827474  0.47991347 -0.59979403	
0.00400000	0.77988011	0.01000000	 19.52283859  11.15313721 -34.51055527   1.17427039  -1.23332572  -0.62619859	 55.19316101 -32.60153580 -67.99088287   0.43842146   3.58539081   0.72713459	 -8.23674700  26.94277747 -50.77946762   0.21955423  -0.83746063  -1.24521623	  66.02625848    4.92800060 -112.71742618    0.99389419    7.88577427    2.67942151	13.07369512	0	0.00000000	0.00000000	0.00000000	-0.07923577  0.05623549  0.05465582	-0.44579174  0.30902681  0.88349770	  -0.07514526  232.00000000  -33.51361283 -138.88123337   -7.72450050    6.67966643  -13.85582134   31.59194110  -63.38771992   11.52104902  -59.68716290    0.00000000	 0.04866553  0.50020033 -0.32719803  1.04815352 -0.07941417 -0.09655640  0.07586945  0.49956375 -0.15227057 -0.24902639  0.48684704 -0.59948725	
0.00397600	0.79320383	0.01000000	 14.66695690  17.18637466 -38.56565857   1.40834618  -0.45581138  -0.13780423	 24.35502243 -31.47720146 -42.39394760  -0.89058363   2.08707070  -0.81871307	-17.17299212  29.71425456 -47.32111721   0.09749020  -0.57219079  -0.98837090	 48.03248110  -9.58939780 -82.99245773   0.59240478   4.18414026   1.67663972	12.74706571	0	0.00000000	0.00000000	0.00000000	-0.10280916  0.06143191  0.06014851	-0.44579174  0.30902681  0.88349770	   2.85831097  232.00000000  -34.26431798 -137.35556318   -2.41031010    6.59269354  -20.93394059   25.78198068  -60.70045600   16.51557558  -68.46056321    0.00000000	 0.04907971  0.50012368 -0.32844055  1.04475570 -0.08346388 -0.09732339  0.08147719  0.49946404 -0.15867494 -0.24944057  0.49228501 -0.59973270	
0.00399600	0.80653864	0.01000000	 22.17394257  19.75658035 -31.14406013   1.46824265  -1.65321577  -1.17918611	  8.35652637 -12.80842209 -31.69457817  -0.64272696   0.76992029  -0.55278707	-14.13596726  33.92433556 -44.90580881  -0.31764289  -0.68510677  -1.49601209	 25.59149738  -9.30289363 -63.85136203   0.19844610   1.66214787   0.34446490	13.92388569	0	0.00000000	0.00000000	0.00000000	-0.12263922  0.05676096  0.06029471	-0.45686865  0.48609119  1.01492283	   6.02268666  232.00000000  -34.56479233 -134.57236117    1.83584248    7.03326053  -27.45852597   19.39978836  -56.99178917   20.42368982  -77.37090258    0.00000000	 0.04986203  0.50017732 -0.32993618  1.03929472 -0.08848766 -0.09809038  0.08853792  0.49951005 -0.16738795 -0.24966300  0.49835190 -0.60001647	
0.00399600	0.81987345	0.01000000	 16.07242203  16.89216232 -34.62843323   1.32865572  -1.20291328  -0.56522620	  3.66398406  -0.32537308 -22.24637413  -0.00435119   0.31166020  -0.48986042	-14.17365407  33.14926028 -44.57890411  -0.35077430  -0.74826124  -1.66797983	 10.37266772  -0.41038071 -50.16065121   0.03503312   0.25445943  -0.24451575	13.88381390	0	0.00000000	0.00000000	0.00000000	-0.14118610  0.04894538  0.05620343	-0.44982611  0.57042690  1.04501253	  10.12943596  232.00000000  -32.78120485 -130.61770750    6.39728511    6.92774636  -28.96374940   13.51360104  -54.10868005   25.64287244  -86.06093599    0.00000000	 0.05088213  0.50030005 -0.33132443  1.03340435 -0.09269077 -0.09857359  0.09459334  0.49960211 -0.17551038 -0.24954794  0.50276977 -0.60015452	
0.00400000	0.83321047	0.01000000	 12.52087593  21.05633163 -40.75777054   1.58821392  -0.59103298  -0.48990095	20.13292885 -9.24290466 -7.83930779 -0.63597465 -1.73508048 -0.71684736	-19.52115755  33.14803098 -44.95507399  -0.21946291  -0.65961265  -1.35441237	 15.66712191   0.33667023 -39.41376646   0.11396738  -0.60011160  -0.67988941	12.52519743	0	0.00000000	0.00000000	0.00000000	-0.15803055  0.03800887  0.04131927	-0.50887004  0.65550335  0.98818424	  11.24589606  232.00000000  -30.84501877 -125.75074835   10.41603764    6.91834874  -30.71979709   10.31611979  -48.72166231   27.84798880  -93.51295498    0.00000000	 0.05222436  0.50037676 -0.33268201  1.02662408 -0.09668679 -0.09886504  0.10037386  0.49963278 -0.18399328 -0.24909543  0.50516278 -0.60025424	
0.00399200	0.84654307	0.01000000	  8.66626167  15.49105072 -34.24942398   1.22274089  -0.34021646   0.20305759	 51.08713913 -19.97281075  -2.72342181  -1.25892615  -4.18671370  -3.35298848	-19.39927448  29.36312434 -43.36363281   0.09974732  -0.75346403  -0.94410047	 41.95792067   1.78304103 -33.90545851   0.59332780  -1.61610864  -2.74345328	11.25603625	0	0.00000000	0.00000000	0.00000000	-0.17320133  0.02120137  0.02775709	-0.60260067  0.76045353  1.07485965	   9.87715652  232.00000000  -27.14521887 -116.23827367   16.85944139    5.74237580  -33.88234387    7.00600732  -43.34730910   36.71090868  -91.40259950    0.00000000	 0.05382738  0.50043809 -0.33406261  1.01892352 -0.10045271 -0.09898009  0.10583238  0.49964812 -0.19287503 -0.24828240  0.50413501 -0.60029256	
0.00400000	0.85988009	0.01000000	 -3.51825857   5.22883892 -36.28720856   1.15603149   0.47203967  -0.94633770	 -0.48103729 -20.46575928 -15.60901737  -1.53079617   1.51783121   2.89400578	-21.94951445  20.05194709 -43.12319989   0.17814862  -0.56910694  -1.21170855	 25.42426712  -9.59065677 -40.88779517   0.00903207  -0.89133272   0.76453922	14.03148433	0	0.00000000	0.00000000	0.00000000	-0.18286800  0.00494905  0.01891683	-0.60260067  0.76045353  1.07485965	  11.13414714  232.00000000  -22.70262408 -104.49965721   23.54926545    4.17339562  -35.42159767    4.02589356  -39.19010321   46.28686544  -85.19412548    0.00000000	 0.05560679  0.50052249 -0.33548918  1.01036394 -0.10391951 -0.09898009  0.11090605  0.49972481 -0.20167241 -0.24696319  0.50141221 -0.60029256	
0.00400000	0.87321717	0.01000000	 -4.01149797   0.83778703 -34.55057907   0.44030085   0.58536810  -0.16359597	-13.07376289  -9.44681644 -20.38215065  -0.94753706   1.30778813   0.87293434	-22.70448477  11.53366240 -44.76692687   0.30291530  -0.55719207  -0.87852454	  3.15053792 -11.90106843 -42.93003806  -0.14181276  -0.83485376   1.14003573	18.75883254	0	0.00000000	0.00000000	0.00000000	-0.19353892 -0.00005439  0.00591744	-0.67237421  0.88903309  1.02622451	 12.22675716 232.00000000 -21.36642817 -99.64352021  25.99131461   2.69378701 -36.03918155   2.26781571 -36.53793621  47.89740001 -87.77685845   0.00000000	 0.05752427  0.50068355 -0.33693114  1.00106800 -0.10701815 -0.09881902  0.11557917  0.49983987 -0.21142086 -0.24517609  0.49961743 -0.60027725	
0.00397600	0.88654083	0.01000000	  5.50339603   1.95351076 -31.63204575   0.47485226  -0.37002805  -1.48481131	-36.62139893  10.15549374 -33.26589203   0.54743928   3.95387006   0.52437598	-18.17505309  11.44632678 -47.11645632  -0.06201852  -0.44564808  -1.31177433	-21.53752419  -3.96857578 -53.13327403  -0.35586934  -0.24796478   0.57468284	23.44532334	0	0.00000000	0.00000000	0.00000000	-0.20423072 -0.00392231 -0.01195045	-0.63526705  0.86949069  1.04046714	 12.85541058 232.00000000 -19.22991738 -95.34093107  28.78875565   0.77467442 -35.74995373   2.33622697 -30.75925153  48.22310482 -91.33008180   0.00000000	 0.05957980  0.50088298 -0.33835006  0.99137324 -0.10971028 -0.09858892  0.11991457  0.49989355 -0.22135338 -0.24267571  0.49885044 -0.60036159	
0.00400800	0.89988232	0.01000000	 -8.49000359   7.06169748 -23.94357109   0.77771240   0.45538425   0.27465478	-33.91849518  -3.50784183 -50.58922195  -0.06722669   4.50591612  -0.38974193	-18.18157724   9.76741499 -40.11786023   0.19690986  -0.73209061  -0.99957061	-29.64697405  -7.94305476 -64.95267984  -0.32833481   0.26981484   0.18456522	24.62934429	0	0.00000000	0.00000000	0.00000000	-0.21747350 -0.00213472 -0.03159406	-0.54259885  0.95424761  1.03772859	 13.06146281 232.00000000 -19.88224717 -94.50567063  28.02299991  -0.46910475 -34.09093666   4.31098777 -23.88252151  44.04598761 -97.36524824   0.00000000	 0.06174272  0.50099802 -0.33980736  0.98150206 -0.11194222 -0.09832815  0.12380229  0.49990124 -0.23123221 -0.23986086  0.49926463 -0.60049969	
0.00398400	0.91321045	0.01000000	-11.48375988  20.18555450 -28.08483315   2.30856967   1.74903417  -0.98847681	-12.17508411 -18.85758209 -63.14269257  -0.17275503  -2.10274696  -0.22993298	-27.63228062  13.65072554 -31.97663283  -0.14341771   0.13372383  -1.33794632	-11.81978256 -15.07570982 -79.01219539   1.68917902  -2.44731053   0.15238556	26.67890486	0	0.00000000	0.00000000	0.00000000	-0.23494155 -0.00720479 -0.05188936	-0.55134063  0.95936420  1.01396762	  12.56482999  232.00000000  -21.43919356  -95.46360369   25.79930641   -2.48482630  -32.58327895    7.30001615  -17.34763360   37.24032195 -104.35325370    0.00000000	 0.06371388  0.50100571 -0.34113425  0.97254360 -0.11353756 -0.09815174  0.12726589  0.49985522 -0.23973046 -0.23706901  0.49974781 -0.60059935	
0.00400000	0.92654753	0.01000000	 542.49127197 -279.72412109 -627.18292236   29.05114937   89.27405548  -58.90818405	  14.04853439  -43.14857101 -154.32818604    1.62200236  -13.20294285    5.62531281	  74.65559187  189.85493537 -530.64889017  -17.07113092   72.06125388    1.58106808	  21.33349632  -18.47181415 -138.16940032    7.24612148   -9.69321743    3.57681803	29.43464510	0	0.00000000	0.00000000	0.00000000	-0.25044803 -0.01849118 -0.06933025	-0.62455842  0.95438965  1.03540536	  11.12606633  232.00000000  -22.41199965  -92.82037486   25.97373408   -4.95645196  -32.29329598    8.58722957   -9.16782555   32.49162764 -107.85696861    0.00000000	 0.06633698  0.50093669 -0.34300572  0.96061695 -0.11514057 -0.09809038  0.13137352  0.49981686 -0.25052968 -0.23299630  0.50014669 -0.60063773	
0.00400000	0.93988454	0.01000000	  424.09109497  -679.23742676 -1175.01782227    14.16294861   150.34587097   -56.65787125	  11.42150593  -89.86743164 -301.91088867    3.74171996  -29.46134949   10.40972424	  -12.78121091   142.61832236 -1008.01733498   -25.27352044   122.59559502    12.70584605	  43.31077315  -36.80279261 -237.32024805   16.12745296  -21.53523985    8.68098692	32.95307191	0	0.00000000	0.00000000	0.00000000	-0.25954775 -0.03173734 -0.09765410	-0.58782415  0.94994625  1.09216429	  10.60262276  232.00000000  -22.58484775  -89.10461483   26.35456495   -6.85819049  -30.49383154    9.65076583   -2.76187460   28.12669820 -110.09641656    0.00000000	 0.06857660  0.50089067 -0.34494618  0.95004779 -0.11671291 -0.09822077  0.13454653  0.49983218 -0.26014009 -0.22890824  0.50037676 -0.60059935	
0.00399200	0.95321715	0.01000000	  926.07037354  -608.61389160 -1213.65747070    26.32014084   147.42622375  -108.92469788	  34.04339981 -162.00965881 -289.19174194    4.93942070  -46.75991821   17.71999359	  167.11484336   319.38394590 -1447.73781395   -48.04643540   177.03993037     5.31805517	  80.84005580  -80.13295748 -346.17388681   29.28172442  -37.76692603   15.28854704	37.21059476	0	0.00000000	0.00000000	0.00000000	-0.26601251 -0.04005878 -0.11080471	-0.51434057  1.07793650  1.07988046	  10.18291225  232.00000000  -21.42974154  -84.72753342   29.07648987   -7.61827779  -27.65503911   10.65980489    2.21171406   21.43472299 -114.28473157    0.00000000	 0.07144514  0.50134319 -0.34734687  0.94015360 -0.11899087 -0.09779892  0.13724831  0.49991655 -0.26966611 -0.22444436  0.50057620 -0.60052270	
0.00400000	0.96655416	0.01000000	  701.18450928  -467.48535156 -1214.23889160    31.42219162   147.56599426   -50.93787766	  88.38167572 -140.53454590 -436.99618530    5.44519711  -40.65950775   22.72896385	  105.63356059   392.11655312 -1489.79398031   -39.29187224   174.41029719    23.31644981	 135.14018289  -73.88328937 -445.04349804   33.17274363  -41.45820079   24.12158504	42.81267270	0	0.00000000	0.00000000	0.00000000	-0.27015691 -0.05608498 -0.11868731	-0.58800563  1.03865190  1.08474011	   5.32687299  232.00000000  -18.10800334  -80.48635073   32.22452188   -9.85028128  -25.03923233   11.88722595    6.63856572   17.94296078 -116.71360940    0.00000000	 0.07498097  0.50202578 -0.35026911  0.93152499 -0.12217388 -0.09721601  0.13947098  0.50014669 -0.27863988 -0.21971969  0.50065285 -0.60040760	
0.00398000	0.97988009	0.01000000	 777.76135254 -213.40554810 -710.53332520   50.92432022  137.57194519  -53.83683395	 131.40997314 -128.90388489 -354.10629272    2.15477777  -36.77600098   18.17620277	  217.69568114   459.84834015 -1126.35075859   -40.27506137   178.09805794    28.01419937	 172.92871991  -46.65489386 -402.95849841   27.91735941  -34.83551862   22.45616349	45.96479458	0	0.00000000	0.00000000	0.00000000	-0.26074722 -0.11688998 -0.10663988	-0.56163805  0.97931039  1.19436225	   0.43340216  232.00000000  -13.26805102  -75.71323466   37.48568012  -10.56427682  -21.49895616   12.21182840    9.68843298   12.55849486 -120.85278213    0.00000000	 0.07934514  0.50230956 -0.35372055  0.92469108 -0.12622358 -0.09704728  0.14119886  0.50068355 -0.28669327 -0.21477261  0.50062984 -0.60033095	
0.00400400	0.99321938	0.01000000	 284.36965942  -74.84165192 -841.17443848   41.28871155  108.77161407  -11.69966984	  99.36700439  -91.41302490 -247.22122192    1.32695401  -28.29794693    8.74853802	 -54.54303916  412.33559037 -941.12950344  -18.69768102  133.47621781   32.14785152	 152.07169060  -34.64252829 -301.47262811   21.77948318  -27.64987597   14.12075733	46.61742168	0	0.00000000	0.00000000	0.00000000	-0.24206101 -0.10419692 -0.06300836	-0.37812061  0.82787379  0.93616637	  -4.62320358  232.00000000   -7.51816624  -72.77739766   42.37072825  -11.40245851  -15.95507217   12.32950451   10.64388749    7.20782039 -125.79846319    0.00000000	 0.08431523  0.50234795 -0.35740978  0.91930681 -0.13087155 -0.09821310  0.14249475  0.50096732 -0.29388765 -0.20938833  0.50056851 -0.60026193	
0.00398400	0.00654751	0.01000000	 200.79376221 -220.35107422 -315.01235962   11.45438480   39.09000397  -19.22419930	  33.71719360  -50.40134048 -205.17213440    1.82066548  -21.35179710    7.58389568	   2.34375561  178.04939743 -596.87821127   -9.13710529   77.41376863   11.90356675	  95.11262554  -20.00087473 -253.14465538   17.26830279  -22.83944412    9.82656161	47.24608212	0	0.00000000	0.00000000	0.00000000	-0.21885436 -0.05526515 -0.01340416	0.07986358 0.82744803 0.75107359	 -14.12884870  232.00000000   -1.99073758  -64.54027840   50.93460973   -7.97583628  -14.35812066   12.94021159    9.73847917   -1.28230703 -133.85281722    0.00000000	 0.08873310  0.50221753 -0.36064649  0.91490430 -0.13518202 -0.09981611  0.14333513  0.50059152 -0.29967076 -0.20437221  0.50049180 -0.60027725	
0.00400800	0.01988900	0.01000000	 -26.45760155 -178.99354553   22.68515968   -6.57771540    5.42041302   -5.99960566	  -8.79664898   -6.78678226 -184.33998108    3.26889372  -11.95287800    4.97596836	  63.34092052  -48.32998546 -311.78099396   -0.22906244   32.17537647    6.32627776	  39.67021901   -9.87016953 -226.90189148   13.54737558  -18.42244326    6.80726841	46.92112151	0	0.00000000	0.00000000	0.00000000	-0.20258066 -0.02667202  0.00655478	0.23206799 0.69984307 0.90952485	 -19.87890150  232.00000000    1.65586569  -58.23686006   58.40413867   -6.65139331  -13.36093774   14.78156193    9.27102751  -14.16495515 -142.71538730    0.00000000	 0.09392563  0.50208718 -0.36450443  0.90892178 -0.14033620 -0.10184863  0.14412838  0.49978617 -0.30669639 -0.19788349  0.50029236 -0.60047668	
0.00398400	0.03321714	0.01000000	   3.47440743 -114.87280273   -2.70045042   -4.22490311    6.29675341   -3.94863391	   7.28688240    4.17368746 -163.01715088    3.06458354   -9.72344685    5.92583513	  37.96645099  -79.48120975 -151.65985853   -0.15293402   13.07932487    2.09131523	  16.11884157    9.09797659 -200.20302859   10.02540825  -14.00382241    5.52689598	47.89548036	0	0.00000000	0.00000000	0.00000000	-0.22573166 -0.00591965  0.02109180	0.25895346 0.86907162 0.96562336	 -19.91289530  232.00000000    5.52681618  -54.52474886   60.80861356   -6.75196368  -10.07433316   15.59907230    7.52300536  -26.95243977 -149.59581695    0.00000000	 0.09775291  0.50200278 -0.36756474  0.90239471 -0.14424786 -0.10275368  0.14459963  0.49922627 -0.31265590 -0.19250688  0.50006229 -0.60073745	
0.00399600	0.04655196	0.01000000	 26.53133011 -27.82330704 -55.54133987   4.77116680   0.74389213  -2.85982943	  47.88030624  -24.07465935 -198.12316895    1.77135241  -14.74759102    1.30899787	  14.29113599  -18.45059809 -111.77020476    2.80607367    7.11081274    0.58062163	  44.35340598   16.11081673 -202.56718991   10.00997232  -13.82079098    3.64133451	50.38939829	0	0.00000000	0.00000000	0.00000000	-0.25810953  0.03267848  0.01100511	0.25952076 0.70771513 0.80585118	 -16.61371317  232.00000000    9.54886252  -49.84424758   62.38482882   -8.06856898   -8.36643523   15.82993920    5.83768915  -40.69466001 -156.27955625    0.00000000	 0.10065980  0.50187236 -0.37021852  0.89508528 -0.14746155 -0.10325990  0.14488237  0.49929529 -0.31845436 -0.18753678  0.49985522 -0.60086781	
0.00399600	0.05988677	0.01000000	  27.94479942  -53.79763412 -130.37402344    2.63798928   10.08054256   -0.68706888	  12.86581516  -63.69808197 -200.39573669    1.74943650  -16.42987061    0.29188114	   0.60234990    4.47535400 -120.10844020    2.32677415    7.56959115    1.91994950	  49.28857713  -17.18174307 -207.92628611   13.09215453  -15.75450201    2.05746208	50.01475169	0	0.00000000	0.00000000	0.00000000	-0.33683485  0.08300860  0.05685343	0.74658578 1.15852313 0.68950618	 -14.91253419  232.00000000   15.27877334  -43.18897178   61.97141737   -8.78601453   -9.09788450   14.09971505    4.04723627  -53.23988405 -163.17763431    0.00000000	 0.10279203  0.50164229 -0.37287998  0.88710856 -0.14983155 -0.10378912  0.14498447  0.49972481 -0.32444453 -0.18298087  0.49983218 -0.60077578	
0.00398400	0.07321492	0.01000000	  73.93102264 -124.58968353 -207.91415405    3.83593631   19.03827286  -10.14634323	  21.20386505  -28.14009666 -183.85725403    3.32138729  -18.14098549    1.50558197	   3.01134317   10.35054113 -218.46528445   -0.02620759   17.23329832    1.46657893	  39.74067968  -12.65142997 -205.36876199   14.34278565  -17.20591127    1.43890090	51.89665091	0	0.00000000	0.00000000	0.00000000	-0.34862368  0.12196466  0.04870891	0.70598813 0.78231950 0.74463916	 -11.28767395  232.00000000   22.18681576  -35.15230909   63.75917987   -9.03105002   -7.46878198   14.33361812    2.58266386  -67.41779320 -168.06291373    0.00000000	 0.10428766  0.50124347 -0.37521929  0.87996024 -0.15129650 -0.10427999  0.14492165  0.49990124 -0.32974443 -0.17939901  0.49994725 -0.60059935	
0.00400400	0.08655418	0.01000000	 229.83293152 -248.96121216 -455.75018311   13.85874081   49.81761551  -28.63897896	  19.47277260   25.56353188 -144.80772400    6.67704868  -12.65964890   -0.89063805	  51.49998585   65.77692072 -455.68389468   -4.70183148   46.21777922    1.78503987	  20.66760341   23.94990298 -178.79052826   12.61601807  -14.19511979   -0.69636806	51.63746172	0	0.00000000	0.00000000	0.00000000	-0.33639048  0.14361581  0.03608917	0.67218379 0.47911231 0.95984242	  -7.17970905  232.00000000   30.02469466  -29.08380778   61.45107613   -9.56094111   -3.81881524   14.71597905    2.41404328  -79.31799335 -171.86251300    0.00000000	 0.10582931  0.50044578 -0.37803414  0.87081772 -0.15246999 -0.10475553  0.14467031  0.49987054 -0.33666268 -0.17557174  0.50001627 -0.60056871	
0.00400400	0.09989344	0.01000000	 306.50659180 -347.56539917 -736.86828613   24.15588570   81.88294220  -33.88275528	 22.18997383  16.01308632 -97.63945770   5.73596382 -11.47145844  -0.11628480	  51.95954550  118.22850144 -697.81939566   -6.74220485   75.37859936    7.30377554	  12.31649478   33.36630812 -147.56919942   11.02668667  -11.71406821   -1.14387816	53.20786524	0	0.00000000	0.00000000	0.00000000	-0.28460651  0.15520561  0.02725564	0.61070082 0.46805307 1.06373876	   0.67025240  232.00000000   36.77705010  -25.35597035   57.75426260  -10.46839713    2.52857414   17.09743359    1.65303628  -97.33036987 -174.90975839    0.00000000	 0.10706417  0.49977851 -0.38026610  0.86305577 -0.15303756 -0.10503931  0.14429332  0.49965578 -0.34277561 -0.17307901  0.50002396 -0.60078347	
0.00398400	0.11322159	0.01000000	  287.32290649  -359.96755981 -1008.06610107    35.25233841    99.72927856   -39.51623535	 55.25192261   8.51846981 -94.37042236   4.07006931 -15.42541790   3.39732933	 -12.71218730  187.73680956 -964.80309487   -4.91370673  100.09561772    9.56903939	  32.88264562   32.18724602 -123.41609275   10.13161494  -11.70750982    1.16716326	53.75226684	0	0.00000000	0.00000000	0.00000000	-0.25027052  0.16019620  0.04150236	0.44607853 0.69374180 0.87458906	   3.63198324  232.00000000   44.14128034  -20.28010941   54.66041392  -10.32202665    7.07110769   18.79971814    1.58094169 -109.55050393 -178.10872444    0.00000000	 0.10847543  0.49958676 -0.38199180  0.85579234 -0.15352844 -0.10529242  0.14353149  0.49956375 -0.34877348 -0.17161407  0.50000858 -0.60086018	
0.00400000	0.12655863	0.01000000	  208.06039429  -298.40966797 -1070.05126953    39.93703842    96.28838348   -33.86262512	 37.84974670  -9.35048866 -99.03993988   2.98096871 -14.49889374   5.95817852	 -141.38475532   224.50919601 -1074.31786933    -0.37340215   102.57029128     8.13151873	  41.94041870   26.65842895 -118.02007510    9.75558844  -12.17324324    4.14316122	53.71007772	0	0.00000000	0.00000000	0.00000000	-0.22385060  0.16600071  0.04890555	0.31407153 0.63737765 0.80832727	   2.74243957  232.00000000   51.41692092  -12.73713215   54.10805483   -9.70432784    8.65099717   21.51365299    1.11739007 -122.02970997 -181.00197967    0.00000000	 0.11018582  0.49982452 -0.38307327  0.84911954 -0.15418038 -0.10577562  0.14229056  0.49965578 -0.35464862 -0.17129193  0.50000858 -0.60075277	
0.00398400	0.13988677	0.01000000	  221.79627991  -188.29283142 -1035.10107422    41.16447830    76.09405518   -19.85957527	  27.95613098  -24.07058525 -106.84562683    1.26221681  -13.27838612    3.02886844	 -191.32486571   284.75033469 -1073.15263441     5.43887152    92.78933565     7.91035979	  40.28085800    7.08748190 -125.80007170    9.46691699  -12.30761229    4.10587371	54.36668668	0	0.00000000	0.00000000	0.00000000	-0.22840896  0.15886184  0.06175467	0.40671537 0.47003917 0.92129689	   0.45292696  232.00000000   58.45830040   -5.22834174   53.66069686   -8.72290158    9.95216670   23.54504575    0.78076760 -131.51874171 -182.60335699    0.00000000	 0.11189620  0.49983987 -0.38344911  0.84405744 -0.15490901 -0.10661164  0.14091611  0.49974015 -0.35964173 -0.17202057  0.50001627 -0.60063004	
0.00400000	0.15322381	0.00945562	 166.03684998  -83.96907043 -956.35284424   38.74669266   52.74570084   -8.88827705	 23.56912994 -30.29137230 -79.00706482   0.74041104 -11.38366985   1.15486848	-241.30853855  327.71777750 -947.74464778   12.75227876   66.96711266    5.74641834	  40.09725346   -5.28693954 -110.11255171    8.40911070  -10.81348405    2.41873070	54.38538200	0	0.00000000	0.00000000	0.00000000	-0.23121780  0.13749091  0.09681259	0.43126929 0.41729115 1.07695800	   0.94165818  232.00000000   64.83796456    0.48846108   53.22560026   -7.84255172   13.44361645   25.91222891   -0.85491500 -143.16528692 -185.07831051    0.00000000	 0.11422019  0.49977085 -0.38338006  0.83868080 -0.15588309 -0.10848310  0.13907042  0.49966347 -0.36561656 -0.17432921  0.50002396 -0.60042298	
0.00398800	0.16594915	0.00879500	  32.77703094  -13.90080070 -636.59649658   21.11614037    9.09986973   -3.59672523	 26.08937454 -21.14578056 -50.15425873   0.05835516  -8.26804829   0.93584156	-257.47443672  260.04590588 -697.79526450   17.20290928   28.67495945   -4.54283512	 36.39693655  -4.75378910 -87.30269189   6.03822629  -8.10767115   1.67948634	55.42236884	0	0.00000000	0.00000000	0.00000000	-0.22469225  0.11590853  0.12743712	0.31298131 0.42608824 1.09443653	   0.85685845  232.00000000   70.53535861    9.03811328   53.36779325   -4.98731493   15.21153326   27.42830946   -2.37535598 -152.73126721 -185.82037088    0.00000000	 0.11590756  0.49990124 -0.38302726  0.83518332 -0.15645067 -0.11065368  0.13775881  0.49954075 -0.36988103 -0.17710571  0.50002396 -0.60024655	
0.00399200	0.17794247	0.00821456	 -16.15004349  -43.30831528 -473.78616333    8.26695633  -13.12106705   -4.00273943	 19.72784996  -8.63736820 -26.95738792  -0.01197697  -5.51176834   0.32478353	-230.78627575  169.02908728 -534.39055573   19.18595030    1.58388375  -13.96514828	 31.62104535   0.60188408 -61.58128480   3.81266016  -5.81083094   0.83867872	56.76691184	0	0.00000000	0.00000000	0.00000000	-0.20177795  0.12790165  0.14399221	0.31969216 0.37102291 1.03120772	   1.56415656  232.00000000   73.97972428   16.02835495   53.41532115   -2.56281576   14.95394917   29.18413392   -5.16852479 -163.84219954 -186.16560599    0.00000000	 0.11750291  0.49985522 -0.38245201  0.83124101 -0.15668844 -0.11409747  0.13633724  0.49947172 -0.37472841 -0.18199912  0.49997792 -0.60017753	
0.00400400	0.18929736	0.00764127	 -44.22956467  -55.63013077 -368.97454834    2.47458100  -20.28847885   -1.88998878	12.63075352  6.02943182 -9.00026512  0.65111119 -2.30797005  0.81040037	-192.06519268   86.15571118 -409.93242183   19.73065617  -15.06285459  -17.90806649	 16.15286647   8.56076276 -39.56421312   1.72956942  -2.89882503   0.58722593	58.22539417	0	0.00000000	0.00000000	0.00000000	-0.16944162  0.14505800  0.14584759	0.14896511 0.18603133 0.81553870	   3.18573611  232.00000000   75.89931676   24.71302243   52.88903827    0.98708098   12.49717345   29.61629979   -7.70805543 -173.10789629 -183.35174454    0.00000000	 0.11807048  0.49978617 -0.38195348  0.82802731 -0.15615921 -0.11727281  0.13533978  0.49945638 -0.37809551 -0.18766718  0.49996260 -0.60026193	
0.00398800	0.20000619	0.00698448	 -78.91258240  -61.13405609 -347.70812988   -1.88417125  -17.88749313    3.61105537	39.17948532 12.42894173 18.91395760  0.43088540 -4.30711794  0.62226248	-187.31474304   36.50090335 -353.37979182   19.51587996  -22.78347831  -15.08608088	 22.65494088  23.04293772 -12.73061961   0.51661829  -1.76060934   0.59228446	61.09566221	0	0.00000000	0.00000000	0.00000000	-0.14110477  0.16213699  0.14782009	0.33786240 0.43769946 0.56410061	   7.01203919  232.00000000   77.02715521   29.60697014   50.17179374    3.35483414    7.85544837   29.75658718   -8.27624693 -182.17786909 -181.90977975    0.00000000	 0.11777135  0.49979386 -0.38154697  0.82508975 -0.15493970 -0.12012601  0.13464864  0.49944869 -0.38081065 -0.19398718  0.49993956 -0.60041529	
0.00399600	0.20998950	0.00620956	 -85.30291748  -47.61945724 -310.70138550   -1.42731285  -14.77613163    5.92807007	33.37591934 -4.25457668 31.92039108 -0.61641634 -2.80749798 -0.69159091	-182.34873927   15.62925267 -311.25799761   18.82633622  -23.75934768  -11.67671202	30.65990785 16.38379293  2.91957736 -0.12643433 -0.77252533 -0.16790886	62.96558745	0	0.00000000	0.00000000	0.00000000	-0.12493766  0.18507937  0.15441501	0.25072407 0.23717192 0.47391306	   8.85766712  232.00000000   74.96492570   36.78766273   48.47698734    5.98747911    0.82931834   28.05671305   -8.35146472 -184.58464336 -176.05565180    0.00000000	 0.11680494  0.49990124 -0.38124016  0.82225186 -0.15305290 -0.12244999  0.13427949  0.49942568 -0.38232163 -0.20168775  0.49995491 -0.60049969	
0.00399200	0.21910933	0.00557061	 -96.07453918  -49.42621994 -302.85382080   -1.14869559  -11.70472908    4.75273180	29.10716820  2.39504862 23.47448349 -0.22190489 -2.13858080 -0.58713651	-187.42024450    3.55414853 -289.84588025   17.53315691  -22.15484842   -9.94200707	25.81549309 12.73183164  5.02310074 -0.50594931 -0.09530444 -0.45354653	65.67954903	0	0.00000000	0.00000000	0.00000000	-0.11484994  0.19350324  0.14760874	0.23182282 0.23759116 0.26874722	  11.34812335  232.00000000   72.52088345   41.44044815   43.53797176    7.71360648   -3.63904356   27.46472918   -6.08095314 -183.81115586 -169.66849237    0.00000000	 0.11547805  0.49989355 -0.38100240  0.81995094 -0.15095901 -0.12406067  0.13420881  0.49941036 -0.38254404 -0.20911989  0.50000858 -0.60051501	
0.00400000	0.22752346	0.00485165	 -76.82082367  -58.39408493 -256.85919189   -0.52273959   -5.99361134    0.86143649	 5.21046686 12.92789936  4.85192108  0.62688625  0.92066085 -2.65166068	-166.74356383   -5.52938728 -268.57540441   14.32218733  -16.59861307   -8.88816029	 9.60617959 14.64480697 -6.46305755 -0.54366593  0.46155831 -1.95619754	67.56674927	0	0.00000000	0.00000000	0.00000000	-0.11315382  0.19525933  0.14319328	0.27130644 0.32411234 0.12831492	  10.83506096  232.00000000   69.69743609   46.24091112   41.18869126    9.13898141  -10.82229173   27.42004236   -4.05781554 -179.80430805 -162.05671617    0.00000000	 0.11315407  0.49989355 -0.38071862  0.81737381 -0.14775300 -0.12547193  0.13438159  0.49941036 -0.38152397 -0.21925950  0.50002396 -0.60051501	
0.00400000	0.23513852	0.00410749	 -72.46279907  -62.70532608 -248.15901184    0.72392029   -0.63796777   -1.66238689	-6.15084219 11.54509354 -1.83964813  0.40572143  2.21093345 -1.73020506	-150.52402318  -11.61677340 -255.51059971   11.65579934  -11.02219061   -8.18559134	 -5.84303273  10.93348522 -17.55701054  -0.79499640   1.13901868  -2.39203025	69.01486441	0	0.00000000	0.00000000	0.00000000	-0.12050068  0.18269583  0.14414046	0.27643722 0.31631818 0.09465082	  12.29639876  232.00000000   65.56034135   47.80857562   36.86104244    8.01573464  -16.76096414   30.46304180   -1.25635914 -170.84401122 -149.34476986    0.00000000	 0.11054631  0.50000858 -0.38051918  0.81552535 -0.14448562 -0.12613155  0.13475859  0.49947172 -0.37975988 -0.22862445  0.50000858 -0.60052270	
0.00398400	0.24191761	0.00342721	 -73.84362793  -59.97550583 -231.70175171    2.06993294    4.47442579   -3.84316492	 0.01877460  6.28446865 -9.60222244 -0.05285558  0.85911953 -0.45818633	-140.29035273  -16.94260902 -238.79046960    8.59575934   -4.50308393   -7.21104629	 -4.25149347   7.56289855 -27.63095633  -0.67570232   0.32413418  -1.18476052	70.29290742	0	0.00000000	0.00000000	0.00000000	-0.11851270  0.15961198  0.13815091	0.23145569 0.40950808 0.11992759	  13.37211011  232.00000000   60.67786002   48.38894291   33.02281794    5.18682180  -22.26164169   32.90343315    1.20584955 -159.76612545 -135.44083863    0.00000000	 0.10773145  0.50011599 -0.38036579  0.81411409 -0.14092678 -0.12627727  0.13523768  0.49959442 -0.37733617 -0.23836522  0.49994725 -0.60055333	
0.00398800	0.24794285	0.00289738	 -79.57549286  -65.00471497 -199.74343872    3.71284962   13.94341087   -8.48000336	  0.82406873  11.74989510 -13.26123714   0.42509207   1.12443137  -0.41070205	-130.83640305  -26.45961967 -218.89488331    4.68014264    3.48474649   -6.32103053	 -2.91919064   9.60178063 -33.07896494  -0.64426639   0.14204143  -0.55402005	72.20218254	0	0.00000000	0.00000000	0.00000000	-0.11033408  0.13602285  0.12673744	0.23145569 0.40950808 0.11992759	  16.09698996  232.00000000   55.02962893   47.81951253   28.14841229    2.20361208  -25.01817716   35.69316347    3.72946607 -148.24452357 -119.24842095    0.00000000	 0.10483990  0.50018501 -0.38025841  0.81297898 -0.13792019 -0.12610087  0.13554399  0.49982452 -0.37476677 -0.24709357  0.49993956 -0.60056102	
0.00400400	0.25338811	0.00231823	 -74.95977020  -71.52830505 -173.20161438    4.12692642   20.22925949  -10.71474743	15.43375015  0.87427539 -2.03513145 -0.25662261 -1.63180029 -0.53444082	-120.14429376  -38.52001314 -203.44597475    1.17411985   10.34690803   -5.12223394	  5.63075799  10.75166631 -29.94313070  -0.44892272  -0.18518511  -0.70758508	73.33359785	0	0.00000000	0.00000000	0.00000000	-0.10240012  0.11264932  0.11538842	0.23145569 0.40950808 0.11992759	  18.14846836  232.00000000   49.59877478   46.03708145   23.89957045   -0.45443105  -27.04759607   37.37769276    5.37306490 -140.73237515 -106.79854811    0.00000000	 0.10087456  0.50020802 -0.38018939  0.81164443 -0.13376309 -0.12557931  0.13563824  0.50033844 -0.37101617 -0.25830698  0.49999326 -0.60056102	
0.00398800	0.25818080	0.00182215	 -57.50754929  -70.30817413 -160.95642090    5.20079756   24.29054832  -13.00368118	 1.62346578 -9.11319160 -4.53899717 -0.96498203  0.16570781  0.29244679	-103.31585289  -38.96441921 -188.72063189   -2.23240020   16.66939430   -3.97632926	  9.12651571   0.95217133 -27.33158636  -0.30691512  -0.57129670  -0.04708622	75.22343130	0	0.00000000	0.00000000	0.00000000	-0.09775643  0.09708710  0.10949621	0.37141969 0.39352873 0.16088184	  19.53848725  232.00000000   46.18741734   45.94841479   20.67512909   -3.15924681  -27.14120975   39.92099079    7.92293126 -129.98482900  -91.17542715    0.00000000	 0.09763785  0.50016969 -0.38018173  0.81068569 -0.13064145 -0.12505776  0.13544188  0.50076026 -0.36777949 -0.26695096  0.50004697 -0.60054570	
0.00400400	0.26243106	0.00143764	 -51.71820450  -57.35201263 -155.17481995    6.20486259   24.95670319  -14.34710121	-15.93525505  -9.72635460  -6.35660219  -1.06298316   2.15947104   0.23620686	 -89.90965686  -31.32789755 -177.24649044   -4.36699250   20.58796438   -3.47697414	 -2.82087416 -10.75143083 -30.00871625  -0.42696036  -0.41929870   0.51946584	76.29231334	0	0.00000000	0.00000000	0.00000000	-0.08625148  0.09183674  0.09519138	0.53181099 0.13523057 0.23869872	  20.38275093  232.00000000   42.80567441   45.19199901   18.83509575   -5.54980190  -25.30323355   43.95152806   10.72212644 -120.69943931  -77.03104845    0.00000000	 0.09339640  0.50001627 -0.38018173  0.80965024 -0.12690620 -0.12434445  0.13488425  0.50095969 -0.36319289 -0.27804163  0.50009298 -0.60045362	
0.00399600	0.26624948	0.00117013	 -37.23841095  -47.27254868 -137.91967773    6.00690603   22.84153175  -14.28888416	 4.96283579  3.76110530 -8.88110733 -0.20103218 -0.14806761  0.72077537	 -80.25107451  -20.62718850 -164.89842192   -5.39725406   21.47050932   -4.05327717	 -1.90883007  -3.75796249 -31.13254662  -0.39673327  -0.53418788   0.42821926	75.71082516	0	0.00000000	0.00000000	0.00000000	-0.07292659  0.08317820  0.08922181	0.57517008 0.08558062 0.25972881	  21.58518849  232.00000000   40.31766422   46.64260851   17.88264349   -7.88028355  -21.23591484   48.94307326   11.51120705 -109.65339340  -60.69497972    0.00000000	 0.08971485  0.49987823 -0.38012803  0.80892926 -0.12389960 -0.12383825  0.13410671  0.50061452 -0.35876736 -0.28818125  0.50009298 -0.60036159	
0.00399600	0.26977059	0.00087219	 -39.19562149  -38.26142883 -113.32990265    5.28740597   20.05147743  -12.61325741	 2.90183258 -1.39089310 -7.24948359 -0.39180470 -0.23123099  0.87526029	 -71.92081616  -17.81656182 -140.58339057   -5.37263223   19.43039142   -4.01520020	  2.02276509   1.05479411 -29.32372746  -0.24342292  -0.85785286   0.68434404	75.99034884	0	0.00000000	0.00000000	0.00000000	-0.06397492  0.08238399  0.08752026	0.61093163 0.02822733 0.19294183	 21.31900872 232.00000000  37.57498989  47.85027079  18.40917877  -9.62545223 -18.19020579  54.72782843  12.09336133 -99.17195682 -45.94614666   0.00000000	 0.08629407  0.49975550 -0.37995163  0.80844605 -0.12116912 -0.12351611  0.13309355  0.50034606 -0.35401201 -0.29855096  0.50007761 -0.60035396	
0.00398400	0.27295393	0.00063156	-40.36318970 -24.67533302 -79.90671539   3.78950739  14.50099468  -9.47749043	-16.38215256 -17.40451622  -3.45909739  -1.33851755   1.81843364   0.14242573	 -63.84643016  -17.30366408 -109.15146752   -4.48979356   15.05112073   -3.73062903	 -3.95565817 -14.48965131 -29.47868361  -0.25355943  -0.45780892   0.65761115	76.26766348	0	0.00000000	0.00000000	0.00000000	-0.05496883  0.07738544  0.08387981	 0.61564092 -0.00856564  0.25375835	 19.07995963 232.00000000  34.34837501  52.03772726  21.24327643 -11.12338061 -19.19724241  59.41103579  12.64290476 -86.76192568 -28.94907384   0.00000000	 0.08354825  0.49987054 -0.37968317  0.80820060 -0.11892951 -0.12343941  0.13204896  0.50029236 -0.34961715 -0.30769348  0.50003928 -0.60038459	
0.00399200	0.27587423	0.00048336	-36.92117691 -13.79071522 -55.42608643   2.45185018   9.91102219  -5.93393993	-26.13769722 -16.23132133 -20.84569168  -1.34070301   1.43464208   1.61385226	-55.60482198 -18.55642878 -83.68431288  -3.20876722  10.53800629  -2.95923383	-10.22730238 -21.07980109 -35.02233933  -0.17152229  -0.95106634   1.22155813	76.46900826	0	0.00000000	0.00000000	0.00000000	-0.04231074  0.05844934  0.08680872	 0.59639613 -0.04269248  0.29760338	 17.89703102 232.00000000  32.11361862  55.12617072  22.67342319 -11.36921014 -17.94437990  64.31501500  13.38691986 -74.83603280 -13.26035058   0.00000000	 0.08065669  0.49993956 -0.37930736  0.80809325 -0.11648281 -0.12356979  0.13069023  0.50035375 -0.34436327 -0.31575453  0.50003159 -0.60039997	
0.00400800	0.27863875	0.00030233	-32.80200958  -2.71297216 -39.82353210   1.96370494   6.62226105  -3.83565760	-61.92925262   2.66568255 -40.52228928  -0.65902120   6.04184055   3.72057629	-46.60632361 -13.46885940 -58.54179085  -1.99307447   6.27695950  -2.19867201	-38.68851246 -18.67497320 -61.26383091  -0.83172303  -1.01995788   2.61703714	75.81494071	0	0.00000000	0.00000000	0.00000000	-0.02773268  0.05223441  0.09325921	 0.56994589 -0.05057903  0.32218162	 14.60841770 232.00000000  30.12839954  57.68428803  23.54274121 -11.03030625 -17.33351029  67.15558979  13.40456558 -63.66027242  -0.36056771   0.00000000	 0.07755806  0.49983218 -0.37874743  0.80820829 -0.11375999 -0.12404533  0.12893094  0.50045347 -0.33824268 -0.31900659  0.50003159 -0.60037696	
0.00398400	0.28118870	0.00016879	-24.92049026  21.85386467   1.07090747   2.54120779   2.32153940  -2.59159446	-114.62516022   50.35231400  -80.81252289    2.25248027   10.92019367    3.41523409	-33.41549776  -5.40792625 -22.44857678  -1.28208542   3.09239644  -2.12152205	-97.96003518  -6.78775318 -95.96621331  -1.67581190   0.26339339   2.40146274	72.96099735	0	0.00000000	0.00000000	0.00000000	-0.01198054  0.05360852  0.10069499	 0.48251870 -0.05351177  0.18532835	 11.24407602 232.00000000  28.32856703  60.13991986  23.32175751  -9.56841995 -15.90965337  69.91222495  13.91307816 -56.34421726   9.70769659   0.00000000	 0.07497329  0.49973249 -0.37809551  0.80851507 -0.11128261 -0.12472028  0.12714808  0.50048411 -0.33289677 -0.31759530  0.49990889 -0.60043061	
0.00400400	0.28360137	0.00006244	-26.86872101  27.89395905  -7.55017233   2.10914493   2.14212394  -0.78571767	-34.57910538  41.09969711 -42.65866470   2.45688987   2.94100881   3.31528997	-33.95447215   3.29255917  -8.68496500  -1.08806979   1.32370393  -2.15104701	-78.07717950  20.85042872 -92.69911314  -1.01764135  -0.85217227   2.04377893	69.25773229	0	0.00000000	0.00000000	0.00000000	-0.00888360  0.05533128  0.12232080	 0.41757914 -0.01393270  0.07361331	  4.17915470 232.00000000  26.06608672  64.12804423  23.08820920  -8.19697249 -20.01157427  72.55293491  14.41030862 -53.55340172  19.89312838   0.00000000	 0.07269534  0.50001627 -0.37722880  0.80905199 -0.10869785 -0.12566368  0.12512961  0.50040746 -0.32793435 -0.31283230  0.49978617 -0.60069907	
0.00398800	0.28588694	0.00000000	-29.46180725  12.64843369 -13.12492752   1.21175957   1.54494143   0.96738815	-22.79783630   6.93202639 -18.31822586   1.05843294   2.31248879   2.25362706	-33.64310174  -2.80613350 -14.38703856   0.22558471  -0.32080560  -0.68275552	-37.84438190   8.28947740 -57.12754998  -0.15577035  -0.61855497   1.23026364	67.27126472	0	0.00000000	0.00000000	0.00000000	-0.02206780  0.04740004  0.15142274	 0.15574403  0.03819936 -0.16200722	 -2.34216528 232.00000000  24.42433610  67.00041051  22.24523909  -5.85131381 -21.10657440  76.74295749  14.00461787 -57.59436695  26.66931201   0.00000000	 0.07054009  0.50027704 -0.37617803  0.80988801 -0.10600572 -0.12684484  0.12264775  0.50023872 -0.32374659 -0.30577600  0.49984753 -0.60086018	
0.00399200	0.28810534	0.00000000	-43.97278595  -5.05219984   4.22246838   0.19888307   3.17307949   2.54061866	  9.90830612 -68.34206390  69.44335175  -4.75430822  -3.21343780  -3.06776977	-31.38219214 -20.10888343 -12.38453404   1.15393830  -0.71687861   0.90963013	  7.42793220 -38.82595158   1.88005028   0.21993592  -0.88626429   0.57399566	68.00206245	0	0.00000000	0.00000000	0.00000000	-0.02900204  0.02158898  0.16576650	 0.10177417 -0.11265601  0.04053861	 -9.95669818 232.00000000  23.16138359  70.04065866  21.57675393  -3.97499304 -24.65527875  79.71142924  16.14747141 -59.97857162  33.94125152   0.00000000	 0.06818543  0.50037676 -0.37491250  0.81099248 -0.10320620 -0.12813339  0.11939620  0.50007761 -0.32001901 -0.30190268  0.50002396 -0.60069144	
0.00399200	0.29032373	0.00000000	-36.50211334  -6.96844387  10.49576569  -0.08609550   1.73641562  -0.43809205	 52.73934937 -45.73864365  19.07097244  -3.12983274  -7.51795626  -0.72569603	-24.14340619 -32.59798013 -11.66045827   1.26122660  -0.60283569   1.61547276	 48.85743971 -39.50109563   6.74899817   1.31418454  -1.31477734  -1.15418875	66.93584805	0	0.00000000	0.00000000	0.00000000	-0.00216978 -0.03315233  0.12069935	 0.10177417 -0.11265601  0.04053861	 -8.78955552 232.00000000  22.73354959  71.31353490  17.13358538  -3.06741889 -14.85580149  86.85849440  16.70290652 -64.95587653  43.12215656   0.00000000	 0.06586912  0.50038445 -0.37352425  0.81218898 -0.10072116 -0.12923019  0.11583050  0.50000095 -0.31743425 -0.30081356  0.50016201 -0.60032326	
0.00399600	0.29254434	0.00000000	-13.61501503   0.57620424  17.86153030  -0.33523422  -0.43550456  -0.98355633	-13.81678677 -25.62897110 -14.96513367  -1.97298265   1.26415384   1.59606826	 -7.44713369 -24.31464024  -4.18845091   0.24805416  -0.52921221  -0.48222610	 27.07457149 -31.16274211 -16.85729268   0.57345913  -1.81724522   0.90836075	62.06352379	0	0.00000000	0.00000000	0.00000000	 0.04884387 -0.06078402  0.09292260	-0.05018213 -0.53020032  0.43400204	-11.59333328 232.00000000  22.40583432  73.28136707  13.64210425  -2.42408300 -11.16154525  91.25196459  20.23744043 -64.33126960  52.76187939   0.00000000	 0.06278582  0.50038445 -0.37096250  0.81413710 -0.09746912 -0.13052639  0.11076468  0.50003928 -0.31475747 -0.30085191  0.50036144 -0.60001647	
0.00399600	0.29476497	0.00000000	-11.39287186  23.19388962  -9.33416843   1.80251467   0.84821063  -4.00774145	-39.58158875  12.39577103 -44.79962921  -0.14170848   4.89382982   2.39468265	-13.41305797  -5.54906475 -11.31937353  -0.75343893   0.01626013  -2.35692565	-17.75192899 -14.96445422 -53.09858893  -0.39629034  -0.75014236   1.33522388	57.53531349	0	0.00000000	0.00000000	0.00000000	 0.11494842 -0.06428639  0.09230311	-0.09793119 -0.56322529  0.61123729	 -7.27000659 232.00000000  22.12682011  74.28149063   5.52426675  -2.38909752   4.45920607  94.57857120  18.07632461 -64.78742310  61.82492653   0.00000000	 0.06048485  0.50053018 -0.36793289  0.81642276 -0.09457757 -0.13159251  0.10567530  0.50029236 -0.31264055 -0.30163425  0.50049949 -0.60008550	
0.00400800	0.29699224	0.00000000	-11.27076817  28.77554131  -7.98915291   2.05681729   0.83539087   0.25904411	-47.36312103  30.78344345 -30.39257050   1.39773619   7.17995739  -0.04505420	-22.01181917   9.56789118 -10.39285949  -1.04720463   0.23536091  -2.24149360	-43.30421681   0.52257424 -58.90378148  -1.03912856   0.65419984   0.82297789	51.34441141	0	0.00000000	0.00000000	0.00000000	 0.14938904 -0.08840915  0.10926178	-0.10234234 -0.58088272  0.68985431	 -9.59179979 232.00000000  19.82605448  75.50982514   0.89409973  -2.50134012   9.27659619  96.49645328  16.52196236 -62.17147186  73.41911235   0.00000000	 0.05877446  0.50082159 -0.36435872  0.81944472 -0.09167834 -0.13265863  0.10062519  0.50043046 -0.31049299 -0.30233988  0.50029236 -0.60039228	
0.00398800	0.29920840	0.00000000	-4.17953396 28.77013016 -0.74284565  2.27023077 -1.44431210 -0.65494853	-12.52883053  12.32557869 -16.66000938   0.63125437   0.54768163   0.89907271	-20.11863668  17.14115748  -9.96514364  -0.01323553  -0.84087920  -1.99869196	-27.81113366   7.08841285 -45.29919731  -0.22664890  -0.78399162   0.81067342	45.24679479	0	0.00000000	0.00000000	0.00000000	 0.14290883 -0.09181033  0.11604407	-0.24020329 -0.68248439  0.84748364	-11.63435243 232.00000000  16.82164448  78.07611972  -3.32216119  -2.19856792  12.05036412  98.35477416  13.73318496 -60.18325673  83.14689409   0.00000000	 0.05751660  0.50106704 -0.36043939  0.82325661 -0.08884815 -0.13380145  0.09580285  0.50033075 -0.30824572 -0.30187201  0.50006229 -0.60070676	
0.00398800	0.30142459	0.00000000	-32.53097534  -1.66612971  -5.35666037   0.04490395   1.91795218   1.84850967	 11.82499409 -44.61012650   8.50138378  -2.87800908   0.16655551   0.11784411	-21.51818123  -4.95048752 -13.25076333   0.87852871  -1.16164073  -0.12887013	  7.53731021 -19.86747234 -28.30195216  -0.10209893  -0.29026795   0.88167021	40.48190824	0	0.00000000	0.00000000	0.00000000	 0.11804673 -0.08510790  0.10949293	-0.16966332 -0.66102152  0.71464021	-13.10122761 232.00000000  11.58480374  76.44137675  -6.64875191  -2.39551371  13.86442384 100.17691808   9.17975854 -60.88623757  90.67801427   0.00000000	 0.05612835  0.50105172 -0.35636666  0.82773584 -0.08624806 -0.13498262  0.09125540  0.50010067 -0.30583736 -0.30131212  0.49995491 -0.60081410	
0.00399200	0.30364299	0.00000000	-57.92862320  -1.01190352   6.15458488   0.40845895   3.60145926  -2.08792305	 14.84175682 -49.76542282  15.34450054  -2.87788939  -1.24563670  -2.85713315	-33.22475339 -27.38372512  -9.43662609   0.36033682  -0.46831301  -0.79423975	 23.56358576 -37.75320872 -14.77316985   0.32992642  -0.19167963  -0.31974320	36.60030961	0	0.00000000	0.00000000	0.00000000	 0.11257831 -0.07361487  0.11735006	-0.26242326 -0.71769254  0.65993464	-15.04420109 232.00000000   5.33789553  76.39604227  -8.36856426  -2.49301156   8.70152345 101.87360942   6.01072498 -61.96646495  97.70883314   0.00000000	 0.05442563  0.50079095 -0.35242435  0.83265996 -0.08364795 -0.13610242  0.08701424  0.49990889 -0.30327561 -0.30074453  0.49998561 -0.60059172	
0.00398800	0.30585915	0.00000000	-59.81045914  -6.66588211  12.81875324  -0.40774176   3.35494757   0.36352190	 14.41886425 -25.67277718   6.71276855  -1.65311527  -1.71784961  -0.54231077	-34.86257523 -40.72593179  -2.91881089   0.30242536  -0.52720786  -0.30083465	 24.19646364 -25.66352674 -14.24981461   0.41535316  -0.82681756  -0.00248793	32.87101363	0	0.00000000	0.00000000	0.00000000	 0.12201599 -0.07314183  0.12820962	-0.25170685 -0.62511357  0.56141093	-15.31038795 232.00000000  -1.86906492  73.30340949 -10.04146232  -3.23789582   3.29935635 102.60170500   1.81881233 -63.59447122 104.85491166   0.00000000	 0.05266922  0.50061452 -0.34921065  0.83707011 -0.08160009 -0.13700746  0.08355849  0.49978617 -0.30085191 -0.30050677  0.50009298 -0.60036159	
0.00400000	0.30808198	0.00000000	-33.93394470  16.92629433   1.46836901   1.67237985   0.98674983  -2.86499190	 -9.38164806   1.64059520 -26.99512291  -0.15515082   3.00198698   1.15266466	-31.59186372 -25.20817179  -1.52332675  -0.31026267  -0.26811588  -2.00785501	  0.59755069 -10.50683703 -29.20688591  -0.21491953  -0.35704577   1.03140307	29.21751612	0	0.00000000	0.00000000	0.00000000	 0.13412101 -0.07541882  0.12517064	-0.30539090 -0.70580544  0.61379194	-13.89111358 232.00000000  -9.54045994  71.70267458 -11.39883859  -3.80103462  -2.44344553 102.23402544  -2.28679429 -63.27751867 112.82119442   0.00000000	 0.05012281  0.50054550 -0.34547541  0.84271520 -0.07932213 -0.13807358  0.07938018  0.49975550 -0.29750785 -0.30074453  0.50021571 -0.60025424	
0.00400800	0.31030929	0.00000000	-15.31189632  23.78754044  -3.51298451   1.97450066   0.07184015  -0.78581643	11.83202267 -1.40903747 -4.17422867 -0.43157461 -1.95805228  3.49877143	-24.56450848  -4.03616240  -3.58544303  -0.33603598  -0.54259616  -1.95315694	  5.96069287   2.29734394 -39.09892722  -0.28101212  -1.23431767   1.60513543	26.96326549	0	0.00000000	0.00000000	0.00000000	 0.14727277 -0.06345372  0.11870802	-0.30400154 -0.70056225  0.62155975	-10.11780665 232.00000000 -15.26649576  68.47211077 -11.97947517  -4.83390952  -5.15670615 102.00684335  -6.93259749 -64.53590372 119.63523795   0.00000000	 0.04777582  0.50064522 -0.34261453  0.84792304 -0.07761174 -0.13897096  0.07590086  0.49990124 -0.29438618 -0.30108967  0.50023103 -0.60039228	
0.00398800	0.31252545	0.00000000	-10.33770561  31.01899147  -6.90055275   2.23862791  -0.56202763  -2.50374031	-33.85920715  -6.87520075 -29.25333023  -0.37946802   4.56567717  -1.64045310	-25.36394965  11.90530670  -8.67722445  -0.86265031  -0.51716155  -3.04924539	-10.68722611  -6.68030517 -48.74888478  -0.28684926  -0.05038638   0.02299088	22.89625775	0	0.00000000	0.00000000	0.00000000	 0.14004195 -0.04504744  0.14983558	-0.32961507 -0.67692778  0.42542185	 -7.37679803 232.00000000 -19.91956789  68.17850524 -11.96926970  -5.18745501  -8.93000404 100.21418822 -10.48712317 -62.40678464 126.94192004   0.00000000	 0.04548252  0.50085998 -0.34017551  0.85354507 -0.07610844 -0.13998339  0.07281425  0.50004697 -0.29096541 -0.30137348  0.50023103 -0.60054570	
0.00398400	0.31473941	0.00000000	-11.31088161   5.91334581 -16.91901016   1.00433993   0.05736110   0.98203844	 -8.13405704 -24.76587677  11.96867371  -1.64236784   1.61267066  -3.04234695	-22.26075536   6.85306067 -22.15939590   0.60722969  -0.99097643  -1.02602911	 -8.58952784 -21.81820127 -30.50386270  -0.37488904   0.72430841  -1.22718670	19.75191927	0	0.00000000	0.00000000	0.00000000	 0.12638107 -0.03552346  0.19334402	-0.55065526 -0.85544264  0.40284079	 -7.81913047 232.00000000 -26.81005955  65.26320534  -9.44658145  -6.12334167 -19.66613328  98.61611601 -15.23664588 -60.30607813 133.57289746   0.00000000	 0.04344233  0.50099033 -0.33847278  0.85841548 -0.07497329 -0.14096513  0.07067011  0.50006998 -0.28761366 -0.30138880  0.50015432 -0.60063773	
0.00400800	0.31696668	0.00000000	-18.80563545 -12.56149769  -9.52100372  -0.55044341   0.37368208   0.62220401	 36.81960678 -25.49971390  27.04265594  -1.54449463  -2.83287287   0.50426829	-18.61100098  -5.95935662 -30.45379717   0.90224584  -1.11256943  -0.83980342	 16.02382990 -16.73080566 -13.74559381  -0.13400567   0.35496172  -0.69104818	16.07120114	0	0.00000000	0.00000000	0.00000000	 0.12850958 -0.05339622  0.20186040	-0.55065526 -0.85544264  0.40284079	 -4.99034755 232.00000000 -32.11215370  63.43389595  -7.06234680  -6.80252871 -27.60151473  95.54724442 -18.84950564 -56.32507027 140.71705941   0.00000000	 0.04049708  0.50100571 -0.33705387  0.86572486 -0.07374611 -0.14228436  0.06876945  0.49987823 -0.28272027 -0.30102065  0.50007761 -0.60063004	
0.00398400	0.31918064	0.00024650	-39.07863617  -3.79484153   5.93320322   0.02271094   1.55008030  -2.74030185	 39.66928101 -20.40103722  15.91460133  -1.49790621  -3.24830055  -0.53558969	-18.92413416 -23.03715894 -18.63731324   0.32757106  -0.86016669  -1.29436154	36.88265472 -9.15683028 -2.00606467 -0.03219787 -0.36858933  0.13421597	12.96015100	0	0.00000000	0.00000000	0.00000000	 0.12863072 -0.08485070  0.21031491	-0.42330550 -0.50966469  0.78351477	 -2.51816555 232.00000000 -37.12680425  58.20111762  -3.47196032  -8.51251120 -37.57256533  94.82095173 -21.65115931 -50.67649287 149.11858024   0.00000000	 0.03788932  0.50090599 -0.33646327  0.87171507 -0.07295611 -0.14326611  0.06772487  0.49968648 -0.27847114 -0.30067551  0.50006998 -0.60053033	
0.00400000	0.32167745	0.00043238	-54.35433578  -1.94376981   5.88754034   0.21003039   3.72445464  -1.33205116	 26.62297821 -12.70793438   1.76624727  -1.23949194  -2.45919347   1.87717485	-28.09859348 -33.48848470  -6.90454757  -0.35073151  -0.13605949  -1.46251499	 35.98520775  -4.35122033 -11.67024230  -0.10592375  -1.06544047   1.28466336	11.72023345	0	0.00000000	0.00000000	0.00000000	 0.12688556 -0.10417833  0.20574671	-0.37710746 -0.19264968  0.65207195	  7.19043051 232.00000000 -39.93760937  51.13848586  -4.53579817 -11.16413456 -31.87963693  94.15405355 -30.46280148 -48.65808831 156.95279872   0.00000000	 0.03444553  0.50089067 -0.33636355  0.87956136 -0.07218145 -0.14446262  0.06652321  0.49965578 -0.27254999 -0.30059880  0.50013131 -0.60043830	
0.00399600	0.32437861	0.00062322	-21.59660721  15.16882896   1.64223278   1.47339225   0.13081838  -1.65214312	 -0.82805812   3.65368462 -18.23562241  -0.04344558   1.01990306   0.08033784	-25.88284565 -20.30750370  -4.83735029  -0.42362670  -0.11808576  -1.60828447	 14.85547620   2.27877319 -29.10915139  -0.35780474  -0.48787845   0.73411721	12.11554791	0	0.00000000	0.00000000	0.00000000	 0.13193157 -0.10625047  0.22040621	-0.63897138 -0.48356824  0.68184517	  7.66782428 232.00000000 -43.80916995  45.11592245  -2.01511813 -13.86559332 -39.85676370  93.58027987 -32.71512552 -39.95589527 168.46729361   0.00000000	 0.03160000  0.50097501 -0.33693880  0.88657933 -0.07175960 -0.14556707  0.06541580  0.49986288 -0.26712736 -0.30090562  0.50023103 -0.60041529	
0.00398400	0.32728520	0.00080900	-4.32220459  7.19946861 -8.71428871  0.97939301 -1.59324610  0.47523177	-12.29051781   1.68481970 -12.88650036  -0.06987984   1.39007950  -0.26947415	-15.24303843  -1.95669995 -15.90357917   0.64979719  -1.11229676  -1.50526439	 -3.05617412  -0.36047231 -34.67809400  -0.25578318  -0.34137861  -0.01464303	12.37663658	0	0.00000000	0.00000000	0.00000000	 0.12607531 -0.10428051  0.23428012	-0.49529750 -0.32767706  0.68940877	 11.34413364 232.00000000 -44.14459847  38.32975575  -2.58217063 -16.25871786 -37.20105970  91.30066278 -39.17045121 -35.89599865 174.27022653   0.00000000	 0.02935272  0.50102872 -0.33794355  0.89283800 -0.07148349 -0.14669456  0.06442620  0.50000858 -0.26251775 -0.30123541  0.50025403 -0.60047668	
0.00399600	0.33040497	0.00104357	-10.15649223  -2.49369979 -15.15792370   0.45023772   0.69183910  -0.74437112	-14.98097324 -15.51381969  -5.36790657  -1.03778315   1.86530054  -0.78220171	-14.82673707   1.00384533 -28.38896715   0.30934849  -0.60737220  -1.08676332	 -7.90930904 -12.16963929 -33.86707240  -0.30006215   0.09481381  -0.17742070	12.86658886	0	0.00000000	0.00000000	0.00000000	 0.11774846 -0.10060574  0.24360833	-0.24502297 -0.14665521  0.66364252	 11.47884640 232.00000000 -46.15151156  30.72380205  -0.32508316 -18.88401661 -39.73441865  91.42421701 -41.95691752 -27.73858012 184.57806004   0.00000000	 0.02700573  0.50104403 -0.33956191  0.90032381 -0.07123038 -0.14820552  0.06320883  0.50007761 -0.25749397 -0.30154222  0.50020033 -0.60058403	
0.00400800	0.33379209	0.00136607	 -1.71997547 -25.83230591 -15.04471970  -1.05051184  -0.91466039  -0.25942561	 -4.10165358 -22.10707092  -1.99348092  -1.39518511   0.21126941  -1.06945562	 -6.07266421 -10.41917462 -40.50744921   0.96703545  -0.81839997  -0.49874343	  0.41081609 -18.20556454 -28.29450246  -0.06328490  -0.13840241  -0.45625672	13.31088953	0	0.00000000	0.00000000	0.00000000	 0.11971797 -0.09640593  0.25715592	-0.35482559 -0.30487850  0.68984102	 11.93056267 232.00000000 -46.08133609  24.25982077   2.39470144 -20.71885486 -39.21069732  90.21869852 -46.39797388 -21.35591088 191.27033792   0.00000000	 0.02459738  0.50099033 -0.34180918  0.90909821 -0.07100796 -0.15019970  0.06174799  0.50007761 -0.25234747 -0.30154222  0.50010067 -0.60062236	
