0.00400000	0.00000000	0.00097124	 -25.38608742   11.18807125 -497.11212158   -1.01221418  -23.72449303   -1.56225932	  -1.78351486  -15.83862877 -530.93731689   -1.71319151    8.25484467   -0.49399361	   7.05891463   13.68935054 -523.73556841   -1.42900005  -40.82143276   -2.21466072	  39.78038942  -11.57664389 -552.41503801   -0.62708960   -8.12590707   -0.11987979	25.27895941	0	0.00000000	0.00000000	0.00000000	-0.00193932 -0.00016473  0.00080094	 0.00157551 -0.00123440 -0.00030539	 -6.48873718   5.10048529 -22.62375021 -59.78361726 -22.95590973  -3.04341726  -4.60243225  -8.70533928  -9.28241825 -42.55767822   8.77410507  -2.96978615	 0.00324437 -0.00102010 -0.24034406  0.59115773 -0.37282628  0.00095107  0.00230122  0.00174107 -0.24667940  0.58650208 -0.37274191  0.00092806	
0.00398800	0.00329563	0.00097137	 -25.79065704   11.78735256 -502.23272705   -0.79240805  -23.65295792   -1.57130527	  -0.33701521  -15.76339436 -532.13970947   -1.70535696    8.24557018   -0.50019801	   7.18603713   13.75555468 -523.63151806   -1.42315865  -40.84070903   -2.20047031	  39.88058682  -10.91118542 -553.44387800   -0.63186366   -8.13609682   -0.17228587	25.29916020	0	0.00000000	0.00000000	0.00000000	-0.00194041 -0.00019732  0.00077882	 0.00157551 -0.00123440 -0.00030539	 -6.43197020   5.09245308 -22.62980228 -59.66574597 -22.89935903  -3.04756369  -4.57050797  -8.68021240  -9.36454473 -42.52122645   8.69198863  -2.93811142	 0.00324437 -0.00102010 -0.24034406  0.59115773 -0.37282628  0.00095107  0.00230122  0.00174107 -0.24667940  0.58650208 -0.37274191  0.00092806	
0.00399600	0.00659585	0.00159118	 -25.89513206   12.59813118 -504.49557495   -0.76137829  -23.58856583   -1.59365940	  -1.17049372  -15.47474480 -531.77496338   -1.72365594    8.26997948   -0.47276160	   7.39314873   13.97970674 -526.49764849   -1.37476480  -40.85779296   -2.22191212	  39.85014270  -11.28210491 -552.95178703   -0.63778796   -8.12957694   -0.14088476	37.58539590	0	0.00000000	0.00000000	0.00000000	-0.00195480 -0.00020147  0.00087873	0.00146601 0.00223521 0.00036508	 -6.23418063   5.06164929 -22.65085250 -59.24949867 -22.70179208  -3.06338528  -4.45932488  -8.59640358  -9.65106816 -42.40019052   8.40420457  -2.82800396	 0.00324437 -0.00102010 -0.24034406  0.59115773 -0.37282628  0.00095107  0.00230122  0.00174107 -0.24667940  0.58650208 -0.37274191  0.00092806	
0.00400400	0.01058938	0.00159480	 -26.24752045   10.90072632 -501.95239258   -0.88922793  -23.65507317   -1.56174338	  -1.13041890  -15.19305706 -531.96777344   -1.67964733    8.26593208   -0.46512559	   7.19700979   13.67167764 -525.08422141   -1.40467470  -40.84844528   -2.21176931	  39.52124568  -11.13935601 -552.71615879   -0.63501664   -8.14440580   -0.12199403	37.63828900	0	0.00000000	0.00000000	0.00000000	-0.00194855 -0.00020588  0.00088119	-0.00142266 -0.00227866  0.00021894	 -5.84512090   5.10661202 -23.66065932 -59.22565455 -22.63066273  -3.20109959  -4.29506184  -8.59833624 -11.14128453 -43.15833336   7.44733913  -2.56664707	 0.00324437 -0.00102010 -0.24034406  0.59115773 -0.37282628  0.00095107  0.00230122  0.00174107 -0.24667940  0.58650208 -0.37274191  0.00092806	
0.00398800	0.01457804	0.00228339	 -25.68804169   11.68677998 -500.72479248   -0.88244259  -23.62478828   -1.58441067	  -2.71077585  -17.80309868 -530.79278564   -1.92075872    8.25955582   -0.47412908	   7.28311311   13.77740938 -525.00375162   -1.39448094  -40.82924488   -2.20589021	  39.29630505  -11.91208788 -552.61351375   -0.66762402   -8.18186958   -0.11008542	48.24207728	0	0.00000000	0.00000000	0.00000000	-0.00197015 -0.00022664  0.00077631	-0.00142266 -0.00227866  0.00021894	 -5.34771699   5.08981019 -24.45355761 -58.73712548 -22.37365092  -3.33294471  -4.05772365  -8.55214252 -12.57764304 -43.66989118   6.41007105  -2.25735745	 0.00324437 -0.00102010 -0.24034406  0.59115773 -0.37282628  0.00095107  0.00230122  0.00174107 -0.24667940  0.58650208 -0.37274191  0.00092806	
0.00400000	0.01933868	0.00231809	 -25.89644814   11.52205276 -499.37054443   -0.92631257  -23.68113899   -1.57895613	  -0.85789984  -15.61532021 -532.20843506   -1.75334549    8.21611691   -0.46376216	   7.74222199   13.43121017 -523.78352621   -1.37758060  -40.78670305   -2.20759332	  39.78225175  -11.54915347 -552.86615952   -0.66035448   -8.17225203   -0.11362905	48.20016101	0	0.00000000	0.00000000	0.00000000	-0.00201106 -0.00022086  0.00079471	 0.00060338 -0.00011156 -0.00208254	 -4.63229282   5.23541459 -27.61313084 -59.61255554 -22.65720507  -3.76984959  -3.72460578  -8.93939741 -16.71917383 -46.77994606   3.99351031  -1.74072877	 0.00324437 -0.00102010 -0.24034406  0.59115773 -0.37282628  0.00095107  0.00230122  0.00174107 -0.24669474  0.58650208 -0.37274191  0.00092806	
0.00398800	0.02413122	0.00304165	 -25.31789398   11.43733597 -502.97662354   -0.84859264  -23.65440750   -1.57364476	   0.43500358  -15.77723980 -531.68225098   -1.73512900    8.08285141   -0.47624633	   7.62314326   13.79402669 -523.23549781   -1.43528478  -40.77919207   -2.20299843	  40.33994790  -11.83332872 -553.18272807   -0.63504035   -8.20874018   -0.10869232	61.57025504	0	0.00000000	0.00000000	0.00000000	-0.00205961 -0.00022551  0.00078879	-0.00156528  0.00146240 -0.00095196	 -3.87704655   5.24224826 -29.65030372 -59.26744029 -22.55525155  -4.08218512  -3.35072453  -9.20965193 -19.80628743 -48.67140480   1.96543103  -1.25718428	 0.00324437 -0.00102010 -0.24035940  0.59115773 -0.37282628  0.00095107  0.00230907  0.00174107 -0.24674843  0.58650208 -0.37274191  0.00092806	
0.00398800	0.02972794	0.00312215	 -23.93557358   11.49345207 -508.18469238   -0.61372602  -23.54663086   -1.56907964	   0.40365261  -16.57046700 -530.33038330   -1.75116885    7.90214348   -0.44772866	   8.24599726   13.60610792 -526.70460661   -1.30305620  -40.78993636   -2.17188207	  41.04223857  -11.86945574 -552.66578567   -0.62051434   -8.28899920   -0.09486066	61.74184374	0	0.00000000	0.00000000	0.00000000	-0.00220110 -0.00025556  0.00084204	-0.00156528  0.00146240 -0.00095196	 -2.93553852   5.45671985 -35.04389879 -60.70565610 -23.55273310  -4.86854546  -2.79429628 -10.69739051 -26.75124732 -54.71014239  -2.08133538  -0.67964360	 0.00324437 -0.00102010 -0.24040543  0.59115773 -0.37282628  0.00095107  0.00230907  0.00174107 -0.24684814  0.58647907 -0.37278026  0.00094340	
0.00399600	0.03541858	0.00378807	 -28.93754005   12.79702473 -504.47293091   -0.59399998  -23.51106262   -1.43442011	   3.84118462  -13.61700439 -532.18164062   -1.61527121    7.49067020   -0.43743479	   7.58782842   13.65668227 -527.77535699   -1.35771636  -40.84914475   -2.11113527	  43.12790698  -11.03150793 -553.31880034   -0.63129447   -8.45803561   -0.11827872	75.66013152	0	0.00000000	0.00000000	0.00000000	-0.00249515 -0.00029477  0.00087312	0.00217214 0.00014687 0.00149480	 -1.92568176   5.46383833 -38.40129168 -60.22818612 -23.78113298  -5.37631941  -2.20444460 -11.79558371 -31.52811757 -58.31489179  -5.11072742  -0.14627338	 0.00325204 -0.00102010 -0.24049746  0.59115773 -0.37282628  0.00095107  0.00230907  0.00174107 -0.24704756  0.58644843 -0.37285697  0.00096641	
0.00398800	0.04184489	0.00391158	 -20.80307961    9.60824394 -503.57333374   -0.74181247  -23.64096069   -1.43444538	   5.96827602  -14.28410530 -534.57843018   -1.60668445    6.63646746   -0.45021331	  10.42199812   12.34820781 -528.53359127   -1.21479776  -40.75099126   -2.00380090	  46.13058049  -10.42974050 -553.73608138   -0.60660652   -8.92305204   -0.13447339	75.86356543	0	0.00000000	0.00000000	0.00000000	-0.00314666 -0.00041709  0.00115630	-0.00123983  0.00495074 -0.00144317	 -0.89001267   5.60370170 -45.69197656 -61.20490127 -25.18252493  -6.68926944  -1.67686125 -14.82761254 -40.81592405 -67.26200466 -10.71309118  -0.00077880	 0.00325971 -0.00102010 -0.24066620  0.59115773 -0.37282628  0.00093573  0.00231692  0.00172573 -0.24738503  0.58636403 -0.37301037  0.00100476	
0.00399600	0.04841291	0.00456121	 -19.54742622   11.10370255 -509.14050293   -0.76466745  -23.75951195   -1.26150095	  12.16023731  -13.53702354 -534.32373047   -1.51922083    5.41663027   -0.41714755	  12.95695058   13.29711515 -530.03379092   -1.26055527  -40.71044359   -1.95188525	  50.94369455  -10.53058610 -553.33930250   -0.55186295   -9.58365898   -0.09923101	94.08294779	0	0.00000000	0.00000000	0.00000000	-0.00437995 -0.00063708  0.00199245	-0.00123983  0.00495074 -0.00144317	  0.29598985   5.57837002 -50.09070576 -60.07879735 -25.62696275  -7.33598386  -0.98693281 -17.08884897 -46.94095184 -72.72367335 -14.76513739   0.34288491	 0.00326738 -0.00102010 -0.24094999  0.59115773 -0.37282628  0.00089738  0.00232478  0.00167971 -0.24792959  0.58623368 -0.37325579  0.00105845	
0.00399600	0.05570295	0.00472688	 -14.83000088   10.31624889 -507.13977051   -0.69784743  -23.82391167   -1.04437554	  16.86945152  -11.96785259 -544.00756836   -1.43849385    3.29968739   -0.32210663	  15.99392772   12.82724347 -533.03870134   -1.20599885  -40.68456901   -1.76716419	  57.09079438   -9.54723121 -556.73019160   -0.55170674  -10.88420568   -0.09995525	93.32397214	0	0.00000000	0.00000000	0.00000000	-0.00613115 -0.00079488  0.00282191	-0.00123983  0.00495074 -0.00144317	  1.01219500   5.33187715 -58.28054631 -58.97998961 -27.20605709  -8.90548456  -0.33843177 -22.27735273 -57.39961122 -84.51624406 -21.75766533  -0.13311115	 0.00328272 -0.00101243 -0.24133348  0.59115773 -0.37283397  0.00084369  0.00233263  0.00157233 -0.24876562  0.58597285 -0.37363163  0.00111981	
0.00400000	0.06317934	0.00542588	  -9.58624077    9.53813267 -520.90161133   -0.48973387  -24.02883720   -0.68299413	  24.84597206  -15.76033592 -541.04101562   -1.55794227    0.72332340   -0.17714152	  21.59356824   11.68487680 -540.11680560   -1.02458911  -40.70875208   -1.41954131	  66.14332613   -9.84385236 -559.62762779   -0.56161957  -12.86801978    0.00040341	118.54866319	0	0.00000000	0.00000000	0.00000000	-0.00849889 -0.00090615  0.00372298	-0.00132814  0.01621892  0.00676734	  2.19922722   5.32249370 -63.05052262 -56.71580674 -27.73847750  -9.47757764   0.51015707 -25.64326024 -63.99052018 -91.50401912 -26.61076388  -0.23042791	 0.00329039 -0.00099709 -0.24188571  0.59115773 -0.37284163  0.00075165  0.00234049  0.00137291 -0.24993911  0.58558172 -0.37418386  0.00119650	
0.00400000	0.07143261	0.00562114	  -2.87536573    7.52581787 -531.81243896   -0.33307177  -24.15891457   -0.47421578	  28.87956619  -11.97844982 -545.24182129   -1.50104594   -1.71935821   -0.48070794	  29.37673416   10.41083590 -547.84618268   -0.83176435  -40.69137991   -1.06854331	  73.15241249   -8.65370346 -562.50919950   -0.57917269  -15.30313154   -0.19070050	117.35809817	0	0.00000000	0.00000000	0.00000000	-0.01231035 -0.00151086  0.00618865	-0.00524037  0.03982620  0.00839000	   2.74184200    5.06774112  -70.85518220  -52.47189123  -28.93804648  -11.03394135    1.30871715  -33.84112796  -74.49166282 -106.04908675  -34.95155192   -2.21333856	 0.00329806 -0.00098175 -0.24266805  0.59117305 -0.37284929  0.00062126  0.00235619  0.00102777 -0.25151911  0.58503711 -0.37492016  0.00128854	
0.00397600	0.07988956	0.00628475	  -1.95802987   -1.36674345 -551.34954834   -0.18259493  -24.52925682   -0.22874503	  27.36400414  -15.70734882 -554.87371826   -1.43771374   -3.67684054   -1.31168973	  34.94797759    4.84858236 -563.36036316   -0.35937830  -41.22500027   -0.59893134	  76.08350029  -10.91454068 -569.64164370   -0.33702775  -17.71598409   -0.69380801	140.41686129	0	0.00000000	0.00000000	0.00000000	-0.01801231 -0.00298762  0.01143014	-0.01759194  0.07305229  0.02774704	   4.13457197    5.38895397  -75.20921890  -48.46481850  -29.21423992  -11.38681086    2.27002060  -38.26450468  -80.81084540 -114.07017223  -40.20802508   -3.16378581	 0.00331340 -0.00095874 -0.24375717  0.59121907 -0.37286463  0.00043718  0.00240332  0.00052155 -0.25332922  0.58428550 -0.37593260  0.00140359	
0.00401600	0.08910629	0.00645924	  -2.68282533    6.05418158 -548.06896973   -0.40424719  -25.64286041   -0.35948071	  61.29736328  -22.66897011 -559.17504883   -2.04295182  -11.20667934   -2.51324320	  36.80178367    6.91982422 -567.23952296   -0.55439753  -42.08295421   -0.65523759	  99.94618880  -16.59723817 -571.75728578   -0.20337723  -21.45895125   -1.45450395	139.69835336	0	0.00000000	0.00000000	0.00000000	-0.02779225 -0.00143252  0.01916991	-0.00497154  0.15149228  0.01607719	   4.65434767    5.27383327  -80.59760589  -39.64210418  -30.22460561  -12.49111763    3.43399725  -48.36750982  -88.74306950 -128.88297275  -47.77283281   -6.83017593	 0.00333641 -0.00095107 -0.24529114  0.59130347 -0.37286463  0.00019175  0.00246615 -0.00022243 -0.25556114  0.58338046 -0.37713677  0.00151864	
0.00399200	0.09850361	0.00705855	 -15.32498741    9.12131691 -533.21813965   -0.74217963  -25.78247261   -0.90518886	  82.90689087  -33.89694214 -573.92956543   -2.75658178  -17.96998978   -3.12572527	  29.77929707    8.72575997 -565.81479558   -0.84208992  -42.75630138   -1.07444624	 124.41703616  -25.29119069 -581.45851066   -0.12244213  -26.32839473   -1.97230798	159.63365915	0	0.00000000	0.00000000	0.00000000	-0.04054312  0.00299364  0.02984115	0.01091489 0.20614810 0.00902015	   6.15570908    6.55401804  -83.26776255  -34.23885341  -29.13964852  -12.70050316    4.42885569  -52.53456038  -93.45150506 -136.77926552  -53.20905091   -8.83770759	 0.00338243 -0.00095107 -0.24733901  0.59149522 -0.37286463 -0.00014573  0.00256040 -0.00123485 -0.25806153  0.58239102 -0.37853268  0.00161835	
0.00399600	0.10856924	0.00725465	 -22.38036919   11.63898659 -534.06622314   -0.74412596  -25.71082878   -0.98172647	  95.31295776  -40.93141937 -600.89147949   -3.36026287  -21.99921036   -3.32984495	  20.95051234   11.68958356 -561.08165534   -1.09130922  -43.32632559   -1.44148378	 146.66721620  -34.70347495 -599.71983738   -0.17315047  -31.57345665   -2.20400882	159.51961985	0	0.00000000	0.00000000	0.00000000	-0.05741423  0.00734769  0.03079930	 0.00475394  0.31504156 -0.02029283	   5.59103934    9.03326200  -87.88283557  -21.56651544  -27.41543731  -13.68291228    5.85700845  -63.51127321  -97.96487706 -150.99963902  -59.98609714  -15.11306407	 0.00343612 -0.00098175 -0.24996212  0.59185570 -0.37287998 -0.00057524  0.00269392 -0.00256942 -0.26071531  0.58137095 -0.38009736  0.00167204	
0.00398400	0.11884615	0.00779740	 -24.47983170   14.42085266 -544.20709229   -0.39892414  -25.94069862   -0.51347208	  81.97969055  -57.95576859 -619.56188965   -5.32343769  -30.59223366   -2.91087651	  16.80776382   13.34191673 -563.26076090   -1.10473344  -44.02310523   -1.26010770	 148.41807563  -48.82811631 -616.96079414   -0.75231129  -39.16131693   -1.72638276	178.04183519	0	0.00000000	0.00000000	0.00000000	-0.07699956  0.00967950  0.03089727	 0.03296771  0.42230304 -0.03127665	   7.32226043   11.09883391  -89.18066626  -15.53076168  -24.18624699  -13.52466839    5.43716314  -65.75191431 -100.01022463 -157.50031187  -64.63904137  -18.06948295	 0.00350515 -0.00102010 -0.25320649  0.59246159 -0.37289530 -0.00111214  0.00288241 -0.00421078 -0.26350716  0.58036619 -0.38179240  0.00167971	
0.00399600	0.12973295	0.00801424	 -29.00800514   17.30827904 -526.01550293   -0.48709306  -26.09775543   -0.32031959	  65.86782837  -70.83810425 -642.74462891   -6.97726107  -37.20893860   -3.33653498	  13.48949302   16.74421254 -559.39201116   -1.25514035  -44.41510082   -1.12015163	 142.42807117  -62.81059373 -635.23153307   -1.27575690  -46.86065175   -1.42649836	176.63234030	0	0.00000000	0.00000000	0.00000000	-0.09618422  0.01246185  0.03851294	 0.03137057  0.44862558 -0.01399830	   6.26399233   14.20545188  -90.06976595   -0.90136683  -20.18562370  -13.72884287    6.06581876  -75.87958116  -99.10797952 -167.28686597  -68.13272325  -26.66256626	 0.00360485 -0.00102777 -0.25719485  0.59338200 -0.37289530 -0.00177942  0.00311803 -0.00616660 -0.26636037  0.57940745 -0.38362551  0.00166437	
0.00400400	0.14086521	0.00820400	 -30.16790771   19.92569351 -510.27505493   -0.42363364  -25.89710999   -0.50429118	  46.04946136  -77.04142761 -664.63092041   -8.07683086  -41.81413269   -3.21983004	   9.19587324   19.08425725 -542.89601233   -1.44526082  -44.05405730   -1.20694637	 128.96058146  -73.96315225 -663.88994942   -2.04553176  -55.11199117   -1.16563452	177.14253289	0	0.00000000	0.00000000	0.00000000	-0.11696015  0.01735084  0.04849825	 0.04137462  0.57655368 -0.00910424	   8.49178734   16.29830550  -88.50207677    3.33954534  -15.22882780  -12.84482583    5.84214284  -75.16936651  -99.29446134 -171.59906285  -70.89285827  -29.80139829	 0.00375825 -0.00102777 -0.26193485  0.59466285 -0.37286463 -0.00257709  0.00340077 -0.00836786 -0.26926726  0.57852536 -0.38557366  0.00160301	
0.00398000	0.15219502	0.00836554	 -40.08154678   23.84877205 -463.81051636   -0.52207172  -24.74361038   -0.92451775	  15.37382984  -86.68218994 -705.55621338   -9.71555328  -49.57579422   -1.24893475	  -0.18004722   21.80745605 -511.32115245   -1.67645066  -42.88383478   -1.53824319	 110.51740359  -85.15333382 -700.44876879   -2.95282424  -64.34326429    0.01785792	176.43580347	0	0.00000000	0.00000000	0.00000000	-0.13707206  0.02450825  0.05584524	 0.07113992  0.67666676 -0.02879484	   9.95596113   19.05742414  -85.07948260    9.39283763   -7.95020708  -11.21654365    4.23296819  -74.73564619  -97.13893146 -173.24011386  -71.12303454  -33.40560106	 0.00395000 -0.00101243 -0.26737279  0.59638095 -0.37278026 -0.00349748  0.00370708 -0.01072252 -0.27224317  0.57770473 -0.38759086  0.00149563	
0.00400000	0.16371548	0.00853084	 -32.17192459   26.34487915 -415.85253906   -0.60677689  -23.38877678   -1.31349123	 -11.76386070  -77.52758789 -754.97259521  -10.61871719  -56.34444427    1.73346412	  -0.53497085   24.04980435 -469.34058272   -1.94698707  -40.47518650   -1.93439624	  92.97942700  -85.55861172 -741.49995686   -4.38118388  -73.66600994    2.45013064	175.69280492	0	0.00000000	0.00000000	0.00000000	-0.15692395  0.03517023  0.06409068	 0.07906424  0.70607569 -0.03495834	  11.59007928   20.83983598  -79.95043770   11.54689232   -1.92829918   -9.97183485    1.85309840  -71.72066482  -93.93324079 -173.94124726  -71.57746280  -36.14196448	 0.00418010 -0.00101243 -0.27342436  0.59855151 -0.37264988 -0.00452524  0.00399768 -0.01311553 -0.27531880  0.57695305 -0.38963103  0.00136524	
0.00399200	0.17541522	0.00866904	 -20.39738274   26.55271530 -363.04107666   -0.94808286  -21.67320061   -1.96512461	 -39.09533310  -78.28942871 -791.93359375  -11.60174084  -62.46284866    1.30096388	   5.62577396   26.05444334 -421.68244117   -2.25498265  -36.96420757   -2.53708278	  74.23379753  -84.13789708 -784.72495063   -5.66875663  -83.19056074    3.55043137	174.01230969	0	0.00000000	0.00000000	0.00000000	-0.17670665  0.04475178  0.07559252	 0.10287155  0.71072192 -0.05535034	  12.86535320   23.64821614  -73.40252403   13.22989207    4.67651162   -8.75410083   -0.41511419  -68.92214365  -90.29385448 -173.04474106  -70.87248398  -39.09684694	 0.00443320 -0.00105078 -0.27986705  0.60120529 -0.37241212 -0.00562204  0.00428827 -0.01537815 -0.27856317  0.57630110 -0.39164054  0.00118116	
0.00400000	0.18727301	0.00875469	  -4.47435570   28.44970322 -306.50921631   -1.51869214  -19.92168236   -2.57472873	 -64.14584351  -88.27234650 -830.53619385  -13.50383186  -67.63691711    1.86558282	  13.70581030   27.90588222 -365.37045263   -2.70588797  -32.66296390   -3.17774596	  54.09269931  -91.74567326 -828.34905447   -6.78511933  -92.05044322    4.07469897	174.44681159	0	0.00000000	0.00000000	0.00000000	-0.19597750  0.05169255  0.08567723	 0.12977379  0.81236856 -0.04679128	  13.75728500   25.10653982  -65.02977810   11.22939882    9.24784561   -7.81302938   -2.37317962  -65.81494987  -85.67074620 -172.75864374  -72.00325110  -40.61914742	 0.00474000 -0.00112748 -0.28660125  0.60432696 -0.37202862 -0.00678019  0.00451604 -0.01723427 -0.28202999  0.57578725 -0.39353502  0.00092039	
0.00399600	0.19922376	0.00883493	   3.13678837   35.30039597 -235.62184143   -1.46205306  -17.50897789   -3.32603645	 -86.27531433  -95.61400604 -881.00433350  -15.47609425  -71.31045532    3.21013451	  17.49874707   31.93275672 -306.68558342   -3.04581859  -28.24727553   -4.01652288	  38.13398716 -100.98681499 -873.30760039   -8.21460263  -99.46656453    5.34115192	173.82405955	0	0.00000000	0.00000000	0.00000000	-0.21362603  0.05132632  0.09264963	0.11673695 0.90895086 0.00213476	  14.96616793   25.78697928  -52.86623392   10.58605886   12.68734099   -6.79722197   -1.87829497  -63.67047151  -77.89594792 -169.71537896  -70.45286691  -42.29357644	 0.00512349 -0.00119650 -0.29368055  0.60787809 -0.37146872 -0.00800738  0.00464956 -0.01876825 -0.28577289  0.57541907 -0.39529911  0.00062893	
0.00399600	0.21126369	0.00880113	   2.90877151   37.92181396 -177.36038208   -1.95236373  -14.67259312   -3.56267023	 -99.15546417  -98.20628357 -906.37432861  -16.38055038  -73.26487732    2.94340253	  16.58492558   35.47431560 -233.15556660   -3.70324675  -22.72725714   -4.69515965	  24.31494839 -106.92172084 -915.04805918   -9.36580770 -105.14763978    5.81554887	173.81946235	0	0.00000000	0.00000000	0.00000000	-0.22677608  0.05334312  0.08795205	0.10601920 0.87662982 0.05822848	  15.99308700   24.86415277  -39.63666972    7.85186206   13.10195525   -6.07212020    1.20086547  -63.68149466  -70.59501508 -166.62761482  -69.98083377    2.78521763	 0.00562204 -0.00122718 -0.30099764  0.61175144 -0.37068638 -0.00926524  0.00467312 -0.01975767 -0.28981492  0.57525033 -0.39689443  0.00039883	
0.00398400	0.22325939	0.00894859	   0.94518328   38.88730240 -111.29481506   -1.66223454  -10.42913342   -2.91483426	-110.52159119  -85.89742279 -952.92742920  -16.47754478  -77.38023376    1.20969617	  13.15284972   38.17989345 -170.18130466   -3.90580881  -17.14371762   -4.55330281	  17.66660628 -103.29981994 -955.55758400  -10.12051857 -110.62896448    4.77712196	172.15212742	0	0.00000000	0.00000000	0.00000000	-0.23681583  0.05653974  0.08184800	0.08921839 0.84458769 0.06337943	  15.34644436   23.27519269  -22.88398618    6.57006425   13.34098251   -4.90630696    4.89954222  -67.00373812  -61.44788441 -161.52334331  -68.56599968    0.61666010	 0.00622796 -0.00123485 -0.30838376  0.61565536 -0.36969697 -0.01056146  0.00461029 -0.02018718 -0.29407173  0.57528102 -0.39829803  0.00042951	
0.00400000	0.23542787	0.00912542	 -3.70952725  40.92751312 -52.70382309  -1.27028632  -7.22614622  -2.22462749	-117.43843842  -61.75539017 -973.86804199  -14.38915825  -79.37005615   -0.44819719	   6.47458870   40.30726285 -112.41763861   -3.87793478  -12.44597292   -4.13930313	  17.75226561  -85.84900804 -985.51680045   -9.95533709 -114.77495838    2.70556364	171.90130568	0	0.00000000	0.00000000	0.00000000	-0.24269176  0.05829344  0.07976164	0.08081978 0.85067541 0.06197234	  13.98130130   21.89303988   -9.83408041    4.83839919   11.98538467   -4.02974049    7.21088947  -73.92707067  -54.06494897 -159.03739196  -69.56069039   -6.38080655	 0.00695660 -0.00123485 -0.31555513  0.62004256 -0.36852348 -0.01185000  0.00452389 -0.02021019 -0.29852027  0.57532704 -0.39946386  0.00122718	
0.00398800	0.24778621	0.00930585	 -7.48090267  36.95403290 -18.82569122  -1.30445027  -5.06871176  -2.14727592	-127.41609955  -60.11007309 -989.86999512  -13.39486217  -79.67543030   -0.57283866	 -2.68267346  38.08662021 -64.74013418  -3.63640087  -8.43705709  -3.64866565	   10.89422968   -73.01741117 -1009.59158038    -9.08510304  -117.39279092     1.38956945	173.17429948	0	0.00000000	0.00000000	0.00000000	-0.24813963  0.05191203  0.08532886	0.01981141 0.92373776 0.12104838	  12.66780046   21.40284409    1.21385730    5.45551980   11.41896603   -2.82741683    7.61371879  -81.37346407  -46.19324895 -156.49840209  -71.67705854  -13.86988385	 0.00776194 -0.00119650 -0.32248873  0.62454480 -0.36720425 -0.01329961  0.00446891 -0.02006446 -0.30311453  0.57532704 -0.40037656  0.00262311	
0.00400000	0.26035175	0.00940850	-7.46328020 26.36143875 20.27886772 -1.08671129 -3.43068433 -2.01947784	 -131.46508789   -90.20911407 -1002.73742676   -13.72470284   -81.62560272     3.06497550	 -7.45164082  31.09322392 -25.78247120  -3.06333419  -5.29887076  -3.23478987	    7.70758799   -85.95129094 -1026.19858212    -7.96987874  -119.80082436     3.43826321	173.96851493	0	0.00000000	0.00000000	0.00000000	-0.24961309  0.04511754  0.08467319	-0.03656249  0.89663169  0.13375120	  11.63801911   21.37553928   11.58799868    5.66091139    9.24315699   -1.54475980   10.22011790  -89.00685603  -37.99453647 -154.15951425  -74.35921665  -20.82464494	 0.00863631 -0.00110447 -0.32913086  0.62915444 -0.36578530 -0.01479524  0.00446106 -0.02003378 -0.30776250  0.57532704 -0.40102851  0.00434883	
0.00400400	0.27303362	0.00947185	-10.27498245  18.55956459  22.26821136  -0.50524479  -2.13041544  -1.49246716	 -132.52476501  -110.05173492 -1010.36016846   -13.72732067   -82.33942413     6.63598776	-8.48604951 23.94568140 -5.38920871 -2.34171541 -3.31357316 -2.60655478	   10.77967704  -104.97685790 -1035.80733338    -7.14119100  -121.34763932     7.14255863	174.70651728	0	0.00000000	0.00000000	0.00000000	-0.24471366  0.04501311  0.07825573	-0.05182146  0.84423905  0.13085909	  10.68796100   22.24389587   19.29523318    5.76912340    7.74579625   -0.15826480   11.13059924  -93.87228616  -30.84108738 -152.41617431  -76.78992777  -27.88303991	 0.00958738 -0.00092806 -0.33550453  0.63368732 -0.36428967 -0.01630621  0.00450818 -0.02017951 -0.31233376  0.57533473 -0.40144268  0.00626631	
0.00399200	0.28577921	0.00940478	-15.33965874  15.02620792  38.90876389  -0.95468384  -0.39276904  -1.09681213	 -135.26826477  -109.19905853 -1014.03204346   -12.71944427   -82.62897491     7.10669661	-14.69248818  17.81662338   8.15083214  -2.02615862  -1.53710486  -1.93628582	    9.07334453  -111.51901961 -1042.88984510    -6.07662637  -122.28537367     9.24540033	175.60584044	0	0.00000000	0.00000000	0.00000000	-0.23524942  0.04611729  0.07781809	-0.05170159  0.79685480  0.10852468	   9.79973015   23.04833832   26.10838878    4.23172498    6.03119059    1.56819637   11.70439776  -96.74395043  -24.44933580 -151.27989965  -79.63459009  -34.22727717	 0.01059981 -0.00066728 -0.34154075  0.63801318 -0.36274803 -0.01777883  0.00460243 -0.02046330 -0.31675929  0.57533473 -0.40162677  0.00821447	
0.00399200	0.29845026	0.00926264	-17.67621994   7.92165470  18.83808899  -0.32285821   0.60883409   0.36794928	 -128.39976501  -101.37839508 -1010.83087158   -10.52360725   -83.53894043     6.70466852	-20.40733337  11.65836854   5.01645142  -1.51475208  -0.41479510  -0.67427384	   10.96238994  -106.69685195 -1042.86342690    -4.50761266  -122.83300044     9.39768956	177.51283255	0	0.00000000	0.00000000	0.00000000	-0.22603189  0.04604918  0.08161962	-0.04569349  0.87605103  0.13791761	   8.52565717   23.81096421   32.33102150    3.47276853    4.39445630    2.89201187   11.15495605  -98.06087091  -16.72108581 -148.86184158  -81.72663324  -38.69490446	 0.01160456 -0.00031447 -0.34722415  0.64207822 -0.36128309 -0.01913641  0.00472810 -0.02096951 -0.32100075  0.57535005 -0.40164977  0.01000922	
0.00398800	0.31096113	0.00904746	-5.25194740 11.05797863 31.98204231 -0.30284396 -0.97394335 -0.28643072	 -126.02111053  -110.84539032 -1007.84686279   -10.37731647   -83.46823120     8.29576302	-13.70782996  10.86128787   7.84494820  -1.18629240  -0.64699530  -0.59092825	   18.84279956  -108.42177216 -1040.61267955    -3.60610879  -122.83164666    10.37596631	177.65781963	0	0.00000000	0.00000000	0.00000000	-0.21931178  0.04347502  0.08846731	-0.04569349  0.87605103  0.13791761	   8.23514123   23.67136916   37.98685780    1.98131476    3.64970691    4.27076253   11.77285860  -96.11064219   -9.74396957 -145.40748803  -82.30179630  -41.17172875	 0.01257097  0.00016107 -0.35258541  0.64581347 -0.35987949 -0.02034058  0.00488518 -0.02170582 -0.32496610  0.57535774 -0.40159610  0.01144349	
0.00399600	0.32323727	0.00871258	-17.36132812  12.13266277  26.38754654  -0.85550725   0.23809829  -0.34895706	 -119.00730133  -124.07915497 -1003.98382568   -10.82767582   -84.01610565     9.73069668	-15.07649969  10.81036454   7.01021228  -1.35356860  -0.54714257  -0.67044965	   23.87058639  -118.92488151 -1036.39555325    -3.04323667  -122.67039645    12.15393211	178.75131448	0	0.00000000	0.00000000	0.00000000	-0.20998691  0.04314083  0.08400299	-0.04818614  0.81987346  0.14880143	   8.06173771   22.58272650   41.22941818   -0.76586463    3.36349425    4.98060119   11.19031684  -92.16242701   -5.10206124 -144.44843022  -83.31198166  -41.82845713	 0.01352204  0.00075165 -0.35767823  0.64915752 -0.35851425 -0.02138369  0.00505011 -0.02261087 -0.32852492  0.57537305 -0.40157309  0.01243291	
0.00399200	0.33513898	0.00830900	-14.03187275   6.48304415  19.09324074  -0.50849378  -0.25154835  -0.04027676	 -124.02729034  -135.08726501 -1000.20367432   -11.78297329   -83.49378204    10.08339691	-15.99204617   9.81492069   5.72038230  -1.37665291  -0.47867903  -0.66519187	   22.32641581  -132.34600526 -1032.61347725    -2.87772714  -122.55709670    13.51704729	178.66299427	0	0.00000000	0.00000000	0.00000000	-0.19883340  0.04793881  0.07950635	-0.03695204  0.69806865  0.08016129	   8.09067578   21.18901028   45.86582924   -3.34376790    3.87681045    5.73361901   11.26029790  -86.22834991    0.49540562 -140.68467362  -82.47094537  -41.28149928	 0.01448078  0.00141126 -0.36221114  0.65211046 -0.35729474 -0.02221971  0.00520719 -0.02358495 -0.33163890  0.57538843 -0.40157309  0.01300048	
0.00399600	0.34659439	0.00783467	-9.32699299 13.39401150 31.56030655 -0.45633677 -0.57445699 -0.21064278	-141.17918396 -135.00559998 -998.52227783  -12.51835728  -81.40639496    8.90773392	-12.96770392  11.69628294   4.98751910  -1.27259789  -0.67897050  -0.58048473	   13.08303141  -137.80193279 -1029.82564927    -3.24324013  -121.96027398    13.57493150	179.74749193	0	0.00000000	0.00000000	0.00000000	-0.18077699  0.05473568  0.07772723	-0.02718095  0.69806442  0.05861236	   6.88218688   19.13969408   49.60728497   -7.16253456    4.20445650    6.02064535    9.54412838  -79.80164048    5.90905169 -137.94762107  -82.33435053  -40.00915657	 0.01540883  0.00207854 -0.36676705  0.65466452 -0.35605988 -0.02285631  0.00532500 -0.02449000 -0.33427736  0.57539606 -0.40158075  0.01319990	
0.00398800	0.35751817	0.00729077	-23.02546120  16.88663483  34.54146957  -0.59367216   0.72254932   0.05844227	-152.36105347 -123.41340637 -988.42718506  -12.27549744  -80.02703857    7.24264431	-18.30290128  14.85343823   9.67182770  -1.53580962  -0.31145542  -0.57514390	   -4.09211453  -134.41506799 -1026.85168073    -3.48615020  -121.12605416    12.11552555	180.43397650	0	0.00000000	0.00000000	0.00000000	-0.16004028  0.06087362  0.07788218	0.01402244 0.65619414 0.04926010	   6.45236899   16.58162666   53.56805076  -10.11842594    5.18767792    6.05562565    9.23755334  -73.16527300   10.48984786 -134.31148514  -80.70582015  -38.25017025	 0.01627553  0.00268447 -0.37092414  0.65675843 -0.35485572 -0.02329349  0.00540354 -0.02522631 -0.33640191  0.57540375 -0.40158075  0.01314621	
0.00400000	0.36784410	0.00670656	-12.78636456  18.27037430  38.59127045  -0.62878472  -0.16131154   0.01797195	-150.73937988 -118.13903046 -974.06927490  -12.47944832  -79.16668701    6.92589712	-18.58492035  17.06492518  13.88698539  -1.74246555  -0.16530212  -0.60747244	  -10.66900812  -128.12321701 -1015.30303431    -3.88865225  -119.95314281    10.96963956	181.87131510	0	0.00000000	0.00000000	0.00000000	-0.13923364  0.06646210  0.07697691	0.03908474 0.62223734 0.03237093	   5.54888731   13.85207563   58.34996817  -11.68604462    5.71147881    5.66012775    8.06712318  -67.84341151   15.86981868 -130.81055105  -79.39557206  -37.13042699	 0.01709621  0.00314466 -0.37453666  0.65833843 -0.35371289 -0.02352359  0.00544281 -0.02568650 -0.33803561  0.57541144 -0.40158075  0.01293145	
0.00400400	0.37752298	0.00614979	-13.85987091  14.11814022  34.01517868  -0.62818170  -0.26560223  -0.19423789	-160.50061035 -113.18518066 -956.27606201  -12.58319950  -76.37845612    7.10554934	-15.61711268  15.92980245  10.99193312  -1.56314622  -0.42783849  -0.56597010	  -16.58327540  -123.32905329 -1001.96793209    -4.37332886  -118.15980896    10.63450795	182.82339294	0	0.00000000	0.00000000	0.00000000	-0.11934815  0.07225442  0.07285722	0.03908474 0.62223734 0.03237093	   4.87359248   11.33074223   63.22536266  -12.67743660    6.00921258    5.09655411    7.33060685  -63.49363437   20.37190196 -126.98135360  -77.52810182  -36.54463007	 0.01785553  0.00341311 -0.37753561  0.65939683 -0.35261610 -0.02358495  0.00544281 -0.02584757 -0.33914006  0.57541907 -0.40158075  0.01271670	
0.00399600	0.38657859	0.00554775	-13.62056828  10.76925373  23.25792885  -0.65307099   0.19564824  -0.12688740	-170.56387329 -108.36352539 -934.67413330  -12.49382019  -73.57511902    6.78164291	-15.23264907  12.34780957   6.04193108  -1.48755477  -0.41961292  -0.54813137	 -31.17191025 -117.50719777 -985.13378883   -4.71321678 -115.59266707   10.21821900	183.81995882	0	0.00000000	0.00000000	0.00000000	-0.09504392  0.07281782  0.06761845	0.03087634 0.50707456 0.01633550	   4.55731282    9.38505533   66.79268058  -13.90208347    5.54510395    4.28331387    5.91336915  -59.98930382   23.13265531 -124.73885830  -76.04149778  -36.04682387	 0.01854582  0.00348214 -0.37986726  0.65993375 -0.35154229 -0.02353893  0.00541925 -0.02577087 -0.33989173  0.57542676 -0.40158075  0.01253262	
0.00399600	0.39496508	0.00501970	-11.51905632   7.04875612  22.86699677  -0.68171299  -0.11034095  -0.22916959	-179.23460388  -97.61817169 -912.57269287  -12.05666351  -70.63109589    6.69401073	-13.88775083   9.67054456   5.21509340  -1.44710127  -0.42563140  -0.56586684	 -45.63377066 -109.86092729 -964.61855957   -4.91240920 -112.64536574    9.73142138	184.22707068	0	0.00000000	0.00000000	0.00000000	-0.06875693  0.07201468  0.06185251	0.00035215 0.41225049 0.03987866	   4.07557776    8.05946392   71.25262249  -13.54723530    5.50590944    3.81457599    3.73048115  -56.82884481   26.78611203 -120.59384239  -73.58767747  -35.57736410	 0.01915942  0.00339777 -0.38147026  0.66007179 -0.35049918 -0.02337019  0.00540354 -0.02557912 -0.34024453  0.57543445 -0.40158841  0.01235621	
0.00398800	0.40276027	0.00443281	-14.82356548   5.15890121  26.35912323  -0.83916676   0.12985300  -0.22075979	-182.39810181  -89.77526855 -888.02484131  -11.90573215  -67.30996704    6.65204096	-13.82272337   6.18744530   1.87854765  -1.17167395  -0.54258780  -0.47774868	 -55.60654146 -102.22347111 -942.66209486   -5.18556868 -109.41418134    9.38229447	184.46399367	0	0.00000000	0.00000000	0.00000000	-0.03990160  0.07112592  0.05350681	0.00035215 0.41225049 0.03987866	   4.63566365    7.67715159   73.81088429  -14.81560536    3.36520710    3.15822739    2.29115835  -53.30516676   28.86669954 -118.96018721  -72.32653756  -34.69145931	 0.01971165  0.00322136 -0.38226792  0.65977269 -0.34948677 -0.02315544  0.00539568 -0.02535670 -0.34021387  0.57543445 -0.40162677  0.01215679	
0.00399200	0.40990537	0.00389897	-17.38685608   3.95374608  24.67000389  -1.05924654   0.68383622  -0.10571494	-176.13619995  -82.98623657 -864.57763672  -11.74490166  -65.52180481    6.87917089	-16.59897514   4.74817150   3.53105405  -1.31265198  -0.23342234  -0.37184337	 -60.52775367  -94.38475770 -916.77516879   -5.52963754 -105.98782098    9.17507160	184.99554458	0	0.00000000	0.00000000	0.00000000	-0.01035636  0.07259132  0.04897054	-0.01131378  0.29854412  0.03420323	   5.07523494    6.83455208   75.74005076  -14.91463597    1.04120920    2.61951757    0.64072879  -49.61852832   30.16018261 -116.80088606  -70.09455541  -33.68817581	 0.02020252  0.00306029 -0.38227561  0.65909004 -0.34849736 -0.02289466  0.00537998 -0.02511126 -0.33982268  0.57543445 -0.40169579  0.01191136	
0.00399200	0.41645715	0.00340863	-10.75759125   4.55998087  27.08266449  -0.90065128  -0.27782112  -0.36532348	-168.59535217  -73.17462158 -831.86431885  -11.48892117  -63.61262894    6.51841021	-14.62732757   4.51923264   1.03281654  -1.18152548  -0.40329431  -0.41667670	 -59.53245260  -85.59688459 -888.13957887   -5.85823675 -102.76032714    8.79232388	185.27033602	0	0.00000000	0.00000000	0.00000000	0.01744438 0.07359277 0.04406684	0.01299886 0.24309999 0.05361421	   5.83590788    7.43942746   76.72731612  -14.96036245   -1.51563537    2.13673631   -1.31369662  -46.18988763   31.64782355 -113.99411465  -67.38819480  -32.62997265	 0.02060903  0.00296825 -0.38143191  0.65813130 -0.34759229 -0.02260320  0.00535641 -0.02481213 -0.33920142  0.57542676 -0.40180317  0.01163524	
0.00399600	0.42246619	0.00296182	-9.16848278  2.57657886 20.24444008 -0.99031788 -0.23180950 -0.25529060	-167.95826721  -69.38146210 -808.30981445  -11.73272610  -60.59856796    6.34599781	-10.79697609   3.64868138  -2.17265034  -1.02884817  -0.56494376  -0.28569064	 -60.94754928  -78.92645740 -862.02096475   -6.28870794  -99.35027823    8.43426799	185.46485319	0	0.00000000	0.00000000	0.00000000	0.04227889 0.07269099 0.03919862	0.01299886 0.24309999 0.05361421	   7.23183553    7.58074791   76.03570664  -14.15043315   -3.69264617    1.87496787   -2.35531280  -43.74039933   31.45331438 -110.44265709  -64.06197340  -31.18392225	 0.02099252  0.00296058 -0.37978289  0.65676606 -0.34677163 -0.02232709  0.00530929 -0.02449767 -0.33831939  0.57541144 -0.40195656  0.01129777	
0.00400400	0.42798308	0.00250289	-11.71424294   2.48877287  16.80607224  -0.87578589   0.37344748  -0.19719198	-164.93028259  -63.12838364 -785.01837158  -11.77109146  -58.88176346    6.30809975	-11.20678406   2.70636786  -3.30881478  -1.08142376  -0.47747848  -0.31452607	 -63.47731368  -73.12191979 -838.02140906   -6.76849438  -96.20546106    8.07265075	185.51888931	0	0.00000000	0.00000000	0.00000000	0.06628575 0.07569156 0.03813194	-0.01790231  0.18558189  0.02969247	   7.88743003    7.81163488   74.52905106  -12.12326670   -6.12759405    1.93445427   -3.96946313  -41.57976552   31.52209060 -106.34994671  -58.83116904  -30.29912163	 0.02134534  0.00309864 -0.37729785  0.65510172 -0.34605065 -0.02205097  0.00523860 -0.02416019 -0.33721492  0.57541144 -0.40217900  0.01095262	
0.00399200	0.43298325	0.00203895	-11.64432907  -0.02123263  17.40546227  -0.98101717   0.04611364  -0.27407837	-159.39784241  -56.04668427 -759.35369873  -11.69582081  -56.94526672    5.90950632	-12.82169792   1.01262091  -5.29854808  -1.04400702  -0.57012153  -0.31478853	 -62.65835069  -66.77816966 -813.91400040   -7.22647512  -93.24934077    7.61187476	185.55083186	0	0.00000000	0.00000000	0.00000000	0.09153798 0.07823694 0.03748428	-0.01790231  0.18558189  0.02969247	   8.36390801    6.73601998   72.11281839   -8.78605832   -8.33471535    2.16058027   -5.73287005  -39.12423801   32.10166717 -102.32406184  -52.63402342  -29.24226840	 0.02168281  0.00337476 -0.37406114  0.65315354 -0.34544474 -0.02179019  0.00511294 -0.02383039 -0.33590338  0.57541144 -0.40246278  0.01062281	
0.00400000	0.43747219	0.00161372	-13.03334522   2.39503956  21.16946793  -0.98099661   0.06650451  -0.26510847	-160.08927917  -49.80389023 -743.12615967  -11.69496250  -55.11897659    5.53783703	-12.85347011   0.78910468  -5.29806373  -0.98587764  -0.63126814  -0.33148980	 -64.26917871  -59.34200018 -792.70651418   -7.61976108  -90.47888302    6.89575889	185.34596273	0	0.00000000	0.00000000	0.00000000	0.11696671 0.08079330 0.03688367	-0.01790231  0.18558189  0.02969247	  8.94692953   5.02806796  67.92628536  -5.61839217 -10.81041767   2.39045736  -6.50055186 -36.16811949  32.46482386 -98.19712887 -46.38982134 -28.04650070	 0.02201262  0.00377359 -0.37010348  0.65094459 -0.34499988 -0.02151408  0.00493230 -0.02352359 -0.33440006  0.57540375 -0.40271589  0.01028534	
0.00397600	0.44147524	0.00121108	-20.36781120   5.35148859  25.51703835  -0.84764659   0.58599401  -0.11756306	-166.67935181  -46.16883469 -725.59271240  -11.90396786  -52.30995560    5.20125675	-17.00986255   2.97148539  -0.26709251  -1.16885812  -0.49335754  -0.32229996	 -71.68295261  -53.10373004 -773.49975714   -8.06002719  -87.64058767    6.27873122	185.64731243	0	0.00000000	0.00000000	0.00000000	0.14072897 0.08350174 0.02802884	0.01049192 0.01567525 0.06661619	  9.20501201   2.81347442  63.50822313  -0.78297029 -11.64430142   2.84965086  -7.09404237 -33.65152407  33.06175041 -93.69120058 -39.68032325 -26.80133732	 0.02233476  0.00425680 -0.36556289  0.64848256 -0.34473911 -0.02125330  0.00472024 -0.02320145 -0.33267435  0.57538074 -0.40291530  0.00992485	
0.00400800	0.44504854	0.00091962	-18.06390572   4.66465902  26.16740227  -0.93049455   0.73497736  -0.00872155	-167.47012329  -37.68850708 -703.60174561  -11.71771812  -49.93405151    4.63344002	-18.99688906   3.67273535   1.18571181  -1.22475844  -0.34009334  -0.23452026	 -77.32114652  -46.97385612 -753.50008730   -8.40523768  -84.84158278    5.58015628	185.55104732	0	0.00000000	0.00000000	0.00000000	0.16303246 0.08451144 0.01292876	-0.01810372 -0.09438842  0.07490653	  9.50707210   1.31009787  58.88996151   4.32999267 -12.53074701   3.31570101  -7.97888980 -31.21334427  33.28872025 -89.88519132 -33.59843375 -25.75050016	 0.02263388  0.00480903 -0.36061579  0.64577508 -0.34469309 -0.02098485  0.00445321 -0.02289466 -0.33074918  0.57535774 -0.40302268  0.00956437	
0.00398000	0.44828236	0.00067890	-15.98779488   2.70794344  25.37156296  -1.16760504   1.00091374   0.17540637	-163.58625793  -30.93883705 -684.90216064  -11.63862324  -48.21383667    4.36851978	-17.52061878   3.21331811   1.02362868  -1.23844357  -0.07668151  -0.08911497	 -82.01247809  -41.14242651 -736.13864399   -8.71470442  -82.32181843    4.98267860	185.82318626	0	0.00000000	0.00000000	0.00000000	 0.18830233  0.08320018 -0.00736095	-0.01777587 -0.07734988  0.08162953	  8.16817466  -0.50861543  53.87607798  10.87609466 -10.44034516   3.72731500  -8.00760647 -28.35199538  33.67258320 -85.69881449 -27.76518494 -24.91294624	 0.02294068  0.00541495 -0.35541561  0.64286822 -0.34484649 -0.02072408  0.00415476 -0.02260320 -0.32862464  0.57531935 -0.40303037  0.00924990	
0.00401200	0.45126641	0.00048244	-17.44040108   4.06696415  14.35579395  -1.51265359   2.91789412   0.59142488	-156.48083496  -29.43423271 -670.99877930  -11.62080002  -47.30173492    4.21695423	-17.49249210   3.30239737  -4.33458912  -1.63987008   1.06495635   0.23324345	 -79.13661638  -36.29853122 -717.13940357   -8.93955811  -79.83071946    4.57219843	185.62380502	0	0.00000000	0.00000000	0.00000000	 0.21166945  0.08138048 -0.02601546	-0.05543914 -0.22209922  0.09841971	  6.11931921  -0.95173211  48.25203568  19.55361470  -6.38815599   3.88533958  -8.20369886 -26.03356650  34.42862960 -80.72354962 -20.25360085 -24.24431737	 0.02325514  0.00602854 -0.34994698  0.63985395 -0.34521464 -0.02044796  0.00383274 -0.02233476 -0.32626230  0.57530403 -0.40290764  0.00898913	
0.00399200	0.45402098	0.00036975	-18.67029953  13.12822437  -4.61548138  -3.41348243   9.93334103   2.88306403	-141.80123901  -24.70043373 -645.90069580  -11.48204422  -45.81662750    3.96397519	-17.52187239   8.06143280 -20.98027832  -3.19547117   4.65755632   1.43530045	 -72.13746028  -31.83013371 -696.75510688   -9.08659009  -77.27271683    4.20120004	185.27048578	0	0.00000000	0.00000000	0.00000000	 0.23384498  0.08048707 -0.04557806	-0.08408455 -0.32505971  0.09891843	  3.72106551  -2.70810828  42.38236708  26.32979512  -3.36961593   3.82657566  -7.66537355 -22.94596030  34.25702653 -78.08626530 -14.21238211 -23.36258478	 0.02354660  0.00668815 -0.34425589  0.63687032 -0.34569785 -0.02014883  0.00347146 -0.02207398 -0.32363921  0.57530403 -0.40266222  0.00871301	
0.00398400	0.45664588	0.00032600	-27.30096245  21.45943069 -30.33340454  -5.34551430  18.00946045   5.24298096	-132.61178589  -23.73281860 -627.95190430  -11.50087833  -44.69618607    3.97685075	-22.07191349  15.01632447 -40.94098807  -5.46870716   9.90290872   3.02929732	 -66.35973016  -29.47794712 -676.22274788   -9.23569464  -74.83898744    4.04524413	184.84326469	0	0.00000000	0.00000000	0.00000000	 0.25415163  0.08157798 -0.06301026	-0.08408455 -0.32505971  0.09891843	  1.93590004  -4.33274038  36.33615390  34.69217196   3.25426717   4.46821182  -8.21289561 -20.60084949  34.95399614 -75.11691860  -8.02853014 -22.54000099	 0.02379971  0.00740913 -0.33870289  0.63403249 -0.34634212 -0.01978835  0.00305520 -0.02175951 -0.32073230  0.57531935 -0.40225568  0.00845223	
0.00400000	0.45923105	0.00037348	-32.63079834  28.44067001 -63.46731186  -7.23158693  25.92843246   7.77141476	-124.89248657  -24.82113075 -610.18963623  -11.65591049  -43.65927505    3.83068895	-28.57074406  21.37076333 -75.18596306  -7.90409854  15.84497663   5.13297282	 -60.38115544  -29.48527878 -656.97117193   -9.36000823  -72.64490377    4.04240139	184.63103115	0	0.00000000	0.00000000	0.00000000	 0.26919831  0.07951762 -0.07824781	-0.10053271 -0.38054127  0.11107505	 -0.29340273  -3.85659652  30.48731147  44.89466112  12.50695665   6.23329819  -8.16264046 -18.30267242  35.70176030 -69.48820231  -0.90289514 -21.81117870	 0.02391476  0.00810709 -0.33255163  0.63144773 -0.34721649 -0.01936650  0.00263108 -0.02138369 -0.31753397  0.57532704 -0.40164977  0.00819146	
0.00400000	0.46186897	0.00044525	-54.21759796  38.99443817 -78.34342957  -8.93877411  34.85446548   9.70099163	-122.29933929  -18.81250381 -595.54577637  -11.28206539  -42.05530167    3.39203906	-43.54413104  30.06544811 -87.59611286 -10.80729199  23.31395227   7.12511910	 -58.00007967  -26.60169384 -638.11902238   -9.38533940  -70.29463603    3.68681599	184.62459355	0	0.00000000	0.00000000	0.00000000	 0.28158969  0.07789053 -0.09170636	-0.08768734 -0.42812465  0.15229730	 -1.23469974  -3.57328837  24.76556905  51.75818670  23.20510766   7.95657782  -7.13147609 -16.92609071  32.02963899 -66.46555122   3.37046566 -21.67925601	 0.02384573  0.00878971 -0.32627764  0.62916976 -0.34829792 -0.01882961  0.00217555 -0.02096951 -0.31402880  0.57534236 -0.40078309  0.00800738	
0.00398400	0.46457779	0.00058210	-69.17277527  53.79037094 -84.79537201 -10.28394318  43.23965454  11.75214291	-126.11573792   -8.06943035 -581.64593506  -10.51773930  -40.24441528    2.63808775	-57.15752480  40.81578610 -98.22681915 -13.28600393  30.04048434   8.77433949	 -61.69369107  -20.36625184 -624.35050275   -9.36786678  -68.28675622    3.01867099	184.80525487	0	0.00000000	0.00000000	0.00000000	 0.29173576  0.07946333 -0.10260876	-0.08768734 -0.42812465  0.15229730	  1.02434173  -3.31825828  19.22912488  56.80581070  34.11007634  10.29298112  -6.01736230 -15.16681259  25.97037731 -64.53869166   6.65505400 -22.01722243	 0.02363097  0.00942631 -0.31992698  0.62726760 -0.34961715 -0.01817767  0.00168861 -0.02054000 -0.31046999  0.57538074 -0.39962491  0.00792301	
0.00400000	0.46744758	0.00078187	 -71.15469360   58.66938400 -106.45973969  -10.90442371   49.74692917   13.54997253	-128.80268860   -6.67189646 -568.39892578  -10.20820522  -38.59628296    2.21854663	 -67.44710088   50.61875209 -112.39085944  -15.24076647   36.20652869   10.36513037	 -66.48933841  -14.81082168 -611.02885332   -9.15584256  -66.37440518    2.26131589	184.62352426	0	0.00000000	0.00000000	0.00000000	 0.29799284  0.08225920 -0.11279496	-0.07767674 -0.49750230  0.13712931	  1.83798472  -3.00630816  13.40859194  61.81750700  44.56866352  12.11598558  -4.64999647 -13.90302967  20.94081461 -61.55191682  10.00083598 -22.18356720	 0.02330116  0.01000155 -0.31356093  0.62575668 -0.35108978 -0.01737233  0.00118595 -0.02007980 -0.30644327  0.57541144 -0.39815229  0.00790000	
0.00398800	0.47053275	0.00094205	 -79.54238129   65.04325867 -128.43489075  -11.29186344   56.07753372   15.55044842	-124.71566772   -7.68061829 -551.20324707  -10.09902668  -37.57223129    2.32615757	 -75.42818345   57.88485996 -135.94189425  -16.58675102   41.88752290   12.13873408	 -72.15389510  -13.88837944 -596.08903555   -8.94824943  -64.47154346    2.06691082	184.84103715	0	0.00000000	0.00000000	0.00000000	 0.30348938  0.08439471 -0.12222464	-0.09063538 -0.52944744  0.13325196	  2.31805714  -4.50575114   4.64281580  64.31918504  54.09162730  13.69924610  -3.68856268 -13.40078654  13.25563322 -60.25509179  12.27278795 -22.26290467	 0.02283330  0.01049243 -0.30727929  0.62464452 -0.35267743 -0.01641359  0.00069115 -0.01959660 -0.30222484  0.57542676 -0.39633453  0.00790000	
0.00399600	0.47380036	0.00110245	 -80.10796356   73.74030304 -147.24330139  -11.41179848   60.19685745   15.96039104	-120.30686951   -7.14405394 -541.44030762   -9.86927795  -36.74639893    2.13458538	 -80.11357009   65.06755201 -157.60866083  -17.48808473   46.58018810   13.39996033	 -73.59411111  -12.17925462 -581.31937600   -8.85903541  -62.79308505    1.98699963	185.11696429	0	0.00000000	0.00000000	0.00000000	 0.30829559  0.08511315 -0.13200029	-0.09063538 -0.52944744  0.13325196	  2.93643361  -5.15103531  -1.83384480  64.87391250  62.02524293  14.68727279  -3.04173566 -11.42345103   7.58645262 -56.57823806  13.96515874 -22.28683476	 0.02218136  0.01086825 -0.30132747  0.62397724 -0.35432649 -0.01527078  0.00021991 -0.01910573 -0.29789135  0.57542676 -0.39419463  0.00790000	
0.00400400	0.47725073	0.00124967	 -62.35430908   79.43479156 -446.57879639   -2.70179439   69.14984894   15.45375347	-116.43688965   -3.63452244 -523.18878174   -9.29487038  -34.88085556    1.80849719	 -74.44123800   75.19039388 -368.36582588  -12.24912545   48.91715302   13.28610620	 -72.52085855  -10.25022915 -567.05410659   -8.55301269  -60.74585000    1.70845076	185.34630390	0	0.00000000	0.00000000	0.00000000	 0.31076610  0.08294267 -0.14206140	-0.05756504 -0.55404749  0.18326279	  4.03378559  -5.37485315  -6.56150584  63.17741975  68.69844168  14.49408535  -2.45055261  -9.93530571   2.46386355 -53.18553980  14.88681071 -22.26578705	 0.02136068  0.01112136 -0.29603523  0.62376249 -0.35598317 -0.01398990 -0.00022777 -0.01866087 -0.29351950  0.57542676 -0.39167890  0.00788466	
0.00398000	0.48085135	0.00130616	 -20.70442772   71.68148804 -482.79467773   -2.99756718   70.11444855   13.41903114	-107.66455841   -4.22770023 -509.68383789   -9.06608582  -32.41698456    1.82712209	 -47.26182400   75.04578499 -460.23168034  -10.46311264   51.55144905   12.42773685	 -70.12920231   -7.99888940 -550.53640025   -8.29398424  -57.97430962    1.52725444	185.63042796	0	0.00000000	0.00000000	0.00000000	 0.31608280  0.08373150 -0.15511994	-0.05607694 -0.65954942  0.15311050	  8.17459745  -5.93091184 -12.14832440  55.66241078  69.90680761  14.10785779  -0.32250789  -8.01701008  -7.35668288 -53.08504321  13.23403973 -21.91794305	 0.02039427  0.01117505 -0.29147929  0.62389284 -0.35760152 -0.01256330 -0.00062046 -0.01820068 -0.28915530  0.57542676 -0.38880268  0.00784631	
0.00400400	0.48452809	0.00136013	   0.11557065   53.70801926 -479.45648193   -3.90944505   66.48499298   10.74435902	 -71.18560028    0.16970508 -550.35522461   -9.36929703  -22.75336266    1.44398499	 -18.97326539   67.64684336 -495.30218797   -9.85326438   52.53265338   10.95311730	 -51.01562508   -4.86921999 -560.13429572   -8.56359068  -51.84264101    1.29707007	185.98692119	0	0.00000000	0.00000000	0.00000000	 0.32459034  0.08551946 -0.16337300	-0.06316289 -0.67802798  0.14516703	  9.13515388  -4.96907451 -14.39715923  46.76042752  70.69279284  13.35111822  -1.23009666  -5.42959090 -12.60384482 -50.98351808  10.94805530 -21.34797710	 0.01935883  0.01101398 -0.28764436  0.62435305 -0.35912785 -0.01100631 -0.00095819 -0.01776349 -0.28487551  0.57543445 -0.38558900  0.00776194	
0.00400000	0.48826262	0.00137568	  33.09420395   39.71623230 -471.40185547   -4.64491463   64.37025452    8.95720577	 -52.72236633    5.29644394 -591.13800049   -9.45422173  -12.54450798    0.53639162	  16.07266466   52.10887595 -493.42567412   -9.37564908   52.11545153    8.95213760	 -24.52063179   -1.24544379 -594.41101185   -9.03746284  -40.65877078    0.46116421	185.91342693	0	0.00000000	0.00000000	0.00000000	 0.33274229  0.08318859 -0.17198319	-0.08389675 -0.71393017  0.16779327	 10.72982905  -3.72485738 -15.18049771  35.02619826  69.12461684  12.18908107  -1.14466367  -2.10528832 -18.54817074 -49.21949891   5.96410993 -20.55816098	 0.01829272  0.01066116 -0.28449968  0.62515074 -0.36051610 -0.00923456 -0.00122522 -0.01735699 -0.28081048  0.57543445 -0.38211453  0.00762388	
0.00398000	0.49200332	0.00137801	  52.42078781   27.91221237 -458.91665649   -5.26045847   60.77185059    5.98141861	 -26.16640663    6.77109289 -671.96282959  -10.49377918    1.86024523    2.40350366	  41.54783305   40.61829588 -484.47355439   -9.05398713   50.92418929    6.74553002	   3.86806081    1.99077228 -645.35953231   -9.97481506  -28.27932047    0.45358709	185.86975738	0	0.00000000	0.00000000	0.00000000	 0.34171228  0.07928611 -0.18070958	-0.11015729 -0.83789960  0.18341856	 13.67779509  -1.40465197 -16.53684776  19.85120972  65.13146810   9.94703137  -0.27883070   2.56348401 -26.41806697 -49.48965060  -0.48597664 -19.45743762	 0.01724194  0.01013194 -0.28188425  0.62630886 -0.36170492 -0.00720204 -0.00146084 -0.01692748 -0.27701387  0.57544976 -0.37852502  0.00740913	
0.00400400	0.49575993	0.00138474	  77.87900543   17.73129654 -460.38854980   -5.50822210   59.22662354    3.83777881	   8.82871246   -3.12445140 -700.81280518  -11.11486435   12.61469746    1.55616534	  63.36347731   30.15160827 -478.80115123   -8.62547418   50.48995411    5.09778139	  28.59664166   -2.17457765 -691.27692285  -10.33787846  -16.98207799    1.05493871	186.02172058	0	0.00000000	0.00000000	0.00000000	 0.34924370  0.07774200 -0.18821552	-0.10541806 -0.81064778  0.18296668	 15.87648558   0.89939409 -17.22905822   5.38591449  59.99836259   7.24340952   0.13410404   6.18137527 -32.62327856 -51.46526535  -8.45206901 -18.44881572	 0.01628320  0.00947233 -0.27962929  0.62781221 -0.36266366 -0.00492408 -0.00167290 -0.01642893 -0.27359310  0.57548809 -0.37493551  0.00715602	
0.00398800	0.49951512	0.00142729	  98.05733490    6.61683083 -464.00827026   -5.58008480   58.87591171    2.88099551	  18.54570198   -6.67447805 -721.21545410  -11.28036213   22.73587608    2.13384819	  88.19145235   20.69654227 -483.47677849   -8.07866591   50.72807240    3.63169168	  50.93365804   -7.20425349 -727.17011036  -10.82120911   -4.48245039    1.39465358	185.76814493	0	0.00000000	0.00000000	0.00000000	 0.35093842  0.07237310 -0.18689708	-0.16279737 -0.82384507  0.18834520	 15.45868608   4.96216925 -18.73207568 -12.76979253  51.38077070   2.91819817   0.02518861   9.50465719 -36.78791817 -51.66809077 -14.69405623 -17.67047347	 0.01550087  0.00879738 -0.27765048  0.62952256 -0.36341530 -0.00242369 -0.00181427 -0.01568495 -0.27067086  0.57551879 -0.37167579  0.00689524	
0.00400000	0.50332427	0.00145387	 114.25222015   -3.57299781 -466.60162354   -5.45771027   57.48582458    1.17198837	  37.24913788  -13.60891628 -753.25061035  -11.39667892   33.17060471    0.72937298	 105.08428846   10.39647560 -480.61192884   -7.34967422   50.52318513    2.67567148	  69.66393641  -12.06545660 -752.50753657  -10.81174617    6.12132315    0.97226607	185.93974158	0	0.00000000	0.00000000	0.00000000	 0.34560981  0.06148220 -0.17530594	-0.22851004 -0.78288494  0.26742384	 15.62365254   9.10711958 -23.74546932 -31.28466517  41.19824513  -1.71854939  -0.26299309   8.59456982 -44.89373053 -55.20403418 -20.40932835 -17.03681637	 0.01489495  0.00817612 -0.27564096  0.63134032 -0.36400589  0.00024544 -0.00187710 -0.01465718 -0.26836988  0.57552648 -0.36896831  0.00665748	
0.00400000	0.50716299	0.00148770	 130.96652222   -7.03172636 -476.45364380   -4.75016928   55.87662506    0.50696844	  63.84706879  -14.14873791 -774.93750000  -11.48318863   39.65181351   -0.12769358	 123.81588292    7.10321417 -485.81034205   -6.71961002   50.64114095    1.95912571	  88.95893798  -15.10074454 -773.67498404  -10.87554705   14.36216464    0.15818197	184.90568739	0	0.00000000	0.00000000	0.00000000	 0.33086653  0.04794681 -0.17022126	-0.24293513 -0.80209656  0.30435705	 16.21474822  12.46085992 -25.59774619 -46.79150118  32.35382698  -5.37358119   0.84349093   5.99258481 -50.92111381 -57.96468800 -23.11432791 -17.09455507	 0.01448078  0.00773126 -0.27366978  0.63314277 -0.36455047  0.00303728 -0.00186925 -0.01329961 -0.26670551  0.57551110 -0.36696649  0.00651175	
0.00398800	0.51103258	0.00151808	 156.28442383   -8.85008240 -473.88830566   -4.54726791   54.58100510   -0.29192370	  96.77677917  -15.63686752 -781.09197998  -11.23672295   41.55602264   -0.25411785	 148.34880965    5.67192816 -494.26297908   -6.00994264   50.38629207    0.98506695	 125.74627456  -15.53224859 -787.61728346  -10.76301721   21.15513001   -0.50265408	184.12596135	0	0.00000000	0.00000000	0.00000000	 0.31376373  0.04776763 -0.16110654	-0.21394394 -0.78376661  0.26452905	 16.35267566  14.93199378 -26.76137838 -59.79697135  25.36207705  -9.14288261   1.58660792   1.71147189 -56.15674700 -60.84819027 -23.73482410 -17.59966408	 0.01422767  0.00753184 -0.27170628  0.63495284 -0.36508736  0.00563738 -0.00182998 -0.01171194 -0.26550901  0.57550347 -0.36577764  0.00647340	
0.00399200	0.51493824	0.00143934	 169.23245239   -8.20515633 -479.29785156   -3.30758333   54.08662796   -1.28069317	 152.79972839    8.51133823 -774.39276123   -9.62398148   39.62279129    1.03099751	 164.15281030    3.46091370 -500.49417907   -5.08762074   50.50910021    0.24814422	 170.32896052   -1.32660936 -790.02862133  -10.71371901   24.58110856   -0.50788085	183.67421474	0	0.00000000	0.00000000	0.00000000	 0.28402520  0.05426153 -0.13223026	-0.26140723 -0.52180308  0.14138667	 14.00922282  16.14969396 -29.95500774 -71.80018414  18.39457576 -12.35166426   0.78491978  -3.86206502 -61.77116152 -64.26344939 -22.38131784 -17.75343030	 0.01418932  0.00761621 -0.26981184  0.63656354 -0.36567792  0.00832184 -0.00179071 -0.01007825 -0.26478803  0.57557249 -0.36539415  0.00648107	
0.00400800	0.51876521	0.00134851	 177.09884644  -15.33488369 -499.84823608   -2.77939200   55.09248352   -1.00672567	 167.41125488   21.77778244 -723.28375244   -8.03520298   36.78879547    4.48720741	 173.01979148    3.62469306 -505.86015428   -4.29154777   51.11312386    0.21262057	 198.32393566   14.26637299 -768.35213920  -10.48380884   25.57786194    1.03893578	181.90595337	0	0.00000000	0.00000000	0.00000000	 0.25333878  0.06839392 -0.08017976	-0.26140723 -0.52180308  0.14138667	  8.76274116  16.85768191 -32.45591948 -81.45060281  13.17493900 -14.97857140  -2.31611940  -9.33035222 -64.13882616 -64.89739968 -18.30701027 -17.85767963	 0.01431971  0.00802272 -0.26797873  0.63779074 -0.36642960  0.01077621 -0.00178285 -0.00849825 -0.26451960  0.57568753 -0.36569327  0.00648874	
0.00398000	0.52247572	0.00124543	 183.21429443  -15.62376976 -519.21502686   -2.01849103   56.50552750   -1.98661232	 158.38587952   28.30686760 -707.75775146   -7.86209106   36.30197525    6.47936916	 184.54927699    2.17443643 -526.46291678   -3.42238670   52.52578638   -0.30863724	 206.76845628   25.28973418 -735.97287306  -10.58181233   25.43622440    3.55319786	180.28999505	0	0.00000000	0.00000000	0.00000000	 0.23322826  0.06269246 -0.05884145	-0.32848923 -0.58294129  0.22704640	  6.48871559  16.59483387 -34.21419935 -89.13969389   8.39375128 -16.79225338  -1.72349980 -14.73859775 -67.09504240 -66.82320640 -12.79195801 -16.61466591	 0.01453447  0.00872835 -0.26623765  0.63848871 -0.36738831  0.01291612 -0.00182998 -0.00713301 -0.26448125  0.57582557 -0.36659065  0.00638136	
0.00400000	0.52608275	0.00112943	 186.12789917  -21.31018829 -525.54394531   -1.61441278   57.42932510   -3.60590410	 171.78997803   32.27207565 -661.59313965   -7.64461470   31.02482224    8.82941151	 189.95891357   -0.75005117 -541.22155566   -2.70918367   53.43220384   -0.95180682	 213.20870909   32.37961905 -697.27189645  -10.93190157   24.01801553    5.96705126	179.63555310	0	0.00000000	0.00000000	0.00000000	 0.20762338  0.05865938 -0.03900419	-0.25763907 -0.17309677  0.18312621	   8.08093110   14.59367029  -35.93969784 -100.78799743    2.86102606  -17.75037869    3.24944968  -17.82540378  -72.61920278  -68.64248426   -8.28186290  -15.43067797	 0.01481058  0.00971010 -0.26476502  0.63862675 -0.36861551  0.01470320 -0.00193208 -0.00612058 -0.26448891  0.57607871 -0.36793289  0.00616660	
0.00400000	0.52956086	0.00097080	 181.40657043  -29.29261780 -530.16595459   -1.56496191   58.23595047   -3.98175120	 176.18894958   25.61127853 -608.45684814   -8.11648655   24.95462418    7.91788006	 188.07417343   -6.33444436 -545.58480218   -2.14160873   54.08330442   -1.45228413	 218.71987474   32.18567963 -654.63125504  -10.90634752   21.14819254    6.66284558	175.82615390	0	0.00000000	0.00000000	0.00000000	0.17623063 0.05182570 0.00522115	-0.33748137 -0.30340756  0.16345656	   5.37718223   12.70912726  -36.48642663 -107.98773910   -0.11512499  -16.71144467    4.80925841  -18.32797754  -72.94019893  -67.04104353   -2.85113628  -13.79079099	 0.01517107  0.01081456 -0.26362222  0.63811284 -0.37018785  0.01606845 -0.00206560 -0.00551466 -0.26446590  0.57652354 -0.36959726  0.00584447	
0.00398800	0.53285599	0.00078729	 181.00086975  -28.57535934 -526.48455811   -1.48870552   58.38295364   -3.90515161	 176.85192871   18.84266281 -571.28900146   -8.99503040   20.91736794    6.73566961	 188.55604037   -9.17209450 -548.08110570   -1.78201188   54.41210797   -1.71721034	 219.91784513   24.82718756 -606.37015985  -11.00523435   17.31146473    5.80244728	176.73746003	0	0.00000000	0.00000000	0.00000000	0.14407010 0.05564437 0.02180924	-0.26600259 -0.06561587  0.06528481	   4.53361736   12.29209472  -38.39021925 -116.99087917   -3.46162025  -15.88383284    7.38526968  -17.25073242  -76.02656028  -66.79347697    0.26856720  -12.20655800	 0.01557757  0.01194204 -0.26279387  0.63695472 -0.37215900  0.01701951 -0.00222268 -0.00529990 -0.26435852  0.57716018 -0.37143803  0.00544563	
0.00398800	0.53594714	0.00061521	 171.78852844  -30.37603760 -532.18933105   -1.00297499   58.99582672   -3.81695437	 145.79116821    3.72621298 -524.41589355  -10.02790737   16.12255096    5.66577005	 184.90456796   -9.42510140 -551.47547649   -1.43264633   54.48095507   -1.78504409	 203.85094547   13.24659219 -562.69523869  -10.92544841   12.96547671    4.94706754	171.84568862	0	0.00000000	0.00000000	0.00000000	0.11440984 0.05598310 0.03310899	-0.26770618 -0.03320526  0.03763234	  -0.60716272   11.40721543  -40.63889370 -127.78867148   -5.73274116  -13.76283447    7.70984297  -13.81398798  -76.19329910  -61.30303341    4.45173057  -10.95243610	 0.01602243  0.01300815 -0.26224929  0.63512927 -0.37458268  0.01761777 -0.00237190 -0.00543796 -0.26425114  0.57794249 -0.37333250  0.00505447	
0.00400000	0.53885376	0.00049250	 174.84515381  -21.61188507 -525.84857178   -0.45725653   57.16991425   -2.22903371	 114.01734924   -5.30794382 -493.54595947  -11.06077385   12.98026085    5.40671444	 184.78943272   -6.95576671 -549.75431298   -1.22170086   53.87142580   -0.95385656	 178.85124551    0.74138741 -528.96791522  -11.04195046    8.89063524    4.71798052	170.72250115	0	0.00000000	0.00000000	0.00000000	0.07454469 0.04632596 0.05124544	-0.25753314  0.06947805  0.04157372	  -3.03476558   11.21594672  -42.43007678 -134.98966904   -6.93831907  -12.26418208    9.87617310   -9.07230793  -77.93455723  -58.79779307    6.22059451  -10.84867854	 0.01645194  0.01395922 -0.26194251  0.63257521 -0.37732086  0.01787087 -0.00248186 -0.00580612 -0.26423579  0.57879382 -0.37508124  0.00474767	
0.00398800	0.54161733	0.00048502	 180.96176147  -12.76065445 -522.42181396   -0.15478945   54.60430527   -0.88540435	  90.33094025   -8.92093945 -472.15249634  -11.60483932   11.08585262    5.40377426	 192.66941641    1.90890458 -542.11061198   -1.31667478   52.10380225    0.09892936	 145.19553407   -8.20682167 -500.11412227  -11.33421660    4.68614117    4.81274359	157.25251858	0	0.00000000	0.00000000	0.00000000	0.03757355 0.04216986 0.06207556	-0.24383658  0.16166546  0.05025425	  -4.76130304   12.50558025  -43.45256323 -141.12258147   -7.00835835   -9.93610412   11.16294609   -5.22232723  -78.23649804  -52.70721402    9.34999140  -11.75335866	 0.01684310  0.01478757 -0.26180446  0.62930018 -0.38076463  0.01786320 -0.00255254 -0.00610524 -0.26437387  0.57978326 -0.37689900  0.00467864	
0.00400400	0.54438144	0.00061878	 166.06990051    2.43600726 -587.11468506    0.13037835   42.76333237    2.14198661	  63.15154648  -15.02279091 -427.96707153  -11.62772083    7.95585966    5.75852966	 192.76750058   16.02612094 -571.72441325   -1.73737551   43.76666971    1.64079658	 114.63971706  -14.57695647 -469.43750300  -11.29245182    1.09295031    5.16101642	145.19734394	0	0.00000000	0.00000000	0.00000000	0.00491809 0.03643294 0.06846565	-0.23736033  0.14055899  0.05715019	  -4.59021382   13.60963919  -42.59314783 -143.48671524   -4.76829805   -7.63774687   13.09679097   -1.69573203  -79.90594607  -47.81382168   10.68754163  -13.70850907	 0.01714990  0.01549320 -0.26170474  0.62536550 -0.38471463  0.01755641 -0.00254469 -0.00628932 -0.26475736  0.58080333 -0.37859404  0.00483204	
0.00400000	0.54729199	0.00085659	 154.16764832    7.92589092 -661.78436279    0.42621517   30.40562248    3.94417453	  46.75991821  -14.60375404 -382.79949951  -10.72275543    5.04012918    6.21269369	 192.44058966   26.03513651 -616.98550264   -1.59124784   32.04974237    2.96809194	  92.05926040  -16.74093237 -431.84064125  -10.73086375   -1.80326419    5.54661981	151.78595275	0	0.00000000	0.00000000	0.00000000	-0.02832494  0.03013046  0.07007971	-0.19789916  0.24244288  0.07457838	  -3.67695309   15.75021318  -39.84963340 -141.86024380   -0.35282830   -4.43085731   14.86130685   -0.35844845  -79.14581446  -44.12936038   10.49975463  -15.24089332	 0.01733398  0.01608378 -0.26154366  0.62092459 -0.38897142  0.01708087 -0.00248971 -0.00631233 -0.26558572  0.58177745 -0.38015103  0.00513116	
0.00399200	0.55046242	0.00112859	 146.29605103   21.88253021 -707.74890137    1.02950895   21.15374756    4.96896601	  41.60419846  -13.40461826 -367.03308105  -10.31904984    3.41418028    6.28739452	 187.21176585   36.94740799 -685.29349832   -1.27280210   17.30499830    4.06957875	  78.01649582  -16.35875912 -400.08575753  -10.10860315   -4.08561186    5.85556109	157.10526008	0	0.00000000	0.00000000	0.00000000	-0.06007930  0.02919708  0.07355785	-0.12255638  0.32353037  0.11246234	  -2.27141605   16.66296364  -34.34405804 -138.55531208    4.81414690   -1.60494945   15.70789833    0.09440670  -78.36923056  -38.87394001    9.01256894  -15.98677649	 0.01734932  0.01658233 -0.26122922  0.61623830 -0.39341998  0.01646728 -0.00241117 -0.00612058 -0.26689726  0.58266711 -0.38155463  0.00542262	
0.00400000	0.55393958	0.00140856	 114.91552734   27.21058655 -701.08691406   -1.70329249    2.78949738    5.32499313	  32.29800415   -7.73624086 -332.84664917   -9.29343891   -0.15552865    6.70877028	 172.58823087   43.05142586 -721.91584207   -1.97202079    0.59374552    4.40988898	  66.01018324  -12.56681656 -371.59486848   -9.55299131   -6.58620840    6.07515788	157.61263042	0	0.00000000	0.00000000	0.00000000	-0.09005055  0.03229190  0.07534490	-0.11348144  0.32650620  0.09746767	  -0.82500307   16.64002303  -28.66090707 -131.79756255   11.68452844    1.70775397   16.11615364   -3.58865872  -76.29815613  -32.50464859    6.83968153  -16.30345191	 0.01724961  0.01698883 -0.26067698  0.61157501 -0.39786085  0.01576932 -0.00230907 -0.00579078 -0.26899880  0.58344179 -0.38278180  0.00565272	
0.00397600	0.55771464	0.00167637	  45.48989868   32.62224960 -775.03057861   -1.76018226   -9.40387726    4.87208843	  21.08162117   -2.53889489 -313.16763306   -8.80429077   -2.33596945    7.02571774	 141.29662647   48.58355715 -757.77512002   -2.59969352  -16.13606989    3.73434324	  57.02564047   -9.33951845 -345.90645743   -9.13152110   -8.84832202    6.38444285	157.83336959	0	0.00000000	0.00000000	0.00000000	-0.11592698  0.04022423  0.07762313	-0.09927464  0.37243232  0.08217139	  -0.83899253   17.63871098  -22.70782933 -123.38205887   18.01048024    3.60895700   13.98615322   -4.73414622  -73.77073835  -27.13263830    3.98351449  -16.11139633	 0.01712689  0.01727262 -0.25984097  0.60712647 -0.40214831  0.01503301 -0.00219126 -0.00536126 -0.27188271  0.58410144 -0.38386327  0.00577544	
0.00400400	0.56180280	0.00185843	 -15.60431576   32.37172318 -859.13824463   -0.74942499  -17.51628304    4.58573294	   8.81841946   -1.00952661 -289.97604370   -8.30583572   -2.92261863    6.97801781	  82.37128885   50.91276516 -823.08412050   -2.20501436  -33.81590925    2.94583170	  43.27058984   -5.28602717 -325.19917588   -8.83495655  -10.66608177    6.44307471	156.20896421	0	0.00000000	0.00000000	0.00000000	-0.14147135  0.04897380  0.07910302	-0.09927464  0.37243232  0.08217139	  -1.40819853   17.50644047  -20.84604966 -119.51309547   20.04362371    4.37736443   11.45117110   -6.83810914  -72.52472503  -23.78816410    1.70826357  -15.65015913	 0.01699650  0.01741835 -0.25872114  0.60296172 -0.40605229  0.01430437 -0.00205774 -0.00493942 -0.27553356  0.58469200 -0.38479900  0.00579078	
0.00398400	0.56608224	0.00202315	-106.52766418   33.17766953 -963.74432373    0.01790539  -28.28129387    3.95460153	  -1.17317307    2.65069556 -274.27124023   -7.85711908   -3.02599192    6.30717659	  12.56100003   50.68319107 -923.03917964   -0.73460564  -52.66943272    2.10205524	  31.59600759   -1.32811663 -305.66543713   -8.53189817  -11.36163043    5.96268168	155.50496592	0	0.00000000	0.00000000	0.00000000	-0.16290594  0.05795330  0.08348056	-0.04154137  0.44899250  0.01984365	  -2.77931936   19.06181547  -21.38798053 -114.83022428   17.32676369    4.78038280    7.45207889   -5.91489840  -70.00906291  -20.08561255    2.82838371  -14.75621657	 0.01685845  0.01744903 -0.25737891  0.59912676 -0.40946540  0.01362942 -0.00193208 -0.00457126 -0.27983639  0.58524424 -0.38563502  0.00572942	
0.00400400	0.57055593	0.00218926	-156.39631653   32.68896866 -998.94140625    0.50767589  -34.89765549    2.31398606	   2.83224964    5.16028595 -252.68000793   -7.59951448   -4.80488634    5.77402353	 -47.54960252   48.22980627 -995.40207893    0.72497556  -68.05676133    0.73140026	  26.75074477    1.36235419 -286.40161188   -8.25728965  -12.13506209    5.32617729	154.69074150	0	0.00000000	0.00000000	0.00000000	-0.17136496  0.06414504  0.09423366	-0.03824474  0.51296071 -0.00626955	  -6.12777704   19.86273058  -20.20441603 -109.35646104   15.36677931    4.50016107    4.41133186   -5.26426797  -62.63718601  -14.96439392    3.14403815  -14.06654020	 0.01672039  0.01736466 -0.25598300  0.59587473 -0.41238764  0.01304650 -0.00182998 -0.00427981 -0.28462240  0.58576578 -0.38635600  0.00559136	
0.00399600	0.57520968	0.00243624	 -204.91207886    34.24928665 -1034.50183105     0.91656369   -42.79070282    -0.54899895	  10.81126404    2.01810169 -231.66915894   -7.36512136   -6.94683838    4.45375395	  -99.28737559    45.78477999 -1047.05456225     2.04027222   -81.50370762    -1.60278028	  29.25016901    0.66691158 -264.32223201   -7.79780862  -13.25533816    4.36175003	156.84185246	0	0.00000000	0.00000000	0.00000000	-0.17281645  0.07311781  0.10505283	-0.02197626  0.53916727 -0.07298257	  -6.51910606   21.21446025  -22.00170126 -105.57344303   10.43057435    4.24366922    4.00816841   -3.37591489  -55.88857293  -11.95200488    5.52356153  -13.22855698	 0.01663602  0.01716524 -0.25472513  0.59269935 -0.41479599  0.01259398 -0.00177500 -0.00402670 -0.28966153  0.58634871 -0.38693124  0.00541495	
0.00399600	0.58013803	0.00264046	 -240.24580383    38.96880722 -1055.71069336     1.16268039   -51.00995636    -3.78716850	  34.36148071   -1.70440292 -190.47831726   -6.78613424   -9.49917030    3.14693165	 -134.61427700    47.57775395 -1077.18212089     2.80350946   -92.60697126    -4.55959790	  42.15989296   -0.18103001 -235.20272823   -7.22672234  -13.54608926    3.35855315	159.29845215	0	0.00000000	0.00000000	0.00000000	-0.17152848  0.08605411  0.11410632	 0.01111234  0.59049521 -0.15285960	  -8.94264664   22.73264391  -21.49850301 -100.26056521    6.39621058    5.72145236    3.99101606   -3.26600804  -47.01467305   -7.89334953    7.43810008  -12.42671435	 0.01656699  0.01684310 -0.25379705  0.58983082 -0.41665977  0.01217213 -0.00179071 -0.00383495 -0.29462397  0.58710802 -0.38733774  0.00520019	
0.00399200	0.58529103	0.00302046	 -246.55424500    42.49046707 -1067.89660645     1.27587068   -55.93476486    -6.30598879	  48.92567444   -2.94468594 -158.61378479   -5.80563831  -11.48313046    1.49478543	 -151.70138403    48.68150623 -1095.37332046     3.30439610  -100.10594071    -6.99685495	  56.35514623   -1.42848079 -202.45218265   -6.35242968  -13.46502380    2.24207724	159.60710917	0	0.00000000	0.00000000	0.00000000	-0.16831006  0.09723523  0.12316731	 0.00990307  0.53632824 -0.18135521	-11.15822707  26.74651394 -21.84669978 -99.06679823  -0.39637447   6.45334468   4.02057062  -2.05150971 -38.50228021  -2.40783871   9.60021535 -11.43293996	 0.01655165  0.01642126 -0.25332153  0.58725375 -0.41800967  0.01183466 -0.00182212 -0.00372757 -0.29918754  0.58813578 -0.38748348  0.00495476	
0.00398800	0.59086424	0.00335542	 -242.01419067    42.79338074 -1064.02319336     1.42013180   -59.45874786    -8.10943890	  52.25121689   -1.17410219 -132.09136963   -4.79164267  -12.01621914    0.59806865	 -155.50899570    50.17943814 -1101.77807700     3.55119070  -105.58636649    -9.67157228	  63.22127703   -1.50749557 -167.51141795   -5.13426460  -13.09882352    0.91769029	163.83977574	0	0.00000000	0.00000000	0.00000000	-0.16262105  0.10604134  0.13022103	 0.04861263  0.51794566 -0.25970391	 -12.50208802   30.61789260  -21.06444364 -101.72039689   -8.76406105    8.36849018    5.96205764   -1.38184488  -29.27063964    3.03460654    9.15726102  -10.83609982	 0.01659767  0.01593806 -0.25345960  0.58501410 -0.41884568  0.01158922 -0.00184569 -0.00372757 -0.30316824  0.58949333 -0.38738376  0.00472466	
0.00399600	0.59681410	0.00375849	 -234.23893738    48.48717880 -1042.65039062     1.46941209   -62.81993484   -10.05749702	 35.42413330   2.35888577 -86.21749115  -3.19344139  -9.58794975  -0.72217464	 -151.15622991    51.57485267 -1095.86516316     3.79542948  -108.97148785   -11.81069150	  54.11429105    1.34634985 -129.67129363   -3.88285343  -11.60574165   -0.34752713	167.48151877	0	0.00000000	0.00000000	0.00000000	-0.15673126  0.11196862  0.14244184	 0.04792869  0.58691530 -0.29182289	 -15.47350289   35.66859030  -17.22294433 -104.54074243  -17.62042513   10.25984007    6.66915044   -0.36733773  -17.64816953   10.91908158    8.53074849  -10.27159457	 0.01672039  0.01549320 -0.25427261  0.58301997 -0.41921386  0.01145116 -0.00182998 -0.00379660 -0.30647397  0.59118074 -0.38696191  0.00450223	
0.00400000	0.60321420	0.00421005	 -231.80114746    54.84383774 -1016.26464844     1.71725488   -62.36804962   -10.14113808	 20.88332367   4.47340250 -60.65497208  -2.31477380  -6.27616882  -0.73167926	 -148.53909674    56.73990087 -1074.42609663     3.49639522  -109.57207067   -12.91803841	  39.25193605    3.34570542 -102.28849612   -2.97140568   -9.23951531   -0.83921107	174.55118087	0	0.00000000	0.00000000	0.00000000	-0.15294178  0.11141729  0.15225374	 0.03189719  0.56933681 -0.28970472	 -17.46338010   40.63245046  -13.74416347 -109.36727567  -26.27451740   11.70259618    8.77034693    0.39645063   -8.73388784   17.98700423    7.13701041   -8.85769357	 0.01688913  0.01510204 -0.25566852  0.58119452 -0.41922918  0.01142815 -0.00177500 -0.00391932 -0.30908173  0.59319794 -0.38631764  0.00424146	
0.00398800	0.61010951	0.00458586	-226.43367004   58.19434357 -983.48022461    1.77954173  -62.09679794   -9.83265305	 11.99066257   2.56407166 -42.04578018  -1.76790357  -4.38151407  -0.57379818	 -144.71812345    63.46730051 -1040.30514055     3.02840808  -108.12456464   -13.16428621	 23.36254025   3.36948869 -76.88061152  -2.20238820  -6.55335644  -0.83901481	175.67067083	0	0.00000000	0.00000000	0.00000000	-0.14167056  0.11330751  0.14987159	 0.06840808  0.46501235 -0.32801171	 -18.63660154   47.18625968   -8.94790851 -115.87516198  -33.88945430   12.17955431   10.04486964   -0.14585848    0.12432500   26.96604033    6.13479280   -7.26118882	 0.01706553  0.01481825 -0.25757834  0.57946879 -0.41896841  0.01156621 -0.00166504 -0.00408039 -0.31102988  0.59551424 -0.38552764  0.00387330	
0.00400000	0.61742920	0.00503099	-198.98809814   58.57951736 -953.37805176    2.52001262  -62.34381485   -9.64556694	  2.17803860   0.80413163 -17.12840652  -0.59500724  -1.14366448  -0.14379796	 -128.73177706    66.05032282 -1007.58989241     3.11260177  -106.08481822   -13.07044097	 10.72206787   1.06674567 -53.41402003  -1.24331449  -3.76756113  -0.53457815	176.12799971	0	0.00000000	0.00000000	0.00000000	-0.12925813  0.11306527  0.15150460	 0.05851906  0.37932122 -0.33368734	 -20.19369137   53.12568504   -3.30592801 -122.57869157  -40.14114346   12.44730721   10.99872760   -1.33837589    8.84719258   35.94538292    3.99129898   -5.31646971	 0.01719592  0.01464951 -0.25983328  0.57778144 -0.41862327  0.01182699 -0.00150011 -0.00424913 -0.31251785  0.59811431 -0.38467628  0.00343612	
0.00398800	0.62523693	0.00537569	-165.83041382   58.98239136 -907.19305420    2.63995814  -62.48852921  -10.15078449	-5.82452393  1.32676280  9.90022469  0.08190798  0.12247743  0.39966226	-105.46019816   66.65793961 -972.58362039    3.43629360 -103.54097277  -13.09837070	  1.01744609   1.08618026 -34.15880870  -0.50973212  -1.70553563  -0.08596242	176.85033430	0	0.00000000	0.00000000	0.00000000	-0.11262805  0.11491825  0.14432808	 0.07613635  0.37888893 -0.33774957	 -20.09337091   58.24382234    2.54504922 -128.51071075  -43.69996519   12.34309041   11.71172373   -3.84779781   15.75697016   44.78957046    1.57475010   -3.00997652	 0.01728029  0.01461116 -0.26222628  0.57610935 -0.41829348  0.01218747 -0.00128020 -0.00441019 -0.31365299  0.60081410 -0.38384026  0.00287621	
0.00399200	0.63342994	0.00565684	-125.10906219   60.19894791 -861.95324707    3.18558502  -63.34884644  -10.74264717	-26.66226387   3.16959119   8.62979412   0.14824775   2.34874749   0.20783539	 -72.99881393   70.53879425 -927.76745476    3.52195365 -100.31847364  -13.67175535	-15.16541158   1.98267900 -21.44806356  -0.10830664  -0.47088178  -0.05655257	176.23353569	0	0.00000000	0.00000000	0.00000000	-0.09535423  0.11673243  0.13693517	 0.07257774  0.34542526 -0.34829374	 -19.07825691   63.50872549    7.88028409 -133.81363567  -47.30281628   11.44178420   11.60168237   -6.60870395   22.01559132   52.75038130   -0.92114221   -0.98837467	 0.01730330  0.01468019 -0.26442754  0.57442969 -0.41792530  0.01261699 -0.00100531 -0.00461728 -0.31452736  0.60371333 -0.38295054  0.00228563	
0.00400800	0.64194435	0.00581614	 -93.09069061   68.44123077 -820.17871094    3.20067430  -64.53778839  -13.83173370	-24.50555229  -0.06105939   1.25578403  -0.15290493   3.80530071   0.18147935	 -38.46687524   77.17627283 -879.92415101    3.42788174  -97.37264397  -15.60425729	-25.88741692   0.88063905 -22.03387348  -0.13350041   0.90126317   0.06239314	175.80487706	0	0.00000000	0.00000000	0.00000000	-0.07878437  0.11450021  0.13156550	 0.05012783  0.31799752 -0.29603939	 -18.42929182   68.67179743   11.19064787 -139.59691563  -50.17916779   10.23674933   11.24850346   -9.06492205   26.94921011   59.76751233   -3.65575395    1.21227390	 0.01733398  0.01487194 -0.26634502  0.57277298 -0.41759551  0.01306184 -0.00065188 -0.00489340 -0.31510261  0.60654354 -0.38219124  0.00166437	
0.00399200	0.65062690	0.00583889	 -71.89089203   82.61515045 -807.61535645    3.82745886  -65.25553131  -13.17589664	12.54203796  3.34948421 10.79745102  0.10758596 -1.93508863  0.08302253	 -13.71789517   86.78916624 -847.84706615    3.05998459  -95.54439382  -17.04625832	-11.09888662   2.30041321 -18.17219919  -0.08471647  -0.58692946   0.08379172	175.75693018	0	0.00000000	0.00000000	0.00000000	-0.07035729  0.10147721  0.13311245	-0.02511491  0.30073520 -0.25579598	 -16.60459841   71.97445025   14.22625694 -143.12358504  -52.26221474    9.23566090   10.89046794  -11.18280560   31.00737572   65.88363040   -5.38638083    2.56021328	 0.01740301  0.01514039 -0.26775628  0.57120061 -0.41728103  0.01343000 -0.00020420 -0.00530757 -0.31531736  0.60947347 -0.38161600  0.00108913	
0.00399200	0.65933478	0.00578832	 -77.21872711   87.75695801 -808.06842041    3.62257552  -65.80860138  -13.70334530	 1.94323134  0.57792872 -4.71150589  0.12596183  0.85988927  0.19638200	  -3.29228563   96.84385258 -837.04229602    2.44305633  -95.37266684  -17.62465505	  0.44294570   1.60505060 -19.43729688   0.01265316  -0.53862555   0.06705238	175.81851150	0	0.00000000	0.00000000	0.00000000	-0.07066073  0.09909176  0.12972045	-0.02475041  0.35814241 -0.36100824	 -16.05715124   74.40455350   15.38696799 -146.69402948  -54.05637484    7.74928221   10.32328413  -12.42103812   34.04910369   71.29694147   -6.68589812    3.64400122	 0.01748738  0.01543184 -0.26856929  0.56970501 -0.41699725  0.01367544  0.00032987 -0.00589815 -0.31523299  0.61274850 -0.38117114  0.00059825	
0.00398800	0.66798419	0.00567480	-104.30048370   84.35618591 -820.01141357    3.10500312  -64.82994080  -13.35750675	-11.68681812   2.78880095 -52.37117004   0.37427416   1.22550118  -0.14073449	 -12.29640652   96.52378108 -837.13755976    2.11641617  -95.86014389  -18.23413506	 -9.37960230   1.63620766 -43.90836118   0.02829621  -0.23961244   0.26875730	175.76320042	0	0.00000000	0.00000000	0.00000000	-0.07321519  0.08887351  0.11278429	-0.03838999  0.34898549 -0.30818975	 -19.73231598   76.57158414   15.47081083 -148.29229192  -53.96100262    7.63157487    7.86972158  -12.26069547   35.62676464   76.74102301   -7.67202276    4.29011387	 0.01759476  0.01571563 -0.26875338  0.56820935 -0.41674414  0.01375980  0.00090321 -0.00666515 -0.31475747  0.61652976 -0.38081831  0.00022243	
0.00399600	0.67651188	0.00550661	-135.66416931   71.99389648 -828.30236816    2.43851566  -62.31926346  -12.18288136	-15.49446869  -5.49428272   0.01708684  -0.16472626  -0.54563826  -1.09342086	 -34.81828160   92.76962195 -850.24408522    1.88800531  -96.51826745  -17.06103965	-12.16963041   1.19276874 -33.64355847   0.01969036  -1.41880330  -0.38210102	175.31688146	0	0.00000000	0.00000000	0.00000000	-0.07415463  0.08308095  0.11764497	-0.07496593  0.38955832 -0.33213701	 -19.03713590   78.68079573   14.54610311 -148.93490606  -54.28956988    6.77976140    7.23825871  -12.71436236   35.82786723   79.27736124   -8.43902412    4.39043613	 0.01767145  0.01602243 -0.26839289  0.56659871 -0.41656005  0.01372913  0.00157865 -0.00751650 -0.31414387  0.62084794 -0.38061890 -0.00003835	
0.00399200	0.68485045	0.00519830	-154.57974243   63.37487793 -850.99084473    2.10097718  -61.00642776  -11.14134121	-52.61701584 -17.10036278  -1.67115712  -1.05932629   4.90167761  -0.81338924	 -61.12736866   82.67094934 -870.06182462    1.70088455  -97.05599358  -15.62680179	-35.76093329 -11.05478766 -28.88709809   0.13441035  -0.28626698  -0.09761407	175.84046894	0	0.00000000	0.00000000	0.00000000	-0.05102679  0.06565341  0.10317441	-0.11887985  0.31845053 -0.17885173	 -21.68980878   79.09820799   13.08022255 -148.34889820  -54.12977870    7.48229804    5.37586110  -12.71855591   34.29049310   79.43240499   -8.10512314    3.59049600	 0.01770980  0.01635990 -0.26751086  0.56478858 -0.41647568  0.01359107  0.00232478 -0.00826048 -0.31372201  0.62551123 -0.38054988 -0.00011505	
0.00400800	0.69285524	0.00477701	-150.11616516   69.19876862 -868.18750000    2.21832705  -61.22109985   -9.24654579	-53.27099609  -9.86610508   4.56303978  -0.23544107   2.74361014   0.22358997	 -69.26154839   79.81784956 -888.55571097    1.32252770  -97.26375114  -14.03924162	-51.62833813 -13.54508642 -22.84378965   0.14752033   0.04100989   0.40181724	176.09933566	0	0.00000000	0.00000000	0.00000000	-0.00991601  0.04612798  0.07960581	-0.12337099  0.18520254 -0.14471815	 -16.45706497   77.57101809   13.44799841 -144.38715903  -52.22305572    6.52090424    6.08396739  -13.68098749   32.19365499   75.59149459   -7.77940590    1.93925807	 0.01767913  0.01660534 -0.26616862  0.56274074 -0.41649872  0.01344534  0.00307091 -0.00883573 -0.31366834  0.63022822 -0.38067260 -0.00000767	
0.00398400	0.70037842	0.00433063	-133.24800110   85.30300903 -863.04052734    2.34824371  -63.56222916  -10.72609329	-29.45123482   2.49645615  11.31975746  -0.19169696   1.36244357   0.44188243	 -61.88599065   86.98403701 -894.94491414    0.87913281  -98.03711672  -14.22699458	-36.37396433  -6.63843980  -8.96626793   0.12045955  -0.43147619   0.53831071	178.11207336	0	0.00000000	0.00000000	0.00000000	0.02758444 0.03322883 0.04097997	-0.04427397  0.16462049 -0.09806143	 -16.31853517   74.38990649   12.60219634 -140.80778526  -50.57643501    5.70418455    5.24671581  -14.59692965   29.56972595   69.50795541   -6.46301191    0.68679373	 0.01760243  0.01665903 -0.26438153  0.56055480 -0.41660610  0.01333029  0.00376991 -0.00924223 -0.31404415  0.63473809 -0.38102540  0.00024544	
0.00399200	0.70740998	0.00385837	-123.07863617  107.64762878 -843.85369873    3.02562928  -65.21714783  -12.56153488	-28.08469009  -0.78441465 -10.79362869   0.28704047   2.79795909   0.05656926	 -51.01584596  107.58556655 -883.37724718    0.14318583  -98.75950403  -16.35986420	-30.99935821  -1.11708954 -25.95213550   0.09661677  -0.23618052   0.32779719	179.94006119	0	0.00000000	0.00000000	0.00000000	0.06294254 0.03031073 0.01966576	 0.07321733  0.05645744 -0.06605655	 -13.25042266   70.45983027   13.07276871 -133.57210437  -47.98534286    5.14392872    5.35697193  -15.01744758   26.92350841   61.35507224   -5.32922678    0.11928227	 0.01757175  0.01652864 -0.26210359  0.55834585 -0.41667512  0.01317689  0.00439037 -0.00952602 -0.31472677  0.63910997 -0.38150093  0.00049087	
0.00399600	0.71391886	0.00352357	-112.40641785  129.78837585 -827.24792480    3.26109457  -67.00246429  -14.32471848	-12.81525898  -9.43336391   2.44849753  -0.53928179   0.04031402  -0.04492451	 -42.17413072  129.58454396 -862.65342351   -0.76310128  -99.14887518  -19.04504330	-21.83438759  -5.95899037 -28.39898277   0.08715408  -0.69121414   0.56786591	181.93855548	0	0.00000000	0.00000000	0.00000000	0.10135761 0.03243716 0.00878401	 0.14262789 -0.05618412 -0.06682538	 -13.77065202   66.83676398   13.09675838 -127.71019625  -46.18499600    4.99526154    4.95394577  -15.57150443   22.83057568   51.85382262   -4.08209086   -0.32434490	 0.01763310  0.01629854 -0.25934240  0.55623668 -0.41666743  0.01287777  0.00496372 -0.00971010 -0.31565484  0.64359683 -0.38208386  0.00069796	
0.00400800	0.72006232	0.00324220	-108.03636932  120.67730713 -845.40716553    3.02181196  -67.37119293  -13.81624699	-19.39900589 -15.07721996  -9.24862576  -1.02651215   1.52481580   0.31905460	 -36.21970877  136.52243064 -861.91022991   -1.09194670  -99.73554909  -19.66479905	-18.14968274 -12.34123289 -28.91215153   0.15453369  -0.80402167   0.44242338	183.17310154	0	0.00000000	0.00000000	0.00000000	0.13532000 0.03161199 0.00305889	 0.10890237  0.03745717 -0.07113706	 -14.86291844   62.89264693   14.09090660 -119.92669734  -42.56570633    7.14288731    4.62197336  -15.61302900   17.55223095   41.29195470   -2.85792423   -1.06427572	 0.01777883  0.01603010 -0.25604436  0.55438054 -0.41655239  0.01234087  0.00548208 -0.00978680 -0.31670561  0.64826012 -0.38268977  0.00089738	
0.00399200	0.72588414	0.00301522	-117.15981293  108.20176697 -878.14111328    2.47300863  -65.92858887  -11.56344509	-11.79395103  -8.80277348  -1.72770905  -0.42509913   0.77764165  -0.27571684	 -35.20719850  128.46508822 -882.25400843   -0.98584793 -100.25019935  -18.43345030	-18.22860193 -12.70186771 -30.76776488   0.20025296  -0.26940827   0.21729734	185.31480468	0	0.00000000	0.00000000	0.00000000	 0.16915315  0.01476372 -0.00914888	-0.00454579 -0.27691129  0.03979062	 -17.93716498   59.91460686   13.82229295 -113.08464157  -40.06560388   10.51536098    4.27753825  -15.52485426   11.66006225   30.71925941   -1.38470970   -1.68983279	 0.01799359  0.01576932 -0.25227842  0.55282354 -0.41639134  0.01161990  0.00597688 -0.00978680 -0.31778705  0.65302318 -0.38331103  0.00108913	
0.00398000	0.73144704	0.00290814	-147.53700256  103.04766846 -884.07019043    1.67785740  -62.38705063  -10.09502125	-5.11277723 -1.25094640 -3.29090452 -0.04936684  0.05287678  0.17728536	 -52.48159312  117.52511192 -906.24042585   -1.19088202 -100.01076957  -16.13332848	 -9.26953434  -6.61605534 -25.02160123   0.09641513  -0.44175535   0.31281691	183.86143356	0	0.00000000	0.00000000	0.00000000	 0.19771066 -0.00348067 -0.01800768	-0.05157075 -0.29875247  0.06660380	 -16.17760628   56.44617858   13.54752128 -107.23090835  -35.97194568   12.79458569    5.16414653  -15.63695104    4.34790608   19.87595627   -0.41699278   -1.96067238	 0.01826204  0.01550087 -0.24810600  0.55154270 -0.41619191  0.01086058  0.00645597 -0.00976379 -0.31879181  0.65781683 -0.38397065  0.00125019	
0.00400800	0.73690653	0.00265771	-180.52783203  100.38565826 -871.55249023    0.77871788  -58.73447800  -10.13563824	-4.70321846  3.12855554 -6.64674282  0.18451981  0.29889634  0.31929597	 -84.15944100  112.07845216 -911.39457060   -1.81174028  -98.86285159  -15.14693400	 -6.35067447  -0.82931539 -27.40817686  -0.02642008  -0.48879965   0.25675732	182.74451383	0	0.00000000	0.00000000	0.00000000	 0.20939565 -0.00158527 -0.03412458	 0.03473027 -0.08159285  0.07816029	 -18.80714523   53.56007812   12.67062559 -100.69658985  -31.32280165   16.20312705    5.61630871  -15.53030213   -2.10936739    8.94182230    0.81756452   -1.86844967	 0.01852281  0.01514039 -0.24360377  0.55045354 -0.41596949  0.01020864  0.00690365 -0.00978680 -0.31969687  0.66261822 -0.38459191  0.00135757	
0.00399600	0.74208099	0.00246859	-188.91183472  100.78787231 -854.04547119    0.29744661  -57.44509888   -9.79502392	-3.52496028  2.03585100 -7.25671005  0.09956193  0.41827837  0.63373709	-109.73857186  108.27325381 -897.96308123   -2.46808879  -97.24268334  -14.65649348	 -4.18263879   1.79850091 -29.00831121  -0.03356848  -0.39227449   0.39198384	185.62877448	0	0.00000000	0.00000000	0.00000000	 0.22071729 -0.00180743 -0.04743819	 0.02007558 -0.24205775  0.03647700	-18.40329184  50.33880949  11.98816954 -91.71157473 -23.73669228  17.20088111   5.86434438 -14.05271384  -8.41105124  -0.68034913   1.75024034  -1.74235655	 0.01876058  0.01471087 -0.23889445  0.54954851 -0.41572404  0.00976379  0.00731991 -0.01002456 -0.32053289  0.66732752 -0.38519785  0.00139592	
0.00399600	0.74704522	0.00224852	-198.26425171   99.95004272 -850.56567383    0.22386311  -54.70597839   -9.19495773	-7.05225372 -7.36693907 -8.87838650 -0.43792871  0.71068192 -0.04774546	-125.59986101  106.00666349 -891.84682480   -2.87754453  -95.70194638  -14.16489765	 -5.67637238  -1.88933137 -31.29580469   0.03240855  -0.37521132   0.22391892	185.99147400	0	0.00000000	0.00000000	0.00000000	 0.23154902 -0.00422087 -0.06448024	 0.00621813 -0.28871258  0.02420009	-21.54366335  50.39768780   9.32179638 -87.24993977 -17.62240579  16.91549592   4.98880733 -12.20758935 -14.34523689  -8.55728246   2.47488884  -1.54318453	 0.01893699  0.01425068 -0.23433086  0.54863578 -0.41546327  0.00959505  0.00773617 -0.01042340 -0.32136890  0.67177606 -0.38574240  0.00139592	
0.00399200	0.75176269	0.00210812	-205.45207214  101.06201935 -828.09356689   -0.31979835  -51.07331848   -9.27951717	 -9.19078159  -7.91035366 -26.42520142  -0.61005896   0.95933557   0.01442715	-136.02004734  105.75644339 -877.42681201   -3.30393415  -93.01573701  -13.89149485	 -6.68414613  -8.99708914 -34.70906615   0.07993305  -0.46507624   0.22106221	186.08506399	0	0.00000000	0.00000000	0.00000000	 0.24861493 -0.00156918 -0.07523148	-0.01386030 -0.31872268  0.00699250	-20.99528245  49.16628835   7.43579987 -83.15595586 -12.97890973  15.76580603   4.79780885  -9.49181310 -18.68811192 -14.83164391   2.92494458  -1.52017482	 0.01907505  0.01379815 -0.23007406  0.54773074 -0.41511813  0.00966408  0.00816029 -0.01092194 -0.32222793  0.67593318 -0.38623327  0.00139592	
0.00399200	0.75632405	0.00201081	-194.54795837   92.65506744 -812.72686768   -0.63537443  -47.20367050   -8.49222374	-0.26281473  2.75055742 -0.43291485  0.29800516  0.48499975 -0.54412401	-138.19783853  101.07405251 -856.22097841   -3.58652599  -88.24522864  -13.21430443	 -4.55143533  -3.07488797 -33.29418041   0.09593192  -0.28013408  -0.26033831	186.76402505	0	0.00000000	0.00000000	0.00000000	 0.26255477 -0.00477983 -0.08337739	 0.01301192 -0.33958731  0.01559352	-21.81155020  50.67517464   5.27281997 -79.85436771  -8.78715076  13.83493975   4.32680739  -7.57148830 -21.73112967 -19.11063748   3.58791294  -1.51244356	 0.01915175  0.01336097 -0.22610871  0.54679501 -0.41465792  0.00997087  0.00858440 -0.01142815 -0.32314834  0.67975277 -0.38667047  0.00139592	
0.00400000	0.76078176	0.00204479	-163.69317627   86.06861115 -789.81396484   -1.80297518  -41.99822617   -9.46999645	24.12630272 -9.73407745 -4.65580511 -0.33193544 -1.08009732 -1.43747258	-123.94551925   94.32492293 -834.87784361   -4.27364120  -81.99800561  -13.42847961	 10.25437685  -6.72838263 -26.92546968   0.18655767   0.05080324   0.07921528	188.25785162	0	0.00000000	0.00000000	0.00000000	 0.27620837 -0.01069387 -0.09819635	 0.06563130 -0.48222941  0.02423483	-19.84061614  50.03155314   3.83780710 -78.15108910  -6.26014872  11.91496971   4.48088628  -6.07244553 -24.24660891 -22.11703053   3.99420628  -1.50857793	 0.01915942  0.01291612 -0.22247319  0.54591298 -0.41406736  0.01040039  0.00902422 -0.01178864 -0.32387698  0.68325025 -0.38703862  0.00139592	
0.00397600	0.76526386	0.00205873	-138.81178284   83.31586456 -763.91595459   -3.01256919  -37.74727249  -10.47971153	 38.00160599 -12.61786270 -16.36311913  -1.06371963  -1.58098137  -0.72206694	-102.26365829   90.72903009 -811.87347439   -5.05849209  -75.52899640  -13.83308073	 26.11501631 -13.08752655 -25.51079536   0.10027998  -0.09920458  -0.24933194	188.49685193	0	0.00000000	0.00000000	0.00000000	 0.29011054 -0.00521410 -0.08857978	 0.10524587 -0.44302115  0.03714609	-19.49397921  51.44236190   3.11295027 -79.31122157  -4.91538010   9.99421971   4.40136438  -6.03170402 -26.57320528 -23.45363842   2.76165792  -1.50636900	 0.01913641  0.01241757 -0.21923649  0.54513830 -0.41336939  0.01092961  0.00945619 -0.01191903 -0.32407638  0.68648696 -0.38729173  0.00140359	
0.00401200	0.76978153	0.00212143	-131.11245728   88.58466339 -759.51000977   -3.45908356  -34.08112717  -11.94626904	 41.17435837  -2.87222314 -18.97255707  -0.06886594  -2.53671479  -0.16943267	 -86.42139556   93.39180848 -794.12566253   -6.08897957  -69.39682234  -15.09288295	 37.33992259  -7.25823908 -36.92068736   0.04612988  -0.14127327  -0.15477325	188.19855703	0	0.00000000	0.00000000	0.00000000	 0.28669826 -0.00158321 -0.08298498	 0.22097916 -0.27156383 -0.07690279	-16.72010122  51.76287677   3.26646782 -79.62014520  -4.06152410   8.56819876   4.73556356  -6.34739857 -28.32205858 -25.09433843   1.94544254  -1.96361761	 0.01915175  0.01183466 -0.21638328  0.54449403 -0.41253337  0.01148951  0.00995099 -0.01192670 -0.32355484  0.68985403 -0.38744512  0.00144961	
0.00398000	0.77435100	0.00226018	-139.40574646  103.67101288 -736.08288574   -4.29773760  -26.81905174  -15.91583443	 49.59729385   5.74629259 -14.05672550   0.54022014  -4.31342077   0.22009863	 -89.29518995  104.39496338 -775.30527869   -7.61284473  -63.14723037  -18.23287037	 49.19484977   3.69822009 -34.77748330   0.03284856  -0.94080299   0.06840219	187.63956770	0	0.00000000	0.00000000	0.00000000	 0.26823096 -0.00344227 -0.08082745	 0.06281067 -0.41953743 -0.16012132	-22.07491966  53.88059808   1.31397618 -83.76185423  -3.03510514   6.66836334   2.96952844  -6.26016605 -30.82269228 -24.54971507   0.15921661  -1.91195321	 0.01923612  0.01113670 -0.21392892  0.54393411 -0.41162831  0.01198039  0.01044579 -0.01181165 -0.32239667  0.69338983 -0.38745278  0.00147262	
0.00400800	0.77909034	0.00244120	-149.46734619   92.94229889 -755.33831787   -5.47552824  -21.36213303  -17.19242096	 10.04009724  -8.05393887 -21.99205017  -0.59788138   1.10745156  -0.01568581	 -95.33746473  104.29587838 -776.36829282   -8.40750351  -57.98842600  -20.41801748	 31.73358537   0.09617875 -34.62680341  -0.02383660  -0.36074873   0.12378087	186.37851610	0	0.00000000	0.00000000	0.00000000	 0.23753884  0.00444967 -0.09750942	 0.10797451 -0.35414601 -0.18426169	-25.42217656  56.51859783   0.78562865 -86.79197421  -3.22125522   6.01763472   1.53233286  -6.79887357 -32.18331030 -23.53550278  -1.88487951  -1.77923322	 0.01939718  0.01040806 -0.21190406  0.54342026 -0.41069260  0.01231019  0.01091703 -0.01169660 -0.32073998  0.69709444 -0.38726103  0.00147262	
0.00398000	0.78401524	0.00263347	-155.22413635   80.56973267 -790.18646240   -5.97776127  -17.53333855  -17.30853081	  1.05619824 -10.58569908  -5.46950340  -0.77579015  -0.70062310   0.03179150	-102.03985286   94.11624148 -800.57897472   -8.80488238  -54.18263148  -20.94708573	 10.76632060  -7.91633871 -34.18182190  -0.01570116  -0.22892755   0.20184838	184.78022961	0	0.00000000	0.00000000	0.00000000	 0.21544907 -0.00009516 -0.09176584	-0.00274667 -0.30919765 -0.16184366	-28.47690391  59.89138125  -0.11459225 -92.09900310  -3.69681882   5.68046963   0.34851620  -6.71692915 -34.81422146 -22.00067865  -4.30510222  -1.56889379	 0.01960427  0.00971777 -0.21034707  0.54288334 -0.40980288  0.01247893  0.01134900 -0.01162757 -0.31879181  0.70053053 -0.38702327  0.00145728	
0.00400400	0.78916723	0.00284576	-155.81675720   60.27860641 -985.16320801   -1.30393279   -9.36763096  -18.04938889	 7.83475542  1.63808227 -1.04756522  0.07516433 -1.83083820 -0.08128533	-100.59175806   77.62014126 -887.94367731   -6.70635476  -50.96369613  -20.94535834	 11.31549124  -2.34425671 -24.83531358  -0.01340751  -0.77875245   0.06404059	182.47564153	0	0.00000000	0.00000000	0.00000000	 0.19536774 -0.00534047 -0.07430007	-0.00274667 -0.30919765 -0.16184366	-28.05604271  63.20009937  -0.22711782 -97.17361252  -4.73151745   5.28675094   0.50693364  -7.58121031 -36.33254526 -20.56812757  -5.85591285  -1.65817145	 0.01984971  0.00911951 -0.20925795  0.54221606 -0.40905124  0.01254796  0.01170243 -0.01163524 -0.31681299  0.70400500 -0.38683918  0.00145728	
0.00400000	0.79455286	0.00294653	 -134.01524353    52.07852173 -1030.38183594    -1.83300149    -3.92278814   -18.01018715	-0.54358679  6.66475010 -8.24411774  0.39910233  0.42027265  0.59981942	  -83.53574144    66.03726348 -1009.39713432    -3.71765186   -47.48462118   -20.70216027	  3.21436257   3.01060656 -27.97334454  -0.02386292  -0.31607457   0.35349299	179.55569991	0	0.00000000	0.00000000	0.00000000	 0.17469982 -0.01081229 -0.05700494	-0.00274667 -0.30919765 -0.16184366	 -29.50601785   65.49694105   -0.10191834 -102.61945584   -5.46378806    4.98576989   -0.05111829   -7.74689401  -36.92944219  -18.13205388   -7.18790521   -1.67363398	 0.02008747  0.00865932 -0.20834523  0.54145676 -0.40842229  0.01261699  0.01196161 -0.01181932 -0.31499523  0.70718032 -0.38670880  0.00145728	
0.00398000	0.80003941	0.00299974	  -93.95629883    59.50886917 -1053.76550293    -2.14239454    -1.25740921   -16.43337250	 4.94817686 -2.19871974 -0.36351845  0.02709178 -0.41313514  0.43746629	  -53.02280810    66.30474834 -1058.87361728    -3.60858830   -42.82573019   -19.76068252	  2.88331706   2.74577693 -26.31088379   0.00806298  -0.55661411   0.29230884	178.70209620	0	0.00000000	0.00000000	0.00000000	 0.16507620 -0.01310144 -0.05916399	 0.13557434 -0.09211502 -0.20810439	 -29.29189375   68.66702801    1.65741985 -104.67909914   -3.51939055    3.64778168    0.25558318   -7.95301456  -35.97196720  -14.90404897   -8.05196634   -1.56324871	 0.02030990  0.00835252 -0.20753989  0.54072046 -0.40804648  0.01271670  0.01215011 -0.01214913 -0.31348425  0.71003354 -0.38667047  0.00144194	
0.00399600	0.80559403	0.00301497	  -52.50521469    76.43599701 -1082.79138184    -1.88444281     0.81595129   -15.81938934	10.54939365 -3.13571906 -2.32930565 -0.30265245 -0.04204315  0.02291203	  -11.90596961    77.70760691 -1086.32034322    -4.33233563   -38.60669932   -19.24565697	  7.94122063  -0.65732402 -24.85397609  -0.01767126  -0.33358678   0.22457300	176.51235707	0	0.00000000	0.00000000	0.00000000	 0.16930183 -0.02313195 -0.06551632	 0.13170176 -0.19596672 -0.08517383	 -31.32180049   68.63568779    0.89147493 -107.48083093   -3.46374572    3.19368741   -0.55675472   -6.87897715  -35.44402611  -14.41833253   -8.22341658   -1.42611118	 0.02051699  0.00818379 -0.20672688  0.54006082 -0.40792376  0.01282408  0.01227577 -0.01260165 -0.31236443  0.71256459 -0.38672414  0.00141893	
0.00400400	0.81116998	0.00295753	  -16.40242958    92.16526031 -1091.12170410    -0.84872258     4.13729382   -15.81793785	 5.32068157 -2.51383328 -7.20754862 -0.21093830  0.53976631  0.09321032	   24.94844560    93.84510609 -1103.51982056    -4.81088261   -34.07019600   -19.31516085	  5.29394619  -3.15500355 -27.26270646  -0.04573004  -0.02589631   0.24532623	176.81356187	0	0.00000000	0.00000000	0.00000000	 0.17758323 -0.03451133 -0.06124289	 0.09059766 -0.25113655 -0.05762143	 -27.24962008   69.42995650    2.29140703 -108.33444811   -1.36322440    1.84579626    1.47224441   -6.04550704  -35.38783265  -14.11489279   -8.50607889   -1.53342846	 0.02070874  0.00816078 -0.20551503  0.53962368 -0.40797743  0.01287777  0.01235431 -0.01319990 -0.31145939  0.71473521 -0.38687754  0.00141893	
0.00400000	0.81667989	0.00292614	   -5.65440750    95.76289368 -1102.47058105    -0.27626339     6.05213118   -15.43563461	12.94033432  3.02067065 -3.47740984  0.19181456 -1.46567738  0.54309988	   52.03218532   105.97882999 -1117.97776989    -4.95574041   -29.86624110   -19.25070578	  9.24236880   0.73596784 -26.94959948  -0.02270022  -0.54551336   0.29797918	177.78213995	0	0.00000000	0.00000000	0.00000000	 0.18003573 -0.04543633 -0.05944986	 0.08186888 -0.23842273 -0.01573124	 -27.53379310   67.42358332    1.70243004 -109.64906463    1.00953981    1.58464314    1.26577910   -4.14857043  -36.49803208  -15.22791966   -8.25591817   -1.55017952	 0.02086980  0.00822214 -0.20387368  0.53950858 -0.40823823  0.01284709  0.01238573 -0.01388252 -0.31078443  0.71663731 -0.38709229  0.00141893	
0.00399200	0.82215047	0.00281798	   -5.54044151    91.95876312 -1107.89440918    -0.82335496     8.12647629   -14.03857231	 9.07920742 -0.00886157 -5.68448973  0.06373523  0.25521842  0.32823268	   63.73768951   107.80195529 -1123.38842803    -5.17662494   -27.14582680   -18.39240846	 11.20459944   2.61411346 -27.54055944   0.00200917  -0.46057666   0.32498966	178.72782253	0	0.00000000	0.00000000	0.00000000	 0.17643299 -0.05762024 -0.05389341	 0.08166598 -0.25245053 -0.02733496	 -23.96728977   64.28984342    0.03636951 -109.04163135    5.34958220    1.48084283    2.74155879   -2.38455336  -40.01007225  -17.18215893   -7.18975423   -1.55662224	 0.02101553  0.00826816 -0.20175678  0.53962368 -0.40861404  0.01264000  0.01237787 -0.01462650 -0.31032425  0.71830171 -0.38731474  0.00141893	
0.00398000	0.82749414	0.00269233	  -15.95246410    84.60753632 -1101.91284180    -1.07248867     9.73422241   -13.87551022	 7.70153713 -4.79951572 -6.92099619 -0.30799764 -0.08472177  0.21788980	   58.40785169   103.39980858 -1122.25087315    -5.21498064   -25.51525483   -17.51649849	  8.19524273  -2.19882426 -29.98061112   0.01725074  -0.14246559   0.38607741	180.10519618	0	0.00000000	0.00000000	0.00000000	 0.17684890 -0.05955228 -0.04457516	 0.09787464 -0.19877377 -0.00120784	 -25.11848322   61.00158269   -2.70142454 -108.99278516   10.65479504    1.41609476    1.69828897    0.39101340  -42.87359795  -20.29213682   -6.22413287   -1.55993564	 0.02117660  0.00825282 -0.19919503  0.53976172 -0.40904355  0.01231019  0.01235431 -0.01539349 -0.31007114  0.71970528 -0.38755250  0.00141893	
0.00400800	0.83271372	0.00257567	  -42.75779724    80.40489960 -1102.89208984    -1.39417100    12.64574528   -13.80354786	16.23074532 -5.69600058 -0.72014815 -0.23268560 -1.21695578  0.41071641	   37.03622741    97.79632228 -1123.88531347    -5.25641084   -24.28877572   -17.11269283	 13.01798343  -4.01866219 -26.49832502   0.08272552  -0.38322895   0.38340904	181.84494043	0	0.00000000	0.00000000	0.00000000	 0.17007287 -0.06039002 -0.04024919	 0.10881652 -0.19854085 -0.02863098	 -23.32962700   56.35399849   -5.38489422 -105.46236024   17.37413616    0.93319164    2.22270196    2.57320385  -45.46497470  -23.20966015   -4.79791808   -1.56214457	 0.02135301  0.00818379 -0.19632649  0.53980774 -0.40954211  0.01189602  0.01233075 -0.01612213 -0.31000978  0.72094011 -0.38781327  0.00141893	
0.00398400	0.83779031	0.00252044	  -76.75043488    79.24894714 -1089.87133789    -1.73150444    15.17935848   -13.11012936	 11.95650482   0.23145041 -11.11783218  -0.01948521  -0.09706127   0.22632444	    9.58543995    95.82560746 -1121.06157287    -5.52376564   -23.54876981   -16.68203730	 13.44865932  -0.99785464 -28.99931885   0.00371157  -0.32058426   0.30119449	182.60016263	0	0.00000000	0.00000000	0.00000000	 0.15948140 -0.06227306 -0.03973424	 0.08166703 -0.25056428 -0.03036655	 -24.83325103   52.80835888  -10.45244876 -103.55785796   22.97498692    0.95787311    0.58579684    5.15435574  -48.91839705  -27.56404457   -3.84023328   -1.56343311	 0.02151408  0.00804573 -0.19329688  0.53977704 -0.41007900  0.01142048  0.01232289 -0.01676641 -0.31008649  0.72193724 -0.38805872  0.00141893	
0.00401600	0.84282333	0.00251746	  -91.41600037    80.62049866 -1082.01855469    -1.75921309    16.11707497   -12.93543434	14.39545059  0.12116265 -9.14356613  0.00058432 -0.42570528  0.34277156	  -16.02255430    93.37207235 -1113.38451347    -5.68358282   -23.15611562   -16.23993013	 12.60539805  -0.17418721 -31.93447693  -0.01640308  -0.18695947   0.36034063	182.83034998	0	0.00000000	0.00000000	0.00000000	 0.15243767 -0.06130130 -0.03766268	 0.10543393 -0.16211132 -0.03075675	 -23.27712012   49.55425039  -14.74093194 -100.41679161   28.39204521    0.65073888   -0.11450528    7.13602184  -52.00295441  -32.44719852   -2.40927734   -1.56453758	 0.02167514  0.00781563 -0.19025959  0.53972334 -0.41060054  0.01092961  0.01232289 -0.01727262 -0.31028590  0.72271955 -0.38828880  0.00141893	
0.00398800	0.84783745	0.00250672	 -102.93221283    83.03318024 -1070.71459961    -1.73069799    18.02104950   -12.83234215	20.15691757 -2.46712208 -4.21766043 -0.12969989 -1.14717340  0.24514258	  -33.88833516    93.32135554 -1102.13565962    -5.88168385   -22.11675249   -16.03749359	 17.74629203  -1.79837879 -28.98233281   0.06567371  -0.32154782   0.35358814	182.90480652	0	0.00000000	0.00000000	0.00000000	 0.14856970 -0.06351619 -0.03306698	 0.11030172 -0.14935568 -0.03450308	-23.71567367  47.21239720 -19.68541890 -96.90576372  31.80474567   1.38022444  -1.53200434   9.02912868 -54.83804551 -37.71088495  -2.17913574  -1.56527389	 0.02182087  0.00747815 -0.18739872  0.53960061 -0.41110677  0.01036204  0.01230719 -0.01758709 -0.31053135  0.72324878 -0.38848054  0.00141893	
0.00398000	0.85283524	0.00256240	 -110.43379974    81.44757843 -1055.30090332    -1.95459425    19.71426010   -12.65047264	15.87160873 -3.35153604 -8.52028275 -0.26722229 -0.24291749  0.10427985	  -45.80680809    92.96440572 -1088.67080639    -6.10782648   -20.71362701   -15.85939113	 17.05717300  -2.11368412 -30.32522245  -0.04542371  -0.12649012   0.22345560	183.36760130	0	0.00000000	0.00000000	0.00000000	 0.14556908 -0.06650080 -0.02902759	 0.12382487 -0.11561211 -0.02992999	-21.72971958  45.61698577 -23.91692768 -92.65876566  35.50556907   1.30477259  -1.84196811  10.25319755 -57.24347356 -43.22456837  -1.34452362  -1.56582612	 0.02197427  0.00702563 -0.18483698  0.53936285 -0.41157463  0.00976379  0.01228363 -0.01770980 -0.31076142  0.72349423 -0.38861093  0.00141893	
0.00400800	0.85791039	0.00258913	  -90.08507538    81.06989288 -1037.24194336    -2.11620760    20.15950966   -12.85356045	20.11109734  1.13795340 -5.38393688  0.05961534 -0.94875848  0.29381815	  -41.31625853    91.47950591 -1072.08642917    -6.28333889   -18.76714716   -15.80090750	 17.54687195  -0.96758598 -29.58309013  -0.01474529  -0.12656631   0.23606621	183.23569500	0	0.00000000	0.00000000	0.00000000	 0.14334832 -0.07173099 -0.02140302	 0.12382487 -0.11561211 -0.02992999	-21.11537559  44.46237994 -26.35390791 -90.61228727  36.37382592   1.99751989  -2.19503212  11.22679352 -57.87128793 -48.37068950  -1.35878337  -1.56637836	 0.02212000  0.00643505 -0.18269707  0.53897172 -0.41195047  0.00914252  0.01226006 -0.01767913 -0.31096086  0.72348654 -0.38867998  0.00141893	
0.00399200	0.86300641	0.00266709	  -77.40671539    77.68434906 -1013.32775879    -2.39141917    20.58441544   -12.74489594	16.93808174  2.05174494 -7.21608353  0.14160341 -0.79790992  0.24896899	  -29.00368418    89.67618707 -1052.53134937    -6.39978403   -16.80500846   -15.75105824	 18.92287069   2.02868135 -30.27313839  -0.03354690  -0.25449648   0.23581655	182.92199036	0	0.00000000	0.00000000	0.00000000	 0.14120335 -0.07471724 -0.01807335	 0.14156540 -0.14443048 -0.01710038	-18.99286079  44.43585390 -27.65789458 -89.08325258  34.95562023   1.75387436  -1.96123311  11.28934499 -56.50424650 -52.41573515  -1.21710079  -1.56674651	 0.02226573  0.00574476 -0.18110174  0.53850383 -0.41219589  0.00849825  0.01223650 -0.01742602 -0.31111425  0.72316444 -0.38868764  0.00141893	
0.00398400	0.86818463	0.00275874	 -73.16224670   76.11798859 -996.62957764   -2.35204196   21.85287094  -12.55144405	 17.90982437   2.36638069 -11.77648163  -0.06861052  -0.75590903   0.43272591	  -22.08562852    86.74498869 -1035.74609055    -6.43699719   -15.00417055   -15.56924423	 17.88220037   1.50417254 -32.52012932  -0.05822795  -0.11731512   0.20007269	183.50395017	0	0.00000000	0.00000000	0.00000000	 0.13961994 -0.07542752 -0.01419496	 0.15495853 -0.10504137 -0.01892053	-17.89699603  44.56639072 -29.25833316 -87.89297268  32.74813623   2.24706803  -1.54998795  11.68721188 -55.03378384 -56.61101902  -1.48902760  -1.56711467	 0.02240378  0.00498544 -0.18005095  0.53798997 -0.41234928  0.00786932  0.01221294 -0.01705786 -0.31121397  0.72250479 -0.38865697  0.00141893	
0.00400800	0.87347800	0.00290717	 -70.80310059   69.50147247 -984.30883789   -2.57388282   22.75585938  -12.43907833	20.57447624  4.41308069 -9.81738949  0.19904435 -1.21600640  0.25013232	  -18.22906290    80.58115685 -1018.88663820    -6.30317167   -13.15526766   -15.22825110	 19.43240956   3.08373320 -32.53071047  -0.11338484  -0.32309616   0.21006610	183.30543334	0	0.00000000	0.00000000	0.00000000	 0.13409051 -0.08268341 -0.00943914	 0.15745050 -0.09633617  0.00179176	-16.06061711  44.49937814 -29.66366161 -90.58052456  27.53379950   2.42157731  -0.89212710  12.53125086 -51.50977394 -58.76420295  -1.62594845  -1.56748282	 0.02254951  0.00422612 -0.17951407  0.53744543 -0.41243365  0.00726340  0.01218938 -0.01665903 -0.31128299  0.72146934 -0.38856491  0.00141893	
0.00399200	0.87892747	0.00302383	 -63.42209625   68.69954681 -966.73095703   -2.64454269   23.30830193  -11.50797749	16.74373055  4.43869066 -9.88749599  0.14912160 -0.67224026  0.41782185	  -12.45628070    76.23759479 -1000.51823575    -6.22766862   -11.37200048   -14.47439281	 17.89659563   4.05144100 -32.62277257  -0.11015076  -0.34360710   0.26606551	183.81576139	0	0.00000000	0.00000000	0.00000000	 0.12932009 -0.08844746 -0.00369198	 0.15422157 -0.06420328  0.01596256	-14.31654404  43.48815032 -30.35946901 -92.13555799  22.12464032   2.93998436   0.28972478  13.44956442 -47.89642973 -61.59020617  -2.06042573  -1.56766690	 0.02271825  0.00352049 -0.17940669  0.53687781 -0.41251037  0.00674184  0.01218938 -0.01625252 -0.31136736  0.72014248 -0.38845754  0.00141893	
0.00398000	0.88449997	0.00319956	 -43.83183670   58.94884109 -947.35076904   -2.56479335   23.88031769  -10.61939430	 11.78052902   4.49268675 -13.11364460   0.17475072  -0.38892320   0.26729721	  -0.83553471   69.39841002 -983.17051344   -5.90018382   -9.46184321  -13.50031621	 13.78838405   4.07570077 -35.23913228  -0.12899307  -0.30435708   0.15071757	183.63681852	0	0.00000000	0.00000000	0.00000000	 0.12373874 -0.09436383  0.00745544	 0.14436713 -0.05465281  0.01867020	-12.04221732  42.22454856 -29.99333876 -94.79033003  17.06250811   2.63178756   1.19701732  14.64481160 -42.44901963 -61.36594672  -2.30575703  -1.56785098	 0.02292534  0.00292990 -0.17949106  0.53629494 -0.41261774  0.00631233  0.01219723 -0.01585369 -0.31149009  0.71830171 -0.38835785  0.00141893	
0.00400400	0.89028108	0.00331142	 -17.72780037   50.71961594 -938.81231689   -2.85474396   23.15365982   -9.81634426	15.21316338  6.59261560 -9.70772171  0.26957235 -1.06077456  0.34761292	  22.64770897   63.83752275 -968.08215252   -5.63499064   -7.61665081  -12.45906227	 14.82892119   4.81837015 -34.05720100  -0.15028544  -0.52867129   0.23169578	183.87867373	0	0.00000000	0.00000000	0.00000000	 0.12037712 -0.09955639  0.01173112	 0.14921781 -0.01259262  0.02999018	-11.68602817  40.79395679 -30.73693549 -98.23615563  12.68379815   1.89411789   2.28294318  15.58148971 -36.73939995 -60.18623159  -3.02039916  -1.56803506	 0.02317077  0.00247738 -0.17971349  0.53575802 -0.41281715  0.00597485  0.01222079 -0.01547786 -0.31169716  0.71598536 -0.38826579  0.00141893	
0.00400000	0.89618427	0.00340917	   1.77259719   49.22660828 -925.09124756   -2.53222132   21.92593765   -7.95967054	  9.18696499   1.65001512 -11.16268826  -0.07130764  -0.30368063   0.35497037	  45.26271097   59.31039599 -952.71965103   -5.29734339   -6.60210800  -10.78363483	 11.71490059   3.15412754 -33.82993719  -0.12962260  -0.46792885   0.21586390	183.99636168	0	0.00000000	0.00000000	0.00000000	 0.11287112 -0.10606553  0.01707762	0.14267186 0.07803660 0.04917318	 -10.33159864   38.87288417  -30.95179117 -100.29159272    9.84919503    0.87961589    3.44781145   16.44597709  -31.18638852  -58.38507163   -4.05944185   -1.56821913	 0.02343922  0.00214757 -0.17990524  0.53532851 -0.41310093  0.00574476  0.01226006 -0.01507903 -0.31202698  0.71317053 -0.38820443  0.00141893	
0.00398400	0.90218729	0.00346255	  14.40658092   46.61614227 -913.67480469   -2.38485312   20.74105072   -6.35761118	 8.47123909  3.74776506 -9.02214718  0.19724636 -0.36945987  0.09766229	  60.79736693   56.34654725 -940.27953015   -5.05387926   -6.17974445   -9.14328139	  8.82266304   2.81807303 -34.12370070  -0.10992446  -0.43325929   0.11268899	183.72159955	0	0.00000000	0.00000000	0.00000000	 0.10332965 -0.11450296  0.02313068	0.13510796 0.04953631 0.05668315	  -9.38948317   37.29252445  -31.04813221 -102.68104095    7.57343927   -0.35547895    4.58062824   17.19742722  -25.72440417  -55.95098854   -4.99005580   -1.56840321	 0.02371534  0.00194049 -0.17995125  0.53504473 -0.41347677  0.00559903  0.01230719 -0.01468019 -0.31244880  0.70983410 -0.38818142  0.00141893	
0.00400400	0.90826064	0.00348555	  11.35665417   45.44448090 -900.82250977   -2.07340193   20.21518707   -5.79190922	  9.52624702   4.74510050 -10.77341652   0.21278927  -0.59217614   0.27401626	  65.85120150   54.42175840 -928.99311163   -4.76198192   -6.28368882   -8.03964155	  9.57296409   3.17665618 -33.41455385  -0.07664138  -0.59117807   0.20426863	183.98086288	0	0.00000000	0.00000000	0.00000000	 0.09692765 -0.11821674  0.02404083	0.15074046 0.11624099 0.06025211	  -7.76329143   35.17702337  -31.85152191 -104.36137622    6.61202377   -1.82985617    5.28204176   17.62884173  -21.14018764  -55.00219708   -6.87975210   -1.56840321	 0.02399145  0.00182544 -0.17983620  0.53492200 -0.41392162  0.00550699  0.01237002 -0.01424301 -0.31297803  0.70599151 -0.38818142  0.00141893	
0.00399600	0.91435522	0.00344393	  -1.64320731   48.68542862 -889.03509521   -1.64391494   19.97400093   -5.43364716	  7.71071815   3.77903438 -14.45996761   0.18537967  -0.20974095   0.33408561	  58.06938887   56.64043794 -916.90165312   -4.52697815   -6.83553053   -7.56157623	  8.84602948   3.49936707 -35.74705562  -0.04379774  -0.44176882   0.13756931	183.93227030	0	0.00000000	0.00000000	0.00000000	 0.08902068 -0.11992847  0.02560309	0.14875583 0.15125159 0.05133515	  -6.53455647   33.23018061  -32.36611478 -105.43326884    6.86376216   -2.91690387    5.95302739   17.32946445  -17.31858031  -53.78865952   -8.96721059   -1.56858729	 0.02425990  0.00176408 -0.17962912  0.53489131 -0.41448918  0.00546097  0.01246427 -0.01379815 -0.31354561  0.70171171 -0.38825813  0.00141893	
0.00398000	0.92039460	0.00341276	 -20.74547195   57.05636597 -878.41253662   -1.23755729   19.84462357   -4.83874083	 10.20171547   4.46600008 -16.07123756   0.26042426  -0.81186467   0.16664168	  42.85096176   60.40038702 -906.30455852   -4.47864174   -7.73910879   -7.17341441	  9.87150166   4.31124150 -37.28550867  -0.07950810  -0.66404961   0.09715631	183.97263018	0	0.00000000	0.00000000	0.00000000	 0.08134898 -0.12090291  0.02593609	0.15124298 0.15001628 0.04368060	  -5.66393070   31.65323624  -32.95595461 -105.42921110    8.22220726   -4.39316182    6.35059254   17.83767025  -13.20399134  -51.70933016  -10.42545315   -1.56877137	 0.02452835  0.00168738 -0.17940669  0.53487599 -0.41516414  0.00538427  0.01258208 -0.01331495 -0.31412086  0.69703305 -0.38837317  0.00141893	
0.00400800	0.92641485	0.00331512	 -28.43584633   60.84383774 -875.75427246   -0.98601013   18.77970695   -3.67479658	  9.97820282   2.40183735 -12.13170719   0.19683018  -0.60831970   0.44419321	  30.82980767   64.02902984 -900.89326266   -4.45225952   -8.99350387   -6.40152603	 10.76450103   3.87997556 -36.41804138  -0.04725261  -0.72367416   0.21065616	183.61720409	0	0.00000000	0.00000000	0.00000000	 0.07360309 -0.12154598  0.02877210	0.15124298 0.15001628 0.04368060	  -4.99996841   29.76804747  -34.37023704 -105.38275856   10.19257335   -5.07985500    6.25605711   17.65675004   -9.63264051  -50.50768656  -11.97456166   -1.56877137	 0.02479680  0.00158767 -0.17922261  0.53482997 -0.41594648  0.00523854  0.01273130 -0.01283942 -0.31465775  0.69196326 -0.38851124  0.00141893	
0.00400400	0.93232441	0.00327628	 -33.54534912   60.81683350 -869.40026855   -0.88617742   17.28793526   -2.47298527	 4.53471279  2.90514278 -6.70931482  0.18613198  0.07263301  0.39745015	  22.53851867   67.94052110 -895.72068106   -4.45970447  -10.55992144   -5.33392336	  7.04496192   4.22836565 -33.44293180  -0.07211748  -0.43162978   0.17532869	183.98771255	0	0.00000000	0.00000000	0.00000000	 0.06968904 -0.12617582  0.02853344	0.14560068 0.17367309 0.05845289	  -3.31109187   28.16791460  -35.48752537 -105.17120288   12.01397508   -6.19614154    6.08955774   17.94744743   -5.82163563  -49.08592974  -13.48562424   -1.56895544	 0.02506524  0.00146495 -0.17911524  0.53471494 -0.41683617  0.00496243  0.01291194 -0.01237922 -0.31508726  0.68658662 -0.38870299  0.00141893	
0.00397200	0.93817306	0.00317012	 -36.67000961   57.13734818 -871.62945557   -0.96135181   15.77736568   -1.21039283	-0.59189123  5.74602699 -3.10621881  0.28508785  0.15880376  0.16686341	  18.43915542   66.26740639 -893.69621164   -4.36020350  -12.19298231   -4.11625365	  3.13513237   5.25571090 -29.04928146  -0.13156176  -0.37570021   0.12812539	183.82397863	0	0.00000000	0.00000000	0.00000000	 0.06855074 -0.13476872  0.02633297	0.15082376 0.18985949 0.07206209	  -1.49571078   26.83792365  -36.30722980 -103.67377290   14.40436752   -5.99194901    6.23244603   18.26518588   -1.44764414  -48.46078180  -15.04314485   -1.56895544	 0.02532602  0.00130388 -0.17910756  0.53450781 -0.41778725  0.00452524  0.01310829 -0.01191903 -0.31536338  0.68080354 -0.38894075  0.00141893	
0.00400400	0.94392145	0.00311498	 -39.75462723   56.28233719 -880.75463867   -1.08114100   14.44105148   -0.62954104	 0.04916835  5.06584215 -7.95916033  0.25327343  0.32056826  0.32810998	  15.67777635   64.94194117 -898.59152106   -4.30988511  -13.93522958   -3.23303609	  0.49625526   5.21642785 -28.57348348  -0.11763665  -0.28925023   0.12568944	183.99638758	0	0.00000000	0.00000000	0.00000000	 0.06825376 -0.13969150  0.02332458	0.14847304 0.19433079 0.08458634	   0.12925533   24.74306551  -37.42633387 -102.47438395   15.92005572   -6.53831698    6.08361208   18.18986257    1.09331339  -47.91229736  -16.15803682   -1.57079622	 0.02557145  0.00109680 -0.17926863  0.53421634 -0.41876900  0.00390398  0.01329679 -0.01146650 -0.31547841  0.67449123 -0.38927823  0.00141893	
0.00398800	0.94959962	0.00299340	 -42.71752930   49.59043884 -883.73663330   -1.71222663   12.71858692   -0.10322517	 9.57128334  5.31970787 -4.86701870  0.24120490 -0.80174291  0.27228835	  12.73216107   59.11232129 -903.79441928   -4.30074818  -15.98020427   -2.42864109	  4.99119551   5.17955133 -29.94229628  -0.10773635  -0.57896503   0.09240154	184.00823619	0	0.00000000	0.00000000	0.00000000	 0.06567504 -0.13898024  0.01869118	0.17931194 0.20234010 0.03671317	   1.46683256   23.38447967  -38.53965908 -100.00883326   16.91710883   -5.78528566    6.88782190   18.13477987    4.02951580  -47.19862042  -17.57116891   -1.57079622	 0.02577854  0.00078233 -0.17952174  0.53387123 -0.41973540  0.00315233  0.01348528 -0.01101398 -0.31544775  0.66771871 -0.38974610  0.00141893	
0.00400400	0.95515162	0.00292697	 -45.18634415   43.07379913 -900.17773438   -2.22224879   11.35288048    0.81471765	 12.84990883   5.65927744 -11.58462238  -0.00046458  -0.84060436   0.41286021	  12.88654101   54.60098546 -913.73991886   -4.51782535  -17.94830908   -1.61757036	 10.33295305   4.48190677 -31.70284757  -0.17449910  -0.64897828   0.16406546	184.12760472	0	0.00000000	0.00000000	0.00000000	 0.06179196 -0.13491279  0.01246053	0.19984943 0.21484221 0.01208315	  1.25031214  21.74151685 -39.56754620 -96.85595466  17.64523949  -6.35515847   7.08173928  17.95703793   6.78188362 -46.31435328 -18.13159048  -1.57079622	 0.02597029  0.00034515 -0.17982852  0.53349543 -0.42064047  0.00228563  0.01368163 -0.01056146 -0.31522530  0.66045529 -0.39031366  0.00141893	
0.00399200	0.96062315	0.00287825	 -47.81484985   47.07786179 -912.72625732   -2.82737803   10.47941780    2.12555671	  7.45974207   3.60953307 -10.31450653   0.11170825  -0.41585490   0.25337884	  12.13628866   53.76346444 -925.63336242   -5.04296994  -19.58402882   -0.60802343	  9.17673873   3.71773969 -34.03533423  -0.12756277  -0.64705836   0.15251574	184.25188635	0	0.00000000	0.00000000	0.00000000	 0.06177708 -0.13688536  0.00859572	 0.21860267  0.20981628 -0.00517410	  1.80324756  20.74720631 -39.94073385 -94.04759775  17.64348200  -5.97854656   7.52576154  17.87927300   9.29350761 -45.06200388 -19.47194972  -1.57079622	 0.02612369 -0.00019942 -0.18018134  0.53317326 -0.42149180  0.00134990  0.01389369 -0.01007825 -0.31482649  0.65283906 -0.39098862  0.00141893	
0.00398400	0.96603602	0.00285317	 -51.45775986   47.67579269 -923.56445312   -3.35404301    9.82056999    2.77892208	-0.32345209  2.40960097 -7.31715202  0.15489928  0.00018474  0.08741352	   8.60268592   53.61300706 -939.86106142   -5.67766669  -21.13746876    0.34406524	  4.39906399   2.76884288 -30.17746099  -0.07275698  -0.60430565   0.14261330	184.57418228	0	0.00000000	0.00000000	0.00000000	 0.06346888 -0.14278410  0.00724653	0.20631622 0.21875956 0.04115314	  1.87063176  20.12376682 -40.77868242 -90.43974778  17.07445207  -6.05660765   7.77096114  17.35352752  11.32333900 -44.06232988 -20.17480454  -1.57079622	 0.02623107 -0.00083602 -0.18052649  0.53296620 -0.42226648  0.00037583  0.01413716 -0.00952602 -0.31425124  0.64485472 -0.39177862  0.00141893	
0.00400800	0.97143435	0.00281449	 -57.97788620   50.58469391 -931.86730957   -3.80216718    9.56165218    2.31973028	 1.05548465  1.19446647 -8.23429489  0.02879618  0.07006444  0.29137608	   5.26725978   53.81216268 -949.89377385   -6.23693186  -22.29364796    0.43475881	  1.49609698   2.76536497 -31.68340047  -0.10078155  -0.48424017   0.10545522	184.79572067	0	0.00000000	0.00000000	0.00000000	 0.06571227 -0.14956842  0.00676658	0.20349310 0.22458263 0.05663733	  4.15901025  20.26806830 -39.98191665 -85.56809755  15.95798136  -5.27861877   9.80861125  16.90515936  13.64023737 -41.93231680 -20.06945333  -1.54551621	 0.02630010 -0.00155699 -0.18090232  0.53292018 -0.42297977 -0.00063660  0.01440420 -0.00894311 -0.31348425  0.63659424 -0.39271435  0.00141126	
0.00399200	0.97678083	0.00280799	 -66.63167572   51.84881592 -938.70092773   -4.21428442   10.09648228    1.63517070	  0.60998809  19.18551254 -93.07356262  -0.72563243  -5.19064140  -0.40483081	  -1.97215265   53.49790277 -959.16562665   -6.63165964  -22.97884842   -0.05255904	  5.44750337   8.47403534 -54.30667941  -0.71446475  -2.84597586  -0.24611336	185.15357203	0	0.00000000	0.00000000	0.00000000	 0.06530450 -0.14855387  0.00735487	0.22443538 0.25898074 0.05020406	  4.90579982  19.22998438 -40.47611331 -80.82441529  14.85781449  -4.67262525  10.66188568  16.11628858  15.27965317 -40.21288459 -19.27009690  -1.54441174	 0.02633845 -0.00230864 -0.18132415  0.53297383 -0.42363173 -0.00167971  0.01468694 -0.00832184 -0.31251016  0.62806529 -0.39380348  0.00141126	
0.00398800	0.98211789	0.00277099	 -89.37782288   71.38938141 -821.92187500   -5.60514498    5.36622000    1.57209361	  20.91208649   27.95266914 -227.20779419   -2.30376220  -25.16966057   -3.37785411	 -22.68909476   65.61310159 -901.94494380   -8.49626700  -24.19416665   -0.93209456	  18.80841620   24.02766172 -179.95767952   -2.49580724  -20.38821895   -2.66152482	185.24919013	0	0.00000000	0.00000000	0.00000000	 0.06292126 -0.14189154  0.00448999	 0.29988415  0.26415305 -0.01971130	  5.61463190  19.37979437 -39.87397094 -74.41422966  14.57782273  -3.11389818  11.20974707  15.21322703  17.63492064 -37.42538456 -18.95060968  -1.54459582	 0.02636145 -0.00311398 -0.18179969  0.53306586 -0.42426065 -0.00266146  0.01498539 -0.00770825 -0.31130600  0.61932158 -0.39499229  0.00141126	
0.00399200	0.98741603	0.00273841	 -33.54288864   78.00458527 -792.73663330   -6.97951221    1.63883543    0.32107466	  64.21598816   40.78687668 -408.83105469   -2.81818414  -45.72488785   -6.09230471	  -1.48642053   74.11191282 -842.14359294  -10.22535414  -24.47746099   -2.00498437	  65.46962103   36.01055263 -319.34930392   -3.36245973  -40.57628850   -5.92023520	185.32834701	0	0.00000000	0.00000000	0.00000000	 0.05975667 -0.13592353  0.00214583	 0.30861861  0.24814939 -0.02965111	  4.18002857  19.70941611 -39.31605736 -68.99364462  15.03043615  -2.49348591   9.79045402  14.72569398  21.59614107 -34.11296457 -18.75079250  -1.54459582	 0.02640747 -0.00395767 -0.18235193  0.53315794 -0.42482823 -0.00368155  0.01531526 -0.00713301 -0.30989474  0.61024809 -0.39606610  0.00141126	
0.00400800	0.99268681	0.00268769	 -36.41226959   70.82917786 -757.50201416   -7.60806847   -0.80692512   -0.95852935	 110.24353027   47.74434662 -556.67919922   -3.15808034  -55.53468323   -6.45280838	   8.57252293   76.13477695 -807.22232954  -11.20870049  -26.78358965   -3.31697321	 117.57652868   45.94981737 -464.91243195   -3.78543930  -56.17745852   -8.01199793	185.28705515	0	0.00000000	0.00000000	0.00000000	 0.05801992 -0.13481165  0.00184954	 0.32350098  0.26886206 -0.04461986	  5.07797844  19.67896055 -39.21869751 -64.33259931  14.49611000  -1.79597395   9.22652208  14.27330823  23.86229279 -31.13749851 -18.93972081  -1.54441174	 0.02651485 -0.00479369 -0.18298852  0.53321159 -0.42524239 -0.00461728  0.01570011 -0.00657311 -0.30820736  0.60134333 -0.39676404  0.00141126	
0.00398800	0.99789011	0.00263748	 -50.21006393   65.82283020 -707.12902832   -8.53139305   -2.68893671    2.35708761	 155.97456360   68.47394562 -671.50524902   -3.64174414  -74.52264404   -8.10805225	   0.56475390   69.10523205 -764.82158042  -11.65660212  -27.94153307   -2.13301941	 188.91123071   66.19535693 -602.24445606   -4.69099612  -73.80653897  -10.10880440	185.20355044	0	0.00000000	0.00000000	0.00000000	 0.05608601 -0.13413389  0.00189736	 0.32350098  0.26886206 -0.04461986	  5.38761182  19.49227728 -38.90037553 -59.69776640  14.26880084  -1.28797349   7.76102032  13.43009795  26.63239532 -29.40808334 -20.86158456  -1.54459582	 0.02659155 -0.00553767 -0.18370950  0.53324997 -0.42551851 -0.00543029  0.01614778 -0.00599019 -0.30622086  0.59357375 -0.39684841  0.00141126	
0.00400000	0.00304432	0.00254602	 -49.11892700   25.18451500 -636.55895996  -10.04267216   -5.05687904    6.82032537	 104.71988678   74.00794220 -793.11553955   -4.62874699  -77.22809601   -9.00076962	  -9.15659033   46.22893544 -705.95400022  -11.49479902  -28.37514948    2.10606458	 195.50308996   79.04725479 -721.09875326   -5.79557336  -86.76704394  -12.05956853	185.08044420	0	0.00000000	0.00000000	0.00000000	 0.05452757 -0.13345399  0.00258010	 0.27072033  0.26521837 -0.08005880	  7.54564771  18.47320657 -38.92746892 -56.23643043  14.12459110  -0.62971602   6.99300584  11.38478851  27.14032600 -27.75120797 -25.07228887  -1.54459582	 0.02661456 -0.00599786 -0.18433844  0.53331900 -0.42564124 -0.00605155  0.01660331 -0.00537660 -0.30385086  0.58734578 -0.39621180  0.00141126	
0.00398400	0.00808796	0.00249634	 -26.32150650   -1.44383061 -594.96459961  -11.02805901   -7.15979671    7.73254204	  39.49856949   65.21877289 -805.21185303   -4.86346197  -73.82960510   -2.81724286	   2.17832243   16.93733037 -649.58286458  -11.04353756  -27.98165169    5.51833627	 157.10296293   81.30153737 -790.88194603   -6.25783200  -93.39200516   -9.99071017	185.68920113	0	0.00000000	0.00000000	0.00000000	 0.07472319 -0.16480165  0.00426572	0.02857814 0.13312556 0.24334733	  7.72126386  17.15599105 -37.95874864 -51.63256716  13.89865940   0.11776055   4.87717640   9.01784744  29.22508641 -27.79396026 -30.77451253  -1.54441174	 0.02659155 -0.00607456 -0.18482931  0.53341872 -0.42563355 -0.00636602  0.01712168 -0.00471699 -0.30109736  0.58232200 -0.39503065  0.00141126	
0.00400000	0.01308529	0.00243594	  -6.49920034  -16.59780502 -549.90344238  -10.45190239   -5.27454090    7.90165949	-134.04405212   38.51507950 -883.41619873   -6.94025898  -53.52705765    5.77531767	  19.10916015   -3.13331688 -602.45997965   -9.89976505  -25.35320428    7.01047642	  41.46552767   62.72468826 -868.22495432   -7.18098371  -92.07063246   -2.31507046	187.06649847	0	0.00000000	0.00000000	0.00000000	 0.10376685 -0.18301352  0.02780566	-0.06194571  0.17750437  0.25729610	 16.38356392  15.32672246 -34.70484598 -43.07740116  14.98219739   0.19935668  10.41686501   6.54858814  26.65715347 -30.19779931 -33.24006022  -1.54459582	 0.02654553 -0.00573709 -0.18512076  0.53352606 -0.42542648 -0.00630466  0.01768716 -0.00402670 -0.29815978  0.57841033 -0.39348134  0.00141126	
0.00398800	0.01800881	0.00241144	   8.77287388   -9.25052261 -504.90444946   -8.18382835   -2.55654573    9.10203075	-219.90698242   23.21111488 -885.86627197   -5.81793642  -42.87820435    4.74688625	  31.18972649   -6.92206646 -556.37183338   -8.54156757  -20.99354963    8.05812254	 -72.30575902   43.08632787 -909.48135951   -6.62581559  -87.68645150    1.09925387	188.24199088	0	0.00000000	0.00000000	0.00000000	 0.11925766 -0.16718249  0.04802762	0.00795554 0.30301030 0.20399489	 16.20054703  11.16331646 -32.06563166 -36.75402504  15.88836143   0.21829305   9.14497211   2.55127133  27.63791889 -32.74621464 -38.20239853  -2.71459325	 0.02646883 -0.00502379 -0.18513611  0.53370249 -0.42507365 -0.00586748  0.01839402 -0.00332874 -0.29493842  0.57591760 -0.39185530  0.00151864	
0.00399600	0.02290955	0.00243092	  21.56790733  -11.70427704 -446.70849609   -6.48619747   -2.39825773    9.30593777	-277.35046387   47.57386398 -869.73937988   -4.19342852  -36.37521744    2.41652369	  43.19521452   -6.43799578 -506.69325322   -6.98554369  -16.93060682    8.94767135	-151.91282851   42.69079832 -915.92238033   -5.61725299  -84.75960464    0.17089925	188.47387231	0	0.00000000	0.00000000	0.00000000	 0.12438976 -0.15881032  0.04553265	0.01077911 0.09874170 0.13668813	 16.90762058   7.67252726 -28.90737958 -27.36714113  19.20585087   0.21617213   8.43113919  -1.48258854  27.71913794 -35.35158401 -40.50611962  -3.78549570	 0.02640747 -0.00393466 -0.18487532  0.53407830 -0.42460579 -0.00521553  0.01939148 -0.00270748 -0.29153299  0.57423025 -0.39046705  0.00172573	
0.00400000	0.02783415	0.00252123	  23.17782402    0.14647265 -400.40399170   -4.49170065   -1.57724965    7.62677813	-296.20541382   60.59244156 -859.62042236   -2.43252110  -29.93641281   -0.54463249	  46.78681675   -0.10983356 -452.56069865   -5.43450365  -14.12130895    8.16072773	-203.69198895   59.23748024 -910.30017266   -4.65151258  -79.68265901   -2.20869476	189.55935840	0	0.00000000	0.00000000	0.00000000	 0.13218977 -0.17046598  0.05281743	-0.09413847  0.04703097  0.25123549	 14.32337965   4.32205255 -27.47294201 -19.54717874  21.12336953  -0.00929036   4.86392995  -7.14073556  29.43597743 -39.08434203 -43.77279087  -3.67020163	 0.02639980 -0.00256942 -0.18448415  0.53468424 -0.42391551 -0.00439485  0.02060099 -0.00213990 -0.28803551  0.57295704 -0.38930890  0.00187146	
0.00399200	0.03285469	0.00266295	   0.99930948    2.34448338 -353.29574585   -1.85147107    2.91991663    5.59497023	-233.29512024   35.40784454 -820.88250732   -2.82214952  -27.83885002   -1.23255968	  33.84405184    4.59641408 -405.40874386   -3.41997570  -10.69182062    6.54954190	-190.20874349   51.96530131 -880.13340667   -3.48855276  -73.38157764   -3.42709891	190.52251750	0	0.00000000	0.00000000	0.00000000	 0.13557784 -0.17220080  0.08150309	-0.08678716  0.19989674  0.19845521	 16.30751269   0.60507426 -25.60153687  -9.13354265  23.31379039   0.59549564   6.69538038 -11.22474125  27.29648233 -43.57317019 -42.93982980  -3.11373492	 0.02646116 -0.00100476 -0.18406232  0.53539753 -0.42305648 -0.00348981  0.02184192 -0.00167971 -0.28453803  0.57189095 -0.38861862  0.00186379	
0.00398800	0.03803052	0.00282128	 -28.00825882    7.80370283 -314.63259888   -0.37514946    7.76475954    4.41052389	-128.76719666   11.15023041 -789.01080322   -3.11220145  -30.86841011   -0.58849633	   7.85340205    8.32356561 -365.73201545   -1.84417006   -6.73278720    4.91577553	-124.62185959   33.45577212 -843.59400013   -2.44103502  -67.35285652   -2.90183776	191.07479370	0	0.00000000	0.00000000	0.00000000	 0.13261097 -0.15808761  0.08997158	-0.06706155  0.16332200  0.07822823	 13.34541849  -3.74582354 -26.95692661   0.13189725  24.65183366  -0.01049984   5.50675971 -15.72728365  27.57492005 -48.40767873 -42.19288791  -1.72689396	 0.02653019  0.00064427 -0.18364814  0.53617984 -0.42205939 -0.00256175  0.02300431 -0.00144194 -0.28125530  0.57113928 -0.38837317  0.00172573	
0.00399600	0.04338676	0.00302525	 -21.50005150   11.71530247 -275.27719116    1.19906843   11.02156448    7.00860929	 -40.49781418  -14.72027302 -713.84240723   -3.70643067  -36.13629913    1.89766514	  -6.55039515   12.65551275 -321.64146986   -0.59502441   -1.95281325    5.55493634	 -31.25330106    8.93654146 -780.65367394   -1.31037407  -63.04307069   -0.41270059	191.37320828	0	0.00000000	0.00000000	0.00000000	 0.12825604 -0.15473186  0.08960276	-0.06286280  0.07248646  0.03433771	 11.37059334  -6.43954684 -27.64964821   9.54883585  27.16001728  -0.74009088   5.28697836 -19.62037282  29.35839298 -50.58940516 -39.72158270  -1.62908711	 0.02652252  0.00225495 -0.18327999  0.53709257 -0.42098561 -0.00165670  0.02408816 -0.00148029 -0.27779618  0.57087082 -0.38839617  0.00161068	
0.00399200	0.04896748	0.00317632	   7.06046772   18.34171486 -245.51673889    3.04468584   14.24918747    9.78366947	 -72.98713684  -26.70288849 -673.07574463   -3.65613604  -30.73592186    3.73591566	   7.71800112   19.37466926 -286.75690541    0.34198256    3.38521763    7.89787348	 -12.93614983   -8.72870190 -727.57622681   -0.66761848  -59.03878514    2.11229344	191.77935882	0	0.00000000	0.00000000	0.00000000	 0.12951975 -0.16812636  0.08738338	-0.04823020  0.04733335  0.10161778	  8.93087976  -8.63909232 -30.46263929  16.01941118  27.09626244  -1.28905243   4.59033292 -22.35157166  31.58324148 -53.51974765 -37.94136878  -2.12640358	 0.02644582  0.00374291 -0.18295018  0.53817403 -0.41985047 -0.00087437  0.02506990 -0.00190214 -0.27459785  0.57086319 -0.38856491  0.00162602	
0.00399200	0.05471610	0.00343590	  27.47581482   17.50029373 -219.79483032    4.54048204   17.87884712    9.84753323	-124.64546204  -23.42930984 -625.80389404   -2.75498247  -23.93277168    4.27427769	  22.81904808   22.74801449 -261.06354245    1.54152691    8.63234833    9.34563646	 -47.17656618  -15.95927120 -683.55356670   -0.10925124  -54.64540029    3.66077256	191.89773303	0	0.00000000	0.00000000	0.00000000	 0.15897522 -0.19574555  0.07351343	-0.02778125  0.00018843  0.30930538	  8.70708687  -9.45875021 -33.01991911  23.23116670  25.22193439  -2.00481438   8.40959847 -24.08198244  33.36743630 -57.49440765 -34.99161975  -3.84802088	 0.02637680  0.00507748 -0.18261270  0.53949326 -0.41867697 -0.00027612  0.02592599 -0.00256175 -0.27175230  0.57095522 -0.38883337  0.00178709	
0.00401200	0.06076434	0.00363761	  43.98895645   28.22887993 -192.11866760    6.73474979   21.37179375    7.41797256	-161.56977844  -29.08826637 -600.51672363   -2.80613613  -18.71546364    4.53778934	  39.31009438   27.60996305 -229.01797359    3.04084173   14.72614877    8.32589035	 -93.85012979  -22.61303921 -651.10602475    0.39824036  -50.47811177    4.45867816	192.26169391	0	0.00000000	0.00000000	0.00000000	 0.18341298 -0.21457414  0.07997864	-0.11088645 -0.08350683  0.31638262	 10.38576759  -9.94567464 -37.08891592  30.29799985  20.21440653  -2.47132503  15.49040941 -27.95612852  34.76616145 -61.83516422 -30.76707750  -4.59187870	 0.02626942  0.00622796 -0.18225989  0.54107326 -0.41748047  0.00003835  0.02665641 -0.00325971 -0.26925960  0.57097054 -0.38928589  0.00200184	
0.00398400	0.06702119	0.00387738	  44.24019623   21.73732758 -184.53056335    6.96036959   21.07880402    6.12273741	-153.22348022  -31.36929131 -567.74145508   -2.30048704  -17.83434486    4.57655668	  48.44844947   30.02503216 -209.79487324    4.03619846   17.74089605    6.73515238	-108.99927733  -27.17335639 -619.29947020    0.96111601  -47.38553883    4.86851659	192.13025819	0	0.00000000	0.00000000	0.00000000	 0.20549455 -0.22945813  0.08570773	-0.07478072 -0.09881372  0.37862869	  9.65114405 -10.27694074 -41.67727855  36.83756541  15.14613625  -2.42824924  18.82770347 -31.98952692  37.27137200 -65.64408363 -25.50548002  -5.34684215	 0.02610835  0.00711000 -0.18187639  0.54301375 -0.41632998  0.00002301  0.02732400 -0.00395000 -0.26708901  0.57073277 -0.38999152  0.00220893	
0.00399200	0.07354899	0.00407347	  55.35948563   17.41509819 -170.04199219    6.57867575   19.67015648    5.14381647	-147.84945679  -40.78029633 -561.56976318   -2.43428564  -17.35218620    4.44869375	  56.64443841   26.51077549 -197.24572288    4.32959296   18.11281023    5.66864604	-107.73415413  -35.31535108 -600.32622145    1.64179234  -45.51509875    5.13097985	190.31590771	0	0.00000000	0.00000000	0.00000000	 0.21539124 -0.22213008  0.07431964	-0.01770188 -0.18868839  0.35614510	 10.09595163 -10.52225424 -46.26975520  44.04379802   9.62724372  -1.83729585  23.66005820 -37.07300304  38.64074268 -72.37982795 -19.54286041  -6.03829961	 0.02596262  0.00782330 -0.18153125  0.54526103 -0.41527152 -0.00036816  0.02799944 -0.00455592 -0.26513317  0.57015753 -0.39089656  0.00242369	
0.00400800	0.08030362	0.00423649	  48.84312439   10.94454670 -159.41235352    5.49816132   17.76132774    2.77461815	-111.94869232  -58.66278839 -561.32427979   -3.28006554  -18.92756844    4.09171534	  55.54126753   20.90165643 -187.38648492    4.16107783   16.87188594    3.92038642	 -84.35782326  -46.99058009 -591.96345274    2.05531647  -44.24065892    5.32277336	190.45690416	0	0.00000000	0.00000000	0.00000000	 0.21821763 -0.21089271  0.06312181	 0.06191676 -0.21450488  0.32764087	  8.56210951 -10.56912107 -51.93741939  49.23756535   3.43328361  -2.23648865  25.18732923 -43.57127911  40.55752449 -79.74323932 -13.89735147  -6.87505503	 0.02587058  0.00826816 -0.18134718  0.54818326 -0.41430512 -0.00094340  0.02873771 -0.00510048 -0.26329240  0.56926018 -0.39194736  0.00265379	
0.00399600	0.08723275	0.00430218	  42.70299149    3.55086780 -139.99542236    4.37476158   16.20653534    1.41699505	 -77.87988281  -65.80463409 -574.04760742   -3.45901966  -20.91668129    3.43243098	  49.82758853   13.03153330 -173.89657688    3.72524281   15.58018541    2.47373808	 -54.04117364  -57.39895535 -596.00959513    2.52471381  -43.91061004    5.25544918	190.30188671	0	0.00000000	0.00000000	0.00000000	 0.21661870 -0.20035447  0.04710202	 0.12009107 -0.13996804  0.31864053	  7.10463755 -10.04750315 -57.68844507  53.19947942  -2.43652725  -3.02847468  25.35666247 -49.11497295  42.11015367 -85.84542058  -9.18661685  -8.11757894	 0.02587825  0.00832184 -0.18140852  0.55170375 -0.41352278 -0.00171806  0.02960951 -0.00564505 -0.26142862  0.56809431 -0.39300579  0.00293757	
0.00398800	0.09423045	0.00438575	  38.49542618   -5.27457142 -120.99104309    3.39134240   14.60865021    0.46867138	 -62.53133392  -66.05928040 -591.43988037   -3.00940132  -22.30597687    2.61096454	  44.90276645    6.27641347 -157.39021877    3.28089552   14.28500602    1.41224529	 -29.23300513  -59.61207170 -606.69581427    3.05366427  -44.23209635    4.74243730	189.08036321	0	0.00000000	0.00000000	0.00000000	 0.21631533 -0.19853593  0.03352956	 0.15945530 -0.22621617  0.34945274	  5.55895542  -9.62703892 -62.61698872  55.03846611  -6.29479870  -3.04658660  24.70635765 -52.56542249  43.24691939 -88.35274017  -4.32261058  -9.67567365	 0.02594728  0.00799971 -0.18186106  0.55590683 -0.41293222 -0.00260010  0.03059911 -0.00625097 -0.25941911  0.56672907 -0.39397222  0.00329806	
0.00398400	0.10131881	0.00437083	  30.17102242    3.70982599 -108.39740753    2.70719576   13.00557995   -0.36190620	 -78.68995667  -71.47500610 -626.63519287   -2.65451717  -21.18294907    1.61322916	  37.49360310    4.65093351 -139.69098703    2.60045448   12.69749964    0.43288130	 -24.08333258  -62.37269464 -634.24941804    3.91544019  -45.09753985    3.81688936	188.46605080	0	0.00000000	0.00000000	0.00000000	 0.21652986 -0.19658952  0.02512075	 0.12896013 -0.16411838  0.39070029	  4.68189898  -7.72147785 -66.20631172  53.44495559 -10.44333672  -3.18937585  24.64628614 -52.70249819  42.63313662 -90.66536694  -1.20795798 -10.69307072	 0.02603932  0.00744748 -0.18274309  0.56067753 -0.41259474 -0.00355116  0.03172223 -0.00691825 -0.25720251  0.56514907 -0.39476988  0.00366621	
0.00399200	0.10839503	0.00433580	 20.07903099  -6.03342390 -79.00363159   1.92764926  10.64643574  -0.85779494	-108.62776184  -79.32952881 -671.44201660   -3.04781580  -18.22084236    2.24679017	  28.31582135   -0.81634931 -118.42379555    2.16922742   10.83347066   -0.08630770	 -39.87031505  -69.01939458 -672.44925027    4.38717146  -45.65039300    3.81852589	187.51854968	0	0.00000000	0.00000000	0.00000000	 0.22109710 -0.19972195  0.02227892	 0.10886085 -0.17705104  0.40208980	  4.62262367  -6.17086619 -67.61633022  49.05342868 -12.28477691  -2.76091944  24.70695186 -49.58254308  40.96622195 -91.80623094  -0.42886480 -11.33857037	 0.02614670  0.00675718 -0.18409300  0.56607711 -0.41253337 -0.00454825  0.03284534 -0.00768524 -0.25477114  0.56337732 -0.39536047  0.00397301	
0.00399600	0.11543455	0.00423688	 15.62403011  -6.58707523 -62.80419159   1.12059367   8.26977444  -0.92560953	-123.38462830  -90.12548065 -713.55645752   -3.60108018  -16.35501480    5.28084373	 20.52808342  -3.88174411 -98.03734053   1.57956907   8.71506832  -0.28824508	 -56.40620544  -78.41436928 -714.83898305    4.64369380  -46.10122626    5.63645036	186.77096147	0	0.00000000	0.00000000	0.00000000	 0.22873018 -0.19906508  0.01809689	 0.08681784 -0.11558015  0.42481376	  4.48483040  -3.41737477 -67.66556325  43.81320317 -10.99429809  -3.09674096  23.86042298 -45.22254904  38.08636611 -90.61016849  -0.81116917 -12.11267735	 0.02622340  0.00602087 -0.18592611  0.57199830 -0.41278648 -0.00556068  0.03408627 -0.00839854 -0.25210968  0.56141382 -0.39578229  0.00425680	
0.00400800	0.12237079	0.00428778	 13.80237198 -12.78078747 -51.33462524   0.37899089   5.56753635  -1.76389694	-126.92477417 -101.41098022 -771.31402588   -4.33717442  -16.13445663   10.48812675	 16.92106798  -7.68455410 -80.90254296   1.14292181   6.18039970  -0.98169252	 -61.61090262  -90.32415254 -771.17295878    4.64920336  -47.45284140   10.19279476	186.60860933	0	0.00000000	0.00000000	0.00000000	 0.23044632 -0.19559639  0.01006618	 0.10571986 -0.05715149  0.45527487	  5.48374920  -1.44154734 -66.43998361  38.36743984  -7.42916089  -3.45193294  23.30739377 -41.00835718  34.56824759 -88.03111970  -1.36408681 -13.22088678	 0.02627709  0.00546864 -0.18824242  0.57838732 -0.41326967 -0.00654243  0.03526437 -0.00892777 -0.24926415  0.55924326 -0.39611211  0.00454058	
0.00399600	0.12935694	0.00420601	 15.37808895 -10.89639091 -24.26205063  -0.26549685   1.95243859  -2.10665417	-124.99617004 -105.38417816 -835.23101807   -4.37246847  -15.97921848   15.86779118	 16.23945470  -8.83702004 -60.11480902   0.66923266   3.63889740  -1.44652772	 -58.60304724  -96.72130665 -827.47537580    4.64188007  -48.93879754   15.21931618	187.27749369	0	0.00000000	0.00000000	0.00000000	 0.22826538 -0.18411252  0.00905328	 0.06889269 -0.15748216  0.44158689	  6.72508915   2.83034420 -65.34684880  32.98960242  -5.56310187  -4.33087952  23.79451977 -40.47025732  30.88259715 -84.65750965  -3.00568098 -14.58803214	 0.02633077  0.00513883 -0.19098824  0.58524424 -0.41387561 -0.00747815  0.03629324 -0.00915019 -0.24627289  0.55706501 -0.39634988  0.00487039	
0.00398800	0.13624775	0.00421156	  6.38728142 -12.55027771 -13.01141930  -0.66269857   0.66573495  -0.94140404	-121.52304840 -102.80030823 -891.48175049   -3.73466825  -16.06604767   19.00162888	 12.72802151 -10.50624604 -43.98934150   0.31652306   1.56424634  -1.24119068	 -53.03676535  -98.09177285 -882.96042919    4.96491211  -50.48743885   19.23959065	187.41108817	0	0.00000000	0.00000000	0.00000000	 0.22509905 -0.17428172 -0.00316290	 0.10677629 -0.07609678  0.39755785	  7.41662652   4.68093250 -64.02805204  28.06644880  -2.60964915  -5.05725351  24.26358774 -40.35821239  27.41409041 -81.67072954  -3.25517786 -15.77441193	 0.02640747  0.00505447 -0.19390281  0.59243858 -0.41451988 -0.00836019  0.03711791 -0.00905816 -0.24317425  0.55467969 -0.39648792  0.00523087	
0.00399600	0.14314918	0.00411778	  4.61790085  -8.37842846 -17.09636307  -0.26679298   0.40656111  -0.46354538	-125.60253143 -100.00684357 -933.55859375   -3.00989032  -16.07296181   20.91823006	  6.44507850  -9.40448621 -40.59777794   0.25355738   0.31963252  -0.50125205	 -49.76126910  -91.58596130 -939.37479299    5.42103962  -52.28652551   22.11890361	188.96285371	0	0.00000000	0.00000000	0.00000000	 0.22118239 -0.15745005 -0.00871359	 0.11572009 -0.13607156  0.33084455	  7.78950729   7.05950009 -63.17667348  22.67063079  -1.06626651  -5.76293170  24.84399214 -42.29083469  24.13270895 -78.52864693  -5.11983228 -16.24718530	 0.02649951  0.00521553 -0.19732358  0.59985536 -0.41524085 -0.00917320  0.03765984 -0.00869767 -0.24001426  0.55230969 -0.39657229  0.00553000	
0.00400400	0.14995083	0.00406104	18.23812294 10.49868584 -4.72270298  0.70183533 -1.33311224  0.29380149	-126.46638489  -86.40821075 -987.64935303   -1.11714184  -15.90682030   23.46171379	 10.91299573   1.44639960 -32.62787026   0.15838549  -0.19634585   0.00413453	 -48.11791733  -79.24244479 -986.94974340    6.12689006  -53.69786503   24.14195379	189.39308121	0	0.00000000	0.00000000	0.00000000	 0.21650059 -0.14224005 -0.01024385	 0.12023784 -0.11588463  0.34658234	  7.33089275   7.19348051 -62.93214261  19.06567299   0.99169276  -6.10423113  25.59768719 -45.78060597  21.82822406 -75.52926522  -5.75980493 -16.08838646	 0.02656087  0.00563738 -0.20096678  0.60730284 -0.41593879 -0.00997854  0.03786404 -0.00819913 -0.23685426  0.55007774 -0.39658764  0.00570641	
0.00398400	0.15667829	0.00393345	17.44855118 11.27950001 -4.89655685  0.80406457 -1.11745596  0.11413190	 -134.07919312   -83.66451263 -1029.46740723    -0.65635300   -14.84962082    24.94770432	 15.99384336   9.01327055 -27.18438961   0.09200248  -0.57503520  -0.23912206	  -49.72584576   -72.34721019 -1031.00606833     6.67263620   -54.74972400    25.69521154	190.37006761	0	0.00000000	0.00000000	0.00000000	 0.21632550 -0.14148307 -0.01351475	 0.09501249 -0.08258030  0.38255809	  7.73191675   8.52934512 -60.57516566  15.44837955   2.56318903  -6.28711445  29.71344477 -50.71798426  19.90980620 -71.48838318  -6.25463204 -15.55272059	 0.02660689  0.00625864 -0.20467901  0.61493444 -0.41654474 -0.01083757  0.03773052 -0.00760087 -0.23393969  0.54805285 -0.39658764  0.00573709	
0.00398800	0.16326618	0.00387578	 7.34039211  4.27190304 -7.45311403  0.31462389  0.30584249 -0.59524608	 -146.66453552   -92.98912811 -1058.33459473    -0.65864986   -13.00089169    26.21587753	 10.39272717   7.65639133 -29.88689858   0.05746514  -0.13360221  -0.39909815	  -57.75574048   -75.78684975 -1070.85389782     7.34583061   -55.18281469    27.41355661	191.00546659	0	0.00000000	0.00000000	0.00000000	 0.21682016 -0.13996089 -0.01421277	 0.00062682 -0.06179026  0.35724028	  8.14406790   7.73097101 -60.09126601  11.28067481   3.80973169  -5.99520621  34.10180771 -55.50880171  17.92495671 -68.29919166  -5.46279242 -14.28724934	 0.02666058  0.00706398 -0.20839125  0.62278843 -0.41702792 -0.01179631  0.03740851 -0.00692592 -0.23091775  0.54632717 -0.39657998  0.00562971	
0.00399600	0.16979443	0.00379338	11.86858368 -5.68141508 -4.67032146 -0.32729092 -0.53044921 -0.62234467	 -156.95292664  -108.72505951 -1081.68408203    -1.14939618   -10.74610043    27.58516884	  9.61736819  -0.04944359 -29.62425870   0.05911654  -0.07657285  -0.48200794	  -66.83559233   -86.00550264 -1098.50721626     7.79113332   -54.82312801    29.06889395	191.20797241	0	0.00000000	0.00000000	0.00000000	 0.21732490 -0.13772457 -0.01093062	-0.02676575 -0.05417650  0.35352441	  8.27661616   8.96653712 -59.51386543   7.55440587   4.40149867  -5.23684537  35.86342655 -60.95892053  16.92804292 -67.16115366  -6.42405483 -13.42472251	 0.02676029  0.00803039 -0.21204212  0.63097984 -0.41741142 -0.01283942  0.03696083 -0.00626631 -0.22801852  0.54496193 -0.39658764  0.00546097	
0.00399200	0.17622885	0.00379620	23.06094742  2.57047987  0.39148423 -0.07745654 -1.49683487 -0.99926877	 -157.36296082  -115.62179565 -1098.89526367    -1.02993679    -9.00885868    28.16413498	 16.68749437  -1.96702533 -26.84144052   0.00121668  -0.42008413  -0.62265013	  -71.71188913   -95.45365707 -1120.14905415     8.26791280   -53.95501435    30.34911760	191.37289887	0	0.00000000	0.00000000	0.00000000	 0.21718763 -0.13795041 -0.01263370	-0.05983009 -0.05812375  0.36571079	  8.02270681   8.35393974 -59.60615287   3.85156386   4.79170344  -4.23890356  38.00464858 -65.11617677  16.46556678 -65.54576222  -5.54403731 -13.20407449	 0.02687534  0.00911951 -0.21566232  0.63937843 -0.41771823 -0.01388252  0.03641890 -0.00567573 -0.22527270  0.54397249 -0.39666435  0.00530757	
0.00399600	0.18266866	0.00382759	  8.14919186   1.39083886 -11.29810905   0.49679789  -0.19063704  -0.68626630	 -149.93086243  -119.73201752 -1110.80444336    -0.67889893    -7.55580711    27.58039665	 12.70092448   0.98083406 -29.65250099   0.12994075  -0.40555127  -0.67328953	  -68.26933483  -103.26121603 -1135.91270439     8.98548326   -52.45974288    30.78143753	191.43143500	0	0.00000000	0.00000000	0.00000000	 0.21627399 -0.13759877 -0.01627268	-0.12867822 -0.11560141  0.37178811	  7.76367513   8.83140715 -59.69805238   0.90483888   5.10966466  -3.02187600  40.07644488 -70.06083391  15.40830081 -65.91985892  -6.20908977 -13.09233907	 0.02702874  0.01034670 -0.21930552  0.64793801 -0.41790229 -0.01490262  0.03581415 -0.00516184 -0.22271095  0.54338193 -0.39680240  0.00519252	
0.00400400	0.18914777	0.00388154	 5.56338215 12.07881832 -8.26495075  0.83325255  0.12500919  0.27078894	 -149.91619873  -129.39045715 -1113.25207520    -0.46364474    -5.24167681    26.39463425	  6.79469105   6.90175442 -28.63782185   0.06381500  -0.29228812  -0.32238455	  -65.20150007  -109.67283488 -1142.30624734     9.66739089   -50.61129554    30.32872256	191.74080421	0	0.00000000	0.00000000	0.00000000	 0.21488520 -0.13205866 -0.02397178	-0.13326298 -0.11295815  0.33397487	  6.84385648   8.14811369 -60.03348788  -1.94209713   5.46667501  -1.67242255  42.05863100 -73.83203870  14.84078224 -67.70306083  -6.40909006 -13.18867294	 0.02719747  0.01145883 -0.22305609  0.65639025 -0.41798666 -0.01593039  0.03517798 -0.00476301 -0.22035630  0.54322851 -0.39700180  0.00514650	
0.00398400	0.19567575	0.00393396	 6.12328196 12.34341717  2.56383061  0.82895720 -0.37833545  0.06047890	 -144.28991699  -136.14057922 -1103.63391113    -0.23299143    -2.72667599    26.37104034	  4.87145633  11.55976076 -23.70004503   0.04470133  -0.29261114  -0.15013328	  -64.32147897  -117.88770919 -1141.72235097    10.21114540   -47.81643042    30.16080693	191.90220233	0	0.00000000	0.00000000	0.00000000	 0.21919422 -0.12249394 -0.02543650	-0.13757135 -0.18124548  0.27664279	  5.27310508   8.65184056 -60.82518068  -4.71411166   6.18447447  -0.48773112  42.57425415 -77.25798466  14.60800855 -69.72356760  -6.80312736 -13.40140533	 0.02735087  0.01260165 -0.22699843  0.66454333 -0.41799435 -0.01695048  0.03450253 -0.00450223 -0.21819338  0.54341257 -0.39738530  0.00513883	
0.00399200	0.20226641	0.00400206	 8.92121220 11.95012760 -1.81481695  0.74396878 -0.14071675  0.10984624	 -128.55682373  -137.90223694 -1098.35485840     0.14333169    -0.65722483    26.12307358	  5.10188064  11.55355728 -23.10665841  -0.05572773  -0.19113617  -0.03426329	  -54.86556508  -123.00146887 -1135.15648627    10.69202034   -44.51613639    30.21880213	192.04753329	0	0.00000000	0.00000000	0.00000000	 0.22427140 -0.11440707 -0.02594471	-0.10078571 -0.20177330  0.25802127	  3.53258278   8.14758668 -62.71020690  -6.79046979   6.64955172   0.74313041  42.47175555 -79.80349315  14.86246210 -73.00705349  -5.60257548 -13.48559019	 0.02747359  0.01360641 -0.23110183  0.67226696 -0.41790229 -0.01793223  0.03383495 -0.00438718 -0.21622221  0.54371172 -0.39792222  0.00514650	
0.00400000	0.20893721	0.00400485	17.03369713  5.93153906 -2.08787370  0.41787493 -1.01319861 -0.22045539	 -104.64351654  -140.10874939 -1085.53442383     0.54534262     0.80121315    25.19370651	 11.49156543  10.07416539 -25.08042629  -0.06246770  -0.30283166  -0.44920377	  -39.24872810  -123.26623524 -1124.02610855    11.00186008   -41.29723242    29.75797160	192.03243387	0	0.00000000	0.00000000	0.00000000	 0.22911839 -0.10799253 -0.02855449	-0.08843499 -0.21880073  0.25780480	  2.12534583   8.81881149 -63.75101766  -8.77464194   6.69329185   1.69307422  43.00693440 -81.82144300  15.23925477 -76.42124770  -5.02673935 -13.63223876	 0.02757330  0.01442709 -0.23533562  0.67977577 -0.41773355 -0.01884495  0.03319877 -0.00436417 -0.21441212  0.54402620 -0.39859715  0.00516184	
0.00399200	0.21560667	0.00404089	15.83886242  8.21275139 -5.43701792  0.47648236 -1.01670861 -0.64666635	  -87.64154816  -146.43989563 -1075.36010742     0.60776830     1.76532423    24.77977562	 14.53470586   8.58270351 -27.04964409  -0.10069637  -0.45455225  -0.70163828	  -20.84626982  -126.15767925 -1111.65933987    11.35684899   -38.45667108    29.36465010	191.92240447	0	0.00000000	0.00000000	0.00000000	 0.23106339 -0.10222082 -0.03019958	-0.08676022 -0.25612442  0.23555066	  0.98483033   8.47295757 -64.58594380 -11.45506148   6.95883206   2.29769445  43.86746339 -80.97767035  15.99695954 -80.62094903  -2.74390815 -13.59431876	 0.02768835  0.01501767 -0.23963843  0.68720025 -0.41751114 -0.01964262  0.03258616 -0.00436417 -0.21272475  0.54434830 -0.39941785  0.00516184	
0.00400800	0.22232510	0.00404030	14.85784817 10.57869625 -8.09752750  0.69355786 -0.75326550 -0.15079594	  -79.35163116  -154.75451660 -1062.77270508     0.17534219     3.06945133    25.12318039	 13.85254425  11.14534573 -29.85837927  -0.09852983  -0.38535557  -0.62058651	   -6.11518724  -133.62520690 -1097.76041563    11.45891136   -35.78465198    29.59406156	191.86525366	0	0.00000000	0.00000000	0.00000000	 0.23191642 -0.09838607 -0.02722562	-0.04867386 -0.23285699  0.22933692	 -0.00476525   9.08219797 -65.34821935 -14.87984275   7.13395997   2.66295323  43.97403433 -80.16258104  15.88071447 -84.97506665  -1.81390801 -13.57112498	 0.02781107  0.01534747 -0.24395658  0.69464004 -0.41724268 -0.02032524  0.03198140 -0.00436417 -0.21109106  0.54465508 -0.40035355  0.00516184	
0.00398400	0.22902951	0.00406443	 20.47475815  16.79434395 -13.21690750   0.97910357  -1.10078478   0.05692425	  -77.85196686  -160.15652466 -1053.12268066    -0.10579229     4.47778940    24.92543411	 15.51982655  15.11570881 -32.85308117  -0.12040914  -0.47974550  -0.54921490	   -0.87666588  -140.64158058 -1087.42537280    11.54062038   -33.75795932    29.84734450	191.83638081	0	0.00000000	0.00000000	0.00000000	 0.23347320 -0.09682400 -0.01955113	-0.04867386 -0.23285699  0.22933692	 -1.04902088   8.89413179 -66.92586985 -19.48495465   7.79381759   2.56319885  44.49116052 -78.39267491  15.27872048 -88.40154989   1.45934567 -13.68261471	 0.02793378  0.01540883 -0.24825940  0.70205683 -0.41692054 -0.02088514  0.03138451 -0.00434883 -0.20948805  0.54490823 -0.40139666  0.00518485	
0.00400400	0.23577186	0.00406691	20.09962654 12.50779533 -8.11976242  0.77973688 -1.44986987 -0.17638445	  -76.46607208  -164.47885132 -1044.27404785     0.03866786     5.41833973    24.22877121	 17.32508303  15.48584141 -33.89070627  -0.06939824  -0.70372188  -0.48904048	    1.59469795  -144.94815697 -1077.79856193    11.64574336   -32.10457333    29.68252538	191.72525781	0	0.00000000	0.00000000	0.00000000	 0.23494748 -0.09537273 -0.01194391	-0.04867386 -0.23285699  0.22933692	 -1.44359758   9.15140271 -67.04616968 -23.28704756   7.61192255   2.17246810  44.63775903 -76.85078682  15.15670325 -92.09669480   4.27380573 -13.99548544	 0.02804116  0.01524010 -0.25260824  0.70944297 -0.41649872 -0.02133767  0.03079545 -0.00430282 -0.20783134  0.54504627 -0.40253180  0.00522320	
0.00398400	0.24250586	0.00406895	 9.94943428  8.11538887 -6.94754410  0.48457178 -0.57177651 -0.27985874	  -72.73268890  -164.58511353 -1038.56860352     0.23678586     5.87919378    23.61701012	 13.52132487  11.70981510 -31.63506468  -0.07088886  -0.65986453  -0.50820646	    4.83075484  -146.95865997 -1070.33613734    11.88371111   -30.89495933    29.09415777	191.21294049	0	0.00000000	0.00000000	0.00000000	 0.23400130 -0.09151531 -0.00636701	-0.00679101 -0.22906527  0.22162034	 -1.24852232   9.77546166 -67.87920594 -27.41864165   7.42267882   1.35673460  44.48516192 -75.42002223  14.54407792 -95.06848506   8.69495796 -14.30614728	 0.02811019  0.01488728 -0.25713348  0.71613109 -0.41596949 -0.02169048  0.03022997 -0.00420311 -0.20608261  0.54506159 -0.40373600  0.00529223	
0.00400000	0.24925102	0.00402913	 6.44571018  7.20358992 -7.22401190  0.46710652  0.03437073 -0.37242776	  -65.71173859  -159.15989685 -1029.61230469     0.80084473     5.97245073    23.14069176	  6.73776707   8.57945702 -31.48672578  -0.08767764  -0.36551667  -0.56146140	    9.71498778  -145.77388193 -1063.68250415    12.07702154   -30.04347292    28.56840800	190.87423833	0	0.00000000	0.00000000	0.00000000	 0.23209297 -0.08201574 -0.00239457	 0.03814801 -0.21790297  0.16990983	 -0.89276828  10.15064852 -67.70866455 -31.80568411   7.53433342   0.38936652  43.94680841 -73.10605133  11.91786358 -98.18151780  11.85066982 -14.56686275	 0.02817155  0.01443476 -0.26188880  0.72284228 -0.41537890 -0.02192058  0.02968804 -0.00403437 -0.20418046  0.54496956 -0.40498617  0.00536126	
0.00398800	0.25594524	0.00399208	20.55600548 13.53207111 -1.55383849  0.74099153 -1.25021088 -0.07992878	  -65.67533875  -155.09684753 -1023.26446533     1.25212133     6.52981853    22.76702118	 10.92738403  11.04313561 -29.66665268  -0.14473056  -0.43839767  -0.59929850	   12.81251920  -140.50888533 -1055.75935464    12.22059079   -29.16345094    28.02258273	189.40093996	0	0.00000000	0.00000000	0.00000000	 0.23021445 -0.07223013  0.00405561	 0.08219098 -0.17866654  0.14094454	  -0.83091851   11.69871217  -68.71004654  -35.86851430    7.96909505   -0.83674124   41.32802890  -71.14066101   10.17196510 -100.07623232   16.51131296  -14.71087293	 0.02820990  0.01392087 -0.26684359  0.72900122 -0.41470394 -0.02206631  0.02916968 -0.00379660 -0.20210959  0.54489285 -0.40623638  0.00541495	
0.00400000	0.26260495	0.00393120	 22.35104752  11.62298298 -16.53285599   0.76963282  -1.12705970  -0.10797812	  -69.01418304  -147.61515808 -1022.10272217     1.89435673     7.41373968    21.97901154	 16.65827645  12.24667331 -34.82645411  -0.05809144  -0.54870525  -0.49164240	   10.61439206  -132.76255323 -1051.18410885    12.38203201   -28.33820211    27.17337210	187.86607193	0	0.00000000	0.00000000	0.00000000	 0.22727804 -0.06396291  0.00693025	 0.09852673 -0.17792119  0.11066351	  -0.57505612   12.62378130  -68.07090468  -39.59069565    8.65896429   -1.91105713   39.77545258  -68.50619522    6.87160922 -101.49026424   19.66707441  -14.49992000	 0.02824058  0.01338398 -0.27195174  0.73459256 -0.41396764 -0.02215068  0.02868273 -0.00352816 -0.19988532  0.54486984 -0.40745589  0.00543029	
0.00399600	0.26919478	0.00386751	 22.93299103  10.51513672 -20.06049728   0.59821653  -1.20697474  -0.24681044	  -71.93278503  -142.83729553 -1008.46374512     2.30633402     8.19406509    21.28609467	 19.03057569  12.10751113 -41.83187180  -0.03712607  -0.61526924  -0.42747456	    6.90067663  -127.24696437 -1044.05747832    12.49049637   -27.52112862    26.32069040	188.63898786	0	0.00000000	0.00000000	0.00000000	 0.22357220 -0.05662922  0.00617048	 0.10478827 -0.16929300  0.10020973	   0.01516531   13.78574462  -68.16436359  -43.47790251    9.64486124   -2.87680330   37.49576827  -66.01139663    3.88201990 -101.72799596   23.13919650  -14.43770175	 0.02824825  0.01286243 -0.27709824  0.73977745 -0.41316998 -0.02222738  0.02822720 -0.00323670 -0.19755368  0.54486221 -0.40859103  0.00543029	
0.00399200	0.27571160	0.00376678	 26.70317650   3.52173662 -14.05761623   0.18923590  -1.63897026  -0.39221415	 -77.65918732 -140.36199951 -998.29931641    2.59954500    9.40858078   21.03346825	 21.43916591   8.32155701 -40.12043733   0.03086522  -0.74173839  -0.44555856	    0.00438618  -125.46211531 -1034.89234949    12.62409735   -26.67193933    25.79394166	188.95643684	0	0.00000000	0.00000000	0.00000000	 0.21727176 -0.04977586  0.01499471	 0.09685976 -0.12116735  0.07967662	   0.65473844   14.65561595  -67.10854531  -46.35330412   10.50638378   -3.26416337   35.79790017  -64.25952385    0.64954780 -100.86526586   25.55077523  -14.01334133	 0.02823291  0.01241757 -0.28219104  0.74464780 -0.41229561 -0.02231942  0.02780309 -0.00290689 -0.19517601  0.54483920 -0.40961879  0.00539194	
0.00399600	0.28211868	0.00370237	16.61079597  4.79841995 -7.98486710  0.18319429 -0.88560611 -0.37700072	 -86.73238373 -133.33677673 -991.64825439    2.77200460   10.78890324   20.72536469	 18.42094958   6.84731830 -36.11896013  -0.06055295  -0.58854360  -0.46779496	   -9.61413196  -118.93096044 -1025.66672926    12.40628058   -25.54172408    25.27924222	188.77532737	0	0.00000000	0.00000000	0.00000000	 0.21275331 -0.04298903  0.02198550	 0.10310939 -0.09192052  0.06929742	  1.34619445  15.58755668 -66.44476207 -49.52745260  11.32883380  -3.31121796  34.22654482 -62.23069067  -2.45501513 -99.20724118  27.78172464 -13.67727676	 0.02821757  0.01207243 -0.28730687  0.74915004 -0.41132152 -0.02242680  0.02733185 -0.00256175 -0.19288270  0.54476249 -0.41053918  0.00533058	
0.00400400	0.28845865	0.00360135	 14.78007889   7.29539204 -10.86180496   0.50695610  -0.66148895   0.01061221	 -89.87366486 -128.99903870 -976.29718018    3.05214715   12.13056850   20.01861572	 14.50849883   7.67730878 -35.34481200  -0.03995620  -0.47189988  -0.36434802	  -16.41545181  -112.21954949 -1014.90753803    12.21001585   -24.32652916    24.55555285	188.57994385	0	0.00000000	0.00000000	0.00000000	 0.20991802 -0.03651180  0.02749230	 0.09733353 -0.09644851  0.06069695	  1.88340124  16.36039431 -64.55149518 -52.09918230  11.99514301  -3.19786018  33.11453561 -60.60690864  -6.02167460 -98.65427523  27.93221696 -13.08914848	 0.02823291  0.01184233 -0.29253775  0.75323045 -0.41024774 -0.02253417  0.02684490 -0.00216291 -0.19071212  0.54464746 -0.41135988  0.00522320	
0.00399200	0.29467964	0.00352547	 15.55250359   8.76952267 -11.96156311   0.63615632  -0.75083345   0.03056537	 -91.10562897 -126.10739136 -968.27606201    3.17929816   13.33203316   19.38813591	 14.48476261   9.07558655 -34.79941498  -0.00327325  -0.47232467  -0.28875278	  -20.91676293  -108.81604619 -1004.05327042    12.14414258   -22.93693636    23.85340203	188.19547270	0	0.00000000	0.00000000	0.00000000	 0.20394105 -0.03339286  0.02945803	 0.08325089 -0.06783401  0.05762719	  2.06007561  16.76725009 -62.57664809 -54.48666074  12.83577636  -2.83362165  32.15383277 -59.37970373  -8.99225937 -97.78731763  27.65374638 -12.34130199	 0.02824058  0.01176563 -0.29781464  0.75680459 -0.40907425 -0.02264922  0.02632654 -0.00174107 -0.18874863  0.54449403 -0.41208085  0.00507748	
0.00399200	0.30081633	0.00342311	 19.40825653   5.98501015 -17.41908073   0.45699763  -0.95812023  -0.19778052	 -79.89590454 -121.39471436 -958.16851807    3.42565823   14.10933781   18.63982964	 14.48985073   7.06968001 -38.98717652   0.08050929  -0.56634948  -0.31512492	 -17.02921713 -104.26666353 -992.54896260   11.96181668  -21.19261669   23.05793499	187.74912774	0	0.00000000	0.00000000	0.00000000	 0.20012776 -0.03151667  0.02897428	 0.05458708 -0.07995159  0.07979089	  2.26251731  16.88437018 -59.34018234 -56.13458389  12.77957391  -2.46039001  31.86174767 -58.62053477 -10.74707380 -97.84974678  27.06403490 -11.71053042	 0.02823291  0.01181932 -0.30279240  0.75981885 -0.40789309 -0.02276427  0.02576105 -0.00133456 -0.18702289  0.54428697 -0.41266376  0.00489340	
0.00399600	0.30684143	0.00334497	 24.57764244   4.21523046 -17.85415840   0.31316054  -1.46682429  -0.38289616	 -69.17835999 -117.68522644 -948.08520508    3.63028765   14.48771286   17.39889526	 20.20109088   7.56078181 -40.41813551   0.05377101  -0.69839929  -0.45009002	 -10.72766823 -100.52524954 -982.08944212   11.93443443  -19.71100978   22.02079632	187.44697964	0	0.00000000	0.00000000	0.00000000	 0.19807451 -0.02697608  0.03084932	 0.04479369 -0.08538626  0.06835189	  2.75161969  16.67359321 -55.26363735 -57.34523008  12.03490246  -1.76156152  32.56172665 -57.74745934 -12.33227219 -97.93335670  25.85340294 -11.43128429	 0.02823291  0.01202641 -0.30801561  0.76230395 -0.40654317 -0.02286398  0.02517986 -0.00095107 -0.18558863  0.54404920 -0.41319299  0.00473233	
0.00399200	0.31277749	0.00326080	 24.61742783   6.74041748 -20.27350044   0.42582914  -1.23758316  -0.45266688	 -67.56728363 -116.95108032 -935.87829590    3.91428804   15.47170734   16.36173630	 21.53203489   7.73002144 -43.01847199   0.03143935  -0.78007647  -0.52946224	  -5.14484146  -96.65599009 -971.37197981   11.91214548  -18.28274840   20.84210010	187.30058090	0	0.00000000	0.00000000	0.00000000	 0.19537156 -0.02229571  0.03365417	 0.04479369 -0.08538626  0.06835189	  2.67171319  16.46123522 -51.03171275 -58.00249137  10.84498645  -1.09242678  31.59737795 -57.06013503 -13.02731527 -99.28248879  24.17795710 -11.12896714	 0.02824825  0.01230252 -0.31303173  0.76425207 -0.40505522 -0.02292534  0.02459081 -0.00056757 -0.18442281  0.54378843 -0.41365317  0.00462495	
0.00399600	0.31862223	0.00316468	 18.93774986   8.55035686 -19.52638626   0.58369923  -1.08666170  -0.30773613	 -64.96247864 -112.82446289 -926.19805908    4.14160013   16.84774780   15.30651855	 19.46900750   9.55414345 -42.81300167   0.00651625  -0.74166519  -0.55598467	  -2.83420299  -92.67848600 -961.87005434   11.89997561  -16.57199851   19.67074579	187.04275141	0	0.00000000	0.00000000	0.00000000	 0.19214335 -0.01863728  0.03642338	 0.03618326 -0.06364375  0.03896807	   2.66921440   15.90296954  -46.57287871  -57.73759308    9.15828616   -0.29886187   31.13032944  -56.56361237  -13.42656276 -101.00342072   22.27567558  -11.10933204	 0.02827126  0.01260165 -0.31790212  0.76567870 -0.40347522 -0.02294068  0.02400176 -0.00021476 -0.18352543  0.54345095 -0.41405967  0.00454058	
0.00399600	0.32436013	0.00303270	 12.72729397  11.43810558 -14.41802311   0.74330193  -0.74543983  -0.08327661	 -58.77622604 -108.88330841 -922.70385742    4.36589098   17.53754616   14.02017879	 15.89741973  11.86938763 -39.51610878  -0.04640748  -0.68240634  -0.48664185	   0.52610641  -88.36117036 -954.49108417   11.82008344  -15.09529610   18.41654871	186.99853673	0	0.00000000	0.00000000	0.00000000	 0.18866190 -0.01641011  0.03211171	 0.03286609 -0.02115270  0.03535001	   2.28863299   15.57480776  -42.30507630  -57.16172652    7.95759355    0.35487987   29.61535084  -54.60071855  -13.57810467 -103.51055157   20.60952698  -10.79750437	 0.02830194  0.01293145 -0.32267278  0.76654536 -0.40180317 -0.02294068  0.02346769  0.00009971 -0.18290415  0.54309046 -0.41442016  0.00446388	
0.00398000	0.32994246	0.00290314	 8.85269928 11.87280083 -9.87668610  0.83892632 -0.51600170 -0.12403803	 -53.43602753 -114.46452332 -917.21295166    4.21747637   17.96534157   12.80169296	  9.53528429  10.79794225 -37.00094263   0.04481434  -0.66487558  -0.44307333	   6.67808150  -88.69510848 -947.50338959   11.81428403  -13.89719298   17.34127426	186.47338231	0	0.00000000	0.00000000	0.00000000	 0.18451658 -0.01331158  0.03249166	 0.01827305 -0.04113282  0.01209562	   2.16207232   14.77302116  -38.14592762  -55.79986887    6.92231842    0.89522880   28.04860451  -52.58045018  -14.25459372 -105.91866712   18.85404437  -10.35878575	 0.02833262  0.01326126 -0.32736677  0.76681381 -0.40006977 -0.02292534  0.02298075  0.00036816 -0.18245931  0.54270697 -0.41478065  0.00436417	
0.00399600	0.33538967	0.00272393	10.12508297  9.60297394 -9.87567425  0.60282725 -0.64845842 -0.16467634	 -41.49953461 -112.46221924 -906.42523193    4.26147413   18.42783356   11.14617157	  8.72787285   9.92484327 -34.01694890  -0.00863409  -0.56650776  -0.43406897	  16.01644024  -88.34209127 -940.54806603   11.88239451  -12.47189885   15.85480556	186.59065425	0	0.00000000	0.00000000	0.00000000	 0.18082538 -0.01064351  0.03339385	-0.00376467 -0.02774770 -0.00430657	   1.83685831   14.20533267  -34.39653162  -54.84882978    5.92039155    1.25073700   25.96952118  -49.69333317  -14.42928412 -108.98234409   17.26757916   -9.78691761	 0.02834796  0.01356806 -0.33196104  0.76646101 -0.39830568 -0.02287932  0.02252522  0.00062893 -0.18215251  0.54227746 -0.41517949  0.00423379	
0.00399600	0.34063771	0.00255158	 12.54237366   7.05158997 -11.15258789   0.39501601  -0.67525262  -0.05693014	 -32.08357239 -112.66336060 -914.99932861    4.25226021   18.53275681   10.39446163	  7.96025520   8.70936793 -33.67179567   0.00163888  -0.74111149  -0.34255188	  25.53623983  -89.57198939 -938.91362574   11.94199402  -11.42705037   14.80915884	186.25199627	0	0.00000000	0.00000000	0.00000000	 0.17648991 -0.00724474  0.03184286	 0.01217891  0.01469926 -0.01700401	   1.60599785   12.96132323  -30.65471450  -52.73063272    5.37768155    1.66414109   24.64207656  -47.21577571  -14.52112668 -111.74633754   16.73921073   -9.25536381	 0.02834029  0.01383650 -0.33645561  0.76551759 -0.39651862 -0.02282563  0.02210895  0.00095107 -0.18193008  0.54182494 -0.41562435  0.00407272	
0.00401200	0.34570310	0.00236683	 12.21234322   7.86662483 -17.13457298   0.57276672  -0.87408555  -0.08366822	 -20.17622185 -114.37938690 -912.42919922    4.22099209   18.32214165    9.55250168	 10.30080598   9.12518575 -38.48098744   0.00645579  -0.84526340  -0.48373123	  37.46595364  -89.94074484 -937.36508525   12.01159299  -10.65248462   13.92038310	185.55424406	0	0.00000000	0.00000000	0.00000000	 0.16983807 -0.00645163  0.03026450	 0.00052138 -0.00134131 -0.03295147	   1.42497017   11.57788180  -26.32813968  -50.96497223    5.16003436    1.76757345   22.64598109  -44.07158624  -14.29528060 -115.02905555   15.74468189   -8.82511275	 0.02832495  0.01404359 -0.34078142  0.76406801 -0.39473152 -0.02275660  0.02173196  0.00138058 -0.18174601  0.54138005 -0.41611522  0.00393466	
0.00398800	0.35054982	0.00218935	 13.66754055   9.95713711 -16.36236382   0.59688425  -0.87951994  -0.33421245	 -16.74579048 -112.57337189 -912.83831787    4.40117836   18.30080795    8.32454681	 10.70471237   9.74544904 -39.93857309   0.02811636  -0.87268688  -0.58357902	  45.10956777  -87.90876598 -937.59030837   12.10692908  -10.26705586   12.91572436	185.38832713	0	0.00000000	0.00000000	0.00000000	 0.16298009 -0.00525596  0.02996351	 0.00673444  0.06942599 -0.04388162	   1.33815394   10.08325262  -23.28163848  -48.69216144    4.76395945    1.83538012   20.76358223  -41.77530248  -14.95186719 -117.98264622   14.90960032   -8.62569501	 0.02833262  0.01424301 -0.34499222  0.76228857 -0.39292911 -0.02268757  0.02139424  0.00192515 -0.18154658  0.54096586 -0.41663677  0.00381194	
0.00398800	0.35519928	0.00198854	  7.39723730  11.09716225 -18.83803558   0.51526928  -0.37901428  -0.52079225	 -20.10172653 -109.09655762 -919.89318848    4.78942633   18.93493080    7.24137974	  9.02351696   9.36259243 -39.80518404  -0.05713227  -0.86212241  -0.62488874	  46.41882800  -84.92183734 -940.60782643   12.19343695   -9.96717577   11.86243800	184.39476922	0	0.00000000	0.00000000	0.00000000	0.15666943 0.00043989 0.03380409	 0.00001796  0.04558818 -0.06115005	   1.01305904    8.74359804  -19.43232976  -47.37550787    4.50326931    1.89056115   19.20863573  -39.13471733  -15.69039878 -119.78442403   15.01517126   -8.29552086	 0.02836330  0.01443476 -0.34916463  0.75996459 -0.39111134 -0.02261854  0.02106437  0.00261544 -0.18129349  0.54053634 -0.41721967  0.00370456	
0.00400000	0.35963222	0.00179533	  0.93009454   5.32444620 -13.79438686   0.41487247  -0.02279527  -0.21295021	 -19.69637680 -102.79678345 -921.63946533    5.26112556   19.10676956    6.39426136	  3.45221707   6.88137881 -37.98565647   0.02812399  -0.79103088  -0.50118825	  46.30150872  -79.20432759 -944.32257949   12.31289209   -9.72678288   10.71310242	183.59010118	0	0.00000000	0.00000000	0.00000000	0.15267478 0.00453606 0.03172670	 0.03649497  0.10127899 -0.07739982	   0.67272790    7.23721521  -15.93121784  -45.84013459    4.27837789    1.83559656   17.65355296  -37.17374213  -16.92980339 -121.07713718   15.41049663   -7.73015673	 0.02837097  0.01458048 -0.35332173  0.75718808 -0.38930124 -0.02255718  0.02075807  0.00345913 -0.18096368  0.54009920 -0.41785628  0.00357417	
0.00399200	0.36384597	0.00157938	 1.37510407  5.84039640 -7.75757027  0.40915966 -0.34708831 -0.27907959	 -19.44045830  -95.52591705 -922.87011719    5.68094110   18.93453217    5.37867594	  1.87479994   5.84584138 -33.94304704   0.06475954  -0.76524644  -0.43549107	  46.04853790  -70.81142889 -946.03728673   12.33487030   -9.75626826    9.49466576	182.71286064	0	0.00000000	0.00000000	0.00000000	0.14890444 0.00739463 0.03014414	 0.04074444  0.12381597 -0.10014476	   0.51991417    5.99175730  -11.99173358  -45.15656825    4.33974473    1.74192528   15.97028681  -34.67558615  -18.17154869 -121.42932327   15.97002097   -6.66434748	 0.02835563  0.01470320 -0.35751715  0.75394374 -0.38752949 -0.02248815  0.02049103  0.00442553 -0.18054183  0.53964669 -0.41853890  0.00338243	
0.00399200	0.36781973	0.00140775	-0.24524246  3.71695662 -8.83401489  0.38645428  0.04507156 -0.18771701	 -18.20939445  -88.08722687 -928.13342285    6.09116697   18.81856346    4.22767544	  0.52342544   5.35988124 -31.49535720   0.07890276  -0.71716669  -0.31384387	  46.85261713  -63.95287491 -948.80706316   12.36475531   -9.86085659    8.31417717	181.91777032	0	0.00000000	0.00000000	0.00000000	0.14497582 0.00803898 0.02886527	 0.00727823  0.08780582 -0.09710492	   0.73116129    5.11344302   -8.32464408  -43.62181696    4.55299048    1.60011581   13.83825122  -33.56455265  -19.44965891 -120.89315562   17.08048117   -5.50435181	 0.02834029  0.01481058 -0.36169726  0.75020850 -0.38576540 -0.02243446  0.02030254  0.00545330 -0.18005095  0.53915578 -0.41926754  0.00313699	
0.00400000	0.37160715	0.00124544	 0.19509162  1.78153241 -4.32320690  0.31343111  0.16628686 -0.13041438	 -20.15501404  -78.16867828 -932.82269287    6.49404097   18.56636429    3.39032578	 -0.44961029   3.64833754 -32.05303454   0.09985689  -0.56394920  -0.24961766	  46.84222743  -55.99834213 -953.14243777   12.33369128  -10.14787659    7.08965468	180.69411763	0	0.00000000	0.00000000	0.00000000	0.14279821 0.00866198 0.02544330	-0.01514344  0.02561062 -0.10209829	   1.68994941    4.65355025   -3.95798322  -42.96032070    4.49498632    1.32106087   12.61366141  -31.20220878  -21.00869060 -121.05227828   17.11890090   -4.60243209	 0.02833262  0.01494864 -0.36585435  0.74602836 -0.38403967 -0.02239612  0.02017687  0.00665748 -0.17949872  0.53865725 -0.42003453  0.00286854	
0.00399200	0.37520975	0.00109612	 6.30665398 -0.33409515 -6.70236063  0.11908066 -0.48561800 -0.28362882	 -22.70076180  -73.01231384 -937.09020996    6.70163870   18.31753159    2.83607244	  3.35744008   1.91289108 -31.86324665   0.11847688  -0.67300617  -0.28666111	  45.09583742  -47.99655838 -957.40485285   12.25894436  -10.61785438    6.07311626	181.01455788	0	0.00000000	0.00000000	0.00000000	0.14056072 0.00814686 0.02373743	-0.01550138  0.13778387 -0.12625184	   2.46911916    4.49343677   -0.20046998  -41.55980293    4.50383027    1.13463374   11.55197085  -31.04592844  -23.05735233 -120.14590282   18.01268862   -3.41114299	 0.02833262  0.01513272 -0.36984268  0.74142647 -0.38232929 -0.02236544  0.02007477  0.00795369 -0.17890814  0.53818172 -0.42082453  0.00256175	
0.00399600	0.37864861	0.00096501	  4.10947704   0.32122692 -12.61995697   0.17489566  -0.31973091  -0.37710983	 -28.12583542  -69.83584595 -939.10717773    6.89577961   18.45519829    2.30961084	  4.79741750   1.41122374 -33.69825099   0.12705268  -0.73779312  -0.30435719	  41.62242238  -41.74557672 -960.57827946   12.18945580  -11.02272507    5.33569219	180.39872397	0	0.00000000	0.00000000	0.00000000	0.13677007 0.00602568 0.02060496	-0.02424111  0.16930022 -0.13221563	   3.00060640    4.39690791    3.17536811  -39.73544850    4.87011755    1.13102888   10.10632952  -30.18609532  -24.80254625 -118.32868438   19.06227160   -2.06571944	 0.02834029  0.01539349 -0.37353191  0.73643333 -0.38064960 -0.02234242  0.02001980  0.00932660 -0.17833290  0.53772151 -0.42164522  0.00221660	
0.00398400	0.38193509	0.00084047	  3.18884659   0.89662677 -13.17617130   0.15067838  -0.19752055  -0.21400000	 -35.53236008  -64.91378784 -940.66345215    7.03668404   18.56674957    1.75713491	  4.05053816   1.55179779 -35.98489418   0.12739684  -0.77185070  -0.31082120	  34.69847872  -36.56840340 -963.16993067   12.12192139  -11.46300488    4.60572634	180.36239399	0	0.00000000	0.00000000	0.00000000	0.13408144 0.00480298 0.01660572	-0.04721621  0.14226655 -0.12912141	   3.93773718    4.25147457    5.21000860  -37.51388884    4.73040604    1.28505187    8.97575695  -31.52263205  -26.13201019 -117.13940234   19.54966436   -0.67446052	 0.02835563  0.01569262 -0.37691435  0.73110276 -0.37899289 -0.02232709  0.01998838  0.01069951 -0.17780368  0.53725368 -0.42248890  0.00184078	
0.00399600	0.38508984	0.00067940	  1.70641470   2.40106010 -13.07353783   0.24038994  -0.14818801  -0.24611419	 -40.28084183  -59.91918182 -940.33709717    7.19836044   18.59489059    1.10414076	  2.43066115   1.90189029 -37.24441285   0.19873220  -0.79386144  -0.33308319	  27.88987271  -31.75940828 -964.23084040   12.02265399  -11.82487827    3.81188050	180.21781487	0	0.00000000	0.00000000	0.00000000	0.13208387 0.00323264 0.01330866	-0.08861751  0.12481491 -0.13036450	   4.85053979    3.46357254    7.39314711  -36.07120297    4.30793985    1.55457058    7.91616261  -32.06172682  -27.41087925 -116.80250438   18.78864477    1.12213759	 0.02836330  0.01619116 -0.37981355  0.72536570 -0.37745124 -0.02231942  0.01998838  0.01202641 -0.17735115  0.53680879 -0.42329425  0.00137291	
0.00400400	0.38806999	0.00056666	 -2.20537949  -7.48615217 -10.67900085   0.14973997  -0.04743835  -0.16213140	 -37.03945160  -49.99345016 -938.27105713    7.60903025   18.29613495    0.31337002	  1.48756756   0.65079806 -35.61410764   0.20630030  -0.84407064  -0.39873816	  25.96725309  -24.23372674 -964.84990879   11.89232274  -12.05432986    2.91194037	180.35145293	0	0.00000000	0.00000000	0.00000000	0.13000417 0.00190043 0.00700588	-0.07620050  0.18903621 -0.13256415	   5.83442801    2.22781213    8.64308031  -32.77552470    4.13932111    2.00522744    7.54625248  -33.43095330  -28.15533765 -116.11893943   18.41791031    2.38368279	 0.02839398  0.01683544 -0.38263610  0.71919143 -0.37584054 -0.02231942  0.01999623  0.01326126 -0.17696765  0.53633326 -0.42416093  0.00093573	
0.00398000	0.39091152	0.00042124	-4.05765915  0.49201679 -5.21946192  0.13593778  0.18882848 -0.41390407	 -34.05810928  -52.70660400 -941.74987793    7.49969101   17.86013222   -0.59330767	 -1.19791761  -0.33646845 -30.86020864   0.19058726  -0.77358423  -0.38072345	  28.89439721  -20.41957163 -965.92657022   11.85241912  -12.24302122    1.97003063	180.03349222	0	0.00000000	0.00000000	0.00000000	 0.12956763 -0.00184381  0.00590932	-0.13542023  0.11487070 -0.12182312	   6.63646707    1.13680474    9.62004154  -30.03605746    3.70215107    2.31619317    6.86587101  -33.46821177  -28.99478832 -116.11511183   17.73668376    3.88913146	 0.02841699  0.01759476 -0.38521317  0.71261060 -0.37425289 -0.02231175  0.02001980  0.01438874 -0.17664552  0.53585005 -0.42504299  0.00049087	
0.00400800	0.39360699	0.00033964	-6.76945686  8.36218548 -3.92450976  0.12670724  0.50191861 -0.15325896	 -26.11387253  -55.22152710 -942.74859619    7.45054674   17.30731392   -1.34029174	 -4.87907717   1.69131004 -27.55177043   0.03892132  -0.53629836  -0.32962745	  36.08871207  -20.49803625 -966.50747118   11.92263924  -12.29528848    1.11906205	180.69632381	0	0.00000000	0.00000000	0.00000000	 0.13012694 -0.00268278  0.00361346	-0.15754539  0.10755703 -0.14097383	   7.77201796   -0.42775149   11.07358674  -25.39861015    3.48702809    2.64071179    6.82247544  -34.10963016  -29.61272989 -116.01539807   16.91302158    5.05532471	 0.02846301  0.01850748 -0.38756785  0.70557731 -0.37272656 -0.02228107  0.02004336  0.01537815 -0.17636940  0.53538984 -0.42594036  0.00006903	
0.00399200	0.39620286	0.00024925	-8.82571793 -0.23034044 -3.38430071  0.20494464  0.51585186 -0.18393011	 -16.78971863  -58.96875000 -943.62402344    7.23479176   16.76609612   -1.79644430	 -7.03790812   2.07754075 -25.13854356   0.01646599  -0.39331475  -0.18533707	  44.21135603  -22.53582946 -966.36970575   12.00533702  -12.32651139    0.61622928	181.03836495	0	0.00000000	0.00000000	0.00000000	 0.13097690 -0.00061733 -0.00009382	-0.15051533  0.15843420 -0.14193745	   8.43021482   -1.57397903   12.11912145  -20.57658081    3.35779689    2.82725979    5.65839277  -33.90759653  -29.48537190 -116.24584970   16.02589210    5.66811919	 0.02850903  0.01951990 -0.38971540  0.69826794 -0.37125397 -0.02222738  0.02005906  0.01622184 -0.17612396  0.53501403 -0.42684540 -0.00028379	
0.00399600	0.39870051	0.00022437	 -1.18998206  -3.69283438 -12.39395332   0.21178803  -0.18897940  -0.24852717	 -16.11491203  -61.81701279 -944.50592041    7.24530554   17.02722740   -2.00628424	 -5.79947342  -1.11330767 -31.86862886   0.32820993  -0.71933240  -0.07724577	  49.52668285  -24.63095561 -966.90680099   12.10470718  -12.15878283    0.33104334	181.59085380	0	0.00000000	0.00000000	0.00000000	 0.13289175 -0.00235845  0.00057135	-0.17138827  0.12038201 -0.13112075	   9.64875960   -2.90778396   12.17436399  -14.55332314    3.73267911    2.75088209    5.26937584  -32.92422476  -30.07437169 -116.10171462   16.29688200    5.64124379	 0.02856272  0.02063204 -0.39164054  0.69072074 -0.36985803 -0.02215835  0.02006692  0.01694281 -0.17584786  0.53473794 -0.42776579 -0.00049854	
0.00398400	0.40116382	0.00019911	 0.66690439 -2.64201474 -8.80293083 -0.09873993 -0.74140376 -0.12781030	 -18.13335419  -69.25029755 -947.82293701    7.08257389   17.36326218   -2.26026392	  0.62336458  -1.71269164 -32.90802305   0.28278879  -1.08979286  -0.19275552	  50.39788123  -31.14294062 -969.46014864   12.37676755  -11.96667213    0.25067288	182.07644599	0	0.00000000	0.00000000	0.00000000	 0.13448045 -0.00296647 -0.00042515	-0.18332696  0.14871571 -0.13165534	  10.35367772   -4.13225032   12.70416457   -9.11060705    3.65894729    2.79090560    5.11952068  -32.71858314  -30.20530627 -115.99148430   15.41585346    5.24339068	 0.02862408  0.02182854 -0.39348900  0.68308920 -0.36848512 -0.02205097  0.02006692  0.01762544 -0.17551805  0.53456920 -0.42869386 -0.00058291	
0.00399200	0.40360349	0.00020972	 -40.10205078    6.22169590 -142.10556030    0.33718818  -13.93723965   -0.21032876	 -29.35298157  -76.51721191 -908.31652832    7.09584332   17.11004448   -2.36742687	 -8.21776789   0.47008573 -80.09600598   0.62627853  -7.15166384  -0.36997029	  48.99547198  -37.03478851 -964.23511188   12.67485766  -11.79745806    0.25943799	182.36974129	0	0.00000000	0.00000000	0.00000000	 0.13566400 -0.00203997  0.00052792	-0.18164199  0.14293100 -0.13730354	  10.81563409   -5.45242739   12.84737041   -3.63783577    4.29965812    2.85953636    4.98722061  -32.42683538  -30.61482948 -114.88361410   16.23748544    4.92775887	 0.02873145  0.02305573 -0.39519939  0.67542696 -0.36713523 -0.02190524  0.02006692  0.01826971 -0.17513455  0.53450018 -0.42962191 -0.00058291	
0.00401200	0.40606609	0.00021943	   7.87894917    0.72152519 -266.14645386    1.04468453  -33.19024658    0.20859800	 -22.98623657  -77.88817596 -796.36309814    7.33660984   13.61033726   -1.64770973	   7.62264077    6.04742744 -199.76482403    2.16591834  -25.03541852   -0.59608168	  34.43034328  -45.78456028 -882.39446265   13.13599944  -11.91493528    0.81234600	182.78636731	0	0.00000000	0.00000000	0.00000000	 0.13660668 -0.00104867  0.00430089	-0.15786623  0.17061419 -0.14399933	  11.04261964   -7.12403740   12.94272202    0.70292499    4.64721155    2.66830353    4.71534445  -31.55533822  -31.18415649 -115.29143870   16.11289272    3.78807271	 0.02888485  0.02425990 -0.39677939  0.66772634 -0.36578530 -0.02172883  0.02006692  0.01892932 -0.17466669  0.53449249 -0.43056530 -0.00048320	
0.00398000	0.40852171	0.00023313	  68.51599884    1.14570308 -390.10629272    1.61557901  -50.42772675    0.90287369	  -6.39980173  -78.52416229 -752.03167725    7.45410776    8.00876617   -1.93958330	  58.60179084   11.15724754 -322.91288376    4.22391916  -44.32625354   -0.60762235	  43.17320637  -48.37414725 -813.94265523   13.45684108  -13.12382071    0.93806600	182.91448631	0	0.00000000	0.00000000	0.00000000	 0.13680975 -0.00130456  0.01021338	-0.15786623  0.17061419 -0.14399933	  10.76078171   -8.74403136   13.24507415    4.57074025    4.99448004    2.57979435    3.98637953  -31.21298326  -30.99815977 -113.84801874   17.79134157    2.89701416	 0.02909961  0.02534903 -0.39832103  0.65974969 -0.36435103 -0.02155242  0.02006692  0.01958893 -0.17415281  0.53448480 -0.43147802 -0.00031447	
0.00401200	0.41101032	0.00026542	  69.28660583    1.95408928 -525.91943359    2.04194546  -56.15289688    0.97878051	  -3.53659201  -75.89092255 -719.52551270    7.53811121    6.81665039   -2.58247161	 106.12092432   13.57484656 -448.06515644    5.73935243  -58.11605054   -0.18826769	  49.53964767  -48.04309598 -771.15699282   13.52716844  -14.01398763    0.48019281	183.08726869	0	0.00000000	0.00000000	0.00000000	 0.13598346 -0.00095281  0.01450175	-0.16409915  0.15590265 -0.15262089	  10.86539094  -10.11496841   13.34085928    8.42186769    4.48234941    2.43738212    3.52376347  -29.97301665  -31.50187524 -114.04648941   17.35495696    2.28489459	 0.02932204  0.02639980 -0.39990872  0.65194172 -0.36240289 -0.02139136  0.02006692  0.02024854 -0.17360057  0.53432375 -0.43229103 -0.00011505	
0.00398400	0.41351926	0.00033186	 133.64396667  -12.09277534 -609.61090088    1.83711338  -70.22846985    0.01725864	   0.31441888  -80.86628723 -696.19665527    7.28333187    6.00453329   -2.32602978	 156.44303301   16.42274809 -551.93161953    7.02259615  -69.63190407   -0.83022652	  48.86248569  -52.10141160 -742.19739183   13.75963200  -14.39601712    0.31815097	183.06369803	0	0.00000000	0.00000000	0.00000000	 0.13369189 -0.00047142  0.01278120	-0.12507705  0.16283112 -0.11875996	  10.64901891  -10.62016064   13.65611499   10.60475187    2.07696589    2.84009272    2.25209716  -29.59134317  -31.34968187 -112.57728981   18.58915835    1.73290706	 0.02958281  0.02727417 -0.40151173  0.64532256 -0.35991016 -0.02126864  0.02005906  0.02088514 -0.17297931  0.53405529 -0.43295830  0.00007670	
0.00398800	0.41610429	0.00038335	 108.80105591    5.76680040 -671.72961426    2.73509860  -77.53929901    0.28024587	   1.19719923  -81.42126465 -639.38226318    6.87301874    3.85456753   -0.90724486	 187.73905277   21.86278934 -624.85758543    8.03774486  -81.80744992   -1.34574164	  49.14995133  -55.30354363 -699.11264795   13.45950116  -14.39188432    1.05573205	181.77017408	0	0.00000000	0.00000000	0.00000000	0.14376118 0.02075453 0.00056043	 0.00349245 -0.01331737 -0.34462535	  10.69042237  -10.33926833   14.58849108   12.55793502   -1.83655790    3.37973569    2.06966267  -27.96858341  -31.00636224 -111.55033158   18.61618377    1.72431676	 0.02993563  0.02792612 -0.40305337  0.64046752 -0.35674250 -0.02118427  0.02004336  0.02141437 -0.17226601  0.53366411 -0.43347988  0.00019942	
0.00399600	0.41875094	0.00042841	  96.49109650   27.89513779 -684.85931396    3.55440521  -77.21448517    1.16949260	  19.72969627  -57.88343430 -615.07391357    7.94684029    2.95435548   -0.19429098	 179.14907447   41.65140761 -677.34570145    7.99075649  -88.58442211   -1.64721638	  54.99112842  -48.10047829 -657.36796437   12.96384161  -14.31352909    1.76692101	182.05531876	0	0.00000000	0.00000000	0.00000000	 0.16932610  0.06005428 -0.00959482	 0.11902867 -0.03022861 -0.46290489	   6.23827165   -9.23352381   13.12200613   12.20609161   -6.93464002    4.72695257   -6.91821187  -27.31078913  -28.47812424 -109.21154990   20.54222079    1.96975359	 0.03033446  0.02827893 -0.40439561  0.63712347 -0.35284618 -0.02114592  0.02001980  0.02175184 -0.17142232  0.53319627 -0.43382502  0.00024544	
0.00399200	0.42144549	0.00045579	 136.66156006   23.65528870 -636.60211182    3.20411944  -74.30587769    0.95534825	  17.29240608  -48.20896530 -652.94061279    8.95019722    5.99123907   -0.66817534	 192.10802027   51.76908502 -669.64646647    7.56251442  -88.10308084   -1.87528930	  62.53383648  -34.60934857 -651.24250454   12.93415127  -13.15097988    1.78019955	181.28325380	0	0.00000000	0.00000000	0.00000000	0.18621924 0.06030100 0.03509104	 0.17550692  0.03128815 -0.47602402	   3.79409982   -7.41708261   12.05000346   10.29985540  -13.38645543    6.13591784  -12.70233897  -25.22922293  -26.78666213 -108.02353007   21.42098426    2.21230661	 0.03061825  0.02820223 -0.40546939  0.63516760 -0.34830561 -0.02115359  0.01999623  0.02192058 -0.17042524  0.53252900 -0.43394774  0.00021476	
0.00400000	0.42417490	0.00046629	 110.45211029   13.32534504 -569.20098877    2.81942773  -61.46231079   -1.12946343	  17.70171165  -35.38345337 -676.62139893    9.59230804    9.98260880   -1.66453636	 186.91106805   43.58135242 -617.11184529    6.92920085  -78.81850504   -2.32897689	  63.09842405  -17.78313503 -677.86674154   12.66616670  -10.61985186    0.60469281	182.10615932	0	0.00000000	0.00000000	0.00000000	0.18988046 0.05004514 0.05852308	 0.06737895  0.11047613 -0.34058588	   2.30740080   -6.47283904   10.31720556    4.61850402  -21.54493591    7.43026863  -18.20101681  -22.96549247  -26.09990172 -103.87486150   25.83815216    4.09621872	 0.03073330  0.02777272 -0.40621337  0.63469207 -0.34321278 -0.02120728  0.01990199  0.02193592 -0.16925174  0.53172368 -0.43389404  0.00003068	
0.00400000	0.42691597	0.00042741	  39.32551575    1.66041946 -459.80191040    2.21688557  -47.13069534   -4.04024410	  31.58251381  -39.20541763 -694.31610107    9.54027176   12.94993973   -2.84226370	 139.50033558   28.54392966 -544.17463692    6.62290851  -67.34405663   -3.78917870	  68.29275720   -9.66193021 -699.71129760   12.52862777   -7.66219285   -0.46964772	182.21535888	0	0.00000000	0.00000000	0.00000000	0.17902177 0.04209346 0.05932817	 0.02446512  0.25254298 -0.29993755	   3.73800404   -4.54024242    9.95924655   -1.00684026  -30.81166640    8.61341815  -16.69078321  -19.80686544  -26.82973668 -100.45269799   28.93053870    5.32837318	 0.03083301  0.02722048 -0.40655085  0.63560480 -0.33771348 -0.02120728  0.01968207  0.02190524 -0.16785581  0.53093368 -0.43364862 -0.00025311	
0.00398800	0.42960718	0.00039235	 -36.26715851    8.15103340 -380.77734375    2.26770735  -32.75812149   -3.20730090	  30.67122078  -45.53145218 -700.90814209    8.52694798   15.53080750   -3.84113717	  65.64282487   18.62003013 -461.87759660    5.72495603  -56.10639951   -4.58183700	  77.52014419  -13.87697715 -714.11115139   12.31539924   -5.04336201   -1.29842624	182.10851829	0	0.00000000	0.00000000	0.00000000	0.17938596 0.06031201 0.05144114	-0.05689168  0.08846336 -0.41064175	  3.12010731  -4.03449670   8.51089100  -9.14812331 -39.65685943   9.74293288 -17.92656640 -16.08084091 -27.16126949 -94.52938137  35.21228163   6.50665439	 0.03102476  0.02663757 -0.40652785  0.63744557 -0.33197638 -0.02113058  0.01932079  0.02188223 -0.16632183  0.53018200 -0.43328047 -0.00054456	
0.00400000	0.43226609	0.00031015	 -93.62001801   13.03216743 -326.03320312    1.70309794  -20.35615921   -0.75636667	   2.47155094  -53.31384277 -711.03778076    7.87762356   21.14614487   -4.92114830	 -20.42493766   16.66569903 -398.69771772    4.25598086  -44.36611370   -3.10419211	  62.29537855  -21.60977022 -724.08057900   11.87661495   -1.99327519   -2.06126600	182.29367916	0	0.00000000	0.00000000	0.00000000	0.18330911 0.06590571 0.06679245	-0.00269599  0.17596705 -0.36658507	  0.75636187  -1.87684647   6.51075704 -15.90440521 -46.73786664  11.08718103 -22.97188614 -14.50938356 -25.72104184 -90.83582014  40.22914780   7.25167785	 0.03126252  0.02614670 -0.40614435  0.63974655 -0.32634667 -0.02093883  0.01883384  0.02188990 -0.16474183  0.52936131 -0.43277425 -0.00085136	
0.00399600	0.43483141	0.00020420	 -75.52007294    6.27399921 -230.53741455    0.98615974  -14.60439777    0.57400221	 -25.17759132  -56.65687943 -736.38427734    7.77574396   28.21325874   -5.11863899	 -53.89039695   11.44837365 -325.33893526    2.99591783  -34.47867004   -1.06154986	  38.64040081  -27.95837285 -743.75782837   11.69253017    1.58796364   -2.44802862	182.47350938	0	0.00000000	0.00000000	0.00000000	0.18927524 0.05317355 0.08789421	 0.01106826  0.30231547 -0.30126920	 -0.27352243  -1.85622106   5.84010212 -23.30908898 -51.41138766  12.11771765 -24.18876592 -12.86679638 -24.24520234 -85.04706926  47.46128928   7.42329948	 0.03146194  0.02577854 -0.40557677  0.64213187 -0.32115415 -0.02065505  0.01824480  0.02200495 -0.16313115  0.52836424 -0.43221435 -0.00106612	
0.00398400	0.43727231	0.00005078	 -50.64462280   -6.03370523 -161.44813538    0.30711564  -10.80046749   -0.11820886	 -24.74544907  -54.46908188 -752.35992432    7.83520126   31.07883072   -4.79613447	 -52.19647434    3.70295128 -246.03586637    2.18165792  -26.01269296   -0.34550489	  23.48654847  -29.26894638 -764.05991746   11.49608147    4.88804582   -2.44085407	182.88517443	0	0.00000000	0.00000000	0.00000000	0.18096420 0.03878886 0.07932904	-0.07223624  0.20448781 -0.16095675	 -0.95939580  -1.87265492   5.69901828 -27.93365787 -52.79784475  12.53951964 -23.69096938 -13.02708397 -23.56568573 -79.12957585  53.20080998   7.28248024	 0.03156165  0.02557145 -0.40492481  0.64434850 -0.31656754 -0.02023320  0.01749867  0.02222738 -0.16153581  0.52725208 -0.43161610 -0.00117350	
0.00399600	0.43954936	0.00000000	 -32.87984848  -10.81805897 -110.78699493    0.05088561   -6.81583452   -1.22766483	 -12.16456890  -54.64296722 -761.73767090    8.18307781   32.58523941   -4.78481054	 -37.45996489   -3.96982788 -180.12534917    1.77729764  -18.19269754   -0.96783765	  26.88913375  -27.59562742 -779.37597677   11.53527673    7.46364999   -2.23863792	183.18179346	0	0.00000000	0.00000000	0.00000000	0.16890963 0.03738650 0.06810204	-0.09179856  0.23388220 -0.18239253	  1.11396359  -2.69500557   7.26978403 -31.12128357 -52.29143773  12.53952547 -19.15836061 -13.03072747 -22.36840415 -73.03782085  57.15648707   6.82388149	 0.03163835  0.02554845 -0.40421152  0.64625061 -0.31272492 -0.01958126  0.01665044  0.02263388 -0.15997882  0.52604795 -0.43097180 -0.00118116	
0.00401200	0.44177887	0.00000000	-19.40615463 -11.21368980 -73.60861969   0.10357857  -4.02310038  -0.44252881	  -9.96491146  -59.97665787 -769.74053955    7.90958118   35.61862183   -5.87740660	 -22.94108778   -8.95831028 -130.98323917    1.48376186  -11.62092496   -0.98905836	  32.37583128  -29.92826747 -788.93923444   11.65752376   10.01979486   -2.50334429	182.85711727	0	0.00000000	0.00000000	0.00000000	0.15798466 0.04300121 0.05987815	-0.18482453  0.10473072 -0.29351037	  0.18606477  -2.57864112   8.42191852 -33.73279106 -50.22086460  12.12709183 -18.09694723 -14.94604874 -20.69858675 -67.04412554  59.63172559   6.72552265	 0.03173039  0.02577087 -0.40361327  0.64777696 -0.30961093 -0.01866854  0.01562942  0.02327815 -0.15846786  0.52477473 -0.43024316 -0.00115816	
0.00398400	0.44399282	0.00000000	 -5.55075121  -3.15483212 -57.44364548   0.16975905  -3.34692812   0.57754952	 -11.60851479  -68.56764984 -768.59295654    7.75828552   37.58374405   -6.77317142	-10.46517917  -6.07538053 -97.29218804   1.00117673  -7.67791178   0.05959630	  31.54566572  -37.04376876 -793.33873026   11.93564628   12.53942235   -3.22254077	182.72519841	0	0.00000000	0.00000000	0.00000000	0.16207085 0.05255096 0.05395050	-0.23200532  0.05903541 -0.37549504	 -1.48188147  -3.07270240  10.62146604 -35.10448900 -46.66097727  11.64328306 -18.62375891 -16.92730159 -16.92633496 -61.15760456  60.84246129   5.93257731	 0.03179941  0.02615437 -0.40313005  0.64885074 -0.30718726 -0.01749505  0.01453772  0.02416019 -0.15699524  0.52345550 -0.42942250 -0.00107379	
0.00399200	0.44621122	0.00000000	 -7.92880344   0.34551129 -42.19487381   0.56457835  -2.80610967   1.37955320	  -3.66353083  -65.63240814 -761.75769043    8.06793690   39.75460434   -8.23742867	 -6.59512647  -1.81890160 -76.96222948   0.72565495  -5.88869493   0.93559931	  32.35014534  -38.91560332 -790.95125773   12.10457303   15.15780859   -4.21889448	183.11655531	0	0.00000000	0.00000000	0.00000000	0.17041472 0.05230645 0.04586764	-0.15891460  0.05238589 -0.27043224	 -3.95373943  -2.69527046  12.88133949 -38.02853227 -42.74943303  10.53621851 -19.78883157 -19.73944343 -13.74769912 -55.40321816  59.44157371   5.18092704	 0.03175339  0.02664524 -0.40273124  0.64941061 -0.30534649 -0.01609913  0.01338318  0.02518796 -0.15550727  0.52213627 -0.42852512 -0.00095107	
0.00400000	0.44843405	0.00000000	 -6.48344898  -4.62637424 -43.48726654   0.50393248  -2.63040209   0.65104562	  10.66818523  -64.16929626 -756.03631592    8.61765575   40.82392120  -10.97938728	 -7.34037033  -1.00900774 -69.22968544   0.87972560  -5.00382121   0.99187759	  40.99545469  -37.76440262 -784.13837214   12.42830399   17.42361977   -5.84603788	183.43914425	0	0.00000000	0.00000000	0.00000000	0.18235546 0.04953358 0.03701597	-0.14698550  0.02514408 -0.27742505	 -2.88801785  -4.24992437  16.12713006 -40.33746865 -38.73045727   9.18374438 -14.85284242 -23.64721505 -12.71517278 -49.98225890  56.72911359   4.85345275	 0.03163068  0.02722815 -0.40234774  0.64942598 -0.30415764 -0.01454213  0.01222079  0.02630010 -0.15396562  0.52097046 -0.42764306 -0.00081301	
0.00399600	0.45065466	0.00000000	 -2.53592277 -14.14352512 -46.93435287   0.21221533  -4.19809914   0.69080818	   7.31642437  -65.51001740 -749.54321289    8.97654247   43.31443405  -14.67304420	 -1.10059879  -6.70535142 -65.45610568   1.10825254  -5.06805985   1.05687431	  44.19517344  -37.24255559 -777.66463466   12.89195117   19.70981400   -8.67359007	183.90949111	0	0.00000000	0.00000000	0.00000000	0.19344213 0.05751096 0.03265854	-0.16780715  0.00367974 -0.35282582	 -4.88542148  -2.94012796  18.17160475 -41.53092814 -34.57857624   8.20381083 -14.59121357 -26.89700705 -10.70216268 -44.95228926  55.06609905   4.51794057	 0.03148495  0.02790310 -0.40182617  0.64885074 -0.30339834 -0.01284709  0.01115265  0.02744291 -0.15233961  0.51982760 -0.42669201 -0.00071330	
0.00398400	0.45286861	0.00000000	  2.72095633 -19.48633194 -77.43607330   0.31788465  -4.78558588   1.54019797	   3.95453024  -61.51134491 -740.82507324    9.57819843   45.61907959  -17.62145233	  4.36485684 -14.11470848 -82.58774326   1.53394363  -6.32953620   1.41885942	  40.62832284  -35.94244621 -771.90491299   13.44369884   22.45241318  -12.18443805	184.66201723	0	0.00000000	0.00000000	0.00000000	0.19931468 0.05545844 0.02983461	-0.22261622  0.04650051 -0.25939389	 -7.99911253  -2.35277345  19.90347752 -40.64680999 -29.25141099   7.37106957 -16.15554699 -29.17346392  -9.31448509 -37.27673259  55.23084171   4.92604080	 0.03131621  0.02863942 -0.40115890  0.64778459 -0.30308387 -0.01101398  0.01024944  0.02852437 -0.15062155  0.51879984 -0.42579463 -0.00066728	
0.00399600	0.45508924	0.00000000	  14.50268364  -18.24562073 -108.32269287    0.90165299   -9.45018864    2.50452662	  11.73268032  -56.78463364 -723.78741455   10.20719147   46.09631348  -18.26979256	  11.86958111  -14.91718190 -109.57940563    2.04577984   -8.89426791    2.26452278	  41.75206788  -32.75967137 -759.97966085   13.81346314   24.50895292  -14.12937794	185.20803873	0	0.00000000	0.00000000	0.00000000	0.20165881 0.04262484 0.02158443	-0.21058426  0.04152978 -0.20777616	 -9.19480254  -2.28991189  20.26692867 -38.84054880 -24.07595727   6.29428768 -14.23594048 -31.60872215 -10.67466271 -29.93277920  55.87361907   5.04636620	 0.03111679  0.02941408 -0.40028453  0.64634269 -0.30309922 -0.00904282  0.00951117  0.02947544 -0.14883445  0.51794082 -0.42500463 -0.00066728	
0.00399200	0.45730764	0.00000000	  21.16250420  -20.10077286 -148.46502686    1.74554586  -14.69840145    3.22155833	  11.86952686  -52.70891190 -699.93493652   10.39900684   46.11386490  -18.21057320	  22.58676358  -13.50077376 -138.69014552    2.92050095  -13.46365654    2.84652149	  43.24979416  -29.33808390 -741.25833024   13.93896539   25.73055272  -14.82217294	185.90602190	0	0.00000000	0.00000000	0.00000000	0.20085271 0.03612407 0.01346574	-0.20245975  0.07453625 -0.16163754	-11.55716693  -3.16882746  20.98184504 -36.12602585 -20.18158662   4.92273522 -13.62600924 -32.66428094 -11.34195105 -22.85043763  58.26884640   5.77985425	 0.03086369  0.03021174 -0.39918005  0.64468598 -0.30339834 -0.00698728  0.00895354  0.03025009 -0.14713940  0.51728123 -0.42431435 -0.00074398	
0.00399200	0.45952603	0.00000000	  14.67123890  -23.96394539 -201.61776733    2.70943189  -18.70044899    3.15337276	   3.75992084  -51.49538422 -671.07989502   10.52722168   47.25145721  -18.54015923	  25.23326476  -14.19638979 -187.71075544    4.23679884  -19.82936404    3.17166111	  36.61101803  -28.49414036 -714.84107759   13.97322017   26.94312956  -15.17878474	186.42897782	0	0.00000000	0.00000000	0.00000000	0.20196100 0.03440193 0.00856852	-0.20744671  0.08577299 -0.19424389	-12.14011828  -3.84762081  20.75191864 -35.63359844 -17.56670753   3.76804216 -13.43868709 -32.97879605 -13.60934033 -15.34156738  62.26708104   6.34712025	 0.03054922  0.03102476 -0.39776114  0.64288354 -0.30375880 -0.00490874  0.00863152  0.03081767 -0.14537533  0.51682103 -0.42371610 -0.00085136	
0.00400400	0.46175107	0.00000000	   5.12295485  -23.15213394 -247.56562805    3.41533995  -22.01926613    3.09984517	  -2.07686663  -54.56389999 -656.01556396   10.36262798   49.16537857  -18.95804024	  22.79928540  -15.01316248 -234.47875203    5.43590803  -25.22007323    3.10444896	  28.60994117  -29.01771140 -693.82533503   13.91526030   28.48120501  -15.59853102	186.73485360	0	0.00000000	0.00000000	0.00000000	0.20913129 0.03363932 0.00763888	-0.21132230  0.07025043 -0.18421539	-13.72912431  -4.70969063  19.64958452 -32.57801855 -15.81578792   2.92415373 -17.23282172 -32.42145280 -15.09673808  -8.56018162  67.74262089   6.93721193	 0.03011971  0.03180708 -0.39606610  0.64094305 -0.30406561 -0.00285320  0.00854513  0.03114747 -0.14370330  0.51659095 -0.42319453 -0.00097408	
0.00398800	0.46396726	0.00000000	 -12.03930569  -22.40444374 -283.40365601    3.80418301  -23.16962433    2.47022319	  -2.67721057  -53.70935440 -650.04187012   10.21886539   50.38226318  -18.89755821	  13.51616321  -14.39872417 -273.89998236    6.17332964  -29.62715272    2.70223390	  23.26712694  -30.56858604 -681.76728104   13.79652738   30.02953341  -15.75864802	187.05398263	0	0.00000000	0.00000000	0.00000000	0.21426337 0.03439383 0.00376772	-0.18496338  0.12555494 -0.15342438	-13.66457877  -4.97980312  18.13031092 -31.76607718 -15.37527406   2.00389718 -19.70608633 -30.86123621 -17.75359063  -3.29375278  73.15012658   7.28260280	 0.02955980  0.03251272 -0.39412561  0.63897955 -0.30429572 -0.00085136  0.00863152  0.03128553 -0.14218464  0.51656026 -0.42274967 -0.00109680	
0.00400800	0.46619454	0.00000000	 -30.27453613  -22.85846710 -315.38421631    4.41715193  -23.69141769    1.68026125	  -1.87095678  -56.98004913 -640.88507080    9.90323734   51.26489639  -18.75687408	  -4.90539261  -12.33622414 -317.37236281    7.01893150  -33.44690598    1.85459112	  20.91791870  -34.01130172 -670.75939831   13.63021970   31.62391436  -15.63762272	187.41892016	0	0.00000000	0.00000000	0.00000000	 0.21694909  0.03760123 -0.00397729	-0.15363384  0.08582886 -0.16066403	-12.58891808  -5.99738544  17.10787604 -30.13458361 -15.82674930   1.32299208 -21.23697995 -28.47866610 -19.91072116   1.49237716  79.48387442   7.33604690	 0.02890019  0.03308029 -0.39193201  0.63713109 -0.30442610  0.00102010  0.00880431  0.03129320 -0.14087309  0.51677501 -0.42234316 -0.00119650	
0.00399200	0.46841294	0.00000000	 -53.24660492  -19.07296753 -360.03454590    5.46197987  -27.05559349    0.00531526	  -1.22702503  -64.83183289 -620.04315186    9.40186405   52.67585754  -18.03647995	 -23.37745168   -9.27241006 -359.57002716    7.97445524  -37.97786643    0.31233199	  19.90253910  -40.20000721 -656.61107812   13.48626861   33.21815052  -15.09068911	187.78024580	0	0.00000000	0.00000000	0.00000000	 0.21771201  0.04315208 -0.01570170	-0.14313008  0.10704120 -0.16941261	-12.42959884  -5.57341360  16.73453926 -29.00177434 -16.84696767   1.16578589 -23.16540743 -27.05909266 -20.73457653   5.30648597  84.40546761   7.29849482	 0.02820223  0.03348679 -0.38952366  0.63555878 -0.30446443  0.00273049  0.00902422  0.03125485 -0.13980699  0.51721221 -0.42194435 -0.00126553	
0.00399600	0.47063354	0.00000000	 -66.19680023  -13.38695908 -392.45312500    5.96796370  -28.71261215   -0.47068903	   2.55710316  -65.49816895 -611.83673096    9.32958984   53.72581100  -16.97632408	 -37.68763611   -4.44675449 -392.41054896    8.53738129  -42.06450318   -0.72048451	  19.24339508  -43.19820503 -645.76431391   13.35716636   34.65352586  -14.37448313	188.17031182	0	0.00000000	0.00000000	0.00000000	 0.22311539  0.04666110 -0.02019472	-0.10135930  0.06241137 -0.18414391	-12.26051205  -5.91828253  16.81421775 -29.02861865 -18.96014635   1.19223887 -25.44698881 -24.41240109 -21.65965698   8.99407545  89.77276408   7.21289876	 0.02742757  0.03377825 -0.38686988  0.63407850 -0.30444911  0.00414942  0.00922057  0.03121650 -0.13900931  0.51785648 -0.42149949 -0.00128087	
0.00399200	0.47285193	0.00000000	 -82.63906097  -13.48026943 -422.34802246    6.44629097  -29.53963852   -0.33988839	  10.37189484  -63.61698151 -608.63934326    9.39537621   54.98928833  -15.91040516	 -54.88224427   -0.36222424 -428.04717823    8.99259857  -45.68814760   -1.34135052	  23.37125864  -44.42295070 -635.34463131   13.25103000   36.50808381  -13.23621148	188.65617663	0	0.00000000	0.00000000	0.00000000	 0.22780994  0.04762956 -0.02022362	-0.06899413  0.08517238 -0.13077361	-12.94692071  -5.57013325  16.20186868 -29.26686663 -20.95363732   1.78444407 -27.49701308 -23.85473764 -21.96679260  10.12350152  93.52752834   7.10300440	 0.02661456  0.03381660 -0.38404736  0.63275158 -0.30436474  0.00543029  0.00936194  0.03121650 -0.13848008  0.51873082 -0.42098561 -0.00128087	
0.00398800	0.47506812	0.00000000	 -84.39125061  -12.45041370 -445.01290894    6.66082239  -31.08783722   -1.46472478	  14.09152985  -60.24874115 -607.28002930    9.62695312   57.14194107  -14.84775162	 -63.44573322    1.41022933 -452.79014978    9.31173483  -48.26283608   -2.05646325	  27.28563859  -42.62847809 -632.77611680   13.17400375   38.50275883  -12.26868715	189.00159837	0	0.00000000	0.00000000	0.00000000	 0.23098957  0.04788843 -0.02438905	-0.06454484  0.07237444 -0.11766227	-11.19114430  -5.67034637  16.52729024 -29.76515526 -23.50722187   2.62763870 -26.75065006 -22.03454674 -22.62626489  11.66236653  97.62738449   6.65354805	 0.02577854  0.03368621 -0.38110977  0.63156277 -0.30429572  0.00648107  0.00940907  0.03129320 -0.13821164  0.51988131 -0.42035666 -0.00124252	
0.00400000	0.47729096	0.00000000	 -79.04965210  -18.12900543 -462.15396118    6.60971498  -32.89994812   -2.00859952	  17.98050117  -61.32544708 -605.56933594    9.70404911   58.96590424  -14.70020485	 -64.91954683    0.90167754 -473.06082185    9.66229477  -50.42953379   -2.70577387	  30.24666762  -41.53297663 -631.67345063   13.15564605   40.64498426  -11.64383575	189.28337922	0	0.00000000	0.00000000	0.00000000	 0.23327711  0.05392298 -0.03341897	-0.05207213  0.02184008 -0.11754006	-10.56189840  -4.56758511  16.73729140 -30.83399331 -24.58037247   3.91551101 -26.68449663 -21.94075242 -22.35998597  11.55690506  99.20722161   6.65661632	 0.02493485  0.03337175 -0.37811852  0.63056570 -0.30424967  0.00729408  0.00937765  0.03141592 -0.13816562  0.52130795 -0.41960502 -0.00121184	
0.00398400	0.47950491	0.00000000	 -72.58628082  -15.76219559 -475.58425903    6.59264135  -34.97427750   -1.99003410	  19.46514702  -61.81000900 -604.16955566    9.72201633   61.14921188  -14.17995358	 -60.45511986    0.80923979 -491.24824866    9.76607157  -52.78760562   -3.19979659	  31.93619157  -42.15073512 -629.97156641   13.14076033   42.97856879  -11.11183696	189.49311123	0	0.00000000	0.00000000	0.00000000	 0.23622814  0.06152317 -0.03790585	-0.02711318 -0.00845523 -0.14385527	 -9.58002952  -3.26853098  16.99340202 -32.20682373 -26.46258294   5.49896574 -26.46722465 -21.44792154 -21.93539623  10.36850060 100.18343477   6.71650289	 0.02411417  0.03290388 -0.37511960  0.62979871 -0.30423436  0.00792301  0.00929911  0.03158466 -0.13831902  0.52298760 -0.41869998 -0.00119650	
0.00399200	0.48172331	0.00000000	 -70.23051453  -15.39453983 -485.49148560    6.39582109  -36.11566162   -1.69886959	  25.24545670  -60.14770889 -602.93994141    9.91434479   63.27162170  -13.60501957	 -56.41951127    2.02136503 -502.56776879    9.63445054  -54.36432911   -3.31456458	  33.01201705  -42.45372770 -628.28632672   13.19341705   45.26980686  -10.54996056	189.64412770	0	0.00000000	0.00000000	0.00000000	 0.24105665  0.07026826 -0.03770271	-0.01580756 -0.02549268 -0.15250861	-10.58072921  -0.91750028  16.62504349 -34.00128120 -28.10874537   6.58620091 -27.16573181 -21.57927328 -20.51788084   7.64325420  99.21405208   6.75589551	 0.02333184  0.03230563 -0.37212065  0.62923110 -0.30423436  0.00839087  0.00919701  0.03177641 -0.13861048  0.52489746 -0.41766453 -0.00119650	
0.00400800	0.48395059	0.00000000	 -70.82605743  -15.59101295 -488.96014404    6.13044500  -36.02838898   -1.93170714	  28.26227951  -58.31782532 -606.47729492   10.16043568   64.77287292  -12.74020863	 -55.14677165    3.65348266 -511.19811404    9.34075563  -55.30165117   -3.42989760	  35.46003484  -42.33705835 -628.85326515   13.24798053   47.33793417   -9.85410402	189.73640553	0	0.00000000	0.00000000	0.00000000	 0.24816314  0.07558962 -0.03939308	-0.01893402 -0.05709744 -0.15181866	-11.07613107   1.20009966  15.71285680 -36.73416260 -29.21267703   7.85640284 -27.34727584 -21.71746225 -20.50645376   5.36814345  98.36709448   6.77651220	 0.02258019  0.03163835 -0.36919075  0.62886298 -0.30423436  0.00872068  0.00905564  0.03196815 -0.13894027  0.52702200 -0.41650638 -0.00119650	
0.00398400	0.48616454	0.00000000	 -80.34526062  -23.64066505 -495.38623047    5.73951769  -35.61078644   -2.71274805	  41.84954071  -55.10269547 -602.79272461   10.39620209   65.20162964  -11.59279537	 -59.79122211   -0.17537805 -516.64326303    9.19422268  -55.66505523   -3.77456484	  42.03929990  -38.95513750 -629.25670313   13.34089966   49.08596473   -8.93837506	189.80562602	0	0.00000000	0.00000000	0.00000000	 0.25361320  0.08046359 -0.03941718	-0.01518518 -0.07280892 -0.15983522	-12.13102699   3.97885463  15.14731097 -40.23559826 -30.86397564   8.84889278 -26.68385353 -22.03413827 -19.47387552   3.20663928  96.29356327   6.78332308	 0.02182087  0.03094806 -0.36639124  0.62863284 -0.30425736  0.00897379  0.00889071  0.03215223 -0.13925475  0.52933830 -0.41529453 -0.00119650	
0.00400400	0.48838958	0.00000000	 -82.26203156  -20.18769455 -492.02471924    5.54501772  -35.12833023   -3.34207988	  50.96756744  -52.15673065 -605.27307129   10.87048817   65.32546234  -10.30174160	 -65.96869565   -3.83892876 -517.36912228    9.05623256  -55.69212856   -4.25577774	  49.58854692  -35.11090472 -630.02734984   13.40032344   50.09791399   -7.93004943	189.82077075	0	0.00000000	0.00000000	0.00000000	 0.25863530  0.08655886 -0.03388829	-0.01335787 -0.10893898 -0.17717247	-12.52526627   5.91977182  14.91828089 -44.04637505 -31.79806281   9.63687723 -24.84645905 -21.34130011 -19.32559250   2.44641378  94.71824423   6.78718871	 0.02105388  0.03028077 -0.36395988  0.62851781 -0.30429572  0.00918854  0.00867865  0.03231330 -0.13951552  0.53166997 -0.41412103 -0.00119650	
0.00398400	0.49060354	0.00000000	 -83.69587708  -16.91096687 -492.53787231    5.50742149  -34.67049789   -3.47560859	  57.15392685  -49.49718857 -606.23791504   11.14195633   65.29167938   -9.14643002	 -70.30992041   -2.30898709 -517.14055839    8.72051929  -55.45058490   -4.70972655	  55.35304974  -31.42206158 -630.00302832   13.48232914   50.73693664   -6.87872506	189.81657074	0	0.00000000	0.00000000	0.00000000	 0.26421850  0.09404630 -0.03318654	-0.00041804 -0.10136759 -0.21728232	-13.73831652   8.18149481  14.67817636 -48.26680975 -32.85066608  10.09456329 -23.22469859 -21.23570019 -18.19700151   1.63891176  92.85546775   7.19442990	 0.02030990  0.02972854 -0.36158222  0.62846410 -0.30437240  0.00941097  0.00841947  0.03242835 -0.13969193  0.53438509 -0.41280180 -0.00123485	
0.00400400	0.49282861	0.00000000	 -79.57497406  -12.57711887 -483.92941284    5.53750992  -34.18050385   -3.86848974	  67.25748444  -44.90826035 -604.51361084   11.37787247   64.49987030   -8.20801163	 -70.86699155    1.59909679 -512.77851063    8.29619880  -54.80234387   -5.11007285	  62.92455292  -27.79612332 -630.01744802   13.57342953   51.00020666   -5.87424774	189.82238447	0	0.00000000	0.00000000	0.00000000	 0.27016955  0.09791668 -0.03174180	-0.00817727 -0.12743103 -0.20005860	-16.01773003   9.46643593  13.73522911 -53.03056199 -33.66560482  10.35342632 -22.33496812 -20.21508905 -17.41800872   1.94487882  91.38978499   7.65370344	 0.01955825  0.02930670 -0.35944229  0.62842578 -0.30448747  0.00967175  0.00808960  0.03247437 -0.13974562  0.53730732 -0.41141355 -0.00130388	
0.00399600	0.49504921	0.00000000	 -71.70346069  -11.02493572 -477.65200806    5.55129337  -34.11585617   -4.63198233	  69.93931580  -40.01277924 -605.90917969   11.53129578   63.94559860   -7.19724512	 -66.77361403    3.71052784 -506.33599841    8.06817959  -53.94027919   -5.66732583	  66.05404138  -24.10569504 -629.53237537   13.49976211   50.78693044   -5.06388925	189.80088980	0	0.00000000	0.00000000	0.00000000	 0.27731412  0.09793472 -0.02900629	-0.00817727 -0.12743103 -0.20005860	-16.16547282  10.15782291  13.44797184 -58.34260856 -35.01956194  10.40116187 -19.24212520 -20.08958364 -17.26482852   1.94789221  89.18417976   8.24729273	 0.01882194  0.02905359 -0.35747880  0.62834907 -0.30464086  0.00995553  0.00768905  0.03247437 -0.13971494  0.54041368 -0.40995628 -0.00141893	
0.00398000	0.49726096	0.00000000	 -62.42872238  -10.93179035 -473.19326782    5.58831310  -34.46683121   -5.12623978	  72.43952179  -37.03587341 -605.61724854   11.71671772   63.61571503   -6.68979359	 -59.10595886    5.62832278 -499.93514996    7.92251742  -53.24217267   -6.38478330	  66.23516299  -20.03612655 -628.68699273   13.38418707   50.52620870   -4.45872413	189.54429474	0	0.00000000	0.00000000	0.00000000	 0.28450225  0.09788536 -0.02634783	-0.00817727 -0.12743103 -0.20005860	-17.20547764  10.21156732  12.95933469 -63.14279042 -36.32877154  10.63022480 -16.69049124 -19.14267444 -16.55900508   2.74222485  87.47676724   8.71055467	 0.01807796  0.02896155 -0.35563037  0.62822634 -0.30484793  0.01024699  0.00723352  0.03239000 -0.13960756  0.54368103 -0.40845299 -0.00155699	
0.00400400	0.49948600	0.00000000	 -48.45241928   -7.56932640 -465.15133667    5.49586868  -34.18492889   -5.18882990	  77.47441101  -32.14505768 -599.75634766   11.85138130   62.59194946   -5.89503193	 -48.18114454    8.27464782 -491.98202128    7.59395897  -52.21280775   -6.80944248	  68.55102258  -15.22646438 -626.32612655   13.33116542   50.11911245   -4.01697247	189.32386142	0	0.00000000	0.00000000	0.00000000	 0.29015027  0.09941420 -0.02449887	-0.02354356 -0.18604088 -0.19620576	-18.20076160  10.43433481  12.56407136 -67.76045662 -37.94384601  10.96497918 -14.39777076 -17.91290320 -16.05431450   3.69010173  85.99804078   9.24634328	 0.01734932  0.02901524 -0.35382026  0.62804997 -0.30508572  0.01057680  0.00671515  0.03228262 -0.13947718  0.54714018 -0.40688065 -0.00170272	
0.00398800	0.50170219	0.00000000	 -35.43640137   -5.36332655 -457.57077026    5.59533072  -34.70563507   -4.97913551	  78.78089905  -26.70042038 -596.84600830   12.09324169   61.86033249   -5.32571507	 -37.01947859   11.43342091 -487.05312592    7.28348697  -51.41418330   -6.90540176	  67.92394873  -11.22522210 -623.87490457   13.24980009   49.59356477   -3.64585239	189.13499563	0	0.00000000	0.00000000	0.00000000	 0.29360006  0.10270263 -0.02428834	-0.02037649 -0.16844600 -0.21323406	-19.28782564   9.79530457  10.58435849 -73.20481277 -40.36061122  11.10283517 -12.02099137 -17.24343747 -17.23017251   3.77441971  83.74435936   9.49288452	 0.01662068  0.02918398 -0.35197949  0.62781984 -0.30533880  0.01091427  0.00614181  0.03216757 -0.13936980  0.55078334 -0.40523928 -0.00181777	
0.00399600	0.50392282	0.00000000	 -21.05197334   -0.30266914 -454.00210571    5.74346304  -35.71554947   -5.32171440	  78.00950623  -23.04730797 -587.25109863   12.07852554   60.85567093   -4.92897701	 -23.36661836   14.80004885 -482.03201549    7.05180881  -50.93452673   -6.94759143	  65.06061675   -8.13900302 -618.72279208   13.17008482   48.92812815   -3.19740455	189.04523691	0	0.00000000	0.00000000	0.00000000	 0.29759844  0.10195803 -0.02384978	-0.02611695 -0.19495148 -0.20959501	-20.73828895  10.29970930   9.38172360 -77.78046288 -42.56520413  11.37681601 -10.68141265 -16.25838255 -17.58413442   4.26024122  81.87839012   9.68254608	 0.01587670  0.02934505 -0.35001600  0.62751305 -0.30559191  0.01126709  0.00552920  0.03208320 -0.13930844  0.55462599 -0.40358260 -0.00192515	
0.00399600	0.50614339	0.00000000	  -8.15072536    0.81636435 -457.58688354    6.08292246  -36.65063858   -5.96877909	  69.42514801  -21.49482346 -578.63885498   11.94429111   60.14999771   -4.51427794	  -8.70938995   17.72032275 -480.11852074    7.07113401  -50.90207438   -7.48670545	  59.35139206   -6.11713217 -608.74231016   13.03050767   48.08969763   -2.97770103	188.95523736	0	0.00000000	0.00000000	0.00000000	 0.30012897  0.09935313 -0.01992872	-0.04936395 -0.15054014 -0.18044429	-21.19606857   9.96578221   7.35706494 -82.74383206 -44.64124459  11.13759525  -8.49322382 -15.30851379 -19.87959262   3.04353800  79.00317692   9.87024410	 0.01510971  0.02946777 -0.34794512  0.62713724 -0.30586803  0.01163524  0.00490088  0.03202951 -0.13930844  0.55864501 -0.40187222 -0.00200951	
0.00398800	0.50835961	0.00000000	   1.39374101    1.51403821 -461.97048950    6.17820263  -37.44960022   -6.15451431	  63.80425262  -26.20224953 -562.79687500   11.51908493   59.37602997   -4.89308023	   1.31467638   19.68692758 -481.03652250    7.16848560  -51.05147725   -7.95444091	  51.25641070   -7.29866084 -598.39146576   12.89479817   47.32845298   -3.00097968	188.78022498	0	0.00000000	0.00000000	0.00000000	 0.29818295  0.09330613 -0.00753519	-0.04936395 -0.15054014 -0.18044429	-20.51925625  10.82808139   5.99328663 -86.60402206 -46.60185550  11.22856351  -6.04285989 -14.24606985 -22.02933171   1.65915851  76.54915223  10.07027532	 0.01434272  0.02954446 -0.34559047  0.62673074 -0.30616716  0.01199573  0.00425686  0.03201417 -0.13941582  0.56281745 -0.40014648 -0.00208621	
0.00400000	0.51058245	0.00000000	   2.78538227    6.84906054 -466.84982300    6.42468166  -38.00778580   -6.39162493	  59.98830414  -28.20064163 -557.89526367   11.17853832   58.81703949   -5.36725140	   7.07693269   22.54299827 -484.14513172    7.05905064  -51.46813319   -8.26166810	  43.49684648  -10.08122742 -589.05907646   12.76251319   46.66606436   -3.39710835	188.86679086	0	0.00000000	0.00000000	0.00000000	 0.29830847  0.09051301 -0.00779198	-0.09169117 -0.16814528 -0.16854403	-21.39297759  11.79977598   4.33620893 -88.91502697 -47.30287557  11.29450327  -4.96192244 -13.22383711 -24.35282394  -0.43694585  74.30474331  10.09800905	 0.01358340  0.02956747 -0.34301338  0.62630123 -0.30651230  0.01233320  0.00365210  0.03203718 -0.13964592  0.56716627 -0.39842075 -0.00214757	
0.00400000	0.51280528	0.00000000	   1.22073483    8.80225849 -476.04269409    6.49730921  -37.94832611   -6.42469978	  56.49328613  -30.29073715 -544.46081543   10.86796951   57.66267395   -5.27253771	   8.53885934   25.74479482 -490.38241203    6.92783500  -51.90724348   -8.55961983	  37.25439968  -11.31195911 -579.50896318   12.52838201   45.70644265   -3.77415255	188.77301035	0	0.00000000	0.00000000	0.00000000	 0.29780506  0.08999148 -0.00964454	-0.07589547 -0.16759718 -0.18359046	-21.52237635  13.63661890   2.37008992 -91.57559485 -48.76806650  11.40073306  -3.20254505 -13.18539142 -27.35003155  -2.98785562  71.24955075  10.15538001	 0.01285476  0.02955980 -0.34018317  0.62584102 -0.30687279  0.01261699  0.00307091  0.03210621 -0.14003707  0.57168382 -0.39672568 -0.00218592	
0.00400000	0.51502812	0.00006007	  -7.32208824    5.96799088 -481.22396851    6.08334112  -37.95013428   -6.85079098	  59.28495407  -23.02925682 -533.77636719   10.88106823   55.65512085   -4.95465899	   3.77989418   26.96630505 -497.47174950    6.79881152  -52.42971529   -8.84879931	  33.74635624  -10.57667582 -567.60889803   12.27647361   44.61356197   -3.73809259	189.05811028	0	0.00000000	0.00000000	0.00000000	 0.29185498  0.09056936 -0.00618080	-0.07589547 -0.16759718 -0.18359046	-23.34709093  15.11695669  -0.42690189 -92.04331029 -48.43914537  12.09815635  -2.64623648 -12.92693790 -30.50613552  -6.25313208  68.82644462  10.02124877	 0.01213379  0.02949077 -0.33712289  0.62531948 -0.30723327  0.01285476  0.00252898  0.03215990 -0.14061232  0.57631648 -0.39505365 -0.00218592	
0.00399600	0.51731551	0.00017290	 -18.07525063    0.29088908 -490.66912842    6.26605034  -37.96107864   -7.00391483	  65.89018250  -20.69171715 -519.01586914   10.54661179   53.41503525   -4.37034798	  -4.46645893   25.14364965 -506.79036504    6.86372818  -53.21643720   -9.22584081	  35.41331309   -7.92170316 -554.31955670   11.95748209   43.29521757   -3.47982472	189.06422330	0	0.00000000	0.00000000	0.00000000	 0.28850297  0.08963441 -0.00894014	-0.04879236 -0.14133896 -0.16673100	-24.50831291  17.45426710  -2.12517715 -92.72048076 -48.76161835  12.36079194  -2.19240430 -12.66430568 -32.97157657  -9.50607278  65.92003327   9.99013964	 0.01138981  0.02940641 -0.33387086  0.62471354 -0.30762443  0.01304650  0.00206560  0.03219058 -0.14140232  0.58108711 -0.39343530 -0.00218592	
0.00399200	0.51972604	0.00026616	 -21.45486069    5.58687162 -503.82470703    6.10482454  -38.14178467   -7.28971624	  73.16379547  -24.18870926 -498.53308105    9.91905212   50.60692215   -3.92976809	 -12.32356220   23.52125213 -516.85198598    6.65245342  -54.09861861   -9.34921265	  40.18395029   -7.94026612 -537.99418232   11.53333182   41.54988979   -3.07704856	189.43431933	0	0.00000000	0.00000000	0.00000000	 0.28675397  0.08714411 -0.01221361	-0.06188570 -0.18871535 -0.15305693	-25.35803727  18.89000417  -4.37646550 -92.24918096 -48.07614301  13.27461413  -1.04646716 -12.45276412 -36.71387019 -14.32092129  62.94704477   9.98093576	 0.01061514  0.02934505 -0.33051911  0.62402326 -0.30807698  0.01323058  0.00166504  0.03221359 -0.14245309  0.58597285 -0.39181697 -0.00218592	
0.00398800	0.52223802	0.00038616	 -27.61711884    2.22458506 -515.38537598    6.05468893  -38.41893768   -7.57893610	  76.77119446  -26.34882545 -477.69827271    9.17214203   48.27854538   -4.04647779	 -19.61096622   23.03167770 -527.36775909    6.58248200  -54.98447695   -9.59665218	  43.69326756  -10.42438892 -519.36145281   11.08522137   40.07109261   -2.88348138	189.26234105	0	0.00000000	0.00000000	0.00000000	 0.29086343  0.08405669 -0.01926063	-0.06188570 -0.18871535 -0.15305693	-25.57304775  20.87397937  -5.96852982 -91.77070792 -48.10982060  13.73441248   0.23870207 -12.16620423 -40.03350989 -19.32429028  59.03121753   9.97670197	 0.00980981  0.02932971 -0.32710600  0.62319493 -0.30859852  0.01342233  0.00135874  0.03223660 -0.14371863  0.59088159 -0.39020628 -0.00218592	
0.00399200	0.52488559	0.00049309	 -26.81761742    5.69455576 -524.53564453    6.42232275  -39.24140930   -8.26800823	  79.04067230  -34.42028427 -458.14739990    8.10366917   45.95485687   -4.44641829	 -22.80244649   24.04444316 -538.63519916    6.59201005  -55.97228480  -10.10058753	  45.09492966  -16.00656634 -499.78163107   10.54334621   38.51264277   -2.97276879	189.65914855	0	0.00000000	0.00000000	0.00000000	 0.29496635  0.07773793 -0.01315004	-0.07889535 -0.21971356 -0.13779098	-26.27527327  22.21255629  -6.80575659 -89.93030942 -46.85073213  14.62667536   0.88541260 -11.87009210 -42.31770148 -24.40578687  55.77150079   9.97412488	 0.00903514  0.02932971 -0.32363153  0.62233585 -0.30918142  0.01366010  0.00116239  0.03228262 -0.14518358  0.59575969 -0.38858792 -0.00218592	
0.00398800	0.52764982	0.00065524	 -22.10428047   11.90240955 -542.52722168    6.95838833  -40.85744476   -9.10543537	  81.84293365  -37.62020493 -438.92926025    7.36043835   43.48586273   -4.62264681	 -21.95475436   29.34892832 -552.40113255    6.58916594  -57.40661179  -11.00042053	  48.17487237  -22.41251929 -479.66905477   10.05030881   36.92424862   -3.11721550	189.89985321	0	0.00000000	0.00000000	0.00000000	 0.29860528  0.07399861 -0.01008372	-0.08034826 -0.25590329 -0.10316613	-25.99823989  24.05652158  -7.26990322 -88.96029574 -46.06191598  14.80272679   1.97007499 -11.46031343 -44.88151123 -29.05271885  52.00582033   9.43582040	 0.00823748  0.02936039 -0.32014173  0.62136948 -0.30978736  0.01394388  0.00107600  0.03233631 -0.14683262  0.60058403 -0.38699260 -0.00213990	
0.00401200	0.53060758	0.00079620	 -19.81614494   18.25432777 -560.38769531    7.55773354  -42.38619995   -9.84970379	  88.51313019  -37.60614777 -424.56677246    6.78035355   40.27889633   -4.07541418	 -18.18615058   35.79348879 -568.44544523    6.65994018  -58.99534905  -12.01373410	  51.85935851  -24.93970121 -462.86895375    9.49738613   35.07783441   -3.02839603	189.72078084	0	0.00000000	0.00000000	0.00000000	 0.29808529  0.07565225 -0.01453103	-0.06472934 -0.22831128 -0.10438438	-25.26838037  25.05031472  -8.04647487 -88.53022309 -45.39769215  15.44896013   3.39240898 -11.46230295 -48.47337674 -34.44785028  48.01315939   8.53249051	 0.00746281  0.02939107 -0.31662890  0.62041843 -0.31043163  0.01424301  0.00109170  0.03238233 -0.14859669  0.60527033 -0.38539726 -0.00201718	
0.00398000	0.53370422	0.00098470	 -22.82454872   23.42021179 -577.39685059    8.06725502  -43.65533829  -10.47354412	 101.40459442  -29.31694221 -401.40490723    6.71502209   36.56944275   -2.96235394	 -17.43850369   42.53722111 -584.84470777    6.71973822  -60.78083018  -12.97703270	  63.31631153  -24.74898426 -445.71191246    8.97577425   33.02272297   -2.41464044	190.00364487	0	0.00000000	0.00000000	0.00000000	 0.29071875  0.07841812 -0.01304294	-0.04841774 -0.18973668 -0.13612775	-25.85767736  27.14274454  -7.63822910 -88.05641028 -44.87846082  15.58789779   4.03754135 -10.45754093 -50.67365246 -37.84688258  44.44918137   7.44244359	 0.00673417  0.02939874 -0.31314677  0.61955935 -0.31103754  0.01455747  0.00118595  0.03241301 -0.15042213  0.60981095 -0.38378656 -0.00180243	
0.00399600	0.53701925	0.00114431	 -34.86874008   26.95889854 -594.39819336    8.47243404  -43.79378510  -11.19453812	 104.34489441  -26.24393272 -377.25054932    6.49950075   33.43400955   -1.81483138	 -25.07965731   46.77675335 -603.51274600    6.85806275  -62.68968829  -13.89186327	  71.33454376  -20.09562557 -424.53793869    8.45299091   30.58949909   -1.49809353	190.41165964	0	0.00000000	0.00000000	0.00000000	 0.28315518  0.07892582 -0.01240860	-0.04964751 -0.16760316 -0.12555093	-27.53958367  29.14933766  -8.99155220 -88.86537051 -44.40735696  16.47381583   4.25211522 -10.08539844 -54.10106445 -40.68742165  40.08460309   6.23090605	 0.00602854  0.02939874 -0.30972600  0.61878473 -0.31158978  0.01487194  0.00131947  0.03242835 -0.15226290  0.61429018 -0.38213754 -0.00153398	
0.00400800	0.54051834	0.00136698	 -47.16730499   18.96784019 -609.86242676    8.10536480  -43.50904465  -11.67035484	 105.05299377  -23.86444473 -356.92559814    6.16403103   31.48820686   -1.27610886	 -38.75798908   45.73942096 -621.00043100    6.99423836  -64.08974356  -14.54335314	  74.40556797  -15.67190719 -402.48394470    7.96529980   28.70291925   -0.81918568	190.31718149	0	0.00000000	0.00000000	0.00000000	 0.27689081  0.07666780 -0.01378263	-0.04964751 -0.16760316 -0.12555093	-27.54192775  31.61987824  -8.79369958 -90.64924518 -44.98103801  16.91503391   5.47155519  -9.24909624 -56.67784010 -42.63648678  35.42687929   5.81397000	 0.00538427  0.02939874 -0.30639726  0.61804843 -0.31205764  0.01515573  0.00150011  0.03244369 -0.15401931  0.61867732 -0.38041180 -0.00128087	
0.00399200	0.54425603	0.00160816	 -62.28584671   20.18165016 -629.22296143    8.32347012  -43.43177032  -11.75966263	  97.47280884  -20.44169044 -330.01916504    5.42749786   29.20425797   -0.81974280	 -52.24796553   45.13894983 -636.74865928    7.07204761  -65.37815413  -14.85651757	  71.39707297  -12.66551624 -379.66605660    7.32989729   26.99040038   -0.30171249	190.28698133	0	0.00000000	0.00000000	0.00000000	 0.27342484  0.07402205 -0.01180879	-0.06265908 -0.13821510 -0.11029374	-28.77942906  34.88166515  -8.94938191 -92.68722533 -45.52036948  18.40122471   6.29594139  -9.48381962 -60.05630345 -42.80092136  29.31910258   5.62989233	 0.00477835  0.02939874 -0.30325261  0.61732745 -0.31250250  0.01545485  0.00172002  0.03245136 -0.15566067  0.62291878 -0.37862474 -0.00111214	
0.00398000	0.54825509	0.00186565	 -66.81452179   21.64998627 -644.04290771    8.48894501  -43.87274933  -12.05217457	  95.24175262  -21.39959908 -306.09359741    4.82811117   26.75446892   -0.80922878	 -62.96900304   43.89292277 -653.01789115    7.13503420  -66.74183677  -15.04605444	  66.92189311  -12.61783095 -353.96145491    6.70231499   25.06316837   -0.14881800	190.26816387	0	0.00000000	0.00000000	0.00000000	 0.27032769  0.07325467 -0.00945596	-0.05312537 -0.09077718 -0.12257702	-28.53313454  39.02761366  -8.08749511 -95.74144420 -46.74791367  19.64672099   8.19404201  -9.43066231 -63.30634951 -41.72216469  21.39321353   5.61087114	 0.00424146  0.02941408 -0.30032268  0.61656809 -0.31291667  0.01576932  0.00197920  0.03245903 -0.15719464  0.62700683 -0.37682229 -0.00098942	
0.00401200	0.55255812	0.00209320	 -66.09159851   24.84973335 -662.70184326    8.85042572  -44.94996262  -12.46508980	  89.14958954  -20.76267052 -293.63574219    4.40770054   25.24146080   -0.95892501	 -66.65256961   49.07525790 -671.82152664    7.12961399  -68.16752790  -15.68068039	  63.59439860  -12.39862246 -333.94942888    6.09380713   23.27728598   -0.23717880	190.17854280	0	0.00000000	0.00000000	0.00000000	 0.26725416  0.07553484 -0.00719487	-0.05312537 -0.09077718 -0.12257702	-30.19524780  43.90267627  -7.63396113 -99.41226443 -47.76550244  21.22585778   9.23041956  -9.88008894 -66.68639190 -38.55497967  12.64506539   5.48465502	 0.00375825  0.02943709 -0.29770726  0.61575508 -0.31331551  0.01610680  0.00225409  0.03245903 -0.15874396  0.63093382 -0.37504289 -0.00091272	
0.00397600	0.55709404	0.00235096	 -61.16001892   30.36923409 -683.71728516    9.57712269  -47.39433289  -13.13702202	  85.88052368  -18.33960533 -262.60412598    3.66799188   21.94006348   -0.83514804	 -65.61345589   54.45435757 -688.52327080    7.25749260  -70.21312508  -16.33275942	  59.65953962  -13.12951995 -311.22773970    5.47219604   21.29315689   -0.19661672	189.99642937	0	0.00000000	0.00000000	0.00000000	 0.26069819  0.07689743 -0.00660401	-0.03529386 -0.04586365 -0.15095607	 -30.39543653   49.16874078   -5.42733750 -103.71395596  -49.74626046   22.04407386   10.32953175  -10.14570444  -68.63238631  -35.42152387    3.44167314    5.44851455	 0.00332874  0.02948310 -0.29552901  0.61489606 -0.31366065  0.01648262  0.00259181  0.03242068 -0.16037765  0.63450032 -0.37347054 -0.00085903	
0.00399600	0.56192756	0.00257049	 -57.82707596   36.54629898 -711.96685791   10.41114616  -48.91744614  -13.82685757	  86.73947906  -13.94626522 -235.81147766    3.25980544   18.86888504   -0.36480120	 -63.71199119   60.51633472 -711.12841038    7.45978090  -72.43555523  -17.22605751	  60.80184919  -10.85273699 -286.82981956    4.76331108   18.95308794   -0.05205407	189.94193058	0	0.00000000	0.00000000	0.00000000	 0.25453269  0.07614875 -0.00852144	-0.03507297 -0.05215017 -0.14994642	 -32.01905418   54.19646155   -3.97572488 -108.53231265  -51.44212551   23.05749538   10.53595703  -10.30804728  -70.58539468  -30.82614518   -5.57334333    5.24345194	 0.00295291  0.02959815 -0.29344279  0.61399871 -0.31403649  0.01691213  0.00301593  0.03235165 -0.16214940  0.63818955 -0.37195960 -0.00081301	
0.00402000	0.56701839	0.00279679	 -57.11162567   34.25220108 -726.01354980   10.61094189  -50.52044678  -14.11173153	  78.82574463  -10.59950829 -222.93811035    3.09812593   17.27977562   -0.28223133	 -60.95133281   63.89781744 -734.02323103    7.82603223  -74.57990633  -18.00522754	  57.89719205   -7.90539203 -264.18302060    4.18433928   16.84136072    0.06834003	189.28679863	0	0.00000000	0.00000000	0.00000000	 0.25334040  0.07103500 -0.01104678	-0.03507297 -0.05215017 -0.14994642	 -31.98047037   59.11839217   -1.20126922 -113.22034528  -53.48728335   22.88781691   10.65396758  -10.68262888  -71.20785466  -27.11274288  -13.34976377    5.29652778	 0.00263845  0.02982825 -0.29154834  0.61304760 -0.31437397  0.01734165  0.00352644  0.03225961 -0.16411290  0.64184046 -0.37067103 -0.00077466	
0.00397600	0.57233632	0.00298441	 -51.68503571   34.39554977 -755.20391846   11.19214153  -53.49555588  -14.19530296	  75.72462463  -10.62360764 -179.74406433    2.41676402   12.97593689   -0.06906944	 -58.41226513   66.84043425 -756.65731629    8.16370688  -77.36040810  -18.38398991	  55.65645377   -7.24253213 -236.21839412    3.59486551   14.36134528    0.24254910	188.96462910	0	0.00000000	0.00000000	0.00000000	 0.24936940  0.06499388 -0.01397506	-0.05630543 -0.05119300 -0.16409902	 -32.81491884   63.18627774    0.05341975 -118.02650729  -55.72095606   23.78666785   10.53537968  -11.74868562  -71.61767085  -22.60113413  -20.64801928    5.19798481	 0.00240835  0.03021942 -0.28979191  0.61208886 -0.31468076  0.01774815  0.00407622  0.03217524 -0.16622980  0.64549130 -0.36968929 -0.00074398	
0.00400400	0.57787830	0.00319866	 -50.54076385   36.85993195 -785.77954102   11.61651039  -55.67322922  -14.32975101	  64.11445618   -8.66392612 -160.59478760    1.73563588   11.63166237    0.08896113	 -54.49865663   68.45670261 -785.27375448    8.44413465  -80.12945394  -18.69590755	  51.53261354   -5.12940215 -207.80649975    2.95013448   11.98567414    0.25498255	188.76577474	0	0.00000000	0.00000000	0.00000000	 0.24651354  0.05835146 -0.01506620	-0.06201066  0.02166572 -0.13139136	 -33.29188797   66.83660582    1.87104317 -123.00320396  -57.98514667   23.86549843   10.13108218  -12.92058674  -71.61770971  -18.41237276  -26.96476500    5.07661623	 0.00226262  0.03074864 -0.28808153  0.61111480 -0.31493387  0.01812398  0.00468097  0.03209854 -0.16835436  0.64913452 -0.36906037 -0.00072097	
0.00399200	0.58365178	0.00331408	 -47.45203018   39.60832214 -809.19213867   12.03470325  -57.55769730  -14.72529697	  64.51771545  -10.87184429 -127.44396210    1.46356118    9.14656162    0.17842267	 -52.40045321   72.72232764 -812.76906366    8.76477814  -83.01202144  -19.29169039	  48.93642211   -6.20086748 -178.53693587    2.44233537   10.05891359    0.48796695	188.37694279	0	0.00000000	0.00000000	0.00000000	 0.24672892  0.05284840 -0.01136024	-0.06201066  0.02166572 -0.13139136	 -32.68788916   69.28852375    3.79452904 -127.52689592  -59.73306152   24.98248021   10.48516323  -14.66623189  -72.04226424  -13.69291439  -31.80241317    5.01433674	 0.00218592  0.03136223 -0.28639415  0.61015606 -0.31511793  0.01843078  0.00534071  0.03200650 -0.17075503  0.65276235 -0.36881492 -0.00069029	
0.00398000	0.58954680	0.00342541	 -53.28764343   46.94600296 -849.26440430   13.03087425  -59.74724579  -15.82190800	 47.02505493 -13.00015926 -95.60853577   0.99073619   6.81055737   0.55446100	 -54.68323961   77.27428876 -842.22286470    9.10892359  -86.08987497  -20.20084649	  44.15349310   -7.95620624 -144.02905620    2.13306809    7.44647940    0.42989555	188.23954548	0	0.00000000	0.00000000	0.00000000	 0.24136932  0.05082439 -0.00784009	-0.06095392  0.09461170 -0.14050294	 -33.27368315   71.48977019    5.41885026 -131.65748343  -61.33032006   25.36904002    9.40264809  -15.36523347  -71.47808878   -8.69655902  -33.24864332    4.66661395	 0.00220126  0.03205252 -0.28472978  0.60924333 -0.31525600  0.01866854  0.00603186  0.03187611 -0.17327844  0.65639025 -0.36894530 -0.00063660	
0.00399200	0.59557229	0.00343819	 -60.62113953   55.47603226 -878.07769775   13.82524681  -61.60013580  -16.41772270	 36.88564301  -9.39387608 -77.79769897   1.09113598   4.70161533   0.23712984	 -62.24548335   87.45268518 -874.02393643    9.25300737  -89.36448796  -21.47636616	  33.10863141   -7.41565864 -119.11551892    1.83567358    5.88149176    0.51731543	188.46948248	0	0.00000000	0.00000000	0.00000000	 0.23562749  0.04953087 -0.00620733	-0.07401597  0.09937159 -0.17731676	 -34.12250663   70.96800190    6.52644501 -134.76079420  -62.89204828   26.64276111    8.56573031  -15.85131075  -70.13147596   -4.03576868  -32.62945745    4.37926880	 0.00228563  0.03275048 -0.28300405  0.60839200 -0.31536338  0.01880660  0.00673871  0.03166903 -0.17595524  0.66005647 -0.36948988 -0.00055990	
0.00400000	0.60161638	0.00342135	 -66.77091217   60.62003708 -902.51806641   14.28786659  -62.88772202  -17.02440071	 36.27198792  -7.62625265 -51.39439392   1.09306991   2.69510651   0.37279463	 -69.15019138   96.95520610 -903.51665311    9.37266790  -92.30529726  -22.58224851	 30.59975726  -6.86439336 -93.35951577   1.74051546   4.11519811   0.51520013	188.55545398	0	0.00000000	0.00000000	0.00000000	 0.23133902  0.04821553 -0.01256866	-0.07401597  0.09937159 -0.17731676	 -36.09025630   70.33821357    6.61776967 -136.24591316  -64.31964605   27.41314036    7.55412445  -15.47007379  -69.21185593   -2.56259391  -30.02183443    3.80500782	 0.00239301  0.03341009 -0.28121698  0.60758668 -0.31542474  0.01883728  0.00745343  0.03140825 -0.17880844  0.66374570 -0.37041026 -0.00045252	
0.00400400	0.60764402	0.00336063	 -75.07400513   64.79634857 -934.90899658   14.77219963  -64.64826202  -17.68071556	 18.48687553  -5.71084166 -29.71132088   0.81164330   2.04463387   0.49548355	 -78.58140479  103.65560600 -931.09677676    9.36858701  -95.19423845  -23.52173971	 22.27513404  -5.64575053 -70.56915688   1.50896122   2.65816443   0.58820516	189.09584620	0	0.00000000	0.00000000	0.00000000	 0.22610234  0.04539784 -0.01728924	-0.07405846  0.11028774 -0.20418700	 -36.32126250   69.38677496    6.11454739 -137.47723331  -65.82658114   28.41448052    7.08127232  -15.03170217  -68.82963045   -1.68365344  -26.36628599    3.15895664	 0.00250806  0.03393932 -0.27938387  0.60687333 -0.31545541  0.01880660  0.00816029  0.03110145 -0.18183038  0.66745025 -0.37166813 -0.00032214	
0.00400000	0.61360192	0.00326048	 -78.07782745   68.48428345 -955.63171387   15.12498379  -66.26936340  -18.17830658	27.97887039 -4.19652367 -8.04372692  0.39770427 -1.97214794  0.47122586	 -84.71331958  108.94238356 -957.75556097    9.33400567  -97.97746808  -24.30781631	 22.77989417  -4.83505561 -49.62591663   1.07646057   1.26507122   0.55043690	189.14762754	0	0.00000000	0.00000000	0.00000000	 0.22295419  0.04155269 -0.02010672	-0.06297549  0.11866518 -0.20104766	 -38.13802237   68.84789012    5.49124474 -137.57754729  -66.68705391   29.33534209    5.89230439  -14.21805746  -67.57586292   -1.47112139  -21.65548867    2.38754852	 0.00262311  0.03431514 -0.27748173  0.60614473 -0.31546310  0.01874524  0.00885144  0.03074864 -0.18505940  0.67113179 -0.37320977 -0.00013806	
0.00397600	0.61943519	0.00308090	 -83.80773163   69.75233459 -973.79705811   15.34835052  -67.24780273  -18.67118263	19.75970840 -6.24974203 -5.56791019 -0.15773906 -0.51980788  0.21521987	 -90.58906086  112.73535572 -978.74073691    9.42549725 -100.23957184  -25.07738686	 22.40998918  -5.35225688 -36.43255436   0.60655561   0.29965964   0.41061814	189.32654340	0	0.00000000	0.00000000	0.00000000	 0.22272785  0.03570201 -0.02272586	-0.06297549  0.11866518 -0.20104766	 -38.29975760   67.84002122    5.02142623 -136.59236392  -67.42366407   30.12831279    5.46475706  -12.65360354  -65.84671910   -2.65698039  -16.40259773    1.58490862	 0.00275350  0.03446854 -0.27564862  0.60547745 -0.31546310  0.01872223  0.00952688  0.03037281 -0.18848018  0.67480570 -0.37488949  0.00005369	
0.00400000	0.62508219	0.00293215	 -92.70002747   71.78752136 -993.83477783   15.64384174  -67.67861176  -19.35026932	 15.67448044 -10.20864105 -13.90590763  -0.63919514  -0.74526232  -0.32356226	 -98.56597006  113.14580299 -998.76111961    9.51156525 -102.17980659  -25.70309529	 12.79085309  -8.80580075 -38.54215046   0.21428626   0.11710740   0.31216132	189.42976836	0	0.00000000	0.00000000	0.00000000	 0.22507071  0.03081975 -0.02410807	-0.05923134  0.11297184 -0.18590263	 -38.63974948   67.46109806    4.21346470 -135.60484630  -68.43039777   29.91460987    4.40576960  -11.71503945  -63.31824782   -4.94631735  -12.24102850    1.06998201	 0.00289155  0.03444553 -0.27386922  0.60487920 -0.31546310  0.01872223  0.01017090  0.03000466 -0.19215406  0.67846423 -0.37666124  0.00025311	
0.00399600	0.63056165	0.00283731	  -93.73701477    63.41053009 -1003.86096191    14.89347363   -67.96009827   -19.39666939	20.66393661 -7.71400070  0.30933782 -0.40664470 -2.26054025 -0.11331277	 -104.99599539   114.17315631 -1011.48746213     9.17893419  -103.24918992   -26.04249412	 18.48105214  -9.59471122 -28.47803857   0.13768307  -0.48533949   0.15623203	189.38512683	0	0.00000000	0.00000000	0.00000000	 0.22856746  0.02761401 -0.02625369	-0.04187187  0.07397443 -0.18853883	 -38.13844850   67.08868097    3.19600452 -135.17093799  -69.79239715   29.66976786    4.34702749  -10.92493796  -60.29156299   -6.83697770   -9.08572022    0.55161934	 0.00304495  0.03433815 -0.27218184  0.60438830 -0.31546310  0.01872223  0.01078351  0.02969019 -0.19602737  0.68209976 -0.37849435  0.00043718	
0.00400400	0.63594013	0.00287674	 -100.65079498    61.32626343 -1004.83483887    14.68875694   -67.93603516   -19.09505653	11.89435482 -6.18547773 -5.57547188 -0.35721496 -0.05346730 -0.04470880	 -111.79709104   110.29072374 -1018.79910979     9.10913400  -104.00062799   -25.96583605	 16.36524767  -7.53550883 -28.40675115   0.12312458  -0.21386035   0.14418308	189.48533635	0	0.00000000	0.00000000	0.00000000	 0.23679265  0.03015928 -0.03455979	-0.04187187  0.07397443 -0.18853883	 -38.60340585   67.30519717    2.27205590 -135.44454231  -71.42619525   29.15161189    4.09718771  -10.27094583  -57.10796788   -8.90669136   -6.31059821    0.10694903	 0.00322136  0.03424611 -0.27064016  0.60406619 -0.31547841  0.01872990  0.01134115  0.02946009 -0.20005406  0.68565094 -0.38032743  0.00059825	
0.00399200	0.64135581	0.00293130	 -104.87957764    56.85770798 -1005.68389893    14.22282696   -67.14928436   -19.00181580	12.46460915 -2.55340171  4.42228556 -0.08111209 -0.99882436  0.17925517	 -119.41789347   105.84208689 -1022.43258357     8.84996772  -104.15811297   -25.71348055	  9.81174532  -4.44066101 -27.17491136   0.08436299   0.13953759   0.22541771	189.51340237	0	0.00000000	0.00000000	0.00000000	 0.24206563  0.03098990 -0.03086192	-0.04005725  0.07493036 -0.19467422	 -37.75711124   67.20601728    1.55957032 -135.27174335  -73.37652490   28.77154583    4.37686405  -10.48995985  -53.70009538  -10.68308925   -4.40877607   -0.25451808	 0.00338243  0.03416175 -0.26925960  0.60385907 -0.31550911  0.01872990  0.01190663  0.02925301 -0.20420349  0.68913305 -0.38212988  0.00075165	
0.00398400	0.64682764	0.00303605	  -99.60503387    58.95816422 -1009.64465332    14.34043884   -67.44155121   -19.75488853	15.51548004 -4.60950947  4.43758965 -0.33841065 -1.40063751  0.07552992	 -119.68838827   105.51414279 -1024.55910662     8.73893530  -103.97165694   -26.00213397	 15.15812857  -4.12234234 -21.75080341   0.07011509  -0.27323988   0.19446654	189.44071859	0	0.00000000	0.00000000	0.00000000	 0.24539105  0.03275373 -0.02872434	-0.04005725  0.07493036 -0.19467422	 -37.57646463   67.21556953    1.61677555 -135.78942096  -74.59187256   28.22942347    4.38009105  -10.70663964  -50.10159700  -12.16416329   -2.68969092   -0.29366525	 0.00352049  0.03410039 -0.26806310  0.60372871 -0.31557047  0.01872990  0.01243285  0.02907660 -0.20839892  0.69250780 -0.38391697  0.00085136	
0.00399200	0.65242040	0.00318242	  -85.63381958    64.46279907 -1007.38763428    14.60748100   -68.33411407   -20.37101555	 9.26011753 -7.37523460 -4.82191896 -0.71377575 -0.04807646  0.01028765	 -112.53311004   107.70344203 -1024.86732298     8.68125713  -103.89384331   -26.71035151	 11.17230162  -7.21694005 -26.54246855   0.05256022  -0.00875681   0.22684483	189.40051018	0	0.00000000	0.00000000	0.00000000	 0.24847285  0.03446061 -0.02663193	-0.04005725  0.07493036 -0.19467422	 -36.51205557   66.38065859    1.22535920 -136.55673349  -76.14921940   27.89963105    4.73583985  -11.08724930  -46.64744248  -13.82263544   -1.50977251   -0.18567312	 0.00366621  0.03406204 -0.26701230  0.60370570 -0.31566250  0.01872990  0.01296692  0.02891553 -0.21261737  0.69574451 -0.38563502  0.00090505	
0.00400400	0.65818244	0.00332101	  -75.32636261    68.71160889 -1005.00274658    14.79380989   -68.87606049   -20.60881424	16.94684792 -3.02789760 -4.26024580 -0.15784295 -1.33744097  0.17811629	 -101.82161137   112.52405411 -1022.31857376     8.20559925  -103.63973365   -27.18241645	 11.17139772  -5.95462268 -28.15030521   0.07086781  -0.23783948   0.26938995	189.36571613	0	0.00000000	0.00000000	0.00000000	 0.25097435  0.03412314 -0.02751309	-0.03836438  0.07232662 -0.24842193	 -36.01547378   66.65878889    1.06932352 -138.12263875  -77.71766966   27.45450889    4.47611836  -11.40113572  -43.68231694  -14.65185468   -0.76219458   -0.10817629	 0.00381961  0.03404670 -0.26611492  0.60371333 -0.31576222  0.01872990  0.01346958  0.02874679 -0.21680513  0.69863605 -0.38729173  0.00092039	
0.00399600	0.66409409	0.00349912	 -62.38349152   58.91316986 -999.53485107   14.41753483  -68.75411987  -20.55733299	14.05036736 -2.79446459 -6.85473967 -0.05025518 -0.73385507  0.25736171	  -97.12855113   108.22752041 -1023.09052557     8.29327590  -103.62571808   -27.18600553	 14.37487467  -2.73694754 -28.81779267   0.04934820  -0.40173185   0.25686902	189.35795087	0	0.00000000	0.00000000	0.00000000	 0.25401459  0.03008351 -0.02784688	-0.05151539  0.06150203 -0.22691919	 -37.13358448   66.34792968    0.96223177 -139.13267585  -79.08496227   26.93889900    3.48542085  -11.27504276  -39.52651260  -15.42915395   -0.50550147   -0.01263998	 0.00401136  0.03404670 -0.26534793  0.60371333 -0.31585425  0.01872990  0.01394081  0.02855505 -0.22092387  0.70156598 -0.38877201  0.00092039	
0.00400000	0.67020595	0.00368668	  -69.21516418    53.79591751 -1003.19549561    14.39698124   -68.13278961   -20.16402626	  8.51704502  -4.39995146 -11.59905243  -0.27236894   0.05489485   0.19868515	  -93.37888001   105.59701869 -1022.71239769     8.27936402  -102.87542904   -26.84765465	 10.11655032  -2.69901000 -32.99305386   0.10340095  -0.18808757   0.29863958	189.33498629	0	0.00000000	0.00000000	0.00000000	 0.25952776  0.02157926 -0.02518329	-0.05151539  0.06150203 -0.22691919	 -36.31255062   67.03679611    0.90077985 -141.26245673  -80.36437516   25.94246905    3.28152461  -11.67377055  -36.50805202  -15.25301599   -0.25744910    0.03031148	 0.00422612  0.03404670 -0.26459628  0.60371333 -0.31595397  0.01872990  0.01437278  0.02832495 -0.22502726  0.70435780 -0.39025229  0.00091272	
0.00399600	0.67652398	0.00388168	 -64.10173798   48.98162842 -992.24499512   13.89234924  -68.39156342  -19.94399071	11.32116795 -5.18432379 -7.49023056 -0.29805005 -0.97081715 -0.07174978	  -91.65629117    98.70722587 -1016.69447655     8.21432498  -102.37883841   -26.47033691	 12.03513956  -4.77242119 -31.91602354   0.03142861  -0.31306782   0.27065971	189.55426062	0	0.00000000	0.00000000	0.00000000	 0.26526998  0.01526872 -0.02328393	-0.06240264  0.08067173 -0.20134956	 -36.06495579   67.58599778    0.50136441 -142.95142601  -81.42642261   25.18120881    3.07001988  -11.62803342  -33.55860441  -15.31680516   -0.19950137    0.26703521	 0.00447155  0.03404670 -0.26385230  0.60371333 -0.31606901  0.01872990  0.01475763  0.02807184 -0.22907697  0.70698094 -0.39164823  0.00088971	
0.00399600	0.68305880	0.00404810	 -55.93112183   44.04865265 -992.45123291   13.68820858  -68.64762115  -19.56137276	 5.33429861 -7.21446180 -8.22016239 -0.30925065  0.03919373  0.04592490	  -85.51394831    93.41755372 -1012.12755123     8.21902363  -101.91516497   -25.98603921	  9.39141002  -5.62925085 -31.04423879   0.08098126  -0.38142931   0.23868710	189.62870161	0	0.00000000	0.00000000	0.00000000	 0.27180507  0.00995987 -0.02253104	-0.06843260  0.04856022 -0.17856763	 -35.12097405   68.65823969    0.34324048 -144.50578728  -82.05462927   24.03812239    3.23521221  -11.96810782  -31.25091128  -14.49832529   -0.20768734    0.16818551	 0.00474000  0.03405437 -0.26309299  0.60371333 -0.31619939  0.01872990  0.01506393  0.02779573 -0.23278920  0.70942760 -0.39295211  0.00088971	
0.00399200	0.68977630	0.00421477	 -50.18976593   47.09509277 -986.30426025   13.73074913  -68.16763306  -19.50313568	  5.39744520  -2.43813205 -10.38871670  -0.07236639  -0.01580128   0.08965197	  -79.44833967    91.15215976 -1007.71576185     8.26073165  -101.24251356   -25.63146962	  5.00712083  -4.67738451 -32.51583714   0.14605278  -0.28700743   0.18696945	189.72870677	0	0.00000000	0.00000000	0.00000000	 0.28346657  0.00803386 -0.02626983	-0.06843260  0.04856022 -0.17856763	 -34.43024409   69.18641675   -0.15151010 -146.20909213  -82.48237694   22.96359204    3.32656842  -11.89325569  -29.09530570  -13.82799424   -0.18201170    0.14554396	 0.00500845  0.03407738 -0.26214191  0.60371333 -0.31634513  0.01872990  0.01532311  0.02745825 -0.23668551  0.71164423 -0.39417163  0.00088971	
0.00400000	0.69668353	0.00431146	 -41.15723419   42.68774033 -978.60052490   13.50469589  -67.79731750  -19.36608315	 8.38346863 -2.54884982 -3.99985981 -0.17409110 -0.46810308 -0.05877466	  -73.88288613    87.95391540 -1002.46303830     8.22119849  -100.37135202   -25.27374700	  6.95587403  -2.73802194 -29.37235395   0.03407426  -0.31508823   0.20417271	189.91983457	0	0.00000000	0.00000000	0.00000000	 0.28797158  0.00445025 -0.02433538	-0.05390048  0.07462441 -0.15623771	 -34.25829083   70.24218426   -0.83188787 -147.40743707  -82.33195116   22.13798439    3.17092956  -11.72195250  -27.71592814  -12.71908426    0.21950455    0.13799677	 0.00525388  0.03411572 -0.26101446  0.60371333 -0.31649086  0.01871456  0.01555873  0.02705174 -0.24055114  0.71363837 -0.39531443  0.00088971	
0.00398400	0.70368934	0.00442021	 -31.12960625   44.34869385 -971.16558838   13.55786896  -67.97209930  -19.15464211	 5.04783010 -6.07654476 -8.42201900 -0.41621277  0.13266975  0.20436320	 -65.84632035   86.36930190 -995.21121109    8.18435497  -99.40624204  -25.10704902	  4.99943689  -4.33806986 -31.03145409   0.03449921  -0.31703228   0.24708802	190.09179510	0	0.00000000	0.00000000	0.00000000	 0.29184284  0.00149631 -0.02387953	-0.03542515  0.10256488 -0.14412166	 -33.66505995   69.75654062   -1.85950820 -148.07428793  -81.81945908   21.24159528    3.12954007  -11.36627078  -26.63974297  -11.86103343    0.91147516    0.13413114	 0.00550699  0.03416175 -0.25970289  0.60370570 -0.31663659  0.01869155  0.01577865  0.02657621 -0.24438609  0.71538711 -0.39640355  0.00088971	
0.00398800	0.71081823	0.00445695	 -32.06775284   41.40037155 -971.48480225   13.86440277  -67.48114014  -19.24619865	 9.08120632 -1.49686611 -4.48241043 -0.15391299 -0.42885938  0.08399490	 -61.17655402   85.86248405 -990.31960931    8.29487903  -98.69806732  -25.03705938	  5.93139216  -3.88662592 -30.42166893   0.02786997  -0.27846690   0.19755502	190.24704839	0	0.00000000	0.00000000	0.00000000	 0.29309906 -0.00766177 -0.01882969	-0.03542515  0.10256488 -0.14412166	 -33.63747904   69.25629686   -3.03683332 -148.38649224  -80.79864198   20.59399342    2.96084560  -11.01510234  -25.81992487  -10.89250035    1.84311340    0.13173813	 0.00577544  0.03421544 -0.25816891  0.60370570 -0.31677464  0.01865320  0.01596714  0.02603932 -0.24823639  0.71690577 -0.39741600  0.00088971	
0.00400000	0.71799457	0.00452028	 -29.04031754   45.32726669 -962.16180420   13.82080841  -67.02985382  -19.10906029	 6.54473686 -2.42664981 -5.79172564 -0.10921018 -0.19011562  0.18030202	 -60.28761486   87.63810398 -984.19498248    8.22197737  -98.01849111  -25.01220745	  7.13689494  -2.72261585 -29.82044588   0.03243538  -0.38640364   0.30476994	190.14340255	0	0.00000000	0.00000000	0.00000000	 0.29937137 -0.01016274 -0.02035821	-0.01321137  0.10182935 -0.13710341	 -33.89949764   67.63494543   -5.04148974 -148.24925942  -79.60381253   19.69129700    2.59090997  -10.01823853  -25.49447073  -10.37190270    2.80136091    0.13026551	 0.00607456  0.03428447 -0.25643551  0.60370570 -0.31691268  0.01859951  0.01610851  0.02542573 -0.25207135  0.71820968 -0.39835173  0.00088971	
0.00398800	0.72523469	0.00453377	 -34.62636566   45.02870178 -959.04919434   13.74003792  -66.03308868  -18.80063057	 2.09137034 -4.28706551 -6.33317471 -0.35297883  0.33991736  0.17358805	 -63.62139834   87.24375668 -980.87809183    8.26351933  -97.29778262  -24.84170662	  3.95973760  -2.33113902 -29.23218570  -0.01409172  -0.22421481   0.25045953	190.29347458	0	0.00000000	0.00000000	0.00000000	 0.30597769 -0.01436498 -0.01919763	-0.03084364  0.02888834 -0.13228054	 -34.13953621   65.58277135   -6.53781045 -147.78426960  -77.92099250   19.25424981    2.47769411   -9.08479640  -25.14611118   -9.80143955    3.71728982    0.12916104	 0.00639670  0.03435349 -0.25451803  0.60370570 -0.31705841  0.01852281  0.01620276  0.02476612 -0.25593698  0.71929878 -0.39918005  0.00088971	
0.00400800	0.73250091	0.00454333	 -40.20070648   43.47476578 -954.53045654   13.64587784  -65.02524567  -18.64323807	 3.32853031 -5.02259874 -4.48328018 -0.32374021  0.01838271 -0.07796901	 -70.42494459   84.72433346 -975.59081241    8.22060566  -96.51397527  -24.51401833	  2.50507671  -4.42319919 -28.19597978   0.00735275  -0.20878737   0.19564704	190.41079642	0	0.00000000	0.00000000	0.00000000	 0.30927893 -0.01975564 -0.01672352	-0.03084364  0.02888834 -0.13228054	 -34.27775669   63.09608206   -8.81953907 -147.48725076  -76.69959744   18.19414906    2.39596763   -7.94179513  -24.77447529   -9.57383079    4.64705197    0.12842473	 0.00671883  0.03441485 -0.25246251  0.60370570 -0.31720415  0.01843078  0.01624203  0.02408349 -0.25984097  0.72015780 -0.39993939  0.00088971	
0.00398400	0.73976439	0.00455183	 -44.15456390   40.33816147 -954.31945801   13.56583309  -64.19695282  -18.48718262	 4.34489202 -5.21982765 -5.26044559 -0.27373391 -0.07239271  0.17658372	 -78.18317069   83.57827909 -972.35925556    8.13795815  -95.85201807  -24.24929149	  3.07763488  -4.86880730 -28.49738041   0.05573819  -0.30362964   0.24602240	190.56074999	0	0.00000000	0.00000000	0.00000000	 0.31449899 -0.02206456 -0.01875639	-0.00347721  0.08587446 -0.09806339	 -34.38924355   60.17042215  -10.99247380 -146.49220726  -74.95833013   17.49325503    2.21875436   -6.63431938  -24.29542402   -9.40583046    5.62334988    0.12768842	 0.00702563  0.03444553 -0.25027660  0.60370570 -0.31736523  0.01832340  0.01623418  0.02338553 -0.26376027  0.72079444 -0.40060666  0.00088971	
0.00399600	0.74704403	0.00459857	 -51.13446808   42.96251678 -946.84240723   13.55308723  -63.40260696  -18.10912514	 2.75437522 -2.78804636 -7.80005360 -0.16128622  0.16857067  0.13280791	 -85.62548222   84.00416394 -967.31553205    8.00498252  -95.22401878  -24.01234494	  2.38465125  -3.61781880 -29.53278970   0.05553572  -0.27931417   0.20510349	190.78893113	0	0.00000000	0.00000000	0.00000000	 0.31951418 -0.02336511 -0.02276031	 0.01675964  0.06333336 -0.09791191	 -33.12389810   57.19315185  -12.62340891 -145.24846069  -73.36549317   16.45408930    2.51854995   -5.46934048  -23.12242718   -9.17931521    6.45666208    0.12713619	 0.00734777  0.03444553 -0.24802163  0.60369802 -0.31751862  0.01817767  0.01620276  0.02271058 -0.26771027  0.72119325 -0.40118191  0.00088971	
0.00398400	0.75436890	0.00466133	 -54.66994858   40.84137344 -942.90460205   13.40242100  -62.35329437  -17.92588806	 5.03617573 -2.33333707 -7.64662123 -0.13531692 -0.08889994  0.11558955	 -92.71520844   82.28697643 -962.88574826    8.01302940  -94.57507136  -23.70763697	  3.56550783  -2.93124415 -30.37861908   0.08364680  -0.24537221   0.23027041	190.80382078	0	0.00000000	0.00000000	0.00000000	 0.32387516 -0.02495841 -0.02582677	 0.01675964  0.06333336 -0.09791191	 -33.13595249   54.40336810  -14.65533071 -143.95694991  -71.94952983   16.12417179    2.31138995   -3.94093625  -22.41126338   -9.82751599    7.13456033    0.12676804	 0.00767757  0.03441485 -0.24574368  0.60369802 -0.31766436  0.01797058  0.01617920  0.02208932 -0.27168328  0.72142333 -0.40161911  0.00088971	
0.00399600	0.76177019	0.00474122	 -56.51739502   41.76547241 -942.03326416   13.41433620  -61.61328125  -17.74201202	 5.69034529 -4.90548944 -2.57582712 -0.29630330 -0.09389828  0.18823695	 -97.36361482   81.89911529 -959.25568892    7.90176495  -93.75474603  -23.42522547	  5.08745809  -4.05682326 -27.79364323   0.06112876  -0.21684196   0.27465101	190.96682731	0	0.00000000	0.00000000	0.00000000	 0.33144457 -0.02670167 -0.03114490	 0.02208763  0.02433577 -0.08736869	 -32.80049306   51.83037323  -15.86524870 -142.62681311  -70.49617611   15.88097694    2.19799115   -2.51985427  -21.11584552  -10.06111844    7.49215858    0.12639988	 0.00802272  0.03438417 -0.24349639  0.60369802 -0.31780240  0.01770213  0.01616349  0.02148340 -0.27564862  0.72148472 -0.40194124  0.00088971	
0.00401600	0.76927143	0.00483106	 -57.35963440   37.96733475 -929.35076904   13.02758503  -60.68078613  -17.34656334	 4.61039352 -5.08395720 -6.05869865 -0.26901612  0.09445084  0.11406175	-100.51207506   79.61431406 -950.22126248    7.76101080  -92.69897058  -23.00706776	  4.63428438  -5.37160165 -29.04892270   0.08688997  -0.20044212   0.27303106	190.99333789	0	0.00000000	0.00000000	0.00000000	 0.33978692 -0.02826506 -0.03533318	 0.02683993  0.01083278 -0.08460875	 -32.22092019   48.83634631  -16.98826178 -141.16760464  -68.89129286   15.91953579    2.17957353   -1.12958768  -19.98859993  -10.92091308    7.85854925    0.12621580	 0.00836786  0.03435349 -0.24132581  0.60369033 -0.31792513  0.01739534  0.01616349  0.02094650 -0.27948356  0.72140801 -0.40215600  0.00088971	
0.00398800	0.77685696	0.00491579	 -55.53714371   31.23727036 -920.91302490   12.62068939  -60.09251022  -17.06950378	 3.20549989 -3.20186782 -6.10595036 -0.02563364  0.06404131  0.11470893	-101.81547167   76.51316237 -943.21238372    7.71648527  -91.77154163  -22.64202875	  4.44176961  -3.95202420 -28.27091248   0.10053750  -0.19180412   0.26475135	191.13743117	0	0.00000000	0.00000000	0.00000000	 0.34787871 -0.02954757 -0.03859411	 0.02683993  0.01083278 -0.08460875	 -31.63660323   46.56375870  -17.60521187 -140.42891669  -67.66797442   15.76193141    2.04032055    0.01687003  -18.36217598  -11.25962339    8.03026611    0.12584765	 0.00869000  0.03429213 -0.23927027  0.60369033 -0.31801715  0.01706553  0.01617135  0.02049398 -0.28313443  0.72117025 -0.40224802  0.00088971	
0.00399200	0.78453887	0.00500468	 -53.58451843   41.30670547 -918.62573242   12.88576603  -59.53271103  -17.14286041	 4.75049448 -2.12173533 -6.33585882 -0.10728962 -0.04929826  0.21703622	-101.26301657   78.87257046 -937.44565619    7.44729387  -90.86832375  -22.57981983	  4.42756150  -2.97978614 -28.59722531   0.08025743  -0.27198802   0.28212434	191.24121946	0	0.00000000	0.00000000	0.00000000	 0.35453064 -0.03014135 -0.04163149	 0.03400183 -0.00896694 -0.09046780	 -31.12331290   43.64012748  -18.11699312 -139.68951229  -66.44677067   15.52133645    1.84757883    0.89806791  -16.74078639  -12.04172419    7.89525455    0.12566357	 0.00905816  0.03419242 -0.23733746  0.60369033 -0.31808618  0.01674340  0.01617135  0.02014116 -0.28661659  0.72080207 -0.40225568  0.00088971	
0.00398800	0.79231733	0.00509522	 -44.73609161   42.80274200 -908.86059570   12.79146385  -58.90211487  -16.79077148	 2.67331886 -5.43808413 -2.86127400 -0.25604713  0.07185008  0.22360748	 -97.15081843   80.05989157 -929.70555259    7.29210233  -89.66438345  -22.33272901	  3.01614976  -4.03644910 -27.40956622   0.07957266  -0.24692824   0.32461315	191.29674337	0	0.00000000	0.00000000	0.00000000	 0.35968602 -0.03026857 -0.04507854	 0.04385052 -0.00116693 -0.09818270	 -30.83800371   41.75666555  -18.70243478 -139.47956041  -65.63781128   15.04185251    1.51783440    1.27204624  -15.23017948  -12.67206606    7.78837983    0.15002319	 0.00947233  0.03403903 -0.23549668  0.60369033 -0.31810921  0.01638291  0.01617135  0.01988806 -0.28990698  0.72028053 -0.40214831  0.00088204	
0.00399200	0.80019861	0.00516193	 -38.07728577   40.48706436 -901.61407471   12.54395294  -58.77496719  -16.24290848	 3.93405914  0.24460834 -8.02449608 -0.09356353 -0.05760095  0.21830170	 -92.41159756   78.84867522 -922.63516121    7.17242849  -88.76348535  -21.84807739	  3.43848363  -2.11780215 -30.03876773   0.01073586  -0.34092444   0.28130770	191.26432758	0	0.00000000	0.00000000	0.00000000	 0.36312050 -0.03070497 -0.05037501	 0.04642403 -0.01364528 -0.09611190	 -30.63930115   39.15405615  -19.21109821 -139.71593230  -65.02231670   14.43681153    1.31452465    1.75616180  -13.40735140  -13.31756629    7.23319158    0.15002319	 0.00987116  0.03382427 -0.23374027  0.60369033 -0.31810921  0.01599942  0.01617135  0.01971165 -0.29305929  0.71965158 -0.40197191  0.00088204	
0.00400000	0.80815852	0.00523597	 -28.72617912   38.37796021 -897.59515381   12.37881565  -58.89763260  -15.84774113	 7.55771255  1.71711326 -6.44587851 -0.20736878 -0.21486579  0.34787938	 -83.82551329   76.09764226 -917.50785446    7.10765326  -87.93458553  -21.23559161	  5.44369584   0.11584327 -30.11152249  -0.15564405  -0.32856978   0.28682342	191.22661854	0	0.00000000	0.00000000	0.00000000	 0.36801124 -0.03407100 -0.05514035	 0.05294579 -0.03614338 -0.08139250	 -30.18175273   37.07898060  -19.40084942 -139.72263810  -63.97236483   13.97095951    1.11450249    1.98231709  -11.92779767  -13.77289465    7.00307468    0.15002319	 0.01026233  0.03357883 -0.23199153  0.60369033 -0.31810921  0.01557757  0.01616349  0.01956592 -0.29610425  0.71888459 -0.40175715  0.00088204	
0.00398400	0.81619185	0.00526434	 -18.09417343   33.74961853 -891.55474854   11.95399475  -58.98483658  -15.02888298	  0.06530572  -2.07699442 -10.17114925  -0.05801103   0.19603767   0.19338481	 -74.91442138   71.46505573 -912.54302501    7.07770176  -87.17590429  -20.34943997	  1.87421046  -0.83973645 -32.00766905  -0.00674734  -0.40779681   0.24487876	191.19364478	0	0.00000000	0.00000000	0.00000000	 0.37311709 -0.03880207 -0.05982205	 0.05776496 -0.02749390 -0.06790374	 -29.53881553   35.09324697  -19.69536160 -139.80313794  -63.51066767   13.57429268    0.99537085    2.26888240  -10.25221609  -14.53763058    6.38371708    0.15002319	 0.01063815  0.03331039 -0.23020445  0.60369033 -0.31810921  0.01512505  0.01616349  0.01944320 -0.29907250  0.71797955 -0.40147337  0.00088204	
0.00400000	0.82426560	0.00530558	  -4.66849709   28.59252930 -885.89965820   11.47676182  -59.24591064  -14.18075752	 0.18609099 -2.42436004 -9.68308830 -0.16137230  0.07770521  0.12855293	 -64.79688235   65.80114173 -907.62076035    7.03812813  -86.43919584  -19.36927916	  0.76233432  -1.46909325 -31.63025836  -0.01709383  -0.48049904   0.19175003	191.14425715	0	0.00000000	0.00000000	0.00000000	 0.37856048 -0.04412036 -0.06465033	 0.05776496 -0.02749390 -0.06790374	 -28.77585177   32.97609630  -20.23595488 -139.84331236  -62.74276060   13.26711378    0.90087116    2.54842013   -9.22366422  -15.70729831    6.07718657    0.15002319	 0.01100631  0.03298825 -0.22831765  0.60369033 -0.31810921  0.01464951  0.01616349  0.01936650 -0.30198705  0.71689808 -0.40115890  0.00088204	
0.00400400	0.83238739	0.00526909	   4.17008924   27.71309471 -880.36541748   11.16153526  -59.33810806  -13.55353832	 6.46264791 -1.97506535 -9.99995327 -0.03644375  0.08483918  0.09355020	 -56.83053454   62.82400126 -903.29282221    6.90611922  -85.78886324  -18.59173311	  3.21637337  -1.68701658 -31.46422329   0.02146761  -0.28101406   0.19734208	191.06616215	0	0.00000000	0.00000000	0.00000000	 0.38476197 -0.04873344 -0.06709278	 0.06064734 -0.02589483 -0.01732113	 -28.61846151   31.07227659  -21.04318594 -139.06026981  -61.92184272   13.29513039    0.72380658    2.95569990   -8.22461882  -16.83729291    5.87855574    0.15002319	 0.01135913  0.03262777 -0.22631581  0.60369033 -0.31810921  0.01418165  0.01616349  0.01934349 -0.30485561  0.71565557 -0.40079841  0.00088204	
0.00398800	0.84045970	0.00527353	   6.54913235   27.20884323 -880.76055908   11.13329315  -59.30603409  -13.15217018	 -2.13985038  -0.74746794 -11.90388966  -0.13094404   0.18265830   0.07603246	 -53.23810646   60.88998275 -901.31083720    6.82544492  -85.43148533  -17.99125512	  0.73470916  -1.73738798 -32.51486421   0.00349517  -0.47109830   0.20107062	190.98711379	0	0.00000000	0.00000000	0.00000000	 0.38979515 -0.05112636 -0.06961400	 0.08174670 -0.00148295 -0.01298820	 -26.44592614   29.24619138  -21.88408064 -137.84979416  -60.65178703   12.65416585    1.11879929    3.23795986   -7.90112916  -18.51375502    5.79756535    0.18008923	 0.01167359  0.03219825 -0.22417590  0.60369033 -0.31810153  0.01370612  0.01616349  0.01929747 -0.30765513  0.71429801 -0.40042260  0.00087437	
0.00400000	0.84854364	0.00522140	   7.86264229   22.89636421 -886.33184814   10.65866089  -59.27415848  -12.76234722	-0.59563339  1.84596086 -9.20957470  0.07778363  0.40787563  0.45513895	 -51.54681725   57.27106898 -903.51395812    6.72692883  -85.22602053  -17.45581167	 -0.36827262   0.69749547 -32.10369587  -0.01585251  -0.34160277   0.25018759	190.93188737	0	0.00000000	0.00000000	0.00000000	 0.39303158 -0.05092048 -0.07167197	 0.09124084 -0.00014344 -0.01947039	 -25.77307630   27.55335237  -23.23488959 -136.07326139  -59.34488488   12.75051078    1.20004519    3.92845881   -7.34297152  -20.48634846    5.66034952    0.17990515	 0.01194971  0.03173039 -0.22201300  0.60369802 -0.31809387  0.01320757  0.01617135  0.01922845 -0.31040862  0.71263361 -0.40010047  0.00087437	
0.00398400	0.85656077	0.00519160	   1.67601371   19.73352623 -891.16363525   10.33889103  -59.14284897  -12.42702007	 2.70891237  2.97571635 -5.71118164  0.09112972 -0.05825581  0.14463790	 -56.65938015   54.23429769 -908.03288174    6.58912400  -85.50893904  -16.92269306	  1.38865493   2.36747715 -29.60621923  -0.08349738  -0.40814285   0.12990810	190.88403514	0	0.00000000	0.00000000	0.00000000	 0.39596236 -0.05143147 -0.07509354	 0.11755133  0.00529944 -0.01364395	 -25.19501526   26.09872756  -24.59377739 -133.94335599  -57.78670620   12.18916518    1.18274214    4.41509444   -6.86982438  -22.51860398    5.52647448    0.22230438	 0.01221815  0.03123184 -0.21959697  0.60369802 -0.31807086  0.01266301  0.01617135  0.01912107 -0.31304705  0.71074682 -0.39973229  0.00085903	
0.00399600	0.86455142	0.00512308	  -0.65166694   19.84359741 -896.28314209   10.11536121  -59.09124756  -12.21641731	 -2.17879319  -4.99169445 -29.33940506   0.59095675  -0.86593717   0.44383171	 -61.11724551   53.27491298 -912.48501774    6.41311239  -85.77012987  -16.58071053	  0.42986517  -0.93319822 -38.15388994   0.31443282  -1.13099127   0.30369907	190.71696979	0	0.00000000	0.00000000	0.00000000	 0.39856517 -0.05283254 -0.07796689	0.12091216 0.02017817 0.00194772	 -24.55285790   24.42351279  -26.19244796 -131.58276884  -56.24187316   12.39523702    1.23939040    5.37196790   -6.74711867  -24.59376212    5.27275394    0.32845586	 0.01249427  0.03070262 -0.21704289  0.60370570 -0.31805551  0.01209544  0.01617920  0.01895233 -0.31557813  0.70860696 -0.39934880  0.00085136	
0.00400400	0.87247038	0.00505400	  -5.11435556   30.42433167 -821.87823486    8.54063129  -52.02854538  -12.25241184	  12.19114590    3.48402238 -153.91455078    1.07924676  -13.84491920    1.48285806	 -66.56055608   55.72420144 -877.43492381    5.32641878  -81.93424465  -16.39171026	   4.36423248   -0.13818658 -112.90360871    0.73433659   -9.59546528    0.78783932	190.65783357	0	0.00000000	0.00000000	0.00000000	 0.40211915 -0.05581967 -0.08203552	0.11723586 0.02162337 0.00756648	 -23.51773039   22.16778053  -27.58775805 -129.09293263  -54.37204585   12.15956465    1.44746440    6.65367564   -6.42846128  -27.51882625    4.88765897    0.36613045	 0.01277806  0.03016573 -0.21441980  0.60371333 -0.31802484  0.01152786  0.01617920  0.01869155 -0.31787142  0.70619094 -0.39894229  0.00083602	
0.00399200	0.88030589	0.00494544	 -12.30734825   37.90291595 -789.74328613    7.91685200  -48.47882080  -12.72745419	  32.49189377    3.85907435 -226.11614990    0.82639939  -24.16959190    1.28667390	 -72.05390192   62.17688075 -827.94621876    3.71092523  -75.64762043  -16.52067770	  25.69945646    4.92405526 -206.98949979    0.36216883  -23.00036662    0.89934294	190.81013026	0	0.00000000	0.00000000	0.00000000	 0.40556962 -0.05655843 -0.08736629	0.12763882 0.00853273 0.00845352	 -22.77992525   19.69777484  -28.95054835 -126.26100527  -52.19461840   12.32464880    1.40002211    8.25254957   -6.23937049  -30.56965834    4.10694963    0.59113478	 0.01304650  0.02965951 -0.21173532  0.60371333 -0.31802484  0.01098330  0.01617920  0.01834641 -0.32022610  0.70352948 -0.39848977  0.00080534	
0.00399200	0.88802075	0.00486272	  -8.10988331   26.11410522 -749.15454102    6.52452755  -48.74451447  -11.77557850	  74.86434174  -11.04059124 -344.88446045    0.12630968  -36.00891876    0.94463748	 -70.38582699   55.85755963 -785.98214876    2.91330624  -72.90433488  -15.89679359	  61.41860747   -2.08454205 -308.20901953    0.29128449  -34.62681320    0.76347685	191.08424643	0	0.00000000	0.00000000	0.00000000	 0.40956550 -0.05694723 -0.09286969	 0.13145964 -0.01045619  0.00679721	 -21.46812096   17.37579747  -30.30642211 -123.50394273  -49.99776956   12.26486751    1.33638021   10.13201653   -6.47343127  -34.05780094    2.81018502    0.80153543	 0.01332262  0.02916864 -0.20904319  0.60371333 -0.31802484  0.01049243  0.01617920  0.01794757 -0.32251939  0.70086801 -0.39777648  0.00075932	
0.00400400	0.89565033	0.00475862	 -20.25554848   18.44813347 -724.43035889    5.49644756  -44.79459763   -9.63193035	 104.65775299  -13.41059399 -440.16323853    0.34588909  -42.70880127    1.14128053	 -76.34016965   50.08582055 -760.74641932    2.34775120  -70.48225779  -14.22611765	  93.39712091   -6.62910694 -397.31665214    0.41873348  -42.98989831    0.81758108	191.29860696	0	0.00000000	0.00000000	0.00000000	 0.41511442 -0.05784490 -0.09746487	 0.12596480 -0.01610517  0.00384263	 -20.28163989   14.47082317  -31.87849113 -121.88688374  -48.28699458   12.08861206    1.24066423   12.02183452   -6.72354443  -37.29699487    0.15710482    0.73612654	 0.01357573  0.02871612 -0.20640475  0.60367501 -0.31802484  0.01009359  0.01617135  0.01753340 -0.32465929  0.69874346 -0.39662600  0.00074398	
0.00399200	0.90315753	0.00468707	 -23.45433426   17.70521927 -691.18688965    4.91094542  -42.03738022   -8.80848980	  94.87432861   -9.53966141 -479.81158447    0.89491320  -48.71306229    1.75708663	 -81.66961813   44.62925814 -726.17766525    1.99431275  -66.46393768  -12.45694907	 104.24159578   -5.58872986 -470.11180729    0.65166893  -52.19911975    1.30252130	191.47506329	0	0.00000000	0.00000000	0.00000000	 0.41977311 -0.06893786 -0.09955132	 0.07952475 -0.03197398  0.06383003	 -18.44429412   11.72286189  -33.10663487 -120.81062857  -46.01757782   11.51533289    1.21983115   13.13357133   -7.02165349  -40.77114230   -3.73522527    0.62420732	 0.01374447  0.02837864 -0.20383532  0.60364431 -0.31802484  0.00984815  0.01616349  0.01720359 -0.32653841  0.69765431 -0.39496163  0.00074398	
0.00399200	0.91058522	0.00457549	 -11.08342171  -14.28088570 -648.45281982    3.87888861  -40.95861435   -7.77447414	  78.96869659  -13.66167736 -530.88323975    2.00027299  -53.64991760    2.10227013	 -74.20033464   22.29585721 -686.95689835    2.73453122  -62.88366762  -10.85266913	  96.21608681   -6.27395897 -525.34664922    1.50568761  -60.64376206    1.55422753	191.61453383	0	0.00000000	0.00000000	0.00000000	 0.43317131 -0.09384316 -0.09880029	-0.05172479 -0.09531979  0.22255593	 -14.14960639    8.74495549  -33.78959322 -119.96084898  -43.43766644   10.99173890    1.84706871   13.58168093   -7.59885423  -44.92682037   -9.46835452    0.56284809	 0.01384417  0.02824825 -0.20131959  0.60362899 -0.31802484  0.00977913  0.01615564  0.01700417 -0.32819512  0.69743955 -0.39279872  0.00075165	
0.00398400	0.91788447	0.00443127	   6.37982655  -32.01516342 -638.23077393    2.89757943  -40.98418808   -5.23641586	  90.08097076  -11.69738293 -519.70397949    2.80929303  -53.94099045    2.02700710	 -60.28209909    1.07174792 -666.96155495    3.38129084  -60.73889677   -8.51944800	  94.49389666   -6.54302234 -542.11762393    2.31305978  -63.31525881    1.62561856	191.86273964	0	0.00000000	0.00000000	0.00000000	 0.46159654 -0.13013960 -0.09634949	-0.05172479 -0.09531979  0.22255593	  -6.82201457    5.23261344  -33.48615777 -118.85967539  -40.46025337    9.74867403    3.82632159   13.03667041   -8.61111230  -49.67812933  -15.54858108    0.56266401	 0.01392087  0.02830194 -0.19881921  0.60355997 -0.31802484  0.00990951  0.01616349  0.01695815 -0.32968310  0.69777703 -0.39017561  0.00075165	
0.00399600	0.92503011	0.00424553	  15.61098480  -39.88971710 -644.90625000    2.78910494  -41.25358200   -3.14249420	 112.10814667   -7.62036562 -504.32089233    2.84720397  -54.23905563    2.16230392	 -49.30168741  -13.57316419 -667.04017221    4.21956351  -60.06866725   -5.65396313	 112.47584728   -4.04175260 -531.11890347    2.64286854  -62.64153352    1.70657636	191.94436438	0	0.00000000	0.00000000	0.00000000	 0.47225485 -0.12215117 -0.08340515	-0.06504747 -0.06715158  0.18145239	  -5.01326045    0.51551265  -33.50452236 -118.32377360  -37.51087336    8.05031770    3.87007732   12.27314147   -9.18499205  -55.09853448  -22.31813861    0.99684191	 0.01399757  0.02853204 -0.19628814  0.60344493 -0.31800950  0.01027767  0.01616349  0.01704252 -0.33100230  0.69842130 -0.38713831  0.00070563	
0.00399600	0.93196929	0.00401755	  31.81823540  -39.87588120 -657.56280518    4.37774134  -41.92242813   -2.62558198	 109.71973419   -0.52748930 -466.59332275    2.79919314  -48.69168091    1.81010306	 -36.92177832  -15.04631498 -675.68762392    5.28961946  -59.87219044   -4.42393244	 117.19191099    0.39254629 -506.21158384    2.50487191  -58.36029500    1.32763005	192.12521405	0	0.00000000	0.00000000	0.00000000	 0.47394955 -0.10777503 -0.08080048	 0.06856731 -0.05618462  0.15626941	  -3.79238900   -4.45260346  -33.16171772 -117.51277151  -33.82291200    6.75871781    3.96576535   10.58318046  -10.68267888  -61.24989352  -29.58199949    1.51949971	 0.01402825  0.02883116 -0.19370338  0.60340655 -0.31795579  0.01086058  0.01617135  0.01721126 -0.33204541  0.69947207 -0.38373289  0.00062126	
0.00399600	0.93865508	0.00374703	  57.17918015  -35.37009430 -641.67687988    5.25604820  -43.43005753   -2.89612699	  93.79608917    2.97953582 -416.77420044    3.02319694  -44.38485336    1.54332411	 -18.97901406  -14.16670079 -672.44875204    6.16583757  -59.42432093   -4.53340114	 106.53479689    4.92067147 -469.18484534    2.35907427  -53.92716036    1.08396187	192.14103105	0	0.00000000	0.00000000	0.00000000	 0.47142387 -0.10984023 -0.08299918	 0.09972810 -0.08245209  0.16893587	  -3.07960133   -9.84306442  -34.71925496 -116.81463902  -30.21728942    5.28837406    3.09824452    9.54564652  -10.76025477  -68.87751609  -36.65939290    2.06676266	 0.01400524  0.02900757 -0.19103426  0.60346794 -0.31782541  0.01154320  0.01617135  0.01734165 -0.33272037  0.70096004 -0.38007435  0.00049854	
0.00399200	0.94503802	0.00355442	  57.65110397  -27.97604942 -637.92742920    6.16620970  -43.21525192   -3.25500393	  72.38740540   -1.01430953 -390.34463501    2.72131300  -40.52754593    0.97985762	  -9.03962993   -8.29939229 -666.00302632    6.91819727  -58.91660326   -5.00861587	  84.31878681    4.31823678 -430.40157652    2.42597722  -49.64586058    0.61097034	192.02869874	0	0.00000000	0.00000000	0.00000000	 0.47908699 -0.11598945 -0.07248309	 0.05021530 -0.04671529  0.22399458	  -1.19116682  -14.42011335  -36.15350003 -114.59998108  -26.36206089    3.26935915    2.43355780    8.39526558  -12.24906954  -76.17699457  -42.29310636    2.85332642	 0.01402825  0.02906893 -0.18829611  0.60347557 -0.31756464  0.01224883  0.01614778  0.01740301 -0.33297348  0.70261675 -0.37629309  0.00033748	
0.00400000	0.95121127	0.00331576	  33.97397995  -19.19267845 -653.92437744    7.84604883  -41.58937836   -3.98563933	  68.12059784   -0.32534862 -338.00418091    1.98570585  -34.57070923    1.75814497	 -22.13782785    1.91333132 -671.24625177    7.67003108  -58.91412402   -5.96599642	  70.25575815    2.68503988 -386.94931047    2.09757768  -43.80710914    0.93873533	192.12572281	0	0.00000000	0.00000000	0.00000000	 0.48707376 -0.11507467 -0.05178439	-0.00239688  0.00902124  0.17815113	   1.04061802  -17.11516989  -38.01502560 -111.43192352  -23.03160549    1.43505481    1.82710554    8.06455848  -13.61504301  -83.61265600  -47.06882116    3.59264354	 0.01415864  0.02901524 -0.18549658  0.60346794 -0.31718880  0.01285476  0.01610066  0.01741835 -0.33286610  0.70415837 -0.37252715  0.00015340	
0.00400000	0.95711935	0.00313970	   8.73652649  -15.15072060 -656.94555664    8.26626778  -38.90458298   -3.26686096	  79.01911163   -0.13133697 -301.36477661    1.66830325  -31.54148483    2.01753664	 -45.65622205    6.93192168 -674.41310050    8.22221947  -58.71621387   -6.15170063	  72.77619308    2.94414233 -347.77073279    1.68530409  -38.83735659    1.43635928	192.29003375	0	0.00000000	0.00000000	0.00000000	 0.48155895 -0.11151580 -0.03981998	0.01718677 0.06886249 0.15980578	   0.99410160  -18.75835314  -40.18447550 -107.59694220  -19.79367336   -0.33950972    0.30940767    7.47940203  -13.89437488  -90.70692982  -50.79215963    3.85372709	 0.01435039  0.02876980 -0.18268940  0.60346794 -0.31670561  0.01322291  0.01599856  0.01733398 -0.33244425  0.70547760 -0.36893764 -0.00001534	
0.00398400	0.96282279	0.00298750	 -11.59790230  -18.88110924 -646.99627686    8.04985142  -36.45231628   -2.33760858	  73.69834900   -4.39519835 -292.52346802    1.47644758  -29.37286377    1.74540067	 -71.91383148    6.06540196 -669.20367964    8.53594572  -57.55710658   -5.28423205	  70.90500988    0.27429771 -324.57900366    1.58713641  -35.04978125    1.44366415	192.25837451	0	0.00000000	0.00000000	0.00000000	 0.47337825 -0.10377073 -0.04490661	0.14425566 0.10216081 0.13688685	   1.14423286  -18.91624426  -41.37591403 -102.24910881  -16.87690434   -1.72117501    0.39729166    6.94172595  -14.18454312  -96.13409757  -54.67026157    3.68658455	 0.01454213  0.02829427 -0.17993590  0.60346794 -0.31608436  0.01331495  0.01585719  0.01711922 -0.33176163  0.70653605 -0.36553222 -0.00009971	
0.00398800	0.96835935	0.00283146	 -21.13283157  -33.02601624 -619.13104248    6.76769495  -33.32171631   -2.12172580	  65.28061676   -3.28193569 -280.22750854    1.55220330  -28.86948586    1.44872153	 -85.96395197   -4.09392539 -649.68372824    8.49370150  -55.12834110   -4.44375941	  64.12749632   -0.25264542 -309.59759171    1.58553439  -33.60560477    1.23128794	192.46760882	0	0.00000000	0.00000000	0.00000000	 0.46868113 -0.09685281 -0.05086951	0.19399537 0.04985461 0.12198265	   1.33783194  -18.61318428  -41.60680390  -96.56418485  -13.22504667   -3.04625677    0.76562274    5.80021853  -13.33352570 -100.51885861  -58.10477968    3.39291933	 0.01469553  0.02757330 -0.17732814  0.60346794 -0.31537104  0.01316155  0.01569225  0.01681243 -0.33084890  0.70721871 -0.36241823 -0.00010738	
0.00399600	0.97372693	0.00266053	 -19.94745827  -44.03094864 -592.19860840    5.79469728  -31.36110115   -1.72168529	  60.94401550    0.45893383 -285.93740845    2.11322021  -28.65108871    1.17047870	 -90.98189919  -16.63876566 -627.76927563    8.49065642  -52.68457596   -3.72222409	  57.29713222    1.59968438 -307.09440567    1.72698176  -33.43458559    0.99041917	192.47835727	0	0.00000000	0.00000000	0.00000000	 0.47022903 -0.09629664 -0.04556507	0.20415623 0.08557129 0.12048052	   2.15279856  -17.85715770  -42.61446420  -90.50527851  -12.28584268   -4.09382094    0.75304656    6.16775272  -12.66029423 -106.41522507  -60.57509542    2.76687123	 0.01486427  0.02669126 -0.17510387  0.60346794 -0.31460404  0.01278573  0.01554303  0.01642893 -0.32972142  0.70746410 -0.35978743 -0.00005369	
0.00401200	0.97891337	0.00249980	 -13.80505466  -42.79158783 -569.61914062    5.21658802  -30.22026825   -1.38687706	  66.47193146    0.66433680 -291.70053101    2.49252129  -30.07989120    0.96619779	 -86.07977652  -20.78715464 -600.89082419    7.99523075  -49.91510273   -3.10606300	  57.42478827    3.38115699 -313.09698208    2.12249940  -34.21997633    0.57693983	192.44108372	0	0.00000000	0.00000000	0.00000000	 0.47369761 -0.09756663 -0.04096892	0.16607580 0.13315121 0.12852792	   2.36036412  -16.51370597  -42.47012894  -85.67747898  -11.86036001   -5.64690051    0.76393381    5.69427284  -11.62506033 -109.27922210  -61.87241979    2.64844792	 0.01503301  0.02570951 -0.17303300  0.60344493 -0.31368366  0.01227184  0.01544093  0.01596107 -0.32839453  0.70718801 -0.35735610 -0.00000767	
0.00398400	0.98390567	0.00237050	  -9.99580669  -42.66402054 -532.30554199    4.26559830  -27.64908791   -0.63776881	  78.15090179    1.08309972 -323.80352783    3.08163238  -33.46096039    0.83966047	 -79.66378820  -22.74991566 -569.17830822    7.31443718  -46.68097142   -2.25887915	  65.24786002    5.28740889 -333.13714643    2.56394149  -36.64247605    0.28012297	192.46241109	0	0.00000000	0.00000000	0.00000000	 0.47431245 -0.09470620 -0.04254499	0.19453411 0.11875313 0.10429209	   3.15160346  -14.50026640  -41.81634271  -80.76608874  -11.91721444   -6.31139916    1.34174440    7.09241544   -9.98293467 -110.77289820  -62.03131056    2.86038266	 0.01517107  0.02469709 -0.17126893  0.60342193 -0.31267890  0.01164291  0.01537809  0.01541650 -0.32678387  0.70651305 -0.35527754  0.00000767	
0.00400400	0.98876536	0.00227905	   5.79078865  -42.77101898 -496.91900635    3.24489260  -25.48761940   -0.41775736	  72.30929565   -1.06749940 -366.70938110    3.70686626  -36.56291199    1.39632916	 -68.81295833  -24.62112656 -539.75899921    6.55212951  -43.04298096   -1.56414650	  64.35690980    5.21054974 -365.54438110    3.13996054  -40.16313621    0.44727019	192.31723756	0	0.00000000	0.00000000	0.00000000	 0.47258278 -0.08701950 -0.05387761	0.22294174 0.14988952 0.08634985	   3.02857810  -12.85584712  -40.08237667  -76.98489355  -11.30667939   -7.04499880    1.60127028    6.69114990   -7.33131354 -111.15906899  -63.06235622    3.08287119	 0.01522476  0.02370000 -0.16976562  0.60341424 -0.31158978  0.01090660  0.01536238  0.01482592 -0.32505047  0.70565403 -0.35352880 -0.00001534	
0.00398000	0.99351007	0.00220555	  18.20817566  -46.96485519 -461.08651733    2.14042568  -24.10399818   -0.22227921	  61.39444733   -2.92420292 -410.74121094    4.59897137  -40.40625763    1.77003706	 -52.86415855  -28.87784513 -505.42218549    5.72109549  -39.43829917   -1.07299905	  56.72902653    3.02112338 -404.84027897    3.98008366  -45.11630625    0.87490894	192.15845258	0	0.00000000	0.00000000	0.00000000	 0.47073810 -0.07942158 -0.06521726	0.22294174 0.14988952 0.08634985	   3.98490873  -11.92801864  -38.32715485  -72.98749529  -11.73364433   -6.38438949    2.09790781    6.72222683   -4.83962807 -111.33148314  -63.98171889    3.65142571	 0.01520175  0.02280262 -0.16850008  0.60342956 -0.31043163  0.01010126  0.01539380  0.01421233 -0.32291055  0.70474130 -0.35206386 -0.00008437	
0.00399200	0.99817973	0.00217125	  29.52243805  -47.42431259 -430.22607422    1.52415991  -23.16897392    0.14296505	  35.99325943   -5.61087847 -459.02774048    5.41794777  -41.99399567    1.93332314	 -35.98517354  -32.06475402 -473.60479315    5.05597663  -36.23112391   -0.47828343	  34.83935669    1.12135792 -452.30671646    5.05170277  -50.44604116    1.05279582	192.14607524	0	0.00000000	0.00000000	0.00000000	 0.46949922 -0.07417851 -0.07135426	0.24509942 0.14774899 0.06111900	   5.09873849  -11.50533732  -36.59407580  -70.61953902  -11.73978798   -6.67891610    2.22918153    5.72187627   -2.90731072 -110.56107038  -65.16428149    3.98693794	 0.01514039  0.02208165 -0.16739562  0.60344493 -0.30921978  0.00925757  0.01544878  0.01360641 -0.32047153  0.70380557 -0.35088268 -0.00016107	
0.00401200	0.00282241	0.00212730	  34.76342010  -46.27347183 -410.47671509    1.15383744  -22.67501831    0.50895363	  13.28025436  -10.23228073 -495.97463989    6.18273258  -43.26663589    2.04432440	 -25.66925934  -32.88454462 -447.55583882    4.56585390  -34.02083353   -0.00740668	   6.39500076   -2.05064742 -497.71672397    6.23454849  -55.33734837    1.18879076	192.14817578	0	0.00000000	0.00000000	0.00000000	 0.46952127 -0.07391556 -0.06848491	0.20629928 0.19254399 0.06670204	   4.78764723  -11.85553788  -34.78527995  -67.85255951  -12.06493763   -5.46364840    1.98244631    5.32712093   -0.11542405 -110.60194601  -65.95258037    4.33410841	 0.01507903  0.02158310 -0.16639853  0.60345256 -0.30793890  0.00844456  0.01551946  0.01306184 -0.31780240  0.70286220 -0.34996229 -0.00026078	
0.00398400	0.00740069	0.00213871	  38.79222107  -43.44550705 -390.22647095    0.94648284  -21.02356720    0.80478990	  -9.49104404  -11.39585400 -547.27545166    7.19457626  -45.78140259    2.28414297	 -18.53954931  -31.50663623 -425.09646366    4.17743328  -31.56198730    0.39054634	 -21.63739983   -2.64543433 -546.78092898    7.38482314  -60.76798515    1.28096057	192.20928845	0	0.00000000	0.00000000	0.00000000	 0.46827750 -0.07229040 -0.06983542	0.19806030 0.23496245 0.07730958	   4.91895257  -12.29983765  -32.71182276  -65.14334628  -12.30597122   -5.59934906    2.43150757    3.32875677    2.29500130 -109.71746809  -65.24305020    4.97457589	 0.01500233  0.02131466 -0.16548581  0.60346025 -0.30659667  0.00766223  0.01559800  0.01257097 -0.31489551  0.70193410 -0.34934872 -0.00039117	
0.00400000	0.01200053	0.00218683	  39.45830536  -41.03310013 -363.31631470    0.67114282  -18.95467186    1.00206816	 -34.33998108  -17.80988503 -603.89910889    8.49408817  -48.97549820    2.24049473	 -14.91937514  -29.48411505 -401.40296636    3.77154472  -28.97923424    0.69206040	 -49.82995273   -5.96714925 -598.88582920    8.85909526  -66.72791787    1.28995615	192.24324092	0	0.00000000	0.00000000	0.00000000	 0.46789409 -0.07082658 -0.07167015	0.19340246 0.25654285 0.08566391	   4.82954641  -13.81362416  -30.70153103  -60.68253688  -12.28753771   -4.34797215    2.89065184    1.66228619    4.86922525 -108.93646377  -63.24831346    6.02676374	 0.01491029  0.02126097 -0.16459611  0.60347557 -0.30520841  0.00692592  0.01567654  0.01216447 -0.31181988  0.70108277 -0.34901124 -0.00058291	
0.00398400	0.01664497	0.00231296	  43.86655045  -38.53406525 -349.74395752    0.77577597  -18.73475075    0.78842145	 -45.69528198  -20.25415230 -642.56201172    9.17773533  -50.79784775    2.33939576	 -10.80558749  -26.94968222 -386.04032963    3.50428865  -27.44206264    0.62461466	 -68.36165464   -9.54681490 -637.79958954    9.94459357  -71.02844103    1.25253626	192.21990964	0	0.00000000	0.00000000	0.00000000	 0.46813068 -0.06973337 -0.07536117	0.18993257 0.24309272 0.09059345	   5.16505829  -15.44406288  -28.62163336  -56.94442970  -11.94982869   -3.60046082    3.31841570   -0.77417151    6.89012966 -107.05395853  -60.87027017    7.34972987	 0.01480291  0.02132233 -0.16369106  0.60350627 -0.30379716  0.00627398  0.01574723  0.01182699 -0.30852950  0.70030046 -0.34891152 -0.00086670	
0.00399200	0.02143403	0.00243156	  44.98067856  -39.58313751 -347.07922363    0.88577777  -18.74905586    0.69330227	 -49.25233459  -16.01291275 -669.84375000    9.75943756  -51.48980713    2.81443858	  -8.37365086  -27.40555873 -376.72376834    3.62181362  -26.75855729    0.53503784	 -81.81532817   -7.03376186 -672.60368338   10.62179758  -74.10084027    1.40093914	192.29553505	0	0.00000000	0.00000000	0.00000000	 0.46780610 -0.06763793 -0.07312804	0.15667541 0.28955178 0.08266126	   4.93489690  -18.48206090  -28.96347410  -50.36109864  -10.98949029   -2.37717112    2.91328497   -3.86863819    8.55354076 -106.68671894  -57.59036325    8.93255229	 0.01471854  0.02148340 -0.16275533  0.60358298 -0.30236289  0.00569107  0.01581792  0.01155854 -0.30500135  0.69970220 -0.34897289 -0.00121951	
0.00399600	0.02635713	0.00257309	  42.00734711  -29.35630989 -328.45764160    1.13798034  -17.47123909    1.70786428	 -52.08459091  -23.55293465 -707.92895508   10.55414009  -55.19888306    2.29236984	  -7.81659837  -21.80075987 -362.26521757    3.52586016  -25.70572221    0.91672076	 -91.43896435   -8.41260191 -708.94781438   11.62633584  -77.88769588    1.13324682	192.23613356	0	0.00000000	0.00000000	0.00000000	 0.46759834 -0.06706758 -0.07002938	0.13081951 0.34468773 0.09088894	   4.43329078  -20.42190259  -29.04462728  -41.64263783   -9.65255560   -2.00000749    2.63438808   -7.46649539   11.65207400 -106.92261376  -53.08315601   10.90396278	 0.01464184  0.02165980 -0.16177358  0.60365969 -0.30090562  0.00518485  0.01587289  0.01129010 -0.30130443  0.69936472 -0.34913397 -0.00165670	
0.00399600	0.03143753	0.00276595	  35.51503372  -27.11844063 -308.55746460    1.27648711  -15.05508232    1.57633674	 -67.20668030  -35.00907516 -738.71783447   10.59622097  -56.94076157    2.78400397	 -10.78560263  -17.76293996 -345.18212635    3.38884434  -23.73355053    1.08595597	-104.72385427  -16.89200658 -736.27016378   12.58303967  -81.66583780    1.16702822	192.05583114	0	0.00000000	0.00000000	0.00000000	 0.47193166 -0.06768711 -0.06790635	0.11686567 0.33636395 0.10121495	   4.49337030  -21.93871537  -32.28880979  -32.09178732   -8.42247727   -2.17834972    2.89457742  -11.26343341   13.53757121 -108.43211978  -48.79039051   12.36050822	 0.01454980  0.02176718 -0.16073814  0.60378236 -0.29942530  0.00474000  0.01591216  0.01104466 -0.29750785  0.69928801 -0.34926435 -0.00212456	
0.00400000	0.03673451	0.00303676	  39.42347717  -26.51591492 -298.42086792    1.13929069  -14.84404850    1.24776340	 -81.32773590  -33.97816467 -761.88397217   10.40311241  -57.47550201    3.57037163	  -9.86844289  -16.84923237 -329.95759284    3.25626052  -22.06242943    0.98951373	-127.45018664  -21.51545520 -767.12081824   12.95201540  -85.01114888    2.08366757	191.79249451	0	0.00000000	0.00000000	0.00000000	 0.48511129 -0.07410864 -0.07251751	0.10676587 0.25339163 0.20695941	   5.33785923  -22.03437937  -34.92970719  -21.81092662   -7.78066576   -3.12886339    4.35012003  -16.67521050   16.17723709 -110.53107102  -44.45827018   13.37784334	 0.01441942  0.02181320 -0.15963368  0.60401249 -0.29792202  0.00436417  0.01592002  0.01084524 -0.29375726  0.69931102 -0.34931037 -0.00254641	
0.00398800	0.04232580	0.00337205	  40.25213623  -32.37332535 -277.30895996    0.56964457  -14.12627697    1.81371331	 -95.38395691  -31.29515839 -787.44464111   11.06524849  -57.62973785    3.36164713	  -7.02893439  -21.03200394 -313.27111743    3.22248791  -20.84842092    1.17618224	-147.03357105  -21.47125456 -789.82017266   13.40072843  -87.04839525    2.06026157	190.91292298	0	0.00000000	0.00000000	0.00000000	 0.49734678 -0.07990818 -0.07229375	0.04886330 0.26920128 0.24494494	   8.69875716  -21.28432682  -37.39509922   -9.47462165   -8.07940207   -4.53528942    9.48048327  -22.10699259   18.64517160 -112.69012393  -39.89647046   14.10409097	 0.01428903  0.02181320 -0.15851387  0.60442668 -0.29639572  0.00406505  0.01588860  0.01053845 -0.28996834  0.69931871 -0.34928736 -0.00289922	
0.00400400	0.04829862	0.00371497	  33.82869720  -32.95784760 -262.19827271    0.36055839  -11.93633747    2.73906970	 -84.62209320  -34.08406830 -801.70257568   11.32136250  -59.72217178    2.10405421	  -9.45860767  -23.94290013 -298.47189257    3.19130701  -19.13716789    2.03981733	-151.24476357  -21.04230799 -806.45891909   13.73974700  -88.66942469    1.22210259	190.12558210	0	0.00000000	0.00000000	0.00000000	 0.51118610 -0.07890372 -0.07146090	0.07389219 0.25170558 0.24567425	   9.70222041  -20.29525162  -41.20142069    2.06140144   -9.83005058   -5.59919297   12.99828893  -29.20106142   21.53837358 -115.37376192  -35.44830045   14.81156336	 0.01418932  0.02176718 -0.15736338  0.60510159 -0.29484639  0.00385796  0.01587289  0.01001689 -0.28608736  0.69931871 -0.34914929 -0.00319835	
0.00398800	0.05464368	0.00405049	  33.60246277  -32.48703003 -237.64462280    0.03714234  -11.42141533    2.36513448	 -69.62014771  -31.78961182 -811.78808594   11.54184246  -61.90652084    2.88522291	  -8.94441501  -24.17891479 -276.59855894    2.98150682  -17.51676014    2.44555371	-145.16769819  -21.69525601 -819.38953105   13.98610375  -90.37397064    1.22151102	186.91130135	0	0.00000000	0.00000000	0.00000000	 0.51613496 -0.07173545 -0.06341141	0.09857708 0.39928254 0.21698907	   9.41627324  -18.90996167  -46.63328725   13.44265984  -12.12960892   -6.05500177   15.21244668  -34.85365455   24.54012367 -117.84574555  -31.16246809   14.87077473	 0.01412796  0.02173650 -0.15622057  0.60605270 -0.29331240  0.00372757  0.01591216  0.00919621 -0.28211436  0.69931871 -0.34890386 -0.00339777	
0.00399600	0.06136610	0.00437283	  33.35359192  -34.22771454 -212.84384155   -0.57861614  -10.34361649    2.36726069	 -67.58786774  -33.20016098 -825.54016113   11.80928612  -63.08087921    3.38524437	  -6.03709317  -26.05795700 -254.13891531    2.66129633  -15.94080244    2.41002041	-142.47782908  -22.19404404 -830.29113598   14.42480602  -91.87648138    1.70566576	185.32667178	0	0.00000000	0.00000000	0.00000000	 0.52310933 -0.06927208 -0.06104393	0.15509677 0.36650612 0.31433638	   7.38541194  -17.58129106  -53.05461704   22.90434171  -15.20777402   -6.49601583   16.10344314  -40.07341224   28.61467245 -119.26195566  -26.54014165   14.60067166	 0.01406660  0.02174417 -0.15515445  0.60747159 -0.29180142  0.00365087  0.01599070  0.00801505 -0.27800328  0.69931871 -0.34851268 -0.00349748	
0.00399200	0.06844454	0.00462880	  28.49437523  -37.46385956 -189.91880798   -1.13678372   -8.25218773    2.02010608	 -83.97335052  -49.89942169 -843.11596680   11.18334675  -62.58141708    2.93363118	  -8.14217624  -31.07045627 -232.53698730    2.39429792  -13.92254517    2.55572040	-153.97716548  -32.89613041 -843.72640736   15.08076823  -93.15836966    1.80743868	186.25351015	0	0.00000000	0.00000000	0.00000000	 0.53542546 -0.07194537 -0.05267297	0.01151404 0.11411870 0.32698072	   8.02661886  -16.21770228  -57.34007891   30.70628697  -19.80733841   -6.37252473   21.38628147  -42.86801861   30.17094713 -120.45580239  -22.59818938   14.32179407	 0.01399757  0.02183621 -0.15424174  0.60937375 -0.29037485  0.00361252  0.01607710  0.00647340 -0.27388453  0.69931102 -0.34792978 -0.00351282	
0.00400800	0.07581636	0.00488832	  24.31782722  -38.91339493 -168.86648560   -1.56946528   -7.28119230    2.13120818	-100.28646088  -60.78761292 -854.88909912   10.54797840  -62.23300171    4.32178497	  -8.18530576  -31.90242613 -205.94902412    1.93404522  -11.95870931    2.60483763	-177.45393351  -47.64781705 -857.20365692   15.74479208  -94.43800240    2.99193141	184.27542255	0	0.00000000	0.00000000	0.00000000	 0.55583684 -0.06920897 -0.05755524	0.06829467 0.07255033 0.36109762	   6.09743549  -14.94983614  -61.48244402   34.45749016  -24.53756274   -5.93713138   23.78547562  -44.33821551   33.22551046 -121.70967011  -20.44726745   13.54001616	 0.01392087  0.02197427 -0.15349776  0.61180508 -0.28909397  0.00360485  0.01617135  0.00464796 -0.26986551  0.69931102 -0.34710142 -0.00345913	
0.00398000	0.08346107	0.00513014	  24.06465340  -43.69866180 -141.23495483   -2.26124406   -6.54933310    2.13297009	-128.32383728  -78.34107208 -866.84948730    9.49531364  -60.46528244    5.44150257	  -4.19277327  -36.48000144 -180.61502564    1.59067137  -10.36036359    2.82186849	-205.96813893  -63.92475017 -866.37235354   16.22009629  -95.27023525    4.62230735	178.11188796	0	0.00000000	0.00000000	0.00000000	 0.57705610 -0.06494019 -0.06296266	0.13027123 0.21686800 0.37129300	   4.59118983  -13.27217499  -63.85811804   37.61959166  -28.34629066   -5.01522836   28.05714113  -44.17345973   35.99475297 -120.90470244  -18.29960258   12.56072278	 0.01385951  0.02216602 -0.15295319  0.61481172 -0.28802016  0.00365854  0.01629701  0.00259243 -0.26603055  0.69928801 -0.34605065 -0.00330573	
0.00399600	0.09138342	0.00533754	  21.43963051  -44.33749390 -119.85861969   -2.52171731   -5.44955492    1.78458703	-137.50953674  -88.56936646 -865.32348633    8.97577858  -59.61468124    5.98124075	  -2.58795657  -37.78478561 -158.98748559    1.28382161   -8.90450937    2.74602675	-225.42600679  -77.58731784 -869.78846365   16.64965105  -95.34027053    5.55466827	177.67089387	0	0.00000000	0.00000000	0.00000000	 0.59924480 -0.06744057 -0.05916598	0.10083590 0.04738529 0.40425263	   1.95434624  -12.03021850  -66.77197597   39.63479684  -32.42694420   -4.60335212   31.05454897  -44.97216369   39.52590529 -120.23055187  -16.47399145   11.22118990	 0.01379815  0.02239612 -0.15263873  0.61843956 -0.28723016  0.00379660  0.01643053  0.00041417 -0.26235667  0.69925731 -0.34476978 -0.00306029	
0.00400000	0.09953851	0.00547201	  23.31037331  -42.17999649 -101.14435577   -2.37375784   -5.07422400    1.61755967	-134.72467041  -93.14984894 -860.72302246    8.44817543  -59.20010376    7.29919815	   0.65672955  -37.64269283 -138.59444415    1.15941505   -7.54762223    2.55850188	-233.50922267  -87.90209733 -864.44981475   17.07465733  -94.82082167    6.97544222	172.18653172	0	0.00000000	0.00000000	0.00000000	 0.61905997 -0.06609006 -0.05972654	0.15676104 0.06904024 0.48985603	   0.74606454  -10.68647299  -68.22651639   41.38988161  -34.71031761   -4.14619404   34.80199838  -45.87371300   41.78729263 -120.64947402  -15.96638833    9.66462947	 0.01372145  0.02263388 -0.15252368  0.62268871 -0.28674698  0.00400369  0.01657190 -0.00176408 -0.25882086  0.69923431 -0.34327415 -0.00273816	
0.00400400	0.10784527	0.00565796	 29.17328644 -21.46586609 -84.64448547  -1.18290579  -4.89122868   0.95899022	-121.46873474 -114.08883667 -849.83947754    7.04602432  -58.76210403   10.31976318	   7.26213468  -25.57056784 -121.52349295    0.82753497   -6.41441705    1.79524639	-230.86573148 -104.16318667 -857.70746412   17.57360512  -93.60601798    9.62106307	169.25623054	0	0.00000000	0.00000000	0.00000000	 0.63682852 -0.05944664 -0.06147418	0.21780217 0.08421359 0.49634459	   0.49959861   -9.26211617  -68.48465358   42.20994384  -36.10595599   -3.64125014   39.28628710  -45.19890213   43.30927833 -120.19103635  -15.99375799    7.45017503	 0.01364476  0.02281796 -0.15258504  0.62763578 -0.28660890  0.00425680  0.01665044 -0.00385796 -0.25536174  0.69923431 -0.34152541 -0.00227796	
0.00399200	0.11635203	0.00576709	 27.81155014 -11.17698288 -73.85908508  -0.32962170  -4.37049866   0.34470284	-100.93580627 -134.77790833 -829.35729980    5.83224392  -59.02000046   13.11973095	  10.35745619  -13.96312224 -109.59171083    0.64976232   -5.57745127    0.90377867	-216.67598125 -122.85638534 -841.28396151   18.17907963  -92.02609562   12.68157360	165.04204988	0	0.00000000	0.00000000	0.00000000	 0.65303148 -0.04870515 -0.06151093	0.21448551 0.06403288 0.49220549	  -0.69541822   -7.71950668  -70.00971980   42.17636094  -37.60750260   -3.69678457   42.46791526  -45.30251476   44.33124915 -119.78450846  -16.52403104    4.26753369	 0.01360641  0.02289466 -0.15277678  0.63328850 -0.28681600  0.00447155  0.01664258 -0.00579845 -0.25195628  0.69923431 -0.33953890 -0.00163369	
0.00398400	0.12497564	0.00586013	 31.00934601  -4.10187387 -64.15776062   0.10135523  -4.12290287   0.15906489	 -92.53939819 -148.70556641 -817.14746094    5.16017580  -58.34951401   14.33021736	 14.48017446  -5.01423084 -97.27994544   0.55483389  -4.65683467   0.30287622	-204.42253614 -140.51556236 -827.00178717   19.05926888  -90.15475177   15.07086483	163.81479360	0	0.00000000	0.00000000	0.00000000	 0.66422041 -0.04277284 -0.06643275	0.23706218 0.05223603 0.48715386	  -2.10415102   -6.26847632  -71.32311957   41.17135646  -38.39470508   -3.57609431   44.89422712  -45.15255092   45.90050822 -119.51681502  -17.45026886    0.48424688	 0.01360641  0.02286398 -0.15301456  0.63963920 -0.28731453  0.00463262  0.01657190 -0.00752417 -0.24856620  0.69923431 -0.33743736 -0.00078233	
0.00400000	0.13371153	0.00591279	 21.63047218  -0.47862449 -44.63034058   0.37065473  -3.28402805   0.13227463	 -85.98050690 -154.43006897 -791.92132568    5.01793432  -56.74275589   14.76721859	 12.69888344  -0.17547318 -80.79538380   0.51137232  -3.95059688  -0.00664554	-196.71282306 -150.11012373 -807.20386127   19.66437048  -87.83582802   16.15503697	163.55349480	0	0.00000000	0.00000000	0.00000000	 0.67596962 -0.03859943 -0.07137500	 0.21492756 -0.08402766  0.49318503	  -3.36235729   -4.16205244  -73.18221707   38.66746131  -40.07141273   -3.44334953   47.68978382  -45.63406826   45.92125665 -120.27734200  -19.59387155   -3.89391764	 0.01364476  0.02267990 -0.15333669  0.64668781 -0.28818125  0.00470932  0.01651692 -0.00895078 -0.24513008  0.69923431 -0.33494464  0.00025311	
0.00399200	0.14250152	0.00590804	 11.01786804   0.46086663 -35.72201920   0.34986278  -2.04305816   0.47658652	 -82.61298370 -148.05937195 -772.48382568    5.52336407  -54.64933777   14.44287109	  5.49835557   2.28240129 -69.71527400   0.47573060  -3.30057939   0.03421392	-196.11763991 -149.84840842 -788.62358484   19.96464003  -85.38061396   16.04404213	160.34443516	0	0.00000000	0.00000000	0.00000000	 0.68882389 -0.03532253 -0.08004357	0.23886635 0.01315850 0.49799085	  -4.28709610   -2.00950328  -74.88486898   35.96684808  -40.97742169   -3.45543761   50.11848078  -46.57790815   45.47893670 -121.90418369  -22.64488871   -7.96651301	 0.01366010  0.02239612 -0.15382756  0.65423501 -0.28937775  0.00470932  0.01652477 -0.01002456 -0.24161726  0.69923431 -0.33221415  0.00140359	
0.00400400	0.15129289	0.00585220	  7.10033226   0.75706381 -26.08544731   0.68279302  -1.18845499   0.09693725	 -85.04738617 -138.42988586 -755.10833740    6.23979044  -52.97359467   14.00709248	  3.42068411   1.59158535 -57.61011560   0.59513947  -2.28539415  -0.03235679	-194.74841368 -142.77418187 -768.78935837   20.19559623  -82.95807004   15.41694978	162.38399120	0	0.00000000	0.00000000	0.00000000	 0.70096465 -0.03507097 -0.08971177	 0.20270664 -0.11395550  0.50272458	  -5.25611610    0.28145573  -76.31393268   32.11054150  -42.22237145   -3.65542488   51.47385997  -47.71162665   45.14476155 -121.67636722  -25.23511557  -11.30046614	 0.01364476  0.02208932 -0.15458688  0.66219634 -0.29095775  0.00463262  0.01657975 -0.01073786 -0.23823483  0.69921899 -0.32929191  0.00252340	
0.00398400	0.16001110	0.00582999	 11.97640419   3.34076905 -12.03998184   0.67445844  -1.72415519  -0.37009767	 -76.07257080 -132.75447083 -732.56903076    6.59011745  -51.79239655   13.57934952	  6.20069234   2.32601251 -43.99323524   0.48257309  -1.80139199  -0.36928652	-192.29097451 -134.49810554 -747.55904713   20.30098054  -80.60447876   14.54767878	157.96052310	0	0.00000000	0.00000000	0.00000000	 0.71319544 -0.03531977 -0.09863578	 0.21930212 -0.04366896  0.53889755	  -6.01373483    2.30186835  -78.11121320   28.46966551  -42.42680099   -3.63507315   52.67431744  -48.51921921   43.60145687 -122.34898877  -28.94901342  -13.22364794	 0.01359874  0.02175184 -0.15569134  0.67019606 -0.29293659  0.00449456  0.01663473 -0.01115204 -0.23450726  0.69918829 -0.32620093  0.00348214	
0.00399200	0.16870905	0.00575738	  5.25239849   4.51500225 -10.78548908   0.50123352  -0.56631643  -0.39465001	 -64.22621155 -132.30235291 -710.45104980    6.17844534  -50.91382217   13.84145927	  3.61649214   1.98985886 -39.47797670   0.45104568  -1.22191147  -0.38399069	-184.45928755 -130.45266784 -727.47255971   20.28083425  -78.17887482   14.14825508	159.72710199	0	0.00000000	0.00000000	0.00000000	 0.72378808 -0.03524006 -0.11615946	 0.21120529 -0.08686389  0.56433638	  -5.81175793    4.62488907  -77.95723176   25.36604217  -42.11847352   -3.82869099   54.24931833  -50.42002407   42.86348641 -122.23653286  -31.87535624  -13.57646401	 0.01356806  0.02143738 -0.15715630  0.67842585 -0.29525289  0.00431815  0.01669756 -0.01131311 -0.23059562  0.69913459 -0.32301027  0.00414942	
0.00400400	0.17733298	0.00563740	 3.07521725  2.99793291 -3.32294083  0.26220590 -0.31925464 -0.06370357	 -54.10120010 -128.88987732 -693.08197021    5.99730206  -50.43478775   14.40388203	  2.68117820   3.22794069 -30.34952022   0.11354856  -0.69809220  -0.31077599	-174.23656740 -127.23397762 -707.36903603   20.21394943  -75.97119274   14.38413250	159.02681433	0	0.00000000	0.00000000	0.00000000	 0.73369815 -0.03290958 -0.12986738	 0.21860448 -0.13703615  0.55605672	  -5.85975463    6.72221230  -79.24413146   21.05567790  -42.09464702   -4.14885396   55.58779838  -53.22498578   41.33674384 -123.60813766  -36.09155875  -12.92133100	 0.01354505  0.02116893 -0.15898940  0.68693179 -0.29797572  0.00409573  0.01679181 -0.01132078 -0.22645387  0.69908094 -0.31974289  0.00450223	
0.00399200	0.18581688	0.00547695	 4.99879837  2.67027569 -8.86083889  0.38156715 -0.30681390 -0.15089470	 -40.11302185 -120.95769501 -664.30194092    5.62049484  -49.19936752   15.22151756	  1.95564213   3.02835169 -31.64846332   0.11639788  -0.55738214  -0.23602817	-161.33985806 -121.53354398 -683.48122273   19.81240833  -73.28438466   14.83553674	159.72415618	0	0.00000000	0.00000000	0.00000000	 0.74275963 -0.03078617 -0.14275853	 0.21564055 -0.12616114  0.58426826	  -5.63979974    8.75044595  -80.10564251   17.33768907  -41.49670531   -4.30863174   55.97658321  -55.78914005   41.09255288 -124.42135727  -38.84030543  -11.95381905	 0.01352204  0.02090815 -0.16119067  0.69581354 -0.30104366  0.00385796  0.01693318 -0.01130544 -0.22207436  0.69904256 -0.31646016  0.00458660	
0.00398800	0.19412026	0.00534988	 17.13258171   3.93482614 -11.96179962   0.36860627  -1.21660566  -0.06191799	 -35.52922440 -113.78813171 -649.61132812    5.65098715  -48.13072968   15.07627964	  7.21328029   3.46787930 -35.12697804   0.05006600  -0.73477453  -0.23098184	-155.66831551 -115.93598848 -666.74450332   19.44381412  -71.24293156   14.83940043	159.15907140	0	0.00000000	0.00000000	0.00000000	 0.75096448 -0.02950785 -0.15809770	 0.22224113 -0.13740879  0.58816315	  -5.48048892   10.26543397  -81.53933092   11.74833482  -40.71075082   -4.78748834   56.62872833  -57.20080689   38.75338506 -124.53874633  -41.73033124  -10.29902212	 0.01349903  0.02074709 -0.16376008  0.70502508 -0.30446443  0.00361252  0.01713738 -0.01132845 -0.21744940  0.69899654 -0.31317747  0.00447922	
0.00400000	0.20228904	0.00522422	 14.60829544   2.54274249 -15.06714439   0.51485580  -1.43601942  -0.61974829	 -37.22359085 -110.27607727 -643.94073486    5.74178410  -47.41548157   14.79727364	 10.53735881   3.83292418 -38.88737182   0.12561598  -1.03519752  -0.53870133	-156.36289978 -110.23324076 -654.43110777   19.35437369  -69.78136098   14.40939507	159.73107416	0	0.00000000	0.00000000	0.00000000	 0.75678583 -0.03106874 -0.17392664	 0.18312437 -0.14264947  0.60200182	  -5.13042809   11.80086369  -83.39984198    5.45884614  -38.74716982   -4.85545142   56.29767726  -57.85088668   37.29155357 -126.72920413  -43.77712102   -8.53776647	 0.01349136  0.02070107 -0.16664396  0.71391451 -0.30822268  0.00333641  0.01739657 -0.01148184 -0.21257134  0.69891220 -0.30992541  0.00418010	
0.00400000	0.21031819	0.00508385	  6.68611288   2.92281795 -10.22639084   0.23960041  -0.06567548  -0.06798983	 -40.85763931 -108.68466187 -642.42266846    5.55331516  -46.73159027   15.25386715	  8.00417960   3.32044010 -34.49914201   0.09115377  -0.59642309  -0.27979026	-162.45051812 -107.76666731 -647.76245033   19.33746896  -68.95195810   14.39075553	159.55318211	0	0.00000000	0.00000000	0.00000000	 0.76244920 -0.03181673 -0.18962307	 0.17163943 -0.14770597  0.59491380	  -4.36266251   13.84792016  -84.68748254   -0.61851056  -35.64865918   -4.59237992   56.22158233  -58.23166580   35.41635012 -128.91742019  -44.74599841   -6.50880195	 0.01349903  0.02074709 -0.16972727  0.72334081 -0.31230310  0.00301427  0.01767145 -0.01171194 -0.20747852  0.69875109 -0.30675775  0.00375058	
0.00399200	0.21818687	0.00497755	 15.34812450  -0.17425358 -10.74787712   0.19768883  -0.61212838   0.30250889	 -35.45517731 -110.71026611 -647.89288330    5.34162903  -47.52972794   15.95139694	  8.03999953   2.98124268 -36.74821226   0.15768291  -0.32011155  -0.05210505	-165.19202638 -108.37095529 -648.25316903   19.49564127  -68.95993625   14.81333984	160.87112785	0	0.00000000	0.00000000	0.00000000	 0.76803934 -0.02973065 -0.20248799	 0.16055587 -0.15016924  0.59980329	  -4.04168640   14.55059640  -85.78037547   -6.84963750  -30.33540664   -4.15247027   55.29611545  -58.92968681   32.86529215 -129.00959464  -44.08764940   -4.32631545	 0.01350670  0.02090048 -0.17293330  0.73260605 -0.31677464  0.00264612  0.01789922 -0.01203408 -0.20231669  0.69845200 -0.30372813  0.00322136	
0.00399200	0.22593741	0.00489216	 28.81908989   5.54285526 -11.71967316   0.41031551  -2.40631795   0.06190359	 -34.69041061 -112.98191833 -657.51007080    5.23716354  -48.44708633   16.35786629	 18.51662483   5.93868376 -40.63212337   0.09500404  -0.89484443  -0.10639254	-168.07252306 -110.74463294 -655.22525902   20.02898505  -69.77552683   15.28026720	159.86927981	0	0.00000000	0.00000000	0.00000000	 0.77023411 -0.03579202 -0.21626584	 0.17356321 -0.10805992  0.65191296	  -3.19747744   15.46792204  -86.52206726  -13.08906679  -25.23891275   -3.74549278   55.11018507  -59.20741263   30.03251852 -128.69198562  -41.46519652   -2.64697550	 0.01349903  0.02107689 -0.17620833  0.74177158 -0.32158366  0.00223961  0.01806415 -0.01240990 -0.19711649  0.69799179 -0.30079824  0.00267680	
0.00399600	0.23359528	0.00480843	 15.71179295  10.30937481 -18.64228439   0.40217012  -0.61378247  -0.24229486	 -29.02191734 -116.02549744 -686.68328857    5.50629234  -50.73044205   16.91861916	 16.98200068   9.87148744 -42.07221654  -0.19274025  -0.74929108  -0.32946570	-172.70249070 -115.09874677 -672.31609734   20.83338209  -71.66075968   15.69574101	161.71461431	0	0.00000000	0.00000000	0.00000000	 0.77138570 -0.04220042 -0.23197073	 0.16834559 -0.12913053  0.69067410	  -1.91882886   16.68002417  -87.13586571  -19.19614386  -20.40844640   -3.41508981   56.34874452  -58.56839476   27.05897912 -126.44201699  -38.02894101   -1.55091561	 0.01350670  0.02122262 -0.17949106  0.75104451 -0.32653075  0.00181010  0.01815055 -0.01277806 -0.19193931  0.69735521 -0.29792202  0.00219359	
0.00398800	0.24115562	0.00473426	 13.59971809   9.29773617 -16.68607330   0.58213919  -0.35994101  -0.21509536	 -34.90777588 -114.46948242 -711.94543457    6.02669477  -52.94104004   17.56427383	  8.63616181   9.78063003 -43.03101158  -0.11022061  -0.28419141  -0.47666123	-182.62118280 -115.66284113 -692.50389533   21.61455986  -74.14457345   16.03741776	161.50200012	0	0.00000000	0.00000000	0.00000000	 0.77800532 -0.04170893 -0.25094895	 0.17408271 -0.14494466  0.69182993	  -1.30283622   17.78428777  -87.61725056  -24.70298302  -15.94389344   -3.06155763   57.08861945  -57.84613283   24.90770434 -125.22839549  -33.71697671   -0.61893044	 0.01356039  0.02133000 -0.18278912  0.76051682 -0.33156222  0.00137291  0.01815840 -0.01312320 -0.18681581  0.69664955 -0.29506880  0.00178709	
0.00400400	0.24864244	0.00465648	 21.50842094   7.91841412 -11.24060345   0.60269427  -1.75004375  -0.07421889	 -36.58050919 -113.86581421 -728.15600586    6.22882509  -54.10312653   18.06231117	 14.32724922   9.80606865 -40.24810282  -0.06817305  -0.72208482  -0.36356118	-193.89913089 -115.56225726 -713.79438832   22.62998214  -76.69479926   16.32807393	161.70051295	0	0.00000000	0.00000000	0.00000000	 0.78360327 -0.04539009 -0.26271521	 0.17781482 -0.13017051  0.71261764	  -1.14730458   19.11077634  -87.70850541  -30.61294686  -11.33488559   -2.50146003   56.67749341  -57.10226376   22.59132782 -124.11097909  -31.09339130   -0.03479071	 0.01366010  0.02139903 -0.18618688  0.77001220 -0.33661667  0.00091272  0.01812699 -0.01339165 -0.18176134  0.69587493 -0.29218492  0.00147262	
0.00398000	0.25602949	0.00460099	 10.05650902   8.81745338 -10.33714294   0.61152601  -0.19014673   0.05694047	 -33.83377075 -114.64296722 -759.92663574    6.72665215  -56.94673157   18.75622749	 11.83502801  10.16464268 -37.51628462  -0.06691523  -0.70761651  -0.40929798	-205.68369387 -116.04131989 -737.79500355   23.45048846  -79.57189575   16.68383286	161.10888493	0	0.00000000	0.00000000	0.00000000	 0.78912060 -0.04687835 -0.27316666	 0.17781482 -0.13017051  0.71261764	  -0.24891006   20.49837449  -87.00044300  -36.26311784   -7.52034822   -2.24658868   56.85335125  -55.55178706   20.34620671 -123.16587469  -26.84820653   -0.20082867	 0.01379815  0.02144505 -0.18973038  0.77930808 -0.34160212  0.00044485  0.01811128 -0.01358340 -0.17671455  0.69508493 -0.28923202  0.00128087	
0.00401600	0.26337484	0.00453950	  8.09205055   8.21943760 -14.52699471   0.64524585   0.28737012  -0.00551386	 -29.25860405 -117.74295807 -777.48266602    6.89224195  -58.41216660   19.23257446	  5.13128596   8.57968628 -38.22295978   0.04591317  -0.17397015  -0.25060688	-212.61792264 -118.33414882 -759.00538834   24.29363584  -81.94876254   16.99412048	159.22352431	0	0.00000000	0.00000000	0.00000000	 0.79464072 -0.04855227 -0.28356547	 0.17781482 -0.13017051  0.71261764	   0.26354741   21.79964020  -85.89104996  -41.45165757   -3.43639035   -1.91076455   55.56099401  -54.99052942   19.31208213 -121.88114456  -24.73721336   -0.57499743	 0.01395922  0.02149874 -0.19352698  0.78812850 -0.34649551 -0.00004602  0.01811128 -0.01366010 -0.17168309  0.69437158 -0.28616405  0.00121951	
0.00397600	0.27062961	0.00452141	 23.58161545   7.64071274 -15.22554970   0.47793430  -1.73433197   0.09904042	 -21.28284073 -119.97323608 -789.35717773    6.91724443  -60.21434784   20.38250542	 12.46749753   9.26634573 -40.67967391  -0.00864804  -0.47688731  -0.16559559	-212.61311664 -120.34473661 -774.01133710   25.56209630  -83.61644972   17.55912912	157.50089613	0	0.00000000	0.00000000	0.00000000	 0.80066314 -0.05452454 -0.29862191	 0.18028694 -0.17781815  0.74870012	   1.57762688   23.71522788  -83.28664717  -46.91717033    0.63374264   -1.58660718   54.96376089  -54.06595700   18.20750019 -120.17598784  -23.03301026   -0.84332129	 0.01413563  0.02159077 -0.19727756  0.79628158 -0.35105142 -0.00055223  0.01811913 -0.01366777 -0.16663630  0.69385773 -0.28313443  0.00121184	
0.00399200	0.27787322	0.00451563	 23.66168976   5.59432697 -20.70217133   0.50783360  -1.23460650  -0.13168353	 -17.61874962 -119.69497681 -795.20117188    6.85804415  -60.78077698   20.99134064	 17.42446223   8.68931810 -45.79020380   0.01424718  -0.67494670  -0.28543824	-215.51258189 -120.62180229 -783.03413213   26.42613959  -84.55227371   18.02205454	153.77319157	0	0.00000000	0.00000000	0.00000000	 0.80849027 -0.05978139 -0.30974963	 0.16316991 -0.17157167  0.77728485	   3.80936270   25.19021217  -80.73785439  -51.68115052    4.18160945   -1.09727434   55.77589416  -51.60355451   15.23833108 -120.06358732  -23.48419553   -1.39052250	 0.01429670  0.02174417 -0.20138095  0.80393618 -0.35575309 -0.00104311  0.01810342 -0.01359874 -0.16152814  0.69354326 -0.27969834  0.00125786	
0.00400400	0.28511703	0.00451597	 23.29360771   7.04237604 -23.39785576   0.43551001  -0.85367090  -0.20320016	 -14.27775478 -118.71302032 -791.38281250    6.72184610  -60.79762268   21.40649796	 16.07420619   6.90937652 -49.05014625   0.05552519  -0.37951840  -0.28007716	-219.30142240 -121.11097085 -784.92937905   26.79968278  -84.70916615   18.30110936	150.77784828	0	0.00000000	0.00000000	0.00000000	 0.81983759 -0.06120222 -0.31849755	 0.16139367 -0.18115152  0.77997892	   6.02677749   27.03428060  -78.03130708  -56.30010925    6.83930065   -0.66199967   56.21530597  -49.78142327   13.22743279 -120.29631293  -24.03433291   -1.81077193	 0.01444243  0.02199728 -0.20534630  0.81124556 -0.36020163 -0.00151864  0.01809557 -0.01356039 -0.15638164  0.69347423 -0.27604747  0.00132689	
0.00398400	0.29235011	0.00453334	 20.62244225   5.08396339 -19.83739662   0.34874323  -1.24837959  -0.11610155	 -11.79686069 -118.30004883 -788.18475342    6.47256041  -60.30690765   21.94905090	 15.57770883   7.78283123 -47.99367379  -0.02050194  -0.59215779  -0.29797650	-220.21238934 -120.98423143 -781.17724564   27.20144272  -84.07060741   18.65123174	145.69779997	0	0.00000000	0.00000000	0.00000000	 0.82744398 -0.06356477 -0.32275953	 0.17245111 -0.14924401  0.77557902	   7.53299393   27.73089165  -76.85234464  -59.72420086    9.08364654   -0.02382235   56.28223697  -46.25424365   10.05588275 -120.98454175  -24.99013080   -2.14395267	 0.01458815  0.02238077 -0.20907387  0.81833255 -0.36439705 -0.00196350  0.01809557 -0.01353738 -0.15120445  0.69353557 -0.27218950  0.00141893	
0.00399600	0.29960918	0.00454037	 18.93941116  10.69588852 -22.93899727   0.67281431  -0.74278802   0.01106883	   0.44888332 -121.24105072 -766.78558350    5.57975340  -59.56793594   23.06375885	 13.80789992  10.71396362 -47.82404337  -0.03707348  -0.60559852  -0.30033253	-214.19275463 -122.19742095 -769.03789765   27.30046458  -82.51393686   19.46430536	141.66327714	0	0.00000000	0.00000000	0.00000000	 0.83239834 -0.06509602 -0.32325551	 0.17230267 -0.12832930  0.79532942	   9.08881203   28.12919294  -76.41611107  -63.60723561   10.33959318    0.50935326   56.32675924  -43.29473672    7.30166726 -121.99054786  -25.34618313   -2.54493500	 0.01477223  0.02291767 -0.21254067  0.82506675 -0.36830103 -0.00237767  0.01807986 -0.01349903 -0.14633407  0.69356626 -0.26809376  0.00152631	
0.00399600	0.30687606	0.00452756	 19.78956413   9.81691170 -21.82761765   0.45201260  -0.66107464  -0.01830004	  26.24825478 -125.91104126 -759.89410400    5.09374332  -58.03605270   23.93965721	 12.21303904  12.35444768 -48.77551757  -0.17014567  -0.44459366  -0.26054896	-202.55125498 -124.60196245 -757.07697823   27.34611303  -80.33595134   20.22782057	138.77822027	0	0.00000000	0.00000000	0.00000000	 0.83402962 -0.07013725 -0.32900758	 0.17425060 -0.10021479  0.81517138	  11.00937288   27.89746364  -75.75433341  -66.54401973   11.14326710    0.99784624   57.02093375  -39.37718658    3.92207742 -123.06937288  -26.80720870   -2.95861872	 0.01500233  0.02361563 -0.21583872  0.83135605 -0.37192890 -0.00272282  0.01804845 -0.01342233 -0.14121825  0.69355857 -0.26373726  0.00164903	
0.00399600	0.31412870	0.00452786	 18.28072929   7.22058249 -20.90193176   0.55572075  -0.89822179  -0.12000574	  48.89252090 -127.27515411 -794.73248291    5.42312765  -50.13827896   25.13390732	 11.78590841  10.90554476 -48.12009183  -0.08634211  -0.58584334  -0.32620083	-188.08233708 -126.17225477 -781.35836504   27.88730557  -73.20803093   21.25346475	137.78490356	0	0.00000000	0.00000000	0.00000000	 0.83914033 -0.07502571 -0.34232487	 0.14954493 -0.15717413  0.85143844	  12.73437899   27.56759867  -74.86635482  -70.28737378   11.33874390    1.25179195   57.52683557  -35.89722527    0.52741704 -124.89929823  -28.74391137   -3.32971950	 0.01529379  0.02443631 -0.21909843  0.83707011 -0.37529600 -0.00302961  0.01803274 -0.01326126 -0.13620213  0.69355857 -0.25913531  0.00176408	
0.00400000	0.32138386	0.00448531	  9.14591503  10.72735500 -16.75865746   0.81714880  -0.21188775  -0.13637275	  189.21615601  -137.33491516 -1081.82202148    10.90628242    -9.37192631    31.04026413	  6.88393206  11.23756546 -43.44581749  -0.06331567  -0.65290387  -0.41798035	-161.52223793 -122.58527674 -933.96023473   29.70470967  -49.32201048   23.87763987	136.01641129	0	0.00000000	0.00000000	0.00000000	 0.84724785 -0.07748380 -0.35410445	 0.14231646 -0.16942711  0.83137866	  15.12417851   27.31058422  -72.92128499  -73.20375416   11.25651003    1.54958983   58.46045779  -32.09630966   -3.29176993 -127.16894585  -31.58014340   -3.38880824	 0.01569262  0.02534903 -0.22243483  0.84207857 -0.37841764 -0.00328272  0.01803274 -0.01297747 -0.13129339  0.69355857 -0.25439531  0.00184845	
0.00400400	0.32859400	0.00440996	 10.91073418  14.29695320 -14.09932137   0.84708351  -0.06752528   0.02760704	  333.50482178  -126.71209717 -1465.10168457    17.07754898    58.45818329    31.78606415	  5.34584143  13.01673858 -40.90674357  -0.12156998  -0.35082295  -0.41530698	 -144.03721499  -117.38507091 -1252.29899380    32.02376449    -2.81533315    26.42708451	135.39330323	0	0.00000000	0.00000000	0.00000000	 0.85831055 -0.07316301 -0.36086155	 0.14231646 -0.16942711  0.83137866	  16.68557197   27.22987447  -70.81141685  -76.71862238   11.78436525    1.55438900   57.63455336  -28.57275087   -5.99088154 -129.56502111  -34.07480947   -3.06624285	 0.01622184  0.02633077 -0.22592464  0.84627402 -0.38133222 -0.00347447  0.01803274 -0.01254029 -0.12655339  0.69355857 -0.24971668  0.00184078	
0.00397600	0.33570483	0.00415969	19.99328232 15.65649986 -3.56306362  1.04898965 -1.24945033 -0.05223583	  438.34402466  -107.13892365 -1743.73010254    22.19277763   103.48621368    31.57454300	 12.36969822  16.76042674 -34.51707431  -0.16287685  -0.33622248  -0.47615586	 -141.16260438   -89.62064881 -1640.58727421    31.86096189    56.01889843    25.88573934	134.71839354	0	0.00000000	0.00000000	0.00000000	 0.86988307 -0.07724517 -0.37079207	 0.10795952 -0.19231984  0.81781654	  18.56437709   26.64825190  -67.12546474  -78.32052005   11.68222337    1.10299043   57.50154840  -25.63811827   -7.34848590 -129.95461048  -32.77923721   -0.01564652	 0.01692748  0.02736621 -0.22952183  0.84963346 -0.38400900 -0.00360485  0.01799347 -0.01186534 -0.12195912  0.69361997 -0.24577434  0.00155699	
0.00400400	0.34255305	0.00384966	25.80296326  9.98585892 -2.16220355  0.85502732 -1.98606539 -0.44664261	  577.71795654   -69.22589111 -1915.18054199    26.25081825   140.62643433    34.68289566	 20.74495632  14.97147395 -29.82131450  -0.06299897  -0.51171029  -0.62281033	  -97.78715166   -49.35142455 -1915.71209698    30.98153117   104.77814044    26.79113817	133.82569934	0	0.00000000	0.00000000	0.00000000	 0.88082447 -0.08034402 -0.37759390	 0.07088028 -0.20863003  0.80896631	  19.58458002   24.54493182  -64.59465923  -77.95924782   10.34436046   -0.41914094   56.97455758  -23.76223773   -8.96416733 -127.89130931  -20.74727746    4.26035434	 0.01782485  0.02875446 -0.23300396  0.85214919 -0.38638666 -0.00368922  0.01782854 -0.01076854 -0.11747989  0.69381934 -0.24351940  0.00090505	
0.00399600	0.34905225	0.00340121	 22.60091400 -14.40947342   5.07949543  -0.79973590  -1.83717632  -0.04581294	  696.38494873   -76.89514923 -1957.77746582    15.76770496   156.54893494    40.37758636	 26.27338449   0.59268040 -25.34861030   0.10444627  -0.40347843  -0.43062611	  -39.68332424   -31.10022762 -1986.97025877    24.96118881   133.55737517    31.78343724	131.98610525	0	0.00000000	0.00000000	0.00000000	 0.89094041 -0.08367605 -0.37880453	 0.07088028 -0.20863003  0.80896631	  19.36787742   19.65162418  -62.81052611  -73.52944133    6.89195905   -2.38885274   57.50468742  -25.26877700  -10.27492062 -120.33846179    2.37096977   10.17943327	 0.01887563  0.03060291 -0.23617931  0.85385185 -0.38848054 -0.00373524  0.01746725 -0.00907349 -0.11293931  0.69431025 -0.24330464 -0.00018408	
0.00398800	0.35504860	0.00295823	 15.90579414 -20.04216766   6.05619717  -1.23556054  -0.99650484  -0.45867956	  685.14361572   -70.28639984 -2020.09765625    13.99545765   157.81564331    43.58076859	 22.08290454 -13.08760099 -22.53589618   0.24534172  -0.30999742   0.14801361	  -17.48118535   -21.87600003 -2111.28209373    19.70171439   143.17672037    37.56957036	130.28652315	0	0.00000000	0.00000000	0.00000000	 0.89944908 -0.09517583 -0.33775434	-0.34677635 -0.08226701  0.75360687	  18.74441691   13.61790610  -63.44220452  -67.86985089    1.30838044   -5.30500526   59.52715980  -30.17736609  -11.93870288 -110.08968841   36.86498254   15.40202296	 0.01994175  0.03289621 -0.23893280  0.85476458 -0.39030600 -0.00374291  0.01680752 -0.00671883 -0.10826067  0.69516158 -0.24487697 -0.00151097	
0.00399200	0.36055481	0.00249927	14.13803864 -4.45520258 10.01432228 -0.17705567 -0.91405261 -0.48046666	  674.10766602   -51.55385590 -2003.81103516    14.76425266   157.68539429    43.42743683	 17.50473460  -9.31787482 -19.41023103   0.11643377  -0.11126154  -0.14377978	  -34.65081858   -11.27228935 -2142.04330427    17.91368874   144.57854365    39.60093778	127.38467902	0	0.00000000	0.00000000	0.00000000	 0.90831262 -0.09690134 -0.28045968	-0.23564252 -0.10273886  0.80758679	 17.32558383   9.02746849 -64.13085570 -59.29034120  -4.14772228  -7.32190042  62.49827388 -37.15241384 -12.95198103 -97.90598468  70.64504305  19.71845998	 0.02093883  0.03563436 -0.24123377  0.85494101 -0.39195502 -0.00371223  0.01583362 -0.00401903 -0.10329825  0.69640410 -0.24778387 -0.00287621	
0.00399600	0.36555317	0.00221962	15.15834236  8.55840874  4.69885254  0.70615476 -1.56910002 -0.69931406	  551.63818359   -35.51665878 -1797.49377441    21.24582291   155.66790771    39.65242004	 15.03924558   3.56757629 -21.41351203  -0.02924941  -0.47732506  -0.73169840	  -67.42068163     3.61103151 -2032.42427902    19.12568820   143.03763149    37.29009893	124.64893575	0	0.00000000	0.00000000	0.00000000	 0.91456345 -0.07304634 -0.21783083	-0.19244231 -0.07013348  0.75732026	 17.19685785   3.81943496 -64.62738588 -48.87941359  -6.59552560  -8.70533760  69.73032861 -45.90153370 -14.05152007 -87.50998296 104.71879156  22.96957879	 0.02202029  0.03858728 -0.24328931  0.85438108 -0.39348134 -0.00371990  0.01460055 -0.00080534 -0.09801368  0.69801480 -0.25157279 -0.00411107	
0.00400400	0.37024519	0.00195798	 10.80789852  11.65727520 -11.87384510   1.00726366  -1.00414801   0.10991814	  471.67193604   -26.89651489 -1423.02575684    19.79235649   147.73713684    36.60927582	 10.39286789  11.21828632 -30.00899198   0.09227821  -0.79537998  -0.58788926	  -57.56766086     8.40380945 -1717.83175594    18.98683933   140.82367167    33.55787957	124.13243221	0	0.00000000	0.00000000	0.00000000	 0.90949764 -0.06447118 -0.17592402	-0.26340313 -0.07387495  0.47271719	 17.56107627   1.01731220 -66.19439204 -39.88631219  -4.32249579  -9.65953656  73.96796144 -51.90199511 -13.88436471 -78.71040969 133.65139693  25.34540676	 0.02327815  0.04162456 -0.24539086  0.85329962 -0.39494628 -0.00392699  0.01318683  0.00253107 -0.09247601  0.69991696 -0.25573754 -0.00519252	
0.00398800	0.37463748	0.00186536	  3.32026243   1.32193828 -15.79928207   0.24612066  -0.20200482  -0.63585716	  373.71182251     7.21202564 -1076.84936523    17.58580589   121.48438263    28.95369339	  3.75343233   7.86278280 -35.92388648   0.02715566  -0.64504852  -0.64918140	  -41.28501267    25.00603056 -1376.03914112    15.85139769   126.82032598    28.62394139	126.26577399	0	0.00000000	0.00000000	0.00000000	 0.90580485 -0.06658101 -0.14650036	-0.32462873 -0.17352010  0.55330935	 13.28646089  -2.34109109 -71.54463342 -32.50264340   1.94675796  -9.06139140  70.38657324 -55.73199651 -11.97343853 -71.38968729 158.73652949  26.55264954	 0.02462039  0.04466951 -0.24776852  0.85191905 -0.39635754 -0.00434883  0.01178097  0.00569107 -0.08668523  0.70193410 -0.25978726 -0.00602087	
0.00398800	0.37892684	0.00173163	 7.06494093 -3.96213865 -5.63093853 -0.20967296 -0.68589985 -0.01864389	 320.23593140    9.67356110 -858.45593262   15.53225613  104.37765503   21.70976830	  4.43076410   1.47935917 -33.94891012   0.08622880  -0.74316364  -0.26146520	  -22.92925882    38.18400820 -1120.73934870    12.83868441   111.93825259    22.75748684	127.96450620	0	0.00000000	0.00000000	0.00000000	 0.90520045 -0.07277524 -0.13172358	-0.30771543 -0.14332382  0.57804135	 16.01397574  -4.08204483 -72.02277876 -25.55346074   8.79117434  -7.67715254  72.27216848 -57.28061097 -11.13025536 -62.32170095 181.51940405  27.19655274	 0.02616204  0.04740000 -0.25052968  0.85013199 -0.39770743 -0.00490107  0.01055575  0.00849825 -0.08076407  0.70395130 -0.26328474 -0.00658845	
0.00400800	0.38307869	0.00160109	 -1.68806052  -1.90851343 -10.92055225  -0.00721063   0.47433898  -0.19570287	 288.80661011    7.48127699 -756.18072510   14.57918739   97.42917633   16.27680016	  0.62030900  -0.82725055 -33.09202160   0.05067175  -0.51907247  -0.15907373	  -6.46327149   36.38924558 -922.74031131    9.61939566  100.42970031   16.24068768	131.41296878	0	0.00000000	0.00000000	0.00000000	 0.90439576 -0.07013844 -0.12012195	-0.28691233 -0.15856297  0.46921077	 15.86036384  -4.94601991 -73.29221923 -22.72756183  17.47643756  -5.94567463  68.36270620 -57.05719035  -8.43170313 -54.95297145 197.05803552  26.49810143	 0.02770369  0.04979300 -0.25372037  0.84809947 -0.39891928 -0.00560670  0.00966825  0.01078388 -0.07491960  0.70583045 -0.26583880 -0.00691058	
0.00398400	0.38707212	0.00145487	-0.42802751 10.52099037 -6.17491627  0.91021287  0.28630206  0.26493931	 249.89533997  -14.97392845 -689.84588623   13.07835197   97.11421204    7.15088797	 -3.84008659   5.54288512 -32.55715411   0.06643036  -0.24574856   0.11999050	  -9.40799557   19.22343673 -811.11544992    7.14270266   95.26338445    9.82147465	133.47703559	0	0.00000000	0.00000000	0.00000000	 0.90492785 -0.07092200 -0.11251590	-0.23580800 -0.14756275  0.46843132	 14.17701974  -4.31396170 -73.12565044 -21.42611924  25.72828188  -3.63145738  61.08963707 -52.58269138  -5.07077431 -50.20108342 203.57472958  25.44542285	 0.02923767  0.05181019 -0.25736359  0.84587520 -0.39990872 -0.00639670  0.00923628  0.01240990 -0.06918252  0.70746410 -0.26715037 -0.00696427	
0.00400000	0.39091194	0.00139113	11.70570183 13.88969421 -6.94369936  1.06706583 -0.83644825  0.25567636	 260.21545410  -35.16794968 -719.06958008   13.18350410  105.96349335   -0.36261472	  2.64140533  13.20918732 -29.52179294   0.05239683  -0.48603373  -0.06388137	 -16.79584596    0.19674549 -784.49140586    4.86338469   97.71086676    3.33874373	135.12712141	0	0.00000000	0.00000000	0.00000000	 0.90226794 -0.09085711 -0.11594618	-0.23306173 -0.15071621  0.50374465	 13.10460656  -2.76298270 -70.66966868 -24.31096413  32.69333220  -0.94615749  54.65140688 -44.11634991  -3.08628499 -49.25449879 202.30828904  22.62185518	 0.03081000  0.05349757 -0.26139793  0.84351283 -0.40062201 -0.00727874  0.00929911  0.01339165 -0.06360650  0.70879102 -0.26719639 -0.00670349	
0.00398400	0.39467201	0.00137028	  8.96486759   6.90926886 -13.58868980   0.60849702   0.01864752  -0.34028196	 278.81924438  -59.55167770 -791.48437500   13.77414799  117.15731812   -4.69511747	  4.88457854  11.29557314 -34.14346535   0.02649629  -0.29564555  -0.36865540	 -27.00405253  -23.55528600 -832.14776161    2.95618909  107.26950153   -2.78295650	136.40299900	0	0.00000000	0.00000000	0.00000000	 0.89444088 -0.10856438 -0.13201702	-0.26403715 -0.17205688  0.61712864	 12.80919309  -1.34011610 -66.83754029 -27.69948600  37.79153033   1.36255821  50.52009601 -34.74237781  -2.31803791 -48.51948988 195.19659468  19.42479496	 0.03245136  0.05504689 -0.26570076  0.84107381 -0.40090579 -0.00819913  0.00974679  0.01389786 -0.05816854  0.70983410 -0.26619929 -0.00617427	
0.00400800	0.39842227	0.00137108	 15.43230534 -11.02163601 -10.26346493  -0.56163484  -1.06653440  -0.37111789	 351.48696899  -81.15251160 -961.72955322   16.50059319  139.34753418  -10.10372734	  9.56717784  -0.06643315 -37.14138898   0.12600765  -0.44716961  -0.44458369	 -30.01171934  -41.87589736 -952.78434726    1.63762081  123.76502583   -8.07200706	138.20693084	0	0.00000000	0.00000000	0.00000000	 0.88382470 -0.11973601 -0.14816042	-0.24561731 -0.19364528  0.64337084	 13.95781818  -0.09759485 -63.08188850 -31.83751409  39.78882871   3.19796377  49.48359100 -25.94649651  -4.10838282 -48.01489257 188.53882135  15.91480248	 0.03418475  0.05649650 -0.27012628  0.83861947 -0.40074474 -0.00906582  0.01060287  0.01412796 -0.05278427  0.71063948 -0.26458862 -0.00543029	
0.00398400	0.40216005	0.00137599	  9.33394718  -8.99878407 -12.52613735  -0.51325941  -0.47291836  -0.17976038	  423.80697632   -81.10188293 -1291.32958984    19.73399544   148.37399292   -11.08130836	 12.10228400  -6.51300062 -35.41462133   0.16828512  -0.58154067  -0.20040540	  -59.74578754   -48.04543857 -1158.03316329     2.02054899   135.24875050   -11.13967023	139.58154387	0	0.00000000	0.00000000	0.00000000	 0.86996185 -0.11874566 -0.15813727	-0.24561731 -0.19364528  0.64337084	 13.55977728   0.97682399 -59.22274448 -35.81206036  40.66477528   4.47002452  46.79610286 -16.99603020  -5.89406796 -46.89149944 181.30654960  12.39934854	 0.03594883  0.05790776 -0.27459016  0.83608836 -0.40002376 -0.00975612  0.01184380  0.01435039 -0.04746136  0.71129906 -0.26277086 -0.00455592	
0.00400400	0.40591443	0.00141652	 -7.89153004   1.90402269 -10.39561653   0.26351219   1.51254606   0.37989676	  481.13604736   -71.07326508 -1568.42712402    22.72758865   152.90158081   -10.60749245	 -0.95612284  -3.47475234 -34.07818665   0.15772370   0.03008801   0.12722630	 -123.68152225   -44.42692081 -1460.41084910     2.85382115   139.13246148   -13.15481086	139.87265072	0	0.00000000	0.00000000	0.00000000	 0.85919976 -0.12395412 -0.15578814	-0.18719556 -0.05077734  0.75419754	 12.97709344   2.14664586 -54.87673992 -36.73915780  39.37383917   5.30191540  43.38743718 -10.90151849  -8.48255314 -43.81761006 179.14020996  10.08622836	 0.03768223  0.05936505 -0.27897736  0.83340394 -0.39891163 -0.01020097  0.01347743  0.01484893 -0.04219980  0.71188200 -0.26103747 -0.00368922	
0.00398400	0.40970272	0.00139534	13.11876488  1.70299768 18.11153603  0.43561280 -1.14289868  0.09215188	  503.17385864   -69.11524200 -1657.32287598    23.40280342   154.28681946    -9.61970520	  0.77338080   2.28141210 -25.41922618   0.15849250  -0.06453306  -0.04800478	 -170.74665605   -39.02986909 -1656.60555730     3.59407662   140.46569774   -13.47590045	141.76465998	0	0.00000000	0.00000000	0.00000000	 0.85502984 -0.12900226 -0.15278673	-0.20196678 -0.03453676  0.79127519	 14.23464525   2.83690572 -48.38367955 -36.32452065  38.24281907   5.37347918  42.94165743  -7.06062000 -12.53762571 -40.34532085 178.11572419   9.11773436	 0.03938495  0.06102174 -0.28333387  0.83045101 -0.39740831 -0.01045408  0.01541736  0.01586903 -0.03713000  0.71248025 -0.25961086 -0.00300660	
0.00400800	0.41348079	0.00138207	-1.23393393  1.12094843  3.83768845  0.23128398  0.28465977 -0.27946186	  493.31079102   -79.00986481 -1650.99865723    23.47662926   154.29322815    -8.80486012	  2.09983508   3.98188885 -20.30649258   0.19139958  -0.55655571  -0.05289088	 -196.71026076   -40.33297761 -1719.62403481     3.85839865   140.69884733   -13.03345720	141.00884249	0	0.00000000	0.00000000	0.00000000	 0.85353720 -0.12938362 -0.15133653	-0.22227083 -0.00411491  0.78983185	 14.31870369   4.96776163 -41.95573007 -32.92650868  34.88249573   4.75458383  39.42251888  -7.64017858 -15.91285336 -35.91971313 181.28081708   9.54927380	 0.04109534  0.06284718 -0.28746793  0.82712227 -0.39564425 -0.01053078  0.01753008  0.01759476 -0.03229796  0.71317822 -0.25867513 -0.00261544	
0.00398000	0.41722858	0.00141929	-13.62987614   2.77355504 -12.37381935  -0.07106049   1.84573746  -0.53995287	  465.30590820   -72.18126678 -1547.88415527    24.13203239   152.73251343    -7.96668196	 -9.30646476  -0.01700587 -27.51189696  -0.04244119  -0.05082319  -0.35396158	 -204.00183870   -43.97007820 -1675.24980368     3.86715502   140.46825299   -12.46357638	141.65971696	0	0.00000000	0.00000000	0.00000000	 0.85924045 -0.12750292 -0.14976759	-0.24985216 -0.00396209  0.85797248	 14.26749250   6.81980860 -34.33869822 -27.88057926  30.76450257   4.29247995  38.47724914 -10.93839933 -19.14540187 -32.78040135 181.88414275  10.53721833	 0.04284408  0.06486437 -0.29197785  0.82340235 -0.39342764 -0.01049243  0.01960353  0.02005680 -0.02774204  0.71399885 -0.25811523 -0.00250806	
0.00401200	0.42103553	0.00149576	 3.06146836 -2.18682861 -0.18844408 -0.08784444 -0.63243604 -1.03738046	  414.04351807   -55.57657242 -1208.52514648    23.46592522   146.93177795    -2.69785357	 -4.52400088  -4.12014865 -25.34798195  -0.02500789  -0.24394076  -0.57759607	 -160.31629363   -34.63315479 -1472.49456088     3.52984333   140.81568345    -9.04457722	142.97766993	0	0.00000000	0.00000000	0.00000000	 0.86886346 -0.12047792 -0.15111121	-0.29244562 -0.13637337  0.90060013	 16.20266926   9.02185514 -25.96632316 -21.82361736  26.35122216   3.49263539  40.96900483 -16.31941935 -22.37408118 -30.94752659 183.26365280  11.97799422	 0.04466184  0.06704262 -0.29654142  0.81931430 -0.39093491 -0.01028534  0.02146493  0.02314010 -0.02345456  0.71494228 -0.25785446 -0.00257709	
0.00397600	0.42490745	0.00156332	 0.54951483  0.25244451 -1.05971336  0.13696583 -0.26335239 -0.38693485	 369.75317383  -35.09874725 -941.85614014   22.61525726  137.12744141    1.71718645	  3.00585326  -1.44185002 -22.64608689   0.04117196  -0.56624447  -0.63205474	  -98.85891119   -15.09177393 -1217.80171158     2.87514962   139.96582659    -5.28597046	140.33377331	0	0.00000000	0.00000000	0.00000000	 0.87472636 -0.10569213 -0.14507632	-0.23997578 -0.03292226  0.86853839	 17.62629630  11.07734556 -18.66281170 -16.97131319  21.34670444   2.09393647  43.80065959 -23.33760536 -26.85984186 -29.90875818 183.47496678  13.77563567	 0.04658699  0.06937426 -0.30105135  0.81498080 -0.38821977 -0.00998621  0.02309070  0.02672961 -0.01975767  0.71600074 -0.25770104 -0.00284553	
0.00400800	0.42887223	0.00162244	 -6.85731936   5.59427214 -22.26536560   0.58866864   1.36179733   0.27790835	 339.93313599  -28.00001526 -859.32092285   21.17670822  125.87548828    2.69096303	 -4.57044669   3.31600206 -35.23911004   0.10363799  -0.30298440  -0.21429021	  -66.20463497    -1.59046981 -1030.67866885     2.44582457   130.67754534    -2.28205285	140.27179586	0	0.00000000	0.00000000	0.00000000	 0.88297409 -0.10169894 -0.14483343	-0.29594145 -0.08886254  0.78289322	 16.87925153  13.57814444 -11.67456984 -11.55445368  17.17348868   0.90356295  43.16619716 -31.12030998 -29.12951662 -27.88157732 184.97254829  16.03850238	 0.04858883  0.07183631 -0.30538484  0.81055528 -0.38525152 -0.00964874  0.02459867  0.03061058 -0.01611446  0.71715885 -0.25744027 -0.00327505	
0.00399200	0.43289384	0.00166856	 10.65221310   6.54838610 -13.61775780   0.47127521  -0.88842964   0.37915260	 301.01770020  -22.93640518 -754.30639648   18.45146561  108.98406982    1.53731358	 -0.77696913   8.12098695 -40.72653977   0.11740218  -0.64711541   0.08653191	 -53.66663399    3.27214335 -907.80209510    1.79655469  117.80762126   -1.32257486	140.29610549	0	0.00000000	0.00000000	0.00000000	 0.88684103 -0.10284330 -0.14427912	-0.36734190 -0.16592205  0.82210967	 14.55788990  15.98126043  -6.65445512  -8.85367850  14.49818942  -0.27651915  41.25025151 -40.17845068 -31.15757626 -27.77188216 181.49212176  17.91756676	 0.05064436  0.07441339 -0.30943453  0.80619109 -0.38216823 -0.00934961  0.02608307  0.03460660 -0.01283942  0.71840143 -0.25687271 -0.00378126	
0.00399600	0.43696892	0.00171842	 4.91844988  7.09977436 -8.78276825  0.53385538 -0.68732923 -0.09397041	 277.93368530  -43.04166031 -697.79364014   15.48612309   99.80551910   -0.67285872	  3.73425455   9.02590664 -34.71955684   0.05216415  -1.05852708  -0.06571871	 -48.84755714   -4.30160742 -824.06421717    0.96495087  106.88168975   -1.81796620	138.41217333	0	0.00000000	0.00000000	0.00000000	 0.88428184 -0.10783663 -0.14715174	-0.34851691 -0.09054696  0.85030668	 14.90899506  17.64793262  -3.27115908  -8.37405194  12.18388143  -1.01691792  42.03023329 -48.51945243 -32.82085302 -28.50200895 177.96635826  19.22089736	 0.05267689  0.07694446 -0.31316978  0.80191129 -0.37897754 -0.00911951  0.02760674  0.03852592 -0.00985582  0.71975899 -0.25579125 -0.00426447	
0.00399600	0.44109941	0.00181733	-11.95168686   8.60445881 -15.56797218   0.55579585   1.37416279  -1.03242099	 273.71066284  -49.51984406 -668.93792725   14.58407497   95.51583099   -3.41300344	 -7.34437366   8.82135113 -36.26604327  -0.13468541  -0.61049035  -0.80945968	 -42.09547754  -15.69230460 -769.31495866   -0.70326632   99.01481948   -3.74516778	138.87786848	0	0.00000000	0.00000000	0.00000000	 0.88262585 -0.11043796 -0.15554520	-0.39823772 -0.09279096  0.85891498	 14.54778427  17.55796781  -2.74725820  -9.73692032  10.41066094  -1.11356812  41.97100761 -56.21352633 -36.56375583 -30.56734446 171.43195409  19.40147816	 0.05476310  0.07945252 -0.31666726  0.79766220 -0.37575617 -0.00898146  0.02922466  0.04228417 -0.00717903  0.72120094 -0.25403485 -0.00461728	
0.00398000	0.44533098	0.00186366	-19.51346207   6.21917486 -14.84365559   0.43635011   1.64556336  -0.53087991	 273.66250610  -76.51763916 -655.91015625   12.90424442   94.02056885   -6.70431376	-18.58884633   4.61065751 -35.55773563  -0.13566176  -0.38142201  -0.83276388	 -37.33546428  -32.73033837 -740.34985569   -2.04800043   95.32979378   -5.65963488	139.20592478	0	0.00000000	0.00000000	0.00000000	 0.87967862 -0.10620328 -0.16469468	-0.47998976 -0.12946902  0.85174445	 13.90287643  17.43805353  -2.43977629 -13.33343084   9.73331423  -0.31036002  42.51584153 -62.25119812 -39.82099326 -34.07307368 162.53972443  18.94557957	 0.05683398  0.08183019 -0.32006502  0.79360479 -0.37256551 -0.00893544  0.03099181  0.04575864 -0.00474767  0.72273487 -0.25158814 -0.00477068	
0.00400000	0.44962510	0.00194009	-7.57776594  7.34164143 -4.02790213  0.46081412 -0.43702134 -0.86169618	 299.39498901  -90.82234192 -686.26928711   13.05291939   97.25720978  -10.18059158	-14.69240011   5.84289597 -31.05753383   0.01975281  -0.77361359  -0.84114629	 -33.44898366  -47.04546522 -749.01501348   -3.35083350   95.91617641   -7.95452532	138.12273237	0	0.00000000	0.00000000	0.00000000	 0.87717204 -0.11339478 -0.18245551	-0.48806493 -0.07009498  0.87036290	 13.32206868  15.12491345  -4.18510615 -18.64008420   9.10604187   0.88153060  42.42145682 -67.20808968 -44.13553849 -39.06844192 149.66668930  16.92913152	 0.05913495  0.08436126 -0.32343212  0.78905654 -0.36944386 -0.00893544  0.03291603  0.04882660 -0.00250806  0.72436094 -0.24848950 -0.00469398	
0.00400800	0.45400864	0.00197680	-14.56582165   6.11514664  -7.19073629   0.50181806   1.27155423   0.04550601	 336.66390991 -103.55800629 -733.20422363   13.82057953  102.62454224  -12.48269939	-13.83366826   4.98513893 -25.10039356  -0.00014953  -0.66603541  -0.50038072	 -25.73035542  -57.07132272 -800.71006016   -4.53931238  101.33693061  -10.50049268	137.17645708	0	0.00000000	0.00000000	0.00000000	 0.87498412 -0.11774829 -0.20197698	-0.48806493 -0.07009498  0.87036290	 12.75185788  12.29237645  -6.30169091 -24.51104844   8.90498543   1.71668455  42.57850925 -70.13898822 -48.13142822 -45.93107460 133.74731895  14.56244443	 0.06151262  0.08688466 -0.32686055  0.78404808 -0.36632222 -0.00900447  0.03504446  0.05150339 -0.00034515  0.72613269 -0.24486163 -0.00434116	
0.00398400	0.45841965	0.00206616	-21.84103966   4.27840042 -19.60288048   0.28266162   1.60899901   0.33195388	 407.00390625 -128.55122375 -815.70129395   14.70885086  111.99572754  -15.28354168	-20.01744671   3.89370290 -31.82389006   0.03010777  -0.54238688  -0.30476461	  -8.69676890  -71.78441090 -882.70721822   -6.24199602  110.31958248  -13.02890193	137.73622947	0	0.00000000	0.00000000	0.00000000	 0.87103332 -0.12504545 -0.21871303	-0.55438797 -0.05257705  0.91908455	 11.43695842   8.30392481  -9.60847415 -30.27856085   9.91461604   3.35016540  42.80926939 -72.22687994 -52.63665301 -55.54322426 114.49080039  11.39532726	 0.06390563  0.08933903 -0.33051142  0.77864081 -0.36321589 -0.00908883  0.03736924  0.05385805  0.00177175  0.72815752 -0.24090396 -0.00375825	
0.00398800	0.46293220	0.00210115	-8.89082241  8.12667179 -7.82054186  0.50512856 -0.27691984 -0.12624444	 441.64306641 -140.24729919 -857.28039551   15.57964516  117.69704437  -17.05196571	-14.44987087   4.08734675 -29.87765708   0.15704141  -1.02582176  -0.24547125	   4.10945689  -82.59689460 -955.50625434   -7.97086871  119.05450658  -15.23847420	138.75529490	0	0.00000000	0.00000000	0.00000000	 0.86671341 -0.11188622 -0.23212627	-0.55984669 -0.02007931  0.73927001	 11.45881573   3.97909637 -11.78523957 -37.33415420   9.38928721   5.19145322  44.22573504 -72.87373862 -57.99635150 -63.44596676  94.78212468   7.75353496	 0.06626796  0.09166300 -0.33441541  0.77275032 -0.36012492 -0.00914252  0.03985110  0.05601330  0.00388097  0.73042011 -0.23687726 -0.00296825	
0.00400800	0.46749473	0.00212814	-12.52294350   7.76274300  -5.80568838   0.67168289   0.92252898  -0.02903825	 481.46459961 -156.98980713 -905.21600342   16.07484818  121.93502045  -18.35225677	-13.99286877   4.67328045 -28.99324915   0.15138832  -0.85450704  -0.29332063	   14.46555876   -94.57634627 -1023.15382587    -9.27177645   126.20197373   -16.92333134	139.27175509	0	0.00000000	0.00000000	0.00000000	 0.86916214 -0.10231553 -0.23875745	-0.51425998 -0.00153286  0.71117100	  6.55991876   0.22772187 -14.06787880 -42.27594765   8.41636015   6.95891914  38.85476536 -74.09813590 -59.52714876 -71.06662783  76.06940582   3.94527487	 0.06857660  0.09376456 -0.33860317  0.76635361 -0.35703397 -0.00914252  0.04228583  0.05793077  0.00602854  0.73288983 -0.23310368 -0.00202485	
0.00399600	0.47208062	0.00209789	  7.99885178  -4.62468529 -54.38426971   2.24646068   5.68883991  -0.20552965	 512.94750977 -169.25581360 -916.77819824   16.20124817  120.79583740  -18.07376862	 -4.43060030   5.26662671 -52.23014820   0.69729743   1.99162852  -0.27860565	   23.52720562  -103.32371757 -1062.68359049    -9.74664517   129.31757268   -17.61936143	137.85819952	0	0.00000000	0.00000000	0.00000000	 0.87616656 -0.08813668 -0.24965549	-0.44356075  0.12631377  0.66330041	  5.82493003  -2.40228000 -13.54755768 -45.02513167   7.94485289   7.77726728  38.34525456 -75.79913489 -61.99820757 -77.12006481  60.13888811   0.19892652	 0.07088524  0.09559000 -0.34302104  0.75945073 -0.35395065 -0.00905048  0.04486194  0.05990961  0.00816845  0.73559731 -0.22985931 -0.00097408	
0.00398400	0.47662619	0.00209429	  49.93961334  -10.74073505 -127.48377991    5.48196793   14.32067585    0.03052178	 512.94024658 -167.89750671 -878.48468018   15.51714325  114.15627289  -16.16841698	 21.54707321   6.52932696 -98.25744487   1.68982570   8.05683102   0.54340138	   32.64172106  -104.43030154 -1061.60905111    -9.41720914   127.71328995   -16.87225304	140.58959221	0	0.00000000	0.00000000	0.00000000	 0.87771925 -0.07388803 -0.25198008	-0.50578416  0.00470900  0.63157021	  2.99578290  -4.21049921 -13.89349826 -47.78675912   7.40825764   7.62548124  36.25333044 -77.87432042 -63.37608468 -82.04586555  50.41396960  -3.31284585	 0.07315553  0.09706262 -0.34762299  0.75209528 -0.35092103 -0.00886641  0.04728096  0.06192679  0.01031602  0.73848122 -0.22729756  0.00009971	
0.00400000	0.48117667	0.00205490	  68.52130890  -12.20546532 -196.12173462    8.22681904   23.87428093    0.59773368	 500.66983032 -166.12738037 -832.80444336   14.73216057  106.38916779  -14.83819008	  48.36754990   14.45037460 -178.01211016    2.74796963   18.14163667    1.83997550	   45.06734573  -103.79487305 -1026.59460903    -8.65647954   121.42638364   -15.51440347	139.82962723	0	0.00000000	0.00000000	0.00000000	 0.88158818 -0.06592089 -0.25552145	-0.42669218  0.05872157  0.61865531	  1.88786168  -4.15462048 -11.93103400 -48.80748464   6.17987947   6.96302561  36.54993550 -80.87638207 -65.43405825 -85.70984966  42.34285875  -6.26170862	 0.07537980  0.09815941 -0.35242435  0.74430269 -0.34802181 -0.00865932  0.04936226  0.06398232  0.01244058  0.74148011 -0.22547980  0.00108146	
0.00399200	0.48567894	0.00211785	 142.56234741   -9.36770439 -354.67456055   14.62595463   41.50021362    2.46718597	 464.18679810 -158.54843140 -726.59063721   12.26742554   89.93299103  -12.94978714	  87.78090745   36.31689196 -290.89712873    3.75146620   32.17986155    3.87407773	  56.07825241  -98.92584784 -952.45379788   -7.65113745  110.32055576  -13.85917828	140.56496509	0	0.00000000	0.00000000	0.00000000	 0.88564981 -0.05811146 -0.25588653	-0.34728791  0.10173841  0.61124168	  0.83726527  -4.51368296  -9.67216315 -50.01627664   6.12161392   5.54378195  37.35011286 -81.66168712 -66.57644820 -86.46487290  40.99687083  -8.66201966	 0.07752737  0.09885737 -0.35729474  0.73631060 -0.34542939 -0.00853660  0.05101160  0.06606854  0.01451145  0.74434870 -0.22429095  0.00204019	
0.00399200	0.49025115	0.00216261	 199.89292908  -20.00601959 -527.44073486   20.24817085   58.02529144    2.20880628	 413.11892700 -155.11380005 -627.37145996    9.50303173   76.01668549  -13.13248444	 142.61734027   55.90197980 -425.22400852    5.22222456   47.08795137    6.05035066	  60.99112159  -96.42009474 -861.62169317   -6.94706300   97.66849645  -12.78208869	141.30113763	0	0.00000000	0.00000000	0.00000000	 0.88633983 -0.04189357 -0.24793467	-0.33660691  0.10614806  0.57811285	  1.30372007  -2.79437469  -5.16395362 -50.47518681   6.74149865   3.96126971  40.07824141 -82.77476615 -68.51851501 -87.44322044  38.69269460 -10.40738265	 0.07953689  0.09909514 -0.36173561  0.72810382 -0.34341988 -0.00860563  0.05223682  0.06813174  0.01650563  0.74741662 -0.22361600  0.00284553	
0.00400400	0.49487978	0.00227044	 248.98681641  -25.52190018 -613.34259033   23.19800377   67.50614166    3.42347193	 375.34765625 -152.52252197 -553.19348145    7.05823326   65.92964935  -13.57199001	 207.61313599   74.05933478 -562.95475531    6.55259581   62.29556722    8.42711747	  66.22604912  -97.73976095 -754.07065543   -6.99764032   83.57599315  -12.30558290	142.37608598	0	0.00000000	0.00000000	0.00000000	 0.87981095 -0.02616923 -0.23839570	-0.20036157  0.14395163  0.52566185	  0.49101442   0.00586441  -0.75126252 -52.41322667   8.10792449   2.59272407  41.45336485 -82.15203127 -69.03374190 -87.50212050  39.07102112 -11.90178649	 0.08139300  0.09892640 -0.36609977  0.71978199 -0.34188589 -0.00903514  0.05308505  0.07012592  0.01834641  0.75043094 -0.22321717  0.00352816	
0.00399200	0.49962160	0.00236103	 300.68814087  -24.67779541 -732.66705322   28.17692947   80.03462982    3.92263317	 277.94540405 -140.51693726 -402.06909180    3.17829871   47.83947754  -14.92375565	 265.97174987   94.87188718 -682.59850404    7.73913463   75.08570662    9.94180167	  61.72406870  -99.10142319 -616.89384144   -7.17974766   66.92127032  -12.19653340	143.21967783	0	0.00000000	0.00000000	0.00000000	 0.86681778 -0.01038700 -0.22187711	-0.09314545  0.20827052  0.56193348	  0.16828152   3.85161899   3.80775302 -55.39403994   9.81990341   1.89541904  42.09434350 -81.78965870 -69.78112659 -87.31360820  38.88455463 -12.88666363	 0.08308806  0.09832815 -0.36984268  0.71183598 -0.34108055 -0.00987883  0.05366625  0.07195903  0.01994175  0.75329179 -0.22301008  0.00406505	
0.00398000	0.50445741	0.00248912	 277.48675537  -34.65819168 -809.70886230   30.94870567   83.82890320    4.47114277	 215.43859863 -128.27682495 -304.08621216    0.42987263   34.78456879  -15.80799866	 284.45816962  107.33374202 -756.14998675    8.93879030   81.78736987   10.86302177	  54.84566746  -96.67987040 -494.83324312   -7.58334977   51.81844753  -12.38464362	145.35513124	0	0.00000000	0.00000000	0.00000000	 0.83885394  0.00081743 -0.19227859	-0.04214130  0.30084695  0.56163982	  1.34395394   8.04158403   8.38915730 -59.49098747  12.89473459   1.97330273  44.05956137 -78.90336145 -70.34706753 -86.58575636  39.47871514 -14.06040348	 0.08467572  0.09741543 -0.37284163  0.70455724 -0.34100387 -0.01121340  0.05414534  0.07351601  0.02116893  0.75586885 -0.22288737  0.00450990	
0.00400400	0.50944895	0.00260001	  302.15701294  -138.74974060 -1227.95373535    43.57467270    61.15578842     6.99631739	 177.44487000 -120.48100281 -236.77720642   -1.48425198   25.79742241  -15.65787506	 307.34702582   70.56827434 -969.15344640   22.10495974   72.42079156   13.43616704	  51.36756526  -93.83686168 -390.81324360   -7.83856840   38.59964407  -12.16866227	149.61668349	0	0.00000000	0.00000000	0.00000000	 0.81182177  0.01174290 -0.16686826	0.01189230 0.28374956 0.56611602	  1.02611834  13.12100752  11.69928317 -65.08465418  17.23317961   3.03950163  42.85043297 -76.55852405 -70.89205783 -85.97815734  37.24722419 -15.12283911	 0.08620203  0.09630329 -0.37518862  0.69773102 -0.34160978 -0.01308485  0.05464799  0.07470485  0.02209699  0.75803179 -0.22268794  0.00493175	
0.00400000	0.51456147	0.00271017	  408.15447998  -114.29998016 -1656.98803711    51.35039902    34.12218094    15.77270889	 159.76286316 -107.77309418 -193.80558777   -2.18004537   19.77103996  -14.14452744	  393.26004024    74.11466596 -1390.97712106    43.24282505    45.06658929    18.84933347	  52.37372235  -88.20821328 -319.75396725   -7.59052835   29.30969483  -11.18221910	154.35901733	0	0.00000000	0.00000000	0.00000000	 0.78135259  0.02430764 -0.14233108	0.04764154 0.33739478 0.52559836	  1.21685288  17.26641705  14.15915477 -72.51131091  22.99684175   5.41973008  40.86553207 -71.81916730 -72.80786981 -84.99732874  31.57880709 -15.94554289	 0.08758262  0.09507611 -0.37711376  0.69117326 -0.34270659 -0.01554689  0.05529202  0.07548718  0.02261854  0.75973451 -0.22229677  0.00529223	
0.00399600	0.51979423	0.00277714	  481.28698730   -59.93980789 -1683.45983887    48.12152863    25.48538971    20.56220436	 149.34596252  -98.61025238 -151.41732788   -2.45459414   14.77250195  -12.27625465	  480.44768727   145.87451747 -1603.11598210    48.08692356    28.04959292    22.97984313	  58.28031023  -76.59082260 -271.83758180   -7.03969323   23.65293158  -10.06684369	160.01672625	0	0.00000000	0.00000000	0.00000000	 0.74604680  0.03461518 -0.13115428	0.11447867 0.37788505 0.54864277	  1.95869886  21.95326082  18.31955032 -79.13805208  27.27152366   9.83244824  38.03609733 -68.55999009 -72.48141036 -82.59710546  25.75002533 -16.14950146	 0.08857970  0.09375688 -0.37883949  0.68553585 -0.34391075 -0.01879126  0.05607742  0.07586300  0.02273359  0.76093870 -0.22168319  0.00555301	
0.00398400	0.52509475	0.00283697	  503.37347412   -84.57904816 -1765.89221191    45.94168472    17.27235031    18.23930168	 132.43061829  -91.67570496 -127.78206635   -2.76398230   11.69528484  -10.75349712	  542.04812836   170.62455771 -1704.84918849    48.36595943    17.00035258    23.90602332	  63.29515031  -69.67978327 -227.88394967   -6.04873188   18.79429457   -8.41138361	165.88380380	0	0.00000000	0.00000000	0.00000000	 0.71553771  0.04354338 -0.11670701	0.21898669 0.38372618 0.56124682	  5.58802577  26.67249625  21.42402121 -87.65213139  26.97970121  17.26090475  36.72248220 -64.32074764 -73.63447806 -79.50848187  18.41601972 -15.96407267	 0.08897854  0.09240698 -0.38064191  0.68209207 -0.34484649 -0.02291000  0.05705917  0.07588601  0.02258019  0.76162130 -0.22089319  0.00569107	
0.00399200	0.53046620	0.00295990	  479.99710083   -25.18949699 -1678.90039062    38.32933807    17.80356216    11.72275829	 98.85899353 -43.84525299 -48.13819122  -1.56427717   2.92280674  -4.72999763	  549.27135114   184.32979587 -1731.99696983    44.41735852    10.18250789    18.94932111	  66.59760926  -42.79212915 -163.41905967   -4.41863577   12.63281596   -5.64707991	173.38578782	0	0.00000000	0.00000000	0.00000000	 0.69805834  0.07323204 -0.09816249	0.41178185 0.19895382 0.20745361	  8.74564934  33.27086236  24.79229905 -95.00140590  24.33192202  27.13251810  33.23479681 -62.47366981 -73.43957579 -74.20626607  13.22721628 -15.47141960	 0.08900922  0.09108009 -0.38232163  0.68130207 -0.34538338 -0.02765000  0.05826082  0.07545650  0.02240378  0.76185137 -0.21994212  0.00572175	
0.00400000	0.53597873	0.00325233	  403.33255005    40.20132065 -1330.50341797    30.72262764    29.13503265     8.76517582	 65.64653778 -15.90903950 -14.91832924  -0.58084846  -0.78327173  -2.64536810	  501.03457354   208.27059261 -1549.26139530    32.60364270    15.84303172    13.70382670	  59.05078114  -16.99368812 -106.22043202   -2.53158817    6.58828325   -3.00418287	177.01117986	0	0.00000000	0.00000000	0.00000000	 0.71088435  0.16066175 -0.04886604	 0.51600917  0.11396403 -0.02295052	  -0.18817599   42.50634417   21.81709339 -107.10668594   22.47409155   38.24859773   18.08606800  -60.89408287  -71.96370393  -67.91059563    3.83805694  -13.81490608	 0.08890951  0.08959980 -0.38357180  0.68223011 -0.34541404 -0.03267378  0.05967454  0.07450543  0.02238077  0.76167500 -0.21886066  0.00559903	
0.00399600	0.54181409	0.00351306	  361.20028687    46.31793213 -1188.16894531    27.12582970    39.94600296     9.40390873	 56.17075729 -17.93827248 -18.89480782  -0.83521289  -0.61564207  -1.12331736	  416.61767218   207.79857017 -1298.99369046    20.56185229    27.15437369    10.90841486	 47.70711291  -6.60119111 -77.19282648  -1.33638538   3.52466773  -1.39458872	176.70750525	0	0.00000000	0.00000000	0.00000000	0.71156960 0.19252846 0.02314011	 0.69844715  0.42109135 -0.26297676	  -7.71645474   52.87120162   22.53894766 -117.26841661   22.79645925   49.50680863    5.62034940  -59.33425478  -71.50457643  -57.30594462   -2.66807091  -11.27076806	 0.08871009  0.08816553 -0.38426211  0.68376410 -0.34513792 -0.03762087  0.06126890  0.07301747  0.02246514  0.76108444 -0.21766415  0.00522320	
0.00399600	0.54793918	0.00369264	  334.76296997    82.31702423 -1016.04388428    23.99613190    60.47301102    10.66993332	 66.29842377 -24.93685913 -38.10567093  -1.03892970  -1.65390205  -2.30809045	  373.73040334   212.63386720 -1126.08732099     9.90330533    44.48119292    10.65573885	 40.92697940  -8.08663240 -83.40840205  -0.96723204   2.30299477  -1.23488108	179.15339325	0	0.00000000	0.00000000	0.00000000	0.68967150 0.16603150 0.09620908	 0.44149987  0.45742475 -0.04029974	 -20.48128265   62.85559721   22.68399685 -125.66136027   24.20437382   58.91020591   -9.66538203  -53.61716494  -67.48741287  -40.82443262   -1.13877177   -8.36553223	 0.08833426  0.08703806 -0.38436949  0.68542850 -0.34493086 -0.04215378  0.06289467  0.07098494  0.02251883  0.76020235 -0.21646765  0.00463262	
0.00400000	0.55426610	0.00394369	 262.41534424  106.09274292 -912.44146729   22.02218056   76.16842651   13.58116245	 71.13643646 -22.53037643 -35.77691269  -1.11908448  -2.39546084  -2.07802534	 307.28868802  213.36656154 -997.58112731    1.62445579   57.89461005   11.73901616	 45.13932914  -8.03017134 -92.63736896  -0.81538308   1.41825402  -1.22920844	178.26739925	0	0.00000000	0.00000000	0.00000000	0.65970069 0.15410416 0.09567522	 0.44934654  0.53862950 -0.01450204	 -15.56900114   68.06786348   27.44201295 -126.01451866   26.40671516   65.31459848   -6.71104204  -47.64179967  -71.53090024  -25.45964659    0.35867292   -5.96245994	 0.08770534  0.08647048 -0.38377890  0.68677837 -0.34493852 -0.04607311  0.06442620  0.06855359  0.02242680  0.75932032 -0.21530950  0.00396534	
0.00398800	0.56086534	0.00411265	 207.72767639  117.45906830 -873.76226807   20.60130692   84.80844116   15.86084366	 52.56492233 -21.05604362 -38.26882553  -0.87246644   0.55523133  -2.01634026	 230.35488918  208.20861781 -916.96815472   -4.92414222   68.03090826   14.16681958	 35.00062273  -9.57581538 -87.92467555  -1.02091964   2.05373705  -1.39531158	178.57135256	0	0.00000000	0.00000000	0.00000000	0.62167075 0.14307724 0.10621294	 0.41437696  0.56871991 -0.04439183	 -16.58767175   73.43607169   29.56483871 -124.74365956   30.23586529   70.58358032   -7.25243486  -41.65598388  -74.27282710   -9.44320012    5.07233710   -3.65381871	 0.08677728  0.08650116 -0.38261309  0.68760675 -0.34538338 -0.04915641  0.06573781  0.06595349  0.02201262  0.75858402 -0.21418202  0.00329039	
0.00399200	0.56765461	0.00427415	 175.96046448  135.04817200 -874.85339355   19.99180412   96.82624817   17.73543358	 62.14670944 -15.94840717 -33.93212128  -0.61807245   0.66407025  -3.10990977	 179.21707471  209.73254367 -890.41193926   -9.51330745   76.23701772   15.97596727	 35.08038572  -5.13141974 -84.97858993  -1.31275215   2.65667454  -1.57466435	176.94159458	0	0.00000000	0.00000000	0.00000000	0.58386573 0.12389043 0.12221649	0.42611287 0.64247450 0.12390043	 -13.62455783   78.33637054   37.94717089 -115.94444978   37.97803666   73.51605689   -3.63742420  -35.90493112  -74.59577125    5.88134743    7.29312438   -1.88372801	 0.08556543  0.08710708 -0.38091037  0.68778318 -0.34628075 -0.05135000  0.06682952  0.06287786  0.02109223  0.75793207 -0.21299319  0.00262311	
0.00400400	0.57463008	0.00435439	 178.72244263  145.60722351 -886.97351074   20.20934868  103.31023407   17.88950729	 61.51010132 -33.92529678 -52.07289886  -1.20120835   4.24695206  -2.71588087	 158.58298095  216.83245352 -893.68333447  -12.36813825   82.57813946   16.64071878	 31.89608670 -11.80913691 -93.12741467  -1.65917044   4.42124958  -1.94966860	176.41899943	0	0.00000000	0.00000000	0.00000000	0.56864319 0.11151448 0.13079873	0.41672192 0.67927195 0.18608678	  -6.38876376   78.99872422   43.44621610 -110.47035274   44.64100482   73.56651145    2.12459426  -27.06693551  -75.86826173   13.90919723    7.75571021   -0.11547764	 0.08420019  0.08808883 -0.37873212  0.68725395 -0.34766135 -0.05259252  0.06770131  0.05957980  0.01952757  0.75731850 -0.21176600  0.00200951	
0.00398800	0.58168578	0.00443755	 185.76400757  150.00418091 -917.72137451   21.49271774  107.12911224   18.22378922	 74.81645203 -34.63453674 -53.09695053  -0.85716653   3.89003873  -4.22923708	 155.12980742  227.19799235 -908.24508133  -13.65607708   87.70789315   17.06812487	  36.13204047  -20.16617207 -104.84272553   -1.98084615    6.25038070   -2.39788350	175.24551719	0	0.00000000	0.00000000	0.00000000	0.55279983 0.11116023 0.14075002	0.43097488 0.78853208 0.16240443	  -0.07303510   79.95362475   51.84310591 -101.37408206   52.85124716   72.31982715    6.08409530  -19.88602472  -75.61383888   20.09979204    5.03136519    0.69213174	 0.08252048  0.08925465 -0.37609366  0.68597305 -0.34951746 -0.05286097  0.06840031  0.05620505  0.01724961  0.75683528 -0.21052349  0.00154165	
0.00398800	0.58883393	0.00445183	 198.70228577  161.78089905 -963.58630371   24.35801697  109.13326263   17.26844215	 50.64414597 -24.16543007 -41.61394501  -0.89874411   4.21716499  -2.63987064	 158.74428343  241.19348767 -944.33529934  -13.09154779   91.12447849   16.95920918	 30.03731213 -18.68866408 -98.31118302  -2.09271128   5.92248548  -2.34646743	175.52330177	0	0.00000000	0.00000000	0.00000000	0.53516344 0.11526989 0.14663752	0.37245356 0.80221488 0.09550170	  4.56664188  82.44432571  59.66767030 -93.06515262  61.11724251  70.84107347   6.81879158 -12.84425753 -71.41656025  23.49901944   2.17820501   0.46559384	 0.08067970  0.09032844 -0.37313309  0.68404025 -0.35176474 -0.05233174  0.06898151  0.05292233  0.01422767  0.75655919 -0.20931163  0.00123485	
0.00399200	0.59600019	0.00453359	  184.16925049   176.94400024 -1027.08666992    27.72898102   109.57252502    15.29168320	 57.08510971 -18.37584686 -28.76349640  -0.51399672   0.79997873  -3.05088663	 156.19589328  256.16972269 -992.66364165  -11.14037287   91.96397104   15.97165470	 27.75410483 -11.05674522 -84.33502770  -1.81653862   4.16003718  -2.25966268	174.43405356	0	0.00000000	0.00000000	0.00000000	0.52225292 0.11239943 0.14584337	0.32782892 0.75248029 0.05342043	  8.84871435  86.85452173  69.25244975 -81.65461144  71.26768724  68.46072916   6.86422669  -7.33980394 -65.59843842  27.17312193  -1.44951809  -0.15204820	 0.07870854  0.09110310 -0.36985037  0.68159354 -0.35429579 -0.05140369  0.06946845  0.04991572  0.01053845  0.75653619 -0.20814581  0.00113515	
0.00400400	0.60326397	0.00462351	  163.24613953   182.43168640 -1069.40673828    30.29469681   109.41905975    12.77152252	 52.94653702 -29.33441544 -26.55469704  -1.60281801   0.66741323  -2.82058954	  133.93664098   267.24942058 -1049.45740334    -7.72249173    90.27147882    13.41372514	 32.53480821 -13.98732766 -78.33577508  -1.60588967   2.96126382  -1.94840155	173.71657671	0	0.00000000	0.00000000	0.00000000	0.51923013 0.10952815 0.14255118	 0.26089767  0.67292515 -0.00854183	 11.79421730  92.33171349  76.92750041 -73.38511093  79.97790593  66.47217786   5.41410090  -3.21673884 -58.41174416  28.30790902  -4.69896796  -0.57039532	 0.07666834  0.09147125 -0.36628386  0.67877871 -0.35704163 -0.05042961  0.06982188  0.04733864  0.00631233  0.75685829 -0.20702600  0.00112748	
0.00400400	0.61062771	0.00490273	  109.43789673   185.26930237 -1108.98950195    33.06317139   107.82965851     8.20497131	 49.67390442 -31.73155022 -14.39185619  -1.75280058  -0.16114229  -2.76182556	   98.33635977   267.52346902 -1096.44576857    -3.99722394    86.80725265     9.74435894	 34.08887233 -18.29508549 -71.33399034  -1.58885310   2.67106220  -1.78040228	170.80116380	0	0.00000000	0.00000000	0.00000000	0.52311668 0.11327772 0.13680744	 0.25698914  0.68104917 -0.09350895	 14.80804935  98.83828472  88.43987705 -59.04166831  90.49995908  64.76593071   3.42680705  -2.16107110 -48.47401566  29.04180133  -7.87731058  -1.84255619	 0.07460514  0.09150194 -0.36254862  0.67568004 -0.35987949 -0.04965495  0.07003394  0.04528311  0.00174874  0.75751793 -0.20596756  0.00124252	
0.00397600	0.61828619	0.00511849	   67.62208557   180.58351135 -1125.54443359    33.99575424   105.76586914     3.82054281	 43.48083878 -18.53456688  -8.10125065  -0.90207738  -0.57463253  -0.90044093	   62.76828156   261.10887721 -1123.46770708    -0.86514076    82.65297247     5.80187343	 38.05002987 -13.55163886 -62.93519451  -0.99969217   2.14265698  -1.01073100	170.25792842	0	0.00000000	0.00000000	0.00000000	0.51837801 0.10901821 0.15211056	 0.24678400  0.61567271 -0.11586923	 13.74764247 105.05782618  96.63544935 -49.57667095  97.34920296  65.76708298   2.43862850  -1.73816233 -39.77331561  30.54821927 -11.85909829  -3.34757484	 0.07262631  0.09138688 -0.35874435  0.67235899 -0.36274037 -0.04919475  0.07009677  0.04370311 -0.00299893  0.75855333 -0.20500882  0.00148029	
0.00399600	0.62619561	0.00548750	   47.20093536   176.08749390 -1119.53356934    34.13980865   103.87338257     0.58366406	 35.32561111 -15.31406689 -12.17583179  -0.79339778   0.64517343  -0.23344089	   28.03426284   248.57257607 -1129.81097539     1.68524378    78.56239261     1.58621443	 30.55958414  -9.59706466 -55.30065155  -0.48432062   2.22665209  -0.20714074	165.74777991	0	0.00000000	0.00000000	0.00000000	0.51806902 0.10177692 0.15885273	 0.31959714  0.63973155 -0.16871661	 14.46763938 110.17658822 104.75587547 -36.46227528 106.23436450  67.68371100   4.39497126  -2.26662028 -34.32911007  31.63084241 -14.71745015  -4.24568981	 0.07078553  0.09136388 -0.35480967  0.66887683 -0.36549386 -0.04909505  0.06995540  0.04252194 -0.00775427  0.75999528 -0.20416513  0.00176408	
0.00400800	0.63452178	0.00570965	   24.53541374   162.22262573 -1091.55139160    33.89683151    99.72827911    -3.28106761	 36.14200211 -13.18801689  -5.67313862  -0.65650779  -1.19502509  -0.12553026	    5.83540579   232.25828728 -1115.38115362     3.72743874    74.75946659    -2.07355546	 27.67103245  -6.84173068 -51.31794127  -0.11489120   1.59469847   0.20378400	164.19027484	0	0.00000000	0.00000000	0.00000000	0.51871553 0.09487600 0.15894653	 0.26621208  0.64915645 -0.21644658	  9.44241396 114.25351117 112.36050984 -21.57413538 118.00296252  71.95899414   5.63115932  -3.00075781 -29.01034626  34.55878554 -17.61576528  -4.26550893	 0.06915184  0.09140990 -0.35068327  0.66527200 -0.36808628 -0.04918708  0.06964124  0.04157854 -0.01240990  0.76181304 -0.20352086  0.00196350	
0.00398000	0.64307934	0.00592537	   11.67286968   153.08380127 -1056.22106934    34.18471527    97.58019257    -4.16754007	25.47991562 -8.53774643 -7.85464525 -0.46417674 -0.54220569  0.10981078	   -8.04333551   218.20702940 -1091.77930846     5.31297241    72.02410477    -4.11922899	 25.04195567  -3.34017507 -46.44879412  -0.06366368   0.88862217   0.17466471	162.21053079	0	0.00000000	0.00000000	0.00000000	0.51194396 0.08477441 0.17267624	 0.25291337  0.63507701 -0.23156674	  4.18277637 116.91428688 117.67625065  -6.45217715 129.05035421  74.87132206   7.33368480  -2.43780643 -26.12352130  35.73266449 -17.39230930  -4.00694141	 0.06775592  0.09144057 -0.34661055  0.66158277 -0.37025687 -0.04920242  0.06922498  0.04076553 -0.01690446  0.76385325 -0.20310669  0.00205553	
0.00400000	0.65188777	0.00595033	   -3.25648665   150.94563293 -1039.92602539    34.48883820    97.27600861    -3.87421894	 19.97133255   0.60409921 -11.24280071  -0.02031032   0.06392341   0.05391647	  -25.28511314   206.53210953 -1066.66451881     6.69269553    70.40155868    -4.51713708	 15.49156867   0.17489291 -43.62646301  -0.15150405   0.86749211   0.19513206	160.64609160	0	0.00000000	0.00000000	0.00000000	0.51336009 0.06551076 0.18064113	 0.24940585  0.63417704 -0.23512041	 -3.43912598 119.74803874 120.87658803   6.32458802 138.42548701  77.58314195   8.96433077  -1.85037025 -24.67233127  36.27135175 -17.23630732  -3.69210728	 0.06651340  0.09146359 -0.34203163  0.65793955 -0.37218201 -0.04910272  0.06882443  0.03999087 -0.02126097  0.76636130 -0.20288426  0.00206320	
0.00399600	0.66072166	0.00608483	  -16.22496414   156.35197449 -1015.89251709    35.90956879   101.03423309    -1.36302853	14.45989227 -0.71329778  2.39770055  0.01508836 -0.57744670  0.41016176	  -40.89300804   203.33962800 -1041.69942048     7.22720168    71.61190162    -3.34413554	 15.18198905   2.60433665 -35.02484365   0.05716668   0.41759622   0.27863641	158.43660062	0	0.00000000	0.00000000	0.00000000	0.52141061 0.04069790 0.18011204	 0.24342879  0.61181007 -0.21265702	-10.36726536 122.28418707 124.68452326  16.80790398 144.74293869  77.98729511  12.47925728  -0.41311084 -23.84941981  37.72853188 -15.79876445  -2.39552544	 0.06536291  0.09153262 -0.33727628  0.65435773 -0.37357026 -0.04907203  0.06852598  0.03923922 -0.02547175  0.76922220 -0.20286125  0.00193282	
0.00400000	0.66970730	0.00607851	 -21.44523048  164.50337219 -986.64642334   36.76852036  106.76017761   -0.04012625	 1.19747508 -7.29159975  2.24618602 -0.26881263  0.80513978  0.09775100	  -51.90017932   203.31788782 -1020.61951995     7.08200748    75.16773036    -1.69730964	  8.71459980  -0.53385322 -27.10128653   0.06268533   0.52490119   0.22662390	156.01299127	0	0.00000000	0.00000000	0.00000000	0.53422350 0.01520077 0.17769703	 0.23115716  0.53897691 -0.19333580	-15.66299097 124.77890756 126.61505400  23.11216142 147.63965565  79.62460811  15.61243646   0.69092196 -25.62545548  36.53047167 -14.98536209  -1.18889636	 0.06421242  0.09167067 -0.33252093  0.65092927 -0.37441397 -0.04906436  0.06839246  0.03848757 -0.02952912  0.77232081 -0.20306833  0.00171806	
0.00398000	0.67867482	0.00609260	 -34.58554459  154.55261230 -988.62628174   37.16592789  114.81944275    0.91899306	 8.07146549 -2.20914102  5.38148403 -0.11577973 -0.28704804  0.31598157	  -68.06611938   199.43152907 -1007.50043324     6.40637812    82.04960346     0.01633977	  7.85166922  -1.32932013 -23.92593657   0.10130855   0.30711610   0.23210175	153.71994346	0	0.00000000	0.00000000	0.00000000	 0.55214443 -0.00251737  0.17367120	 0.23629056  0.46358303 -0.19357679	-17.92350626 127.87407521 130.25726630  27.97411236 149.96285820  79.60467675  18.20520943   1.15263985 -27.53081190  34.89305170 -14.30206703  -0.50007765	 0.06302359  0.09189310 -0.32790366  0.64766186 -0.37467474 -0.04906436  0.06846315  0.03775126 -0.03324903  0.77560353 -0.20344415  0.00149563	
0.00400400	0.68767130	0.00610657	 -33.64159775  142.26731873 -945.23107910   37.14946747  125.04116821    3.33017492	 8.26250267  2.09942651 -1.10203111  0.13934331 -0.40598157  0.18481256	 -73.01161856  188.41989105 -978.03000136    4.91374913   91.72750135    2.73345038	  8.07534977   2.31747779 -26.52307208   0.04997751  -0.09143131   0.12564610	150.63653000	0	0.00000000	0.00000000	0.00000000	 0.57444369 -0.01469082  0.16258728	 0.23629056  0.46358303 -0.19357679	-20.01328145 130.88432336 134.47876911  32.11494160 149.04115611  80.42139378  19.46627890   0.56740747 -27.52875758  33.37197763 -14.39509087  -0.53253675	 0.06174272  0.09223825 -0.32329404  0.64438683 -0.37454435 -0.04905669  0.06873804  0.03705330 -0.03721436  0.77903962 -0.20395805  0.00132689	
0.00398800	0.69667447	0.00619267	  -4.69999647  132.63517761 -935.74456787   36.35429001  133.89843750    5.83496428	 4.68782139  3.86758900 -3.29816294  0.31441826  0.13086039  0.39644766	 -54.82616588  179.66429643 -956.71628005    2.74573807  102.24897980    5.87720410	  2.56474717   4.11552051 -28.78498227   0.04373822  -0.02146346   0.25210286	146.37069952	0	0.00000000	0.00000000	0.00000000	 0.59700562 -0.02708817  0.15156748	 0.23629056  0.46358303 -0.19357679	-19.77135863 133.63151125 138.55867776  33.58660340 149.57777741  80.52437709  20.32654298  -0.91864769 -29.76851855  32.90133189 -15.17569591  -0.45712605	 0.06030844  0.09277514 -0.31844667  0.64115012 -0.37436792 -0.04901835  0.06921712  0.03638602 -0.04123339  0.78269053 -0.20462532  0.00122718	
0.00400000	0.70577997	0.00628823	  28.27139473  138.07403564 -976.43041992   38.02499390  140.31047058    8.43575478	12.34633064  2.19781613  5.52860355  0.22571780 -1.55001855  0.12928952	 -35.47704936  184.39995846 -967.10767339    2.07337475  110.67951056    8.91085547	  7.10393286   5.72746836 -27.72136378   0.14821177  -0.47522560   0.14270761	143.13883223	0	0.00000000	0.00000000	0.00000000	 0.61487098 -0.03586337  0.14396526	 0.26111762  0.31987508 -0.33430277	-18.74999045 136.30588661 143.01829813  37.17897406 154.54517653  81.37354041  19.31162913  -2.81426997 -31.71496056  33.09910696 -17.49572259  -0.37245056	 0.05862873  0.09360349 -0.31325415  0.63795948 -0.37439862 -0.04893398  0.06990042  0.03569572 -0.04529077  0.78654850 -0.20539232  0.00115816	
0.00399200	0.71498722	0.00641802	   52.32390213   145.73718262 -1009.13690186    40.22845459   144.64190674     9.56912804	 0.66855419 -4.51505613 -0.88251597 -0.27820411  0.04193927 -0.14666039	 -15.62081233  199.31713129 -996.06496509    2.43956216  116.77618852   10.68160775	  7.10661293   2.23132504 -25.97063024   0.06969270  -0.49438080   0.00449504	139.76113721	0	0.00000000	0.00000000	0.00000000	 0.62833035 -0.05923648  0.13312901	 0.19118696  0.24342995 -0.31953343	-22.47659633 138.77806980 148.07959454  41.73693067 162.83428617  82.71706836  15.34318094  -4.17746342 -32.33311586  33.32876821 -20.13729462  -0.30740968	 0.05668058  0.09477698 -0.30769348  0.63487619 -0.37444463 -0.04884961  0.07076436  0.03501311 -0.04943252  0.79059821 -0.20626669  0.00111214	
0.00400000	0.72434318	0.00655491	   67.91641235   151.73643494 -1041.72155762    42.40148544   148.66156006     9.74635696	 2.32082891 -0.45067319 10.72258759 -0.07931406 -0.55261451 -0.23293251	    0.02976387   213.73793997 -1028.13040633     3.21480858   121.74680450    11.76000500	  3.91848367  -2.99323189 -20.75426806  -0.03598998  -0.25171667  -0.11445218	136.56317511	0	0.00000000	0.00000000	0.00000000	 0.64153264 -0.07504853  0.12722459	 0.17619037  0.23633940 -0.34274941	-19.17281142 140.05458298 151.44848321  45.19299914 168.10965278  84.66696513  12.36511440  -8.50104347 -36.44668264  32.94474230 -23.54886583  -0.40613662	 0.05462505  0.09621125 -0.30191037  0.63194627 -0.37441397 -0.04883427  0.07181679  0.03431514 -0.05365097  0.79479361 -0.20727144  0.00109680	
0.00398400	0.73384237	0.00680589	   70.46648407   152.86506653 -1059.23229980    43.68215179   151.52429199     9.40793324	 1.46167755  6.15146208 12.16428661  0.26852587 -0.86422622 -0.13082036	    5.59224068   222.56556055 -1056.07314119     4.53679111   125.89866656    12.16530274	  6.97456207   3.44883633 -15.13431626  -0.10255174  -0.54903066  -0.12761490	134.32330051	0	0.00000000	0.00000000	0.00000000	 0.65398242 -0.08189024  0.12569566	 0.17793820  0.16104396 -0.44756453	-18.40379663 141.72542510 154.95499466  49.22268792 174.39174955  86.94412544   7.94935999 -12.58074190 -39.47378350  32.58055122 -27.04734197  -0.50517041	 0.05220903  0.09807504 -0.29618862  0.62937683 -0.37439862 -0.04883427  0.07301845  0.03357883 -0.05790776  0.79907346 -0.20848328  0.00109680	
0.00399600	0.74362719	0.00697798	   73.04583740   156.59114075 -1130.75622559    45.02891159   153.01808167     8.58486557	 7.92522907  4.35967875  6.16246176  0.14368324 -0.57079417  0.17255463	    5.26699204   230.66393586 -1112.14002567     6.25487512   127.34173157    11.88063953	  6.27419524   6.09266811 -16.51343921  -0.18426472  -0.29423214  -0.11799290	131.82443617	0	0.00000000	0.00000000	0.00000000	 0.66800045 -0.08733265  0.13025896	 0.18587561  0.10354690 -0.49480704	-18.75115990 143.85924587 158.48701797  53.55675153 180.34665861  90.41320875   2.78044506 -16.99446866 -41.33751909  32.08871632 -31.45633803  -0.52026478	 0.04954757  0.10019960 -0.29048988  0.62686110 -0.37439862 -0.04883427  0.07436148  0.03281184 -0.06219524  0.80342996 -0.20989455  0.00109680	
0.00400000	0.75360548	0.00717560	   71.33319855   159.50645447 -1135.49755859    44.93795776   153.11669922     8.99106884	16.45906258  1.71764362  9.58419323  0.20398228 -1.85077643 -0.66452926	    0.45208981   236.37446595 -1138.08145915     7.00468135   127.50002828    11.80069089	 11.16980567   6.01969363 -20.51255220  -0.18456735  -0.52825123  -0.41638773	129.74487337	0	0.00000000	0.00000000	0.00000000	 0.68180465 -0.09252098  0.12337606	 0.17677226  0.06318170 -0.52373917	-18.62911122 146.16697371 161.92124388  56.94536276 186.99550651  93.21018241  -1.74649907 -20.44679025 -43.01599802  31.14542231 -35.07936955  -0.50050709	 0.04664068  0.10243922 -0.28456104  0.62462920 -0.37438327 -0.04882660  0.07578305  0.03192980 -0.06652873  0.80794752 -0.21155125  0.00108146	
0.00400400	0.76380563	0.00730488	   69.93414307   160.32600403 -1135.72094727    44.98988724   153.09518433     9.80357838	14.74905968 -0.44857517  5.04653215  0.02588118 -1.24935567 -0.66133958	   -5.87738694   241.48563269 -1144.18531017     7.86370528   127.34265025    12.39585415	 14.85627918   5.02183171 -25.21822615  -0.27286100  -0.58730227  -0.56587768	128.01743432	0	0.00000000	0.00000000	0.00000000	 0.69269501 -0.10096124  0.11881498	 0.13378889  0.02571683 -0.60942778	-17.87558327 147.52079620 163.95694403  61.83216291 194.33566435  96.74780631  -5.79997954 -23.37230406 -44.82441053  28.87207368 -38.31559403  -0.37999756	 0.04349602  0.10480922 -0.27831009  0.62268871 -0.37436026 -0.04880359  0.07729887  0.03089437 -0.07094660  0.81266451 -0.21346106  0.00107379	
0.00399200	0.77414286	0.00745410	   71.14979553   170.80166626 -1120.12597656    45.66448212   152.77784729    10.42663765	 9.17895699 -1.10939622  6.42115831  0.14266485 -1.00289547 -0.42739895	  -14.57210474   248.99353797 -1137.53034942     8.58906285   127.12850376    13.20665576	 11.32124445   3.21666537 -25.09758274  -0.21957201  -0.44436686  -0.49001438	127.02908552	0	0.00000000	0.00000000	0.00000000	 0.70206650 -0.11880675  0.11751828	 0.06048368  0.00624614 -0.54953477	-19.01125838 147.99668427 164.56570400  67.62771737 203.12818235 100.14651403 -10.15118834 -24.20036986 -45.24959629  25.05090056 -40.44529218  -0.43245969	 0.04006757  0.10730960 -0.27182135  0.62103969 -0.37433726 -0.04879592  0.07872044  0.02982058 -0.07537980  0.81767297 -0.21564697  0.00107379	
0.00399200	0.78464586	0.00759518	   58.44064713   173.77561951 -1110.54821777    45.99092484   152.78085327    10.40318775	13.99173450 -6.81745958 11.88079643 -0.30309993 -1.45077825 -0.69990551	  -27.22529969   256.11408602 -1124.20980919     9.22416427   126.85598424    13.31224213	 16.51082487   0.57059529 -22.24910000  -0.10279377  -0.44248697  -0.46347032	125.62698318	0	0.00000000	0.00000000	0.00000000	 0.70949291 -0.14782108  0.11569383	 0.04188330 -0.01541470 -0.50947225	-13.89682842 147.68768640 163.56846274  72.19227361 211.57475174 103.30940827 -11.67667673 -25.93005249 -47.25520167  19.96697676 -42.05181623  -0.44681775	 0.03640903  0.10995572 -0.26535562  0.61965907 -0.37429890 -0.04877291  0.08014201  0.02857806 -0.07975165  0.82296520 -0.21816270  0.00107379	
0.00399200	0.79530567	0.00775873	   47.54901886   165.90092468 -1104.45532227    46.03905487   152.81930542     9.91577435	 8.80124187 -9.94863415 11.23218918 -0.52570903 -0.77361399 -0.75737780	  -39.73096890   250.85545495 -1116.74864442    10.63632242   126.44306786    13.21317460	 16.83316393  -4.13189035 -20.21387284  -0.14453421  -0.29280386  -0.46401707	127.12970421	0	0.00000000	0.00000000	0.00000000	 0.71757682 -0.16094105  0.10892539	-0.01928545 -0.14056855 -0.55872221	 -9.63303963 146.68510399 162.40239375  75.16787801 219.09623642 106.39151300 -12.60822928 -26.36890142 -47.88216301  14.40888207 -43.07281310  -0.45270823	 0.03258175  0.11276291 -0.25891289  0.61855459 -0.37424523 -0.04874990  0.08139080  0.02731252 -0.08406213  0.82844150 -0.22099289  0.00107379	
0.00398400	0.80614287	0.00785507	   43.96711731   154.40266418 -1092.70043945    46.24560928   152.62521362     9.66431999	12.59111977 -9.08668995 12.03130245 -0.39556658 -1.34262156 -0.76564282	  -49.90924099   241.99979655 -1106.62184397    12.08578932   126.26331596    13.05999925	 17.18440804  -5.00442934 -20.32567840  -0.10540204  -0.35586163  -0.46622754	126.57374164	0	0.00000000	0.00000000	0.00000000	 0.72549459 -0.16385029  0.09954143	-0.01629194 -0.15732533 -0.61594557	 -7.30584894 143.79704833 160.24319369  78.60210884 222.00000000 109.93647197 -13.83333150 -25.62046194 -47.59491715   6.96241738 -43.23629354  -0.45565347	 0.02862408  0.11567747 -0.25226310  0.61777228 -0.37421453 -0.04871155  0.08243538  0.02604699 -0.08829591  0.83408654 -0.22418357  0.00108146	
0.00399600	0.81709373	0.00790454	   42.36079025   160.78662109 -1064.60705566    47.31420898   152.04875183    11.11303711	20.06185532 -3.68547964  7.25069523 -0.01845526 -1.95576549 -0.06668622	  -56.60284470   240.75906764 -1085.50577499    13.40077873   126.38024237    13.88128243	 19.60939467  -0.74321770 -25.37779259   0.08721459  -0.54928680  -0.29951699	127.15265286	0	0.00000000	0.00000000	0.00000000	 0.73378084 -0.16207233  0.08837382	-0.01629194 -0.15732533 -0.61594557	 -5.51491462 139.97803264 157.63613511  82.18150794 222.00000000 112.97107351 -15.22311691 -23.64622981 -45.72860130  -0.72473892 -42.72024830  -0.73753778	 0.02455903  0.11873009 -0.24538319  0.61735809 -0.37419152 -0.04863485  0.08324433  0.02479680 -0.09243000  0.83945549 -0.22771940  0.00110447	
0.00401200	0.82810849	0.00801063	   40.27897263   169.55909729 -1019.40600586    49.00296402   151.12097168    13.25303173	18.35302734 -8.50341511 -2.25144672 -0.38682532 -1.43607438 -0.75668442	  -59.62149555   245.63421307 -1048.44610462    15.77660235   126.47266295    15.41984870	 16.78681967  -1.22604079 -33.22032839   0.01681995  -0.58504710  -0.40705847	129.94425321	0	0.00000000	0.00000000	0.00000000	 0.74123971 -0.16102115  0.07764454	-0.05539010 -0.28535691 -0.77305060	 -2.91541728 133.76417459 153.10597996  86.16754773 222.00000000 115.57391985 -15.31133200 -21.37152454 -44.84137008  -8.74825091 -41.31914133  -0.67041081	 0.02040194  0.12193611 -0.23880240  0.61732745 -0.37416852 -0.04849679  0.08380982  0.02362330 -0.09651038  0.84516954 -0.23133959  0.00111214	
0.00398800	0.83922786	0.00811739	  36.83555984  166.75193787 -959.28186035   49.16792679  149.98245239   13.92693901	 16.40314102 -11.61645603   5.64811516  -0.68600148  -1.45638776  -0.79235697	  -64.26675759   247.35819319 -1005.84340812    17.45309312   126.61711132    16.69004371	 17.66415554  -5.67955168 -31.76700178  -0.01905964  -0.55033898  -0.42728705	132.11407795	0	0.00000000	0.00000000	0.00000000	 0.74848366 -0.16587644  0.06820856	-0.09984666 -0.35342375 -0.83423488	 -4.63977090 124.43793586 145.69359068  90.34964824 222.00000000 117.15368993 -15.50570634 -17.30348986 -41.32985215 -17.10623778 -38.89133166  -0.61813276	 0.01616048  0.12528019 -0.23196086  0.61761886 -0.37416852 -0.04829738  0.08411612  0.02261087 -0.10052941  0.85083759 -0.23552737  0.00111214	
0.00398000	0.85046142	0.00823959	  36.82313156  162.45652771 -939.07470703   48.19869614  146.78913879   13.70903778	16.20083046 -9.41363907  6.19754744 -0.56893897 -1.16585588 -0.61753863	 -67.75257258  244.08688673 -963.59667797   18.18502093  125.38302003   17.25146109	 18.67522616  -6.13783716 -27.62727598  -0.06917742  -0.39111096  -0.39940974	134.63615422	0	0.00000000	0.00000000	0.00000000	 0.75852713 -0.17323083  0.05298991	-0.13279954 -0.43392533 -0.85821071	 -2.86483183 113.87224203 137.96150789  94.29397882 222.00000000 117.83295372 -13.63399724 -14.76241843 -38.57295754 -26.95160807 -36.33203329  -0.71323958	 0.01186534  0.12863193 -0.22523436  0.61807144 -0.37414551 -0.04807495  0.08414754  0.02181320 -0.10443339  0.85626024 -0.23999125  0.00112748	
0.00400800	0.86184633	0.00835701	  43.85107040  156.06137085 -916.15728760   47.12725449  142.94291687   13.45476151	15.83911800 -5.38712025  0.00221978 -0.21185815 -0.94659501 -0.07611611	 -62.55888342  238.20351832 -934.75533327   19.18371495  122.63921206   17.17180513	 14.98832185  -3.82264752 -29.01523652   0.05252328  -0.27012232  -0.16479872	137.65415193	0	0.00000000	0.00000000	0.00000000	 0.77026517 -0.17559576  0.03925523	-0.17203118 -0.53215043 -0.90312349	 -1.04786177 103.16747125 130.20284974  96.85541253 222.00000000 117.49406762 -11.53002943 -11.60613763 -34.11029117 -34.69135154 -31.97063066  -0.84688001	 0.00750116  0.13184562 -0.21842349  0.61873871 -0.37409180 -0.04775281  0.08394334  0.02126864 -0.10796922  0.86135304 -0.24472357  0.00115816	
0.00398800	0.87335068	0.00843633	  49.06378174  151.51153564 -884.80792236   46.10260773  138.96960449   14.08243656	23.61602402 -1.99999797 -8.37971497 -0.01353522 -1.67934763 -0.06461824	 -58.58548984  234.19214555 -908.61596423   19.94713358  120.04076813   17.32925746	 14.83256311   0.00465600 -35.92163486   0.17188097  -0.51550564  -0.06187088	139.84674253	0	0.00000000	0.00000000	0.00000000	 0.78127826 -0.17405407  0.02724960	-0.18390022 -0.54940913 -0.98805134	  1.75751642  91.74262172 121.46226189  97.85611177 222.00000000 115.26260812  -7.89146738  -9.39254763 -29.49981266 -43.50370798 -26.51661737  -0.84737090	 0.00308330  0.13476019 -0.21144387  0.61975878 -0.37400743 -0.04722359  0.08356635  0.02093883 -0.11159708  0.86598569 -0.24969368  0.00116583	
0.00400400	0.88495201	0.00848640	  51.69299698  151.21040344 -865.75073242   45.95541763  137.08306885   14.83667850	 28.72047806  -8.86381912 -13.63029861  -0.44576585  -1.76804757  -0.09931089	 -58.10740132  232.66519472 -884.59965360   20.69695789  117.91151547   17.96156270	 17.06104969  -2.63850312 -43.99301750   0.26421821  -0.54205116   0.01182871	142.09626613	0	0.00000000	0.00000000	0.00000000	 0.78537300 -0.17446759  0.01866277	-0.19726972 -0.56979650 -1.03180074	  1.43069309  82.14558598 111.33705467  99.28220254 222.00000000 112.24792574  -6.20470724  -7.08880761 -22.72118383 -51.79030617 -21.05338205  -0.79656547	-0.00136524  0.13735262 -0.20441824  0.62116235 -0.37388474 -0.04647961  0.08306369  0.02082378 -0.11506388  0.87019646 -0.25477114  0.00116583	
0.00399200	0.89660239	0.00864715	  56.92175293  146.82707214 -845.18829346   45.39261246  134.24801636   15.62935066	 32.03075027  -7.15239668 -13.70059395  -0.39605555  -2.35750747   0.02285320	 -53.03755258  228.75192653 -862.26784105   21.96461400  115.77941057   18.85170055	 20.09004414  -2.77408729 -49.24422911   0.31315443  -0.74051313   0.05201533	145.74141421	0	0.00000000	0.00000000	0.00000000	 0.79081158 -0.17807268  0.00310249	-0.26106040 -0.66216044 -1.04908475	  2.71518969  72.73171300 100.26290619  99.82695287 222.00000000 108.11219018  -4.47889009  -6.07922156 -14.70615143 -59.54094101 -15.20629541  -0.78073479	-0.00582913  0.13959989 -0.19746931  0.62294179 -0.37372366 -0.04556689  0.08248249  0.02087747 -0.11825456  0.87395471 -0.25987929  0.00116583	
0.00398800	0.90842915	0.00886194	  56.91453934  134.78292847 -813.84783936   43.58053207  129.06980896   14.82841873	 20.16920853  -8.01795197 -18.55786133  -0.37432551  -1.01488674   0.11238948	 -52.27169219  221.28106474 -838.29997041   22.71871133  112.71427831   18.85072968	 16.83972940  -3.78252010 -49.72418514   0.35815950  -0.61413368   0.18885942	148.01597795	0	0.00000000	0.00000000	0.00000000	 0.79706191 -0.18486035 -0.01423805	-0.30163191 -0.73531465 -1.06738761	  3.18618271  64.64121987  87.20855000  98.41864912 222.00000000 104.22730610  -3.26291853  -4.53568448  -8.91254007 -66.60128600  -8.49284144  -0.77466023	-0.01031602  0.14161707 -0.19044368  0.62517375 -0.37353191 -0.04453912  0.08182276  0.02110757 -0.12103106  0.87725276 -0.26496443  0.00116583	
0.00400400	0.92050356	0.00908658	  58.39041138  123.65723419 -797.25195312   42.05591965  126.11096954   13.60561180	 17.13604355  -8.68694401 -15.47021008  -0.43578246  -0.82020289   0.36507514	 -51.69122160  210.47347845 -816.78832113   22.93063330  109.57927915   17.97755822	 10.69333172  -5.48540971 -47.26980360   0.38306143  -0.38915620   0.31241910	149.10544948	0	0.00000000	0.00000000	0.00000000	 0.80436522 -0.19048917 -0.02267339	-0.31729409 -0.73924148 -1.08351729	  4.19986516  56.49873208  75.24422747  96.77009099 222.00000000  99.50036013  -1.79271741  -2.47729988  -3.43125560 -71.12008366  -0.04267184  -0.77153091	-0.01483359  0.14350387 -0.18327232  0.62789655 -0.37323278 -0.04332728  0.08110805  0.02140670 -0.12331669  0.88001394 -0.26998055  0.00116583	
0.00399200	0.93282098	0.00933974	  61.33511353  111.37436676 -778.71722412   40.52749634  123.71084595   11.76418400	17.47327423 -7.56153345 -7.46341085 -0.30842170 -1.20561087  0.72063422	 -49.31922273  197.21214332 -797.12268469   23.43594608  106.91346010   16.45272479	 12.12452418  -4.44578513 -41.67180198   0.54622189  -0.49155564   0.55553801	150.69767670	0	0.00000000	0.00000000	0.00000000	 0.80993063 -0.18884961 -0.03403982	-0.27973153 -0.73766209 -1.14635468	  4.23295403  47.40999970  62.43855093  94.42453189 222.00000000  94.21385004   0.01937062   0.07896158   1.68715387 -74.88795499   8.63485009  -0.76950606	-0.01936650  0.14518358 -0.17608562  0.63120997 -0.37269589 -0.04184699  0.08033051  0.02172883 -0.12512679  0.88210011 -0.27487397  0.00116583	
0.00398400	0.94541532	0.00959075	  68.04339600   94.59377289 -776.76300049   39.69707870  124.14544678    8.42597961	  9.18931961  -4.16642475 -13.90590763  -0.20532119   0.01519515   0.76826125	 -48.08705148  185.26272245 -788.85416531   24.00914967  106.47875335   14.51459578	  5.64273490  -3.47846908 -41.11051854   0.47919448  -0.29412984   0.66175585	153.29241860	0	0.00000000	0.00000000	0.00000000	 0.81178185 -0.18745563 -0.04577126	-0.25049954 -0.79324632 -1.15780475	  4.50533040  36.09201629  47.49525745  90.43554817 222.00000000  88.56910143   1.75433003   2.51267979   7.87765948 -79.24780656  18.36959727  -0.76803344	-0.02389175  0.14685562 -0.16927475  0.63509858 -0.37181386 -0.04010592  0.07948228  0.02205097 -0.12649202  0.88341933 -0.27965999  0.00116583	
0.00400800	0.95830190	0.00976945	  74.15290070   81.31850433 -785.36181641   38.96631241  125.10115051    6.65774250	 11.80967522  -5.11046886 -18.59025002  -0.14559551  -0.51153082   0.65385145	 -49.86208339  174.17434063 -791.34502297   24.29732190  107.34573040   12.63944474	  2.68629281  -3.53934670 -41.87335578   0.50335891  -0.37243700   0.66631076	154.61692925	0	0.00000000	0.00000000	0.00000000	 0.81110319 -0.18952025 -0.06692976	-0.25049954 -0.79324632 -1.15780475	  3.66734462  26.03001260  32.27735281  84.65733975 222.00000000  81.99026337   5.73495777   4.20600871  14.34462380 -80.75804819  28.31118110  -0.76711305	-0.02832495  0.14835893 -0.16286270  0.63956249 -0.37059435 -0.03812708  0.07859478  0.02235010 -0.12741242  0.88388723 -0.28424659  0.00116583	
0.00399200	0.97137827	0.00995494	  94.22164917   61.73831940 -801.47753906   38.56178284  127.25994873    4.96902418	 12.65322781  -3.72233152 -21.29088974  -0.28617567  -0.46245408   0.30210561	 -40.37603693  162.69937547 -805.75510095   25.80418966  109.20817291   11.23543229	  3.07216989  -2.77513230 -44.73662479   0.36582165  -0.59532962   0.46697419	159.04071339	0	0.00000000	0.00000000	0.00000000	 0.81250466 -0.18433113 -0.09240969	-0.23843773 -0.91501451 -1.21627924	  2.06013243  15.27237546  17.58637621  77.51721344 222.00000000  74.57802905   9.71952194   5.46453884  21.73616733 -81.31690477  39.33810114  -0.76637674	-0.03261242  0.14963980 -0.15690319  0.64463997 -0.36904502 -0.03590281  0.07772299  0.02267223 -0.12791096  0.88355744 -0.28851873  0.00116583	
0.00398400	0.98465633	0.01000000	 109.21643829   60.12839508 -813.86126709   39.29361725  129.05828857    4.78767490	  7.40508652  -3.31215405 -23.47325325  -0.24238144   0.17892651   0.21176694	 -32.55030004  156.54607735 -819.82264363   27.17312260  111.35274275   10.91649751	  0.75645774  -2.94581180 -45.97296595   0.23972182  -0.42584856   0.34841342	159.17184088	0	0.00000000	0.00000000	0.00000000	 0.81620671 -0.18771195 -0.10759200	-0.24565445 -0.92768922 -1.20134600	 -1.31348767   4.89324479   0.49925030  66.73589359 222.00000000  66.67615769  11.56484157   6.51999107  27.71718369 -83.04537511  49.51889073  -0.76564043	-0.03678485  0.15062921 -0.15138853  0.65030801 -0.36713523 -0.03349447  0.07694544  0.02300204 -0.12801068  0.88240695 -0.29236135  0.00116583	
0.00400000	0.99799335	0.01000000	 121.56923676   54.15792847 -823.55950928   39.30766678  130.05032349    4.53046465	  6.08678627  -0.05138757 -20.60504150   0.00332044   0.08272997   0.34955069	 -28.28226150  153.19999625 -834.02211173   28.41538530  113.51167173   10.84020027	 -2.82567550  -1.53162820 -45.49816012   0.19142005  -0.44849648   0.33525229	159.74526662	0	0.00000000	0.00000000	0.00000000	 0.82204445 -0.19738245 -0.12191258	-0.22557142 -0.93583123 -1.18481320	 -1.59112403  -5.37585905 -14.74765215  55.48222823 222.00000000  58.84157198  11.98353180   7.21584178  34.44100263 -83.93806305  62.17173576  -0.76527227	-0.04085757  0.15125814 -0.14632639  0.65642858 -0.36486492 -0.03110145  0.07633283  0.02333951 -0.12766552  0.88048947 -0.29567474  0.00116583	
0.00400400	0.01133264	0.01000000	 141.10877991   42.32260132 -833.11932373   38.94210815  130.27210999    3.83265853	  1.54143405  -0.86282480 -19.09830475  -0.01908371   0.28298676   0.39280793	 -16.15920299  148.36285193 -849.03350302   29.93204295  114.99890433   10.56764521	 -5.43597330  -1.04184168 -42.45852117   0.19494691  -0.48021108   0.29426466	160.47402814	0	0.00000000	0.00000000	0.00000000	 0.82582494 -0.20150807 -0.13976017	-0.20367850 -0.98590256 -1.12359807	 -1.72873404 -14.53029946 -31.76163069  39.80192581 210.08328369  51.11916533   8.74483079   8.67935451  36.77052823 -84.18649858  74.57240858  -0.76490412	-0.04457747  0.15151125 -0.14183950  0.66292500 -0.36227250 -0.02897689  0.07590871  0.02371534 -0.12686786  0.87776661 -0.29832086  0.00116583	
0.00397600	0.02465634	0.01000000	 169.17601013   22.47134590 -835.78076172   37.12456131  127.95426178    0.52369630	  0.97425508  -7.51309681 -15.18381596  -0.46106765   0.14884713  -0.06782847	  -0.20797324  138.14950245 -860.22780574   30.71465113  115.31069131    9.00550182	 -4.58001238  -4.51657311 -39.00968497   0.14816439  -0.48655699   0.15688028	160.94912008	0	0.00000000	0.00000000	0.00000000	 0.82599230 -0.20181338 -0.15665741	-0.15804735 -1.04376860 -1.09763403	 -0.14271735 -21.33735928 -47.00418184  23.77609027 187.23344917  45.14414105   7.05098966   8.65136537  38.03085624 -86.69013845  84.12682903  -0.76453596	-0.04841242  0.15138853 -0.13802756  0.66923732 -0.35936561 -0.02721281  0.07565739  0.02416019 -0.12554863  0.87423849 -0.30006960  0.00116583	
0.00400400	0.03799560	0.01000000	 192.95675659    4.89097404 -834.21405029   35.61312866  125.31244659   -1.14366829	-11.03451061  -6.66197968 -24.57990074  -0.56706077   3.01208830   0.43951675	  13.58278091  122.33946365 -867.53239166   30.47607414  114.89930131    7.11511977	-13.27889369  -9.07804996 -37.85647341   0.06977283   0.29992488   0.30130219	160.53987399	0	0.00000000	0.00000000	0.00000000	 0.82249450 -0.19537134 -0.16757473	-0.15804735 -1.04376860 -1.09763403	 -0.59739494 -26.66036461 -62.00267925   5.82938825 163.75472424  39.17627201   3.79036382   8.81793438  37.81968558 -87.22723706  92.60635723  -0.76416781	-0.05204796  0.15082863 -0.13492893  0.67626297 -0.35628229 -0.02593194  0.07554743  0.02465874 -0.12373853  0.86985898 -0.30092096  0.00116583	
0.00400000	0.05133264	0.01000000	 217.12083435  -17.02712822 -790.39355469   32.16850662  117.28411865   -3.19456816	  2.90270019   5.37158155 -12.79531765   0.37789154  -0.62179673   0.41972363	  38.19260098  102.07474470 -857.56788569   30.33374770  112.37674584    5.39220058	 -9.35666583  -1.60224422 -36.60477975   0.15964901  -0.19205009   0.26310851	160.33198662	0	0.00000000	0.00000000	0.00000000	 0.81285944 -0.18082495 -0.17564232	-0.04337545 -1.03418625 -1.10782221	 -0.78361427 -29.79981853 -72.57298890 -10.19114180 139.55151695  34.36370400  -0.69800513   7.91855046  42.12571383 -85.65325286 100.02705862  -0.76398373	-0.05543038  0.14983155 -0.13265863  0.68348032 -0.35313764 -0.02494252  0.07553958  0.02518796 -0.12147591  0.86457437 -0.30085960  0.00116583	
0.00398400	0.06466079	0.00982437	 252.72918701  -25.83259583 -785.83013916   30.24434090  110.31165314   -4.00865555	 -1.89052594   0.74527919 -17.21725464  -0.01131945   1.18637657   0.39087209	  63.41975378   83.42553212 -842.42835525   29.42400389  107.69611409    4.19302368	 -8.24128183   1.69264056 -37.17128482   0.17758561  -0.30126682   0.46115873	159.53616695	0	0.00000000	0.00000000	0.00000000	 0.80005091 -0.16674856 -0.17833331	-0.01187660 -1.03061204 -1.12683947	 -1.34582979 -32.26350690 -86.67300705 -29.53797179 113.57575128  28.03201496  -7.82355616   7.67534134  41.84907179 -86.13633239 105.02871439  -0.76379965	-0.05855203  0.14844330 -0.13103262  0.69111186 -0.35009268 -0.02435961  0.07558671  0.02570184 -0.11872242  0.85841548 -0.29970911  0.00116583	
0.00399200	0.07779818	0.00922991	 287.87878418  -42.99225998 -736.32769775   26.70751762  100.23556519   -3.14114070	 -4.42748594  -3.96117306 -43.41991425  -0.33299124   2.29788971   0.25549650	  96.60629143   66.46444341 -825.07508708   28.28173513  102.29004140    3.56055967	-18.93017298  -3.32701118 -48.59960235   0.16989601  -0.20568797   0.39095043	158.74259896	0	0.00000000	0.00000000	0.00000000	 0.77942648 -0.15488086 -0.17639992	 0.00967467 -0.94588203 -1.14684517	 -4.02613440 -35.09933819 -97.88758532 -46.02183464  87.79463794  23.03473995 -12.58861964   3.25654114  42.81870032 -83.57209482 106.67793050  -0.76361557	-0.06138223  0.14684027 -0.13010456  0.69917297 -0.34724715 -0.02413718  0.07560241  0.02616971 -0.11545504  0.85142052 -0.29746181  0.00116583	
0.00400400	0.09028155	0.00873543	 318.42559814  -44.88867950 -665.84002686   23.49652290   85.86782837   -1.13776851	 13.03898048  -4.42457104 -21.04874229  -0.30729938  -0.86523640   0.45317930	 139.69933898   51.11326980 -776.15106053   26.81693191   93.11739012    4.19353011	 -5.88927190  -4.58054597 -50.70456395   0.28911600  -0.73587032   0.57130455	157.82154667	0	0.00000000	0.00000000	0.00000000	 0.75374797 -0.14695783 -0.17670213	 0.06229076 -0.79222059 -1.06803035	  -9.27235066  -35.32526529 -111.54084627  -65.49488470   63.21313216   16.62251710  -19.59578684   -2.76972578   40.11360635  -80.30981868  103.20239896   -0.76343150	-0.06398232  0.14512989 -0.12983611  0.70753318 -0.34460872 -0.02414485  0.07552387  0.02651485 -0.11176582  0.84364325 -0.29411009  0.00116583	
0.00400000	0.10221311	0.00816833	 321.05596924  -47.74248886 -590.24468994   19.55831718   70.38029480    1.15581036	 -5.91243601   4.17148304 -37.69135284   0.26016313   2.55969930   1.61193228	 166.38937676   38.88503240 -710.81292924   24.59646745   82.16388904    5.35980117	-11.79771477  -0.45649969 -53.59411819   0.30575930  -0.18779975   0.85837153	156.67992674	0	0.00000000	0.00000000	0.00000000	 0.72549454 -0.14670409 -0.16895357	 0.04736570 -0.86505493 -0.98473661	 -12.40789986  -34.94742279 -124.36875120  -80.87177698   42.85594218   10.87751716  -20.57348406  -12.03643784   32.62493632  -80.88323726   89.62833131   -0.76324742	-0.06639068  0.14345786 -0.13002019  0.71605444 -0.34217736 -0.02430592  0.07531967  0.02659922 -0.10778514  0.83519101 -0.28966922  0.00116583	
0.00399600	0.11351218	0.00756835	 323.90075684  -46.48371506 -520.66296387   16.85957146   57.72782516    2.39228082	 44.87511063   7.63739967 -84.18732452   0.55562717   5.12058640   0.55009085	 183.11402926   27.88636504 -642.59638079   22.21011488   71.35844275    6.23844899	 -9.08711180   5.86201538 -84.15499852  -0.06898081   2.48342839   0.78942194	156.31780145	0	0.00000000	0.00000000	0.00000000	 0.70556952 -0.13311358 -0.18321626	 0.11472117 -0.68330977 -0.99296747	 -15.71466467  -34.61560344 -133.35630442  -95.39117264   22.11121532    5.42233609  -17.44577913  -21.46270727   22.12949678  -82.11792027   73.42664881   -0.73833556	-0.06867631  0.14197756 -0.13041136  0.72442228 -0.33997610 -0.02450534  0.07497409  0.02618505 -0.10375844  0.82608682 -0.28430027  0.00115816	
0.00397600	0.12413330	0.00708835	 325.43704224  -46.41855240 -439.03161621   13.31864738   44.74320984    3.92754960	 283.12606812   -0.68803835 -302.48367310   -0.78111994   25.61486053   -1.95555806	 199.40414635   18.25040651 -570.38126544   19.25533754   59.72139380    7.02042826	  67.86250461   18.19714488 -249.19727316   -3.01677037   18.60302421    0.15133037	155.81453620	0	0.00000000	0.00000000	0.00000000	 0.68454409 -0.11833856 -0.19827121	 0.11472117 -0.68330977 -0.99296747	 -20.03186228  -36.17944999 -143.47423309 -103.81228420    5.53894030    1.54803060  -15.50915768  -27.25437215   13.38661905  -80.21994436   57.60209091   -0.43877979	-0.07094660  0.14082707 -0.13066445  0.73244500 -0.33794355 -0.02475077  0.07450286  0.02511126 -0.10006154  0.81699032 -0.27820271  0.00112748	
0.00402400	0.13424760	0.00670145	 335.50778198  -45.38877869 -396.27655029   11.12366009   35.83340836    4.07443571	 703.50671387   -1.73922551 -918.00952148  -12.70302105  103.46601105  -12.33354855	 216.12156094   11.47064605 -519.87271970   17.06260370   50.79976123    7.22769383	 214.69019142   60.21874201 -779.50748389  -21.05340520   77.72010977   -2.56845759	156.86146384	0	0.00000000	0.00000000	0.00000000	 0.66146799 -0.10622030 -0.21454047	 0.20337778 -0.59068042 -0.83187400	 -24.22628597  -36.79123812 -151.34736070 -111.12542938  -12.27888124   -0.48678042  -14.07723886  -33.57837303    6.88017004  -77.12299889   36.82990311   -0.41558596	-0.07327057  0.14006008 -0.13068746  0.74019158 -0.33621785 -0.02509592  0.07396093  0.02325514 -0.09703960  0.80685073 -0.27210513  0.00110447	
0.00396800	0.14390080	0.00653542	 326.16052246  -32.68015671 -342.35562134    9.40573502   27.98633957    4.01565790	 1087.17626953   -37.86188126 -2062.55590820   -13.28546047   153.13824463   -18.75137138	 227.89009987   10.03272420 -470.25683136   14.90102714   43.61303229    6.83379252	  195.22260616    16.31472306 -1603.87520537   -30.66124298   135.37414319    -4.84816166	157.21508712	0	0.00000000	0.00000000	0.00000000	 0.63386697 -0.10324996 -0.23136796	 0.21527188 -0.65171551 -0.71714551	 -23.35354408  -37.37385286 -162.38532340 -113.45507297  -31.68194189   -1.28661813   -9.18040229  -38.01118835    1.12231629  -78.77611666   19.19711634   -3.57595381	-0.07566359  0.13961524 -0.13064912  0.74784619 -0.33459181 -0.02551777  0.07345042  0.02063204 -0.09495339  0.79658836 -0.26599988  0.00134223	
0.00400800	0.15339167	0.00647486	  298.76235962   -43.45372391 -1232.02795410     7.06613588    18.48051834    24.00677490	 1240.70410156    26.13128090 -2094.97363281    -8.04008579   151.93365479   -34.74259186	   60.80059723    80.40055640 -1008.72624749    15.78873856    14.70588589    16.62601131	  298.33374008    90.57408538 -2207.97271080   -40.86609457   161.82347631   -19.45571404	158.38891170	0	0.00000000	0.00000000	0.00000000	 0.61073018 -0.10162227 -0.23948513	 0.18069578 -0.64553073 -0.60239012	 -23.48794932  -36.39207881 -176.11196715 -107.47105955  -52.21045832   -1.56878078   -6.96896861  -47.49241084    0.25549023  -78.72686292   10.41126607   -8.90291612	-0.07817931  0.13952319 -0.13066445  0.75545472 -0.33329561 -0.02603932  0.07304987  0.01726495 -0.09383359  0.78710073 -0.26141328  0.00215524	
0.00400800	0.16281524	0.00646415	  245.95402527   -36.96023178 -1174.40124512     3.53836036     8.74023056    24.33499527	 1380.51953125    61.90386581 -2161.14648438    -0.95020103   151.36997986   -31.41994286	  -27.01640330   101.23627355 -1180.40076058    14.60397820    -3.23549707    20.47467381	  371.73476509   132.67453862 -2456.02159048   -39.95728895   172.11028563   -23.57878600	158.86782525	0	0.00000000	0.00000000	0.00000000	 0.59676802 -0.11172139 -0.23490934	-0.02621619 -0.57839464 -0.34354678	 -19.31696701  -35.70925478 -192.15579979  -97.61853840  -64.42053170   -1.39107435   -6.26251670  -52.18826937    1.36130894  -78.98227333    9.81821011  -13.38618894	-0.08083310  0.13986833 -0.13070281  0.76284081 -0.33251327 -0.02657621  0.07278283  0.01360641 -0.09333504  0.77982199 -0.25873649  0.00321369	
0.00396800	0.17220467	0.00651621	179.54083252 -50.73066330 -81.12538147   1.02712226   2.08006167   1.77312052	 1050.73596191   -65.30989838 -2095.39160156     0.02093671   154.49243164   -13.27209187	  44.43864073   26.99192359 -652.05018861    9.78922897    2.00551924   12.64889716	  298.93395642    69.16820904 -2451.90233419   -28.67353530   169.13168899   -16.29647164	160.70905653	0	0.00000000	0.00000000	0.00000000	 0.60558194 -0.17761425 -0.16720137	-0.19305205 -0.59952664 -0.11501556	 -13.04535357  -36.04436742 -201.61773470  -85.68236305  -72.32820054   -1.91461131   -0.88093131  -60.18834063    1.70804467  -76.61197050   17.95539183  -16.12354673	-0.08370931  0.14067368 -0.13076417  0.76988178 -0.33239824 -0.02706709  0.07260219  0.01024699 -0.09293621  0.77552682 -0.25790814  0.00422612	
0.00400400	0.18167199	0.00675907	143.19960022 -52.35825729 -34.37120056  -0.82146937  -0.80501646  -0.95309138	  752.29028320  -126.04242706 -1464.65600586     1.67682076   146.84616089   -26.56784821	 107.69767994  -28.36621501 -243.12440352    4.97312783    6.27887021    4.06444718	  198.79390646   -42.78992381 -1936.11145586   -20.00337847   158.25992946   -20.61035106	160.82050789	0	0.00000000	0.00000000	0.00000000	 0.61175410 -0.20389665 -0.08164268	-0.36195560 -0.53731670  0.46424598	  -6.28139301  -37.72063405 -212.17327960  -79.31885511  -77.54721285   -2.82355634    5.11630754  -62.48512110    0.50547374  -77.23541062   29.38385742  -18.47519882	-0.08672359  0.14190087 -0.13087155  0.77648556 -0.33293512 -0.02737388  0.07240584  0.00748582 -0.09218456  0.77383947 -0.25852174  0.00513883	
0.00399600	0.19140477	0.00692133	 79.66779327 -32.26127625 -36.98952866  -1.02175236  -3.82337594  -4.36546516	 427.26739502 -202.85595703 -878.81512451   -1.40189266  120.19706726  -30.61464882	  81.21076876  -33.84370907 -129.93554059    1.55691785    3.25638803   -0.81609119	  117.56396816  -141.51124012 -1277.27920242   -14.84620758   136.70696488   -25.76698776	162.14963891	0	0.00000000	0.00000000	0.00000000	 0.60979933 -0.19588297  0.00385065	-0.17610247 -0.29470999  0.28499033	   2.93658248  -41.32948102 -216.83443357  -69.50961541  -79.79184680   -5.03746507   27.55463526  -71.96189324   -5.20459479  -79.11382868   45.55160994  -20.77481975	-0.08961514  0.14328912 -0.13110164  0.78271353 -0.33415464 -0.02742757  0.07224091  0.00544563 -0.09094970  0.77360171 -0.26009405  0.00599019	
0.00398800	0.20131345	0.00721877	 70.64253998  -7.28870153 -60.05181122  -1.04915285  -4.58373928  -1.81357706	 269.01608276 -143.71003723 -589.89587402   -3.69408083   84.45132446  -28.87994194	  60.59287253  -18.76810332 -105.34088446   -0.05093255   -0.03944361   -1.87359287	  78.06565214 -151.11288098 -913.95396141  -13.35571287  108.07126801  -25.57231009	162.68603248	0	0.00000000	0.00000000	0.00000000	 0.59048556 -0.14127781  0.02487815	-0.14941278 -0.54769770  0.23080639	   2.47343738  -44.34485676 -230.07644403  -66.15279212  -81.24429889   -6.41623559   25.55843750  -78.64442429   -2.32208997  -81.52720762   64.51043892  -23.90690131	-0.09196980  0.14433222 -0.13229814  0.78864235 -0.33608747 -0.02731252  0.07217807  0.00414942 -0.08884048  0.77352500 -0.26232600  0.00686456	
0.00398800	0.21155271	0.00718875	 58.50683212  34.18801498 -45.11702347   2.26269913  -4.58487940  -1.64898467	 205.56294250 -112.61128235 -392.33062744   -5.12998867   53.90345001  -18.54798126	 50.25170526  21.66850810 -84.93834926  -0.62850922  -1.44600302  -2.49042043	  61.62976611 -117.06211899 -595.18984315  -10.99138870   71.12160606  -18.25593753	164.42247454	0	0.00000000	0.00000000	0.00000000	 0.55503126 -0.10847534  0.07649410	 0.19443649 -0.28294663 -0.18187634	   4.81701619  -43.99745379 -237.92218173  -60.90038350  -80.73338398   -7.51448131   31.81569423  -86.82457004   -4.15827993  -86.86390825   79.22004239  -25.84836854	-0.09349611  0.14454699 -0.13539679  0.79422605 -0.33867988 -0.02723582  0.07231945  0.00316767 -0.08585688  0.77311081 -0.26474968  0.00766990	
0.00400000	0.22176526	0.00727722	 32.18907928  80.19297028 -22.88567543   5.24180031  -1.25523579   1.97396338	 168.57151794  -71.47026062 -214.28504944   -6.04662466   14.23835468  -10.59522057	 30.33232915  60.01564964 -61.80573027  -0.28868067  -0.88787128   0.18867699	  70.69998042  -74.23350569 -376.80524968   -8.25255054   36.50353561  -11.88994512	162.00647601	0	0.00000000	0.00000000	0.00000000	 0.52518475 -0.09078038  0.08385075	 0.64790598  0.60472108 -0.31977973	   1.44066015  -41.73211088 -249.22732063  -64.60912483  -77.23006290   -7.10111635   14.31847377  -86.94316526    0.94360754  -86.36493878   93.84602396  -26.49141444	-0.09448553  0.14334281 -0.14068902  0.79909647 -0.34193191 -0.02749660  0.07258648  0.00207087 -0.08202194  0.77249724 -0.26675922  0.00826048	
0.00400400	0.23207837	0.00705240	35.97655487 41.47679520  5.35712528  2.41197443 -2.81977725  2.37897110	 136.53964233  -59.93611526 -165.92117310   -4.75094843    5.23211908   -9.20764542	 29.85588475  58.11144714 -41.90586371   0.02424125  -0.72653802   1.10994235	  80.30500466  -56.26328744 -271.49866896   -6.34691113   18.56349386   -8.09723877	162.70378584	0	0.00000000	0.00000000	0.00000000	 0.49026508 -0.09365192  0.06765642	 0.48302143  0.07097219 -0.27964999	   0.16015140  -32.52983586 -250.27253229  -64.65469160  -70.49506314   -4.89102543    9.94287511  -84.96351140    2.36636360  -87.79052673  104.20306936  -25.20851351	-0.09502242  0.14065067 -0.14796776  0.80382878 -0.34595093 -0.02817155  0.07292420  0.00055223 -0.07761941  0.77196032 -0.26784065  0.00851359	
0.00398800	0.24213272	0.00691858	 34.49403000 -14.65810490 -17.71828842  -0.83348817  -2.68965936   0.64216328	  82.45301819  -70.97248077 -133.09880066   -6.09299707   11.81699657   -8.27405548	 35.01766541  18.41281056 -36.66267456   0.06076755  -1.02730184   0.29202562	  46.26446965  -58.35092739 -210.71413073   -5.19917634   12.52133618   -6.08184210	162.28148618	0	0.00000000	0.00000000	0.00000000	 0.45364461 -0.10126360  0.04161751	 0.37786098 -0.28676092 -0.24121103	  -0.54733819  -22.32925774 -248.05417744  -71.52870032  -58.13719022   -1.54179116    3.88917631  -78.04150583    4.85070350  -93.99599525  100.87822608  -23.00522663	-0.09525251  0.13671601 -0.15627426  0.80799353 -0.35069093 -0.02919932  0.07313626 -0.00143427 -0.07284106  0.77137744 -0.26777163  0.00843689	
0.00400400	0.25204724	0.00653730	 27.95142555 -32.88228226 -21.39702225  -1.59296489  -0.69331735  -4.40297461	 146.45663452  -82.13314819 -225.14579773   -5.43837833   25.71553421  -13.95849800	 24.74605599 -15.20927267 -49.27127413  -0.15225203  -0.25506675  -1.40009899	  42.02274811  -63.47068946 -242.64502749   -6.41525576   19.55645411   -8.25227167	160.82721909	0	0.00000000	0.00000000	0.00000000	 0.42580461 -0.12302813  0.01963051	 0.42420990  0.50762977 -0.13183858	   0.57725625   -6.78912682 -235.29718904  -75.15430372  -42.86585397    3.14670917    4.23384489  -65.45784097    3.28893506 -101.52087094   97.11330895  -20.81212784	-0.09521417  0.13206805 -0.16474183  0.81157535 -0.35603687 -0.03022709  0.07312056 -0.00372757 -0.06792466  0.77032661 -0.26655978  0.00809175	
0.00397600	0.26152241	0.00665520	 48.56702042 -42.81832886 -25.48537636  -2.95682907  -2.55174160  -2.02139044	 176.88484192 -133.24961853 -346.30310059   -6.41510296   42.96236420  -17.32501984	 33.47733280 -33.43720798 -58.40130571  -0.12388063  -0.21012178  -1.15050590	  40.40505746 -104.48789197 -359.44643025   -7.27801031   35.25034673  -11.24727135	159.64640069	0	0.00000000	0.00000000	0.00000000	 0.40639646 -0.14836171  0.00419296	0.20391556 0.60810753 0.07027951	   2.38742025    5.35946069 -219.36953169  -78.41079137  -24.86579155    6.01448206    6.65388507  -49.80085389    5.21234622  -99.45813212   93.42652473  -19.72103734	-0.09494572  0.12713630 -0.17315571  0.81468171 -0.36176628 -0.03096340  0.07282995 -0.00602854 -0.06302359  0.76845521 -0.26447359  0.00770058	
0.00400400	0.27114421	0.00646073	 63.27906799   4.45788050 -30.47712517   0.40540102  -4.92112637  -0.29431540	 309.25900269 -141.01054382 -716.50946045   -4.90724373   94.42175293  -23.62114906	 52.01112446  -9.95716105 -60.48466825  -0.00958430  -1.39263825  -0.85962075	  19.95450781 -129.76309199 -603.69666002  -11.45241679   69.55207575  -16.64554534	158.74745709	0	0.00000000	0.00000000	0.00000000	 0.38080892 -0.12707097 -0.03925554	 0.50872828  0.32882859 -0.12789327	   6.64945880   20.96923556 -200.11501930  -78.25340870  -10.80617403    8.61098305   15.05137936  -39.65912628    2.81458823  -97.77291334   90.76086778  -19.95285206	-0.09453154  0.12251135 -0.18156959  0.81738150 -0.36762610 -0.03131621  0.07230374 -0.00847524 -0.05834495  0.76583976 -0.26191950  0.00747815	
0.00400000	0.28054762	0.00668650	 40.08902740  34.36529160 -23.96477699   2.53529668  -1.38801146   1.76767528	 413.59558105 -116.14770508 -953.23944092   -2.34462237  135.87202454  -21.21534157	 43.79069745  17.95335802 -57.81097880   0.33453474  -0.91833433   0.49118321	   8.73167685 -120.67908038 -891.59525527  -15.01548305  107.70041933  -18.11146803	158.80412542	0	0.00000000	0.00000000	0.00000000	 0.35438867 -0.07792095 -0.09026267	 0.68908386  0.44906122 -0.18723904	   2.38253340   32.98142920 -188.05738539  -81.65572321    7.13316767   10.51607465    7.95361145  -30.89428495    8.67712023  -92.13086993   85.25101832  -20.60982504	-0.09407135  0.11833892 -0.19008319  0.81973612 -0.37341687 -0.03140825  0.07171469 -0.01069951 -0.05388873  0.76287919 -0.25943446  0.00743214	
0.00399600	0.29019976	0.00659226	27.83517838 15.45879745 -2.48956680  1.44436538 -0.89479363  3.05797291	  518.36889648   -73.27732086 -1541.38769531    -0.33516389   151.42277527   -16.28006363	 30.67674371  21.31324720 -44.18127498   0.61451041  -0.24599825   1.72135120	  -57.86899978   -99.77218391 -1296.78701451   -16.37806185   132.08006976   -15.61035043	159.50899096	0	0.00000000	0.00000000	0.00000000	 0.34199374 -0.06346821 -0.08826938	 0.82562741  0.36888554 -0.18472581	   3.37128303   43.76941511 -175.23377248  -78.51687551   17.36222327   11.36858714   10.25200226  -28.51587117    3.80256364  -83.18678882   84.29638773  -20.76997260	-0.09364951  0.11485679 -0.19879620  0.82162297 -0.37914628 -0.03141592  0.07124345 -0.01247893 -0.04965495  0.75986487 -0.25763202  0.00743214	
0.00398000	0.29973826	0.00666077	  36.94679260  -13.65730572 -151.02992249   -0.34280095   -1.76360643    2.41238236	  509.12411499   -31.78474426 -1892.10058594     1.72967732   158.25430298   -14.63087463	 24.07271877   8.75247114 -74.09067950   0.46029891  -1.50383619   0.99573777	 -232.45421290   -60.55689314 -1762.97041237   -17.02278022   134.73711438   -13.15863707	161.98941173	0	0.00000000	0.00000000	0.00000000	 0.34962396 -0.06265055 -0.08395168	 0.71680967  0.31935535 -0.01508275	   3.13508470   48.10689817 -166.99077923  -78.82229841   29.09162776   10.51744840    6.16755023  -24.89917495    5.15285719  -72.09621583   93.29734243  -19.81626610	-0.09330436  0.11221834 -0.20737882  0.82279646 -0.38474530 -0.03122417  0.07089002 -0.01365243 -0.04577398  0.75703472 -0.25704142  0.00734010	
0.00400000	0.30936399	0.00644888	  23.35376930  -22.60451889 -253.39070129   -1.15632761   -0.23805465    2.64583802	  505.83947754    -7.50120401 -1864.15258789     1.98830736   157.77613831   -14.02138424	  -7.56587280    4.68065761 -218.67989337    0.80531985   -5.59084408    2.62238684	 -273.86215180   -27.86195421 -1895.81258280   -18.28035554   135.75318126   -12.82224063	164.29008246	0	0.00000000	0.00000000	0.00000000	 0.37757882 -0.08582756 -0.08731518	0.64970931 0.39567167 0.06010777	   7.25201892   50.44760381 -157.58344980  -76.02906244   31.88660118    8.14447468    9.49399267  -27.08226589    1.70323410  -61.24815864  105.43805579  -17.63758536	-0.09293621  0.11052329 -0.21533251  0.82318759 -0.38962337 -0.03075631  0.07065441 -0.01418932 -0.04237621  0.75407410 -0.25757065  0.00704864	
0.00399200	0.31874982	0.00638990	 23.19738007  -1.15183282 -49.51877594  -0.38071460  -1.08953011   0.53113472	  439.24807739    -7.95378828 -1854.93261719     1.29105616   158.45640564    -8.96583748	  -2.86966271    3.14239093 -177.22214099    0.48983299   -4.37544709    1.68717386	 -321.77712657   -21.84013755 -1906.79942761   -17.50517441   133.80788263    -9.78924343	168.33052288	0	0.00000000	0.00000000	0.00000000	 0.38724793 -0.10258623 -0.04776940	0.51132127 0.40854540 0.09459572	   9.68937047   47.92477642 -149.10494068  -74.48791326   36.71177172    4.79515134    9.76022021  -28.78171901    2.24234654  -50.99518102  117.23165049  -14.28884347	-0.09246067  0.10977931 -0.22391513  0.82288080 -0.39430967 -0.02997398  0.07041093 -0.01426602 -0.03950000  0.75111353 -0.25879017  0.00648107	
0.00400400	0.32807675	0.00610986	35.55128098 25.77501106 -4.72571087  1.58723807 -2.43598747  0.06176483	  413.16253662   -12.54222298 -1640.54675293     0.42758948   154.68719482    -5.47440481	 24.95654710  14.84007421 -69.24961599  -0.03076298  -1.54546899   0.16211637	 -324.44926471   -20.93229961 -1792.09307810   -16.22235543   132.44300112    -5.08678248	168.24765954	0	0.00000000	0.00000000	0.00000000	 0.39408352 -0.12443371 -0.02771991	0.38509440 0.51740824 0.32036871	  12.01587182   47.18445004 -137.38995897  -71.84565784   37.82222969    0.79885205   13.70113240  -30.92668164    2.75872607  -45.09263226  127.06506721  -11.27868320	-0.09183174  0.10971795 -0.23278920  0.82197577 -0.39840540 -0.02903058  0.07011248 -0.01402058 -0.03718369  0.74812227 -0.26045454  0.00576777	
0.00399600	0.33708796	0.00595391	 26.36059761  33.90768051 -16.89529419   2.06350446  -0.81914675   1.10775208	  378.67611694    -5.86453915 -1260.29675293     0.04122645   147.92422485    -4.17095947	 26.93452279  28.80808158 -44.18525923  -0.14768360  -0.51782137   0.09881437	 -239.80258499   -13.54561447 -1534.09460959   -16.19865690   133.59797258    -2.82197176	168.50221650	0	0.00000000	0.00000000	0.00000000	 0.40915015 -0.14908510 -0.02381872	0.25022915 0.35322539 0.36112451	  15.06092216   43.10455099 -126.97332127  -70.10550199   38.97358256   -2.92069714   17.82842398  -33.95895573    2.88430476  -37.10179743  136.11738231   -8.33141585	-0.09097271  0.11019348 -0.24180901  0.82062584 -0.40183386 -0.02814087  0.06973549 -0.01368311 -0.03546563  0.74506968 -0.26233366  0.00497010	
0.00399200	0.34592366	0.00580294	 20.31967735  23.54189873 -16.65375328   1.42778051  -0.86353022   0.71818298	 340.44772339  -13.80480671 -942.07727051   -0.53595620  137.21543884   -0.48167068	 21.67527564  29.33897438 -39.47921614  -0.18690369  -0.13018866  -0.03231337	 -133.36008923    -8.40786716 -1217.78658757   -15.63224955   133.83642120    -0.07129187	164.73084581	0	0.00000000	0.00000000	0.00000000	 0.42124273 -0.13390105 -0.00784138	0.23657937 0.47550860 0.21187757	  16.48019951   40.46753697 -114.25017631  -68.21986561   39.68127639   -4.75814975   21.60865679  -36.21761703   -0.41773061  -33.69756754  138.36379437   -5.70290931	-0.08981456  0.11091446 -0.25092086  0.81884646 -0.40463337 -0.02746592  0.06929567 -0.01334563 -0.03407738  0.74203235 -0.26418978  0.00413408	
0.00400000	0.35459599	0.00572919	 20.34243965  12.36820507 -11.96049976   0.69586229  -1.18079948   0.90105319	 313.02804565   -1.70735335 -851.98553467   -0.30345103  123.36340332    0.28529757	 20.64727204  18.44008514 -37.13170225  -0.16385836  -0.37511894   0.31722711	  -80.83685431     1.29905625 -1012.13624765   -14.33865112   123.17449584     1.72803773	162.65036162	0	0.00000000	0.00000000	0.00000000	 0.42584582 -0.13389090  0.01430646	0.22953225 0.57340955 0.11934465	  14.44145376   41.50201327 -106.53136168  -69.22016622   43.31549515   -5.88848191   16.40749682  -34.34370532    2.33571667  -37.06806058  140.37784345   -3.08268707	-0.08841097  0.11158174 -0.26014009  0.81666821 -0.40683463 -0.02705942  0.06887155 -0.01310019 -0.03309563  0.73908710 -0.26576978  0.00332107	
0.00398400	0.36317748	0.00566777	19.62655830 11.59224129 -7.25685453  0.54630786 -0.71191889  0.05626499	 258.08523560   -9.67132092 -738.71862793    0.29323855  104.48955536   -1.22147536	 18.93220450  12.72915081 -32.96246634  -0.26921642  -0.09503644  -0.13924525	 -67.89367177    0.55263956 -873.27836658  -12.36226441  107.59730967    1.24828603	160.34631719	0	0.00000000	0.00000000	0.00000000	 0.42662860 -0.15025455  0.02765015	0.13888606 0.62927379 0.26528362	 14.01569763  43.54698415 -98.04019245 -68.98722326  45.38181085  -5.09511550  13.72215382 -32.41498719   3.79764859 -41.00731663 140.04194139  -0.75300030	-0.08680795  0.11207261 -0.26940531  0.81403744 -0.40844530 -0.02689835  0.06851812 -0.01291612 -0.03244369  0.73627996 -0.26688191  0.00253107	
0.00400000	0.37169960	0.00560837	18.69363785 17.37457848  1.01558149  0.57082504 -1.49531829  0.13258314	 255.21954346  -39.01349640 -705.03289795    0.50153238  100.81291962   -4.96504593	 19.31947216  15.79854836 -28.90480888  -0.42964377  -0.17048184  -0.34124434	 -57.19722859  -16.76245276 -801.08687123  -10.87912539   99.60689597   -1.11225245	159.75480809	0	0.00000000	0.00000000	0.00000000	 0.42487872 -0.17348305  0.02111745	0.03608776 0.61418752 0.31971430	 16.24836181  45.34161717 -89.68376443 -67.43594300  46.99070876  -3.75935771  16.91719462 -29.20284389   2.80937822 -46.28613135 139.13082160   0.95714237	-0.08501320  0.11243310 -0.27866289  0.81092346 -0.40943474 -0.02692136  0.06820396 -0.01270903 -0.03205252  0.73355711 -0.26739579  0.00181777	
0.00399200	0.38015124	0.00540231	14.89600754 27.67472649  4.23180723  0.90889984 -1.16946816  0.48590094	 258.34741211  -60.13889313 -701.47662354    0.77890372  100.86317444   -7.41338015	 17.24535072  23.46645861 -20.17700015  -0.86164365  -0.26007547  -0.26379251	 -47.65171293  -42.62068481 -777.43909319   -9.87284509   97.43147646   -4.25449364	157.51883914	0	0.00000000	0.00000000	0.00000000	 0.42146291 -0.19176650  0.02271504	-0.02302969  0.66443717  0.32800400	 18.29114145  45.36755687 -81.93076445 -68.10467896  47.15789557  -1.55079780  19.84037446 -25.82566374   3.10444482 -54.64931103 135.14385734   1.42973116	-0.08300368  0.11273222 -0.28800485  0.80734926 -0.40977222 -0.02717446  0.06785839 -0.01247126 -0.03184544  0.73089570 -0.26732677  0.00128854	
0.00399200	0.38837388	0.00505038	 6.20476532 27.09877968 18.92200089  0.47856286  0.09231301  0.47265890	 257.54812622  -66.46243286 -720.70452881    2.50800133  104.55419922   -9.27739620	 11.86873955  24.98128981 -11.80781225  -1.09008776   0.10379425  -0.06058080	 -49.49759285  -55.88309321 -779.52463691   -9.13434788   98.44954729   -6.71933237	155.85491207	0	0.00000000	0.00000000	0.00000000	 0.41638700 -0.21114500  0.02933890	0.04962802 0.73852047 0.43047365	 18.81584701  45.75362821 -72.64905537 -67.05393437  47.09637874   0.85074631  22.78825146 -23.82789986   6.80318863 -60.90273228 129.77871767   0.53873406	-0.08080242  0.11301601 -0.29770726  0.80329955 -0.40951911 -0.02761165  0.06750496 -0.01213379 -0.03179175  0.72816521 -0.26687425  0.00105845	
0.00400000	0.39620981	0.00463666	 5.97653580 13.86311626 11.52749157  0.15961520 -0.47418681  0.05802783	 278.10549927  -56.65328598 -765.63366699    4.45348597  110.38446808   -8.26313972	 8.25634486 18.15054865 -7.98736606 -0.91645511  0.24624248 -0.14781515	 -51.65208207  -53.77490259 -807.61210709   -8.44739037  102.22486916   -7.44375920	155.39043379	0	0.00000000	0.00000000	0.00000000	 0.41573702 -0.22320351  0.01267295	0.03668045 0.71841091 0.45931264	 18.66122020  41.98120972 -58.69621142 -65.24668863  45.92866837   2.47635635  28.55931403 -19.76330178  11.73914599 -61.60262038 125.77520082  -0.22285690	-0.07841709  0.11336882 -0.30768579  0.79868227 -0.40873677 -0.02811786  0.06721436 -0.01164291 -0.03180708  0.72528130 -0.26629135  0.00103544	
0.00399200	0.40358147	0.00419298	 9.02518845  8.54204941  4.95291471 -0.03467637 -1.18242288 -0.10172130	 318.33319092  -49.93424988 -819.92944336    6.02454662  116.79733276   -7.36409664	  9.42575897  10.39834163 -14.58955497  -0.69402372  -0.37764634  -0.33128654	 -44.05831274  -43.25840225 -871.57519333   -8.11969402  110.02876315   -7.26456872	156.36875729	0	0.00000000	0.00000000	0.00000000	 0.41657529 -0.22782400 -0.00076482	0.00833156 0.59372429 0.41174039	 20.05554967  35.83399681 -43.74420933 -68.55898515  44.14225606   3.31783047  31.50761647 -14.56460715  16.03746658 -65.26664020 116.70354389  -1.39622907	-0.07588601  0.11383669 -0.31760299  0.79349744 -0.40747124 -0.02857806  0.06707299 -0.01091427 -0.03185311  0.72228235 -0.26570076  0.00115049	
0.00400000	0.41046447	0.00373379	-1.94405425 19.01546478  7.60199642  0.33761659  0.45890036  0.34395006	 358.54129028  -48.37244415 -877.52642822    8.83377171  125.28668976   -5.01362038	  3.08319374  11.34930887 -14.69507419  -0.73516919  -0.13251578  -0.04755583	 -31.66569137  -37.12804795 -938.32947701   -6.86497761  118.74814328   -6.38059283	152.68274169	0	0.00000000	0.00000000	0.00000000	 0.41514126 -0.23139156 -0.00282619	0.06875328 0.80712278 0.44733207	 21.04202803  28.71034708 -27.93454344 -67.81861519  42.12795164   3.32700549  31.60259085  -8.33920128  22.37591698 -69.52005105 105.66345698  -1.45114538	-0.07326291  0.11435825 -0.32748950  0.78758395 -0.40573785 -0.02891553  0.06714368 -0.00990184 -0.03179941  0.71929109 -0.26527891  0.00124252	
0.00398000	0.41682601	0.00324273	 7.22012806 25.19701195 22.97567177  0.82933336 -0.52132553  0.59974557	 359.53201294  -47.90932083 -903.52355957   10.70404911  127.84025574   -6.33217764	 5.02433946 17.16825289 -1.98765323 -0.86813584  0.41314185 -0.04492322	 -32.27202814  -32.41508194 -975.99803304   -5.87566315  123.19707745   -6.75833070	152.89367606	0	0.00000000	0.00000000	0.00000000	 0.41658700 -0.24732515 -0.00538785	0.09091228 0.80086487 0.50640206	 20.22359691  21.10626715 -10.76922157 -64.58544129  41.28194884   2.21447360  31.28480674  -0.54487573  26.15363011 -70.43755054  98.60752098  -1.13471594	-0.07055543  0.11481844 -0.33721492  0.78089577 -0.40360561 -0.02914563  0.06740285 -0.00860563 -0.03150029  0.71629983 -0.26520222  0.00125786	
0.00400400	0.42265511	0.00270622	22.45368767 28.37899399 13.39923859  1.06422281 -2.44688106 -0.28487572	 375.03179932  -59.08227158 -923.23748779   11.99685669  130.69462585   -5.97246981	17.40050544 24.11032129 -4.75129660 -0.93020683 -0.29364323 -0.74900212	  -31.37044812   -36.61121583 -1005.67182871    -4.62447473   127.31230734    -7.14465832	154.03977917	0	0.00000000	0.00000000	0.00000000	 0.42601545 -0.24927212 -0.02357442	0.06664684 0.53169805 0.47405730	 20.83291899  13.05136354   5.71484543 -60.64987995  39.66684897   0.31839745  32.62462963   6.31453694  26.97979817 -73.11234154  91.00527361   0.04693966	-0.06767922  0.11516359 -0.34654152  0.77355570 -0.40108222 -0.02932204  0.06780341 -0.00675718 -0.03087136  0.71330094 -0.26547065  0.00118116	
0.00400000	0.42788568	0.00221610	 8.09684753 11.95468235  0.84324193 -0.08271184 -0.56998634 -0.42298877	 365.44253540  -48.40246201 -898.77197266   14.24956226  129.15852356   -2.96245837	 13.97559740  16.77145186 -17.28964895  -0.83103356  -0.61410446  -0.59416935	  -27.40446634   -33.06209463 -1007.55031368    -2.90486424   128.67143981    -6.17435451	149.10536160	0	0.00000000	0.00000000	0.00000000	 0.43598997 -0.24496274 -0.03450189	0.08169980 0.81546345 0.42378439	 19.11125186   6.91318693  20.89305143 -54.80214180  36.97617650  -1.08743685  31.89915231  10.19416404  28.47049091 -75.73699562  86.38076212   1.30308563	-0.06460359  0.11535533 -0.35558435  0.76569402 -0.39813697 -0.02949844  0.06825109 -0.00440252 -0.02985893  0.71027899 -0.26586184  0.00096641	
0.00398400	0.43256265	0.00182731	-1.30457354  3.73860383 12.24556255 -0.38271344  0.45641193 -0.42831102	 335.99337769  -19.88437080 -867.91406250   16.02120399  124.02040863    0.40382206	  1.85834193   8.79144399 -15.12600501  -0.77511457  -0.02981694  -0.53739315	 -36.53010790  -15.45268567 -975.71910254   -1.10906647  125.37161564   -3.95561284	146.95424961	0	0.00000000	0.00000000	0.00000000	 0.43656127 -0.26867674  0.00350859	0.02704843 0.82839041 0.48445322	 16.70512825   1.47439114  34.37000384 -48.11853187  34.00153714  -2.94675956  33.05169527  16.15737473  26.66310135 -76.14777053  82.45179073   3.47514073	-0.06158932  0.11537834 -0.36432803  0.75800878 -0.39480823 -0.02966718  0.06869091 -0.00153398 -0.02844767  0.70713431 -0.26636803  0.00059058	
0.00399200	0.43681195	0.00148171	 6.07624245  4.48041630 12.46834755 -0.01864287 -0.95433313 -0.33823141	 333.35900879    0.59405309 -842.10070801   17.70409393  120.05254364    3.97532845	  4.42330834   4.33443718 -11.04072021  -0.48656527  -0.20138164  -0.49682919	 -43.91292794   13.24404776 -941.26098894    0.43760848  120.60748948   -1.09688282	145.14106748	0	0.00000000	0.00000000	0.00000000	 0.44942935 -0.27571035  0.00017457	0.03587074 0.67177380 0.48282716	 15.50575685   0.41467028  45.22003634 -38.41066181  30.28169011  -4.90371583  35.61060538  15.73286251  22.86058733 -73.18702995  81.06785872   6.66821312	-0.05826058  0.11526329 -0.37248880  0.74947220 -0.39118037 -0.02980524  0.06918571  0.00183311 -0.02660689  0.70383626 -0.26698163  0.00000767	
0.00400000	0.44068161	0.00122326	 -9.54887867   3.11337113 -12.38407135   0.09877135   0.68011260   0.69126850	 325.04168701    8.76691341 -791.35174561   19.00124359  112.82463074    7.07012653	  1.03345960   2.83471014 -24.74847073  -0.13762670  -0.83485769   0.13116516	 -34.45926207   29.41879123 -906.16808344    2.80673275  115.83315438    1.69548674	142.71366754	0	0.00000000	0.00000000	0.00000000	 0.47119305 -0.27030086 -0.01424169	0.03587074 0.67177380 0.48282716	 13.26257625   2.02678287  51.55594969 -31.16822932  27.26063220  -6.25425445  34.89248128  13.47288414  21.34421793 -69.38637417  80.94698658  11.10307334	-0.05486281  0.11510989 -0.37966016  0.74069011 -0.38725337 -0.02995864  0.06977476  0.00566806 -0.02438262  0.70046920 -0.26768726 -0.00088971	
0.00398800	0.44425732	0.00109276	-21.03132248   1.58441782  -7.20262766   0.20343138   2.20729566   0.92854631	 292.72351074   11.35161972 -737.76257324   19.41617203  105.08097839    7.23475122	-14.31090827   2.16037913 -32.99490066   0.04030414  -0.29564872   0.65920057	 -31.67508367   34.85532069 -854.36319204    4.36869728  109.85141130    2.85209684	140.46016777	0	0.00000000	0.00000000	0.00000000	 0.49327312 -0.26557963 -0.02869920	0.03587074 0.67177380 0.48282716	 12.16332260   4.44687057  53.84155267 -22.51373732  22.93484501  -6.37169949  35.84147822   6.83728246  17.94763006 -65.26409558  82.67757508  16.08280356	-0.05158776  0.11497951 -0.38594949  0.73154759 -0.38309628 -0.03013505  0.07045020  0.00996320 -0.02180553  0.69701004 -0.26844659 -0.00201718	
0.00400000	0.44769469	0.00096982	-7.15227413  4.34374475 -0.86689800  0.36688066  0.50163770 -0.77624917	 271.10217285    6.13024807 -699.35687256   19.36408806  100.29460144    5.89725780	-12.10366904   3.72138120 -26.59608825   0.01657720  -0.10979534  -0.20010061	 -41.55584206   33.86941667 -801.07024005    4.94399569  102.94686978    2.31869858	139.54585659	0	0.00000000	0.00000000	0.00000000	 0.50395852 -0.27793705 -0.02157488	-0.09812957  0.71179658  0.48879336	 10.76388477   8.62733647  55.47661120 -14.09245307  18.49557368  -6.54027537  33.60957696  -2.66115441  16.10757406 -58.61035005  89.80508786  20.83286594	-0.04843543  0.11490281 -0.39134911  0.72189122 -0.37883180 -0.03036514  0.07116491  0.01464951 -0.01894466  0.69344354 -0.26922125 -0.00329039	
0.00399600	0.45099318	0.00090036	 1.81040943  6.32591105  1.44569230  0.52077448 -1.62708175 -1.18188989	 271.07681274   -7.21649408 -678.07958984   18.44443893   97.88372803    3.95595670	 -3.29193134   5.96610040 -26.41879828   0.01477736  -0.85020693  -1.14874669	 -42.87252208   24.20123979 -769.41188670    4.73083702   99.17117838    1.46377886	138.37608698	0	0.00000000	0.00000000	0.00000000	 0.52296524 -0.28427446 -0.05574891	-0.09414986  0.51043933  0.53913475	  9.66199028  13.95884949  55.88631276  -6.67580946  15.33532279  -6.56093211  30.77552016 -13.42634129  16.40586235 -49.09719472  98.86082383  24.86447357	-0.04525242  0.11501785 -0.39602774  0.71171325 -0.37455967 -0.03068728  0.07205241  0.01948922 -0.01576165  0.68980801 -0.26992688 -0.00458660	
0.00399600	0.45421445	0.00081243	-17.11434555  -1.13288426 -13.54675674  -0.26285687   1.36667490  -0.47571379	 252.50292969    5.14037085 -660.00524902   19.40953255   96.08958435    7.41869354	 -6.97010052   3.42085514 -30.54016936  -0.08065755  -0.88374302  -0.91149891	 -43.67009714   27.86370871 -745.59909619    4.97475923   96.81987711    1.88236948	136.57275454	0	0.00000000	0.00000000	0.00000000	 0.53103243 -0.27389525 -0.07165127	-0.10336287  0.55055104  0.36721865	 10.47191340  18.49412410  55.40318077  -0.38699349  12.12865910  -5.82284561  28.55170892 -24.62600478  16.77162834 -40.60781650 106.89993249  27.74123995	-0.04196204  0.11547805 -0.40010813  0.70120549 -0.37027988 -0.03110145  0.07302631  0.02408349 -0.01227951  0.68616480 -0.27049443 -0.00576777	
0.00399600	0.45733804	0.00074386	-36.14015198  -7.74303007 -17.00073624  -0.11642548   2.40367484   0.15583540	 247.04243469   45.70344162 -654.14733887   22.70421600   96.47142029    9.80140972	-24.06736615  -4.39549759 -38.47487727   0.23742618  -0.44855236   0.01484725	 -54.93704693   53.62239509 -724.64938639    5.78672379   95.56374102    3.59663167	136.88102589	0	0.00000000	0.00000000	0.00000000	 0.54862001 -0.28985604 -0.08197273	-0.25749241  0.45768230  0.53839915	  7.33838866  22.10539208  53.80048119   6.62006641  10.18049813  -4.52491056  22.52963935 -32.10767162  20.70744758 -30.21308624 117.03656750  29.99772404	-0.03872534  0.11636776 -0.40367463  0.69075143 -0.36599240 -0.03155398  0.07414942  0.02802582 -0.00840621  0.68252158 -0.27083191 -0.00676485	
0.00399600	0.46038538	0.00058130	-19.88571739  -5.17996025  -0.73575765  -0.22399873   0.06982198  -0.40173307	 240.32055664   44.30643082 -669.41046143   23.64827538   98.20932007   11.20640659	-22.22650881  -5.87915917 -30.30529616   0.24630977  -1.02827002  -0.06748085	 -63.82657690   65.83374592 -724.66166159    6.94044569   96.12479584    5.07648607	133.00577420	0	0.00000000	0.00000000	0.00000000	 0.57075922 -0.30602448 -0.11852131	-0.22546885  0.54959097  0.57714032	 10.34267635  23.91853901  52.36384091  12.37578639   7.52616701  -3.67328236  23.91781006 -37.59552641  19.55386192 -21.84221908 122.00100355  32.34342574	-0.03565738  0.11776368 -0.40682697  0.68041235 -0.36173561 -0.03201417  0.07543748  0.03130087 -0.00418777  0.67914683 -0.27089328 -0.00764689	
0.00399200	0.46324986	0.00040513	-29.61910248  -1.28483737  -1.91406739   0.07261625   1.76024675  -0.40059480	 250.54058838   22.58807373 -698.09082031   24.29034424  103.38583374    8.57287312	-22.16418035  -4.14246084 -23.60234499   0.16722126  -0.81842273  -0.09803141	 -73.60161629   64.49588373 -741.25865767    6.92664311   98.64933710    3.65216171	136.11828868	0	0.00000000	0.00000000	0.00000000	 0.59289141 -0.29425781 -0.15198538	-0.35730518  0.14723032  0.54946724	 11.26210269  25.16761118  49.73416717  18.54566194   6.44665356  -1.96268576  21.62417814 -39.24016667  19.87337738 -10.87985579 130.18973202  34.17616449	-0.03276582  0.11973485 -0.40948075  0.67005801 -0.35778561 -0.03245136  0.07690617  0.03380126  0.00042184  0.67571074 -0.27067086 -0.00842922	
0.00400000	0.46592295	0.00020900	 -65.49824524  -80.23020172 -213.46759033    7.15797138  -18.03289795    5.76764488	 258.88751221   -2.89638138 -734.37701416   24.72175980  109.81320190    0.96326375	 -35.92893761  -30.16731009 -141.56468273    6.89326436  -14.22886547    2.58145871	 -78.43044218   38.98766739 -773.96838976    5.79357870  104.39846178   -0.73495505	133.77814596	0	0.00000000	0.00000000	0.00000000	 0.60931922 -0.28039353 -0.17160354	-0.41737966  0.12036338  0.39011083	 12.81959845  24.67437593  47.48008057  23.25379689   5.78606472  -0.40041529  21.07497190 -39.66897863  17.76895802  -4.69493476 130.20907778  35.11735485	-0.02998165  0.12224291 -0.41206551  0.65938920 -0.35363618 -0.03285019  0.07852409  0.03561903  0.00539961  0.67253536 -0.27037174 -0.00904282	
0.00398000	0.46836698	0.00010161	  41.99801636 -196.59208679 -656.09313965   20.77937889  -74.51390076   18.22319412	 267.87020874  -42.30468369 -763.59118652   24.02350044  115.32415009   -4.93556738	  27.07772030  -81.94528934 -438.29905905   23.33277106  -55.64591037    9.89086281	 -81.12963441    5.96492501 -807.69579065    4.44213907  110.01244848   -5.57173192	133.10541428	0	0.00000000	0.00000000	0.00000000	 0.62431466 -0.26437926 -0.18935199	-0.40195528  0.20511375  0.38572681	 10.10812397  22.86806231  44.30239293  28.78642383   7.05682482   1.33614934  15.11336431 -39.66842246  18.86851122   5.46987252 138.11687746  34.69728886	-0.02725883  0.12522650 -0.41448918  0.64835221 -0.34950978 -0.03321835  0.08026768  0.03687689  0.01079922  0.66975123 -0.27010328 -0.00940330	
0.00400000	0.47070274	0.00000000	 210.46293640 -105.14144135 -738.01464844   32.99876404 -108.01748657   31.16862297	 273.33740234  -52.67086792 -757.01647949   24.48290443  115.43544769   -7.47574997	 170.23180962  -61.68356904 -661.47954638   37.79705918  -97.46366548   19.27995618	 -78.85832726  -15.64642284 -823.33435730    3.16702048  113.23259311   -9.94450117	131.40433147	0	0.00000000	0.00000000	0.00000000	 0.64434700 -0.26300475 -0.21105805	-0.39599318  0.07772527  0.40132600	  9.95869865  20.26633060  41.53856113  34.46223163   8.21683213   2.81113266  14.09203788 -36.87909911  15.49548584  14.33770989 140.55721100  33.52894669	-0.02475845  0.12861659 -0.41682085  0.63752228 -0.34499222 -0.03374757  0.08212907  0.03768223  0.01623718  0.66736585 -0.26993454 -0.00948767	
0.00400000	0.47292557	0.00000000	  244.67149353   -63.75857162 -1034.76110840    41.75397491  -116.59610748    39.36099243	 251.60066223  -52.73785782 -724.00927734   24.29059410  110.35186768   -7.62572479	 274.63076140   37.78266990 -874.27369373   45.70240614 -119.01839216   27.36819146	 -83.85993733  -26.74460280 -802.82273279    3.05131605  110.57748920  -11.38424067	133.00924748	0	0.00000000	0.00000000	0.00000000	 0.66063211 -0.26392214 -0.22507340	-0.44036592 -0.00235069  0.40030664	  9.46074671  16.12425427  38.20412907  38.55808909   6.09117723   4.91939072  10.04916634 -34.69522888  12.64239587  24.31766904 149.68553649  31.68614651	-0.02304039  0.13222145 -0.41915250  0.62834144 -0.33950055 -0.03496708  0.08405329  0.03821145  0.02248815  0.66549444 -0.26981950 -0.00934194	
0.00398400	0.47513953	0.00000000	 302.70312500 -209.84335327 -794.08850098   39.21424484 -128.00205994   31.07567978	 241.35836792  -72.28094482 -648.04095459   21.58685684   99.83592987  -11.09819031	 343.89724587  -31.43592156 -900.18494250   54.28976999 -130.51774679   28.34492953	 -71.37643869  -40.94626889 -758.27131602    2.54744740  104.95068353  -13.15431628	133.06858878	0	0.00000000	0.00000000	0.00000000	 0.67714625 -0.25749180 -0.22373078	-0.42118370 -0.08538559  0.31252313	 11.67779252  14.36739187  36.85208841  39.49111000  -0.81672750   9.22255185   7.01043048 -31.35637534   9.08030696  35.33230928 158.98460759  29.85469596	-0.02257252  0.13574193 -0.42132306  0.62247396 -0.33280474 -0.03713000  0.08600894  0.03871000  0.02924534  0.66425955 -0.26965842 -0.00901981	
0.00400000	0.47736236	0.00000000	 290.98110962 -112.66997528 -806.21759033   34.90903091 -117.98200989   28.60258102	 185.52624512  -71.33243561 -537.23675537   18.28853607   85.07372284  -11.22626591	 380.36551362  -40.12754195 -828.56353347   51.78116897 -128.34276777   24.27744135	 -67.88750744  -51.67415218 -666.54289573    1.60631351   92.89601251  -14.32318403	137.02519076	0	0.00000000	0.00000000	0.00000000	 0.69610859 -0.23117191 -0.22239845	-0.42118370 -0.08538559  0.31252313	 13.03029410  13.07022805  34.91331358  39.71926450  -9.35211775  14.68278509  -0.79298673 -27.88526861   6.19532159  49.65855367 176.32180692  27.07346736	-0.02302505  0.13881756 -0.42297977  0.62011927 -0.32472065 -0.03990650  0.08793316  0.03921621  0.03634000  0.66373032 -0.26923659 -0.00850592	
0.00398800	0.47957852	0.00000000	 115.34519958   61.38458252 -579.56237793   31.79525948  -61.20057678   22.90561867	 138.97483826  -53.57120895 -432.30468750   15.43158913   68.70458221   -7.63047361	 254.28590978   65.12102309 -722.21422635   39.76962982  -98.73226962   19.35040893	 -69.76458178  -49.76975774 -547.91571069    1.79284636   76.76367345  -12.53599019	137.91661630	0	0.00000000	0.00000000	0.00000000	 0.73518733 -0.16007415 -0.20774701	 0.06677414 -0.32696201 -0.78843509	 17.95326138  13.67718951  35.20899018  35.36505467 -20.30531384  20.49290684  -4.70957988 -24.31714233   2.43506909  61.00911680 193.71229745  23.06173871	-0.02396845  0.14111087 -0.42366239  0.62058711 -0.31550911 -0.04313553  0.08977885  0.03978378  0.04363408  0.66383773 -0.26824716 -0.00773126	
0.00399200	0.48179692	0.00000000	 120.78005981   -9.53863430 -250.73039246   14.44144917  -38.62346649    6.69822979	 110.16693878  -53.64488602 -369.37820435   11.97987461   56.66407394   -7.18157387	 169.31274877   76.77583651 -451.94319433   24.56402853  -59.91937400   10.19322870	 -67.10718677  -46.82590294 -452.88975943    1.92039147   63.16295438  -10.39425793	137.30389837	0	0.00000000	0.00000000	0.00000000	 0.76351248 -0.17870532 -0.08619771	 0.05024389 -0.13123505 -0.52123322	 -2.32968739  10.63428469  27.17613309  28.08930342 -32.77284799  29.34940422 -43.98714985 -28.36288664  11.69610148  73.69855977 219.53699015  18.72106569	-0.02523398  0.14261417 -0.42301047  0.62302619 -0.30617484 -0.04685543  0.09147531  0.04053544  0.05091281  0.66460472 -0.26629135 -0.00674184	
0.00400800	0.48402423	0.00001203	  43.74591827  -51.45047379 -191.11711121    5.68213558  -20.73399925    0.04603493	  99.81481934  -67.35360718 -359.19393921   10.02615833   52.58291626   -7.22583961	 111.63595508   10.06512909 -288.48291420   15.45600246  -36.54619669    2.28308285	 -72.86917563  -53.58392762 -400.05418329    1.36831618   53.61430122   -9.82029983	136.13116956	0	0.00000000	0.00000000	0.00000000	 0.75934383 -0.22836800 -0.10826750	-0.05343454  0.10854271 -0.24011783	  4.15592266  13.17752183  32.43032213  19.80696988 -39.14438457  34.47788127 -38.90841789 -26.82714050   5.94931542  81.46681713 222.00000000  13.59977899	-0.02656087  0.14347319 -0.42120036  0.62645459 -0.29682523 -0.05046796  0.09278692  0.04158621  0.05793844  0.66587025 -0.26296261 -0.00553000	
0.00398000	0.48624930	0.00034278	-24.86323357 -23.75136185 -95.89674377   1.77157533  -2.17669106  -3.17914414	 113.72663879  -72.05088043 -356.88363647   10.79898071   54.36718369   -9.88000679	  23.46763322  -13.69724954 -179.45409337    7.92798859  -17.00657131   -0.95185375	 -68.30222986  -61.91047832 -396.96654234    1.16450152   52.34389354  -10.24244445	140.07666792	0	0.00000000	0.00000000	0.00000000	 0.74319940 -0.25556333 -0.12054940	-0.21163796  0.02381287  0.06976025	  0.99409666  11.58962835  32.25295981   9.08289740 -45.42495330  38.64348691 -40.71766446 -28.18688242   1.08966591  88.48016479 222.00000000   7.88275705	-0.02781874  0.14410213 -0.41860026  0.63074207 -0.28756765 -0.05315242  0.09347022  0.04292844  0.06443485  0.66775703 -0.25803852 -0.00411107	
0.00400000	0.48885313	0.00074655	 16.81863976   3.52985406 -49.43010712   3.25086689  -1.85837293  -0.10459643	 117.97618866  -88.87450409 -417.88488770   11.65054417   63.48808670   -7.23925066	  -2.86650824   -1.86810136 -108.09974336    3.98422268   -7.85699043   -0.71312334	 -75.98721366  -73.29816181 -417.23103090    1.43119121   56.64939599  -10.06389803	139.81211045	0	0.00000000	0.00000000	0.00000000	 0.71343750 -0.24802900 -0.14205727	-0.19647135  0.18325133  0.05361010	  6.82745648  13.78523540  36.82183859   4.63022867 -43.25198215  39.97941814 -25.44385877 -29.41220852  -5.97319377  86.01446811 222.00000000   2.73582347	-0.02870844  0.14462368 -0.41545561  0.63527501 -0.27888530 -0.05500854  0.09352519  0.04454679  0.07031766  0.67026508 -0.25152677 -0.00259243	
0.00399200	0.49190125	0.00107607	  11.91045189   14.61532974 -181.94807434   12.20556450   20.78897858   -0.49838307	 139.81253052  -77.42644501 -460.65359497   15.27220726   69.77856445   -3.19691062	  22.49801466   17.16729092 -143.95878153    6.93737281    4.71018774    0.47354392	 -93.13014450  -71.77905090 -454.44879813    3.29520738   62.88137503   -8.78723002	142.63772881	0	0.00000000	0.00000000	0.00000000	 0.71817611 -0.25233945 -0.19624708	-0.09367004 -0.01255535  0.09358599	 -0.72664297  11.99175512  35.10300513  -3.60664662 -42.02296659  40.65627692 -22.57747294 -30.78958417  -6.35094160  82.99924341 221.97916133  -1.82893425	-0.02940641  0.14518358 -0.41200414  0.63963920 -0.27077824 -0.05587524  0.09288902  0.04624951  0.07554854  0.67342508 -0.24348871 -0.00108913	
0.00400800	0.49532449	0.00133450	  23.71978378   -1.99932849 -435.84741211   23.39407730   58.48781204    3.62096167	 163.02828979  -56.73970795 -484.17114258   18.44466782   73.32917786   -1.10085154	  19.21320986   41.27551133 -332.98867429   14.54719528   29.34229309    5.40874122	-102.96247743  -55.57844230 -497.22983658    5.41785473   69.36761814   -7.37245231	141.08845694	0	0.00000000	0.00000000	0.00000000	 0.73683312 -0.24986339 -0.24673691	-0.04535222 -0.24424911  0.26807977	 -0.12704544  11.90859490  36.85130448  -8.43896156 -39.21583266  39.83206924  -8.22554987 -31.34506280 -11.38548554  73.36233046 198.23001016  -4.02534893	-0.03008136  0.14589688 -0.40843764  0.64379627 -0.26338443 -0.05605165  0.09153029  0.04772980  0.07994339  0.67715269 -0.23433852  0.00016107	
0.00398000	0.49901941	0.00141995	 240.62384033   -8.19935417 -852.74920654   45.07350159  107.99849701    2.08836436	 167.41992188  -59.94877625 -462.98376465   17.83716393   69.75788116   -0.86292702	 119.01024370   61.85570131 -626.77834398   29.10362744   68.16925357    9.66681850	-107.41954435  -43.72965599 -510.57922297    6.27039318   71.25174895   -7.21228495	139.78843992	0	0.00000000	0.00000000	0.00000000	 0.76709087 -0.22011456 -0.27163715	-0.14062318 -0.34173664  0.13136950	 -2.92463394   8.15237620  34.37216474 -16.67210071 -36.78343862  40.18987445   3.25218637 -32.03353211 -16.01277903  63.66792852 175.44099572  -3.17546237	-0.03079466  0.14682494 -0.40473309  0.64773858 -0.25730222 -0.05591359  0.08970030  0.04914106  0.08340251  0.68142480 -0.22484319  0.00088204	
0.00401200	0.50282711	0.00158004	 370.78021240   -9.25279999 -958.65014648   51.41656113  140.48416138    8.24376488	 138.92623901  -53.86212540 -351.25674438   14.58085060   55.54378128   -1.79546690	 233.83590093   95.85938966 -892.04298355   40.38845474  109.28493359   16.26918793	 -91.57067654  -45.38875270 -454.93491721    5.88578330   64.85572106   -6.88792202	135.49414626	0	0.00000000	0.00000000	0.00000000	 0.80122198 -0.20531405 -0.27400927	-0.24646879 -0.21571663 -0.11755051	 -6.15590867   9.56585929  34.78074680 -18.64398714 -30.54299471  42.65342328  12.87454125 -31.53470275 -21.45779430  53.20701625 151.64532843  -0.72360913	-0.03150796  0.14809048 -0.40089813  0.65143549 -0.25323716 -0.05592126  0.08749334  0.05037592  0.08607931  0.68612647 -0.21527882  0.00104311	
0.00399200	0.50680155	0.00175604	  523.89953613     6.06230927 -1097.86572266    44.98299408   145.51052856    12.67827129	 91.92234802 -22.99946404 -63.00307083   8.40568352  31.29769135  -3.34631848	  398.50112911   119.94970390 -1016.39745877    39.86489902   138.10090529    22.54286012	 -39.00634450  -29.46708783 -295.20384920    3.49796769   46.88026135   -5.66109046	132.34018920	0	0.00000000	0.00000000	0.00000000	 0.83659923 -0.20204278 -0.29276963	-0.04784572 -0.35403317  0.00737240	-14.01851742  12.45859269  30.98131715 -22.40120328 -19.74816464  49.51335081  15.70988725 -30.52283668 -24.15063297  42.83691985 128.10991880   2.28550815	-0.03225961  0.14967814 -0.39710152  0.65494829 -0.25175688 -0.05648116  0.08527852  0.05130398  0.08825757  0.69126529 -0.20566843  0.00078233	
0.00398400	0.51096720	0.00210987	  682.05584717    26.19073677 -1481.36425781    34.54607391   149.40292358    34.55320358	 42.61457062  13.14090919 957.82757568   3.34619403   9.68329620 -20.41750908	  518.73415052   175.48935999 -1299.87493663    32.08663532   145.38509144    36.29086800	269.78976867  15.60082868 241.16883978  -6.82000152  39.03610094  -9.96424814	129.57437844	0	0.00000000	0.00000000	0.00000000	 0.85985315 -0.21817129 -0.31167358	-0.01604566 -0.71750493  0.13022222	-12.37438105  20.91583438  32.65936690 -21.63168281  -0.52361941  56.45793745  26.42615933 -30.51348546 -32.16033542  32.65706637 101.95700641   4.66667532	-0.03314932  0.15142688 -0.39358872  0.65878326 -0.25266960 -0.05758563  0.08324433  0.05178718  0.09002931  0.69650382 -0.19579726  0.00034515	
0.00400400	0.51553720	0.00267398	  662.70825195    58.24973679 -1471.88122559    35.45198822   149.38475037    37.99293518	  3.07113314 -19.16230583 934.35839844  -0.67378759  -2.92568135 -18.74139786	  576.72410862   225.71300073 -1460.68996907    26.68984352   147.01279556    46.17660604	511.72942568  35.94497417 620.97519407 -13.53347520  31.43429890 -13.11090948	127.68430551	0	0.00000000	0.00000000	0.00000000	 0.84283063 -0.21555366 -0.31424255	 0.01870272 -0.74572214  0.20406432	-15.18064189  25.92289396  30.87002196 -24.49800892  24.20300459  66.35833808  36.93208166 -29.17158505 -40.79868592  19.78426407  71.92515067   6.03099755	-0.03413107  0.15322931 -0.39046705  0.66328549 -0.25536174 -0.05925766  0.08150861  0.05175650  0.09137154  0.70245570 -0.18550426 -0.00014573	
0.00398000	0.52072084	0.00342923	  572.55572510   105.48750305 -1218.25000000    43.71395874   146.27172852    32.49818802	 -7.83499193 -11.65334034 505.39221191  -2.22643065   3.88522530 -10.10690212	  551.86088308   251.74856499 -1366.75913067    27.55423398   146.79369904    46.69385173	424.74212670  23.23488609 529.44680948 -12.28736529  22.57485574 -10.15461080	125.67678594	0	0.00000000	0.00000000	0.00000000	 0.82750184 -0.19872549 -0.29937314	 0.18329152 -0.73537072  0.00500219	-15.69833374  34.25979097  29.13585452 -24.99964694  50.81507880  76.89132387  43.90008950 -25.93343201 -51.39919803   5.47899929  39.30259640   5.86268930	-0.03517417  0.15493202 -0.38709998  0.66837060 -0.25917366 -0.06141291  0.08019699  0.05123495  0.09229960  0.70865297 -0.17547202 -0.00045252	
0.00401200	0.52676171	0.00415954	 407.58648682  159.80789185 -893.30694580   54.28907394  142.81520081   27.65877914	-2.73063803  0.30861697  5.80552053 -0.12359286  0.17240147  0.76218170	  444.02153242   264.97883650 -1095.92137043    32.89624375   145.01048379    39.42245194	141.61149090  -1.71469019 174.54136695  -4.50502479   8.56817659  -3.05871551	126.35144288	0	0.00000000	0.00000000	0.00000000	 0.81400090 -0.17895903 -0.23983617	 0.25056953 -0.65770858  0.09307132	-28.06035985  42.83163734  23.27569675 -27.97001200  78.31127500  90.21248725  40.71170544 -23.89912666 -58.58455862  -3.27398156   9.58181147   4.68643306	-0.03645505  0.15637396 -0.38362551  0.67380095 -0.26422814 -0.06383660  0.07939588  0.05035291  0.09267543  0.71478885 -0.16464213 -0.00049854	
0.00398400	0.53359860	0.00497773	 293.74575806  190.03887939 -893.53051758   58.85448074  136.96681213   30.56896210	21.68914223 35.35374069 17.36596107  2.60136104 -3.76943159  1.23522472	 321.64841895  283.58435516 -926.30040217   37.12917481  138.25207591   37.30448566	48.86111955 18.78154377 27.85512941 -0.75975076  0.59291143 -0.55556105	126.91871668	0	0.00000000	0.00000000	0.00000000	 0.78278935 -0.19850021 -0.17632749	 0.26151505 -0.42846119  0.33223560	-27.45968864  52.60504670  32.09069783 -27.97659562 103.92515115  98.55047240  43.47864199 -18.91733024 -65.52542491  -6.00105142  -8.70299055   2.75429260	-0.03808874  0.15757814 -0.38003600  0.67939997 -0.26987317 -0.06612223  0.07910529  0.04907971  0.09243000  0.72061032 -0.15400396 -0.00029913	
0.00399600	0.54135162	0.00557962	 220.94718933  187.11845398 -909.70147705   56.57213593  119.51920319   27.47668266	 -0.61960286  -3.25713706 -19.48315430  -0.26325348   2.12347531   0.05873749	 214.90522567  296.50097758 -939.10299250   39.51524608  118.51641521   33.62930718	  6.16594222  13.08690676 -20.72918369  -0.13413782   0.62084810  -0.02863396	130.16254645	0	0.00000000	0.00000000	0.00000000	 0.74560074 -0.21274550 -0.13798059	 0.10687232 -0.44581055  0.27625451	-22.45382092  60.96994565  38.79258303 -32.08906788 121.33915434 106.15778838  49.54386045 -12.48174800 -76.18607744  -9.52428013 -26.82577307   2.59273374	-0.04015194  0.15860590 -0.37640047  0.68496060 -0.27568698 -0.06797834  0.07927807  0.04759175  0.09166300  0.72620934 -0.14368027 -0.00013806	
0.00399600	0.54977351	0.00606947	 185.23312378  158.02151489 -798.44482422   49.31933212  102.96350098   24.27272987	 50.11474228 -37.97773361  15.04891014  -2.56163979  -6.11649752  -1.82867718	 160.01294586  274.10044005 -871.27974409   36.95605020  101.19617029   30.17126481	 24.31571231 -11.48893981 -37.39494017  -0.32089460  -0.61417737  -0.57600478	131.78094298	0	0.00000000	0.00000000	0.00000000	 0.70851111 -0.21505309 -0.13375529	 0.12043807 -0.21010374  0.24858116	-18.84324863  74.01286230  46.47711452 -34.87508470 134.27029396 110.10783473  50.71528660  -9.77357468 -82.82848728  -6.43810374 -36.39281070   1.79107559	-0.04266767  0.15955698 -0.37279561  0.69043696 -0.28117862 -0.06908281  0.07985927  0.04614213  0.09038213  0.73160899 -0.13369407  0.00003835	
0.00398800	0.55873543	0.00651438	 166.53593445  138.85514832 -744.21936035   44.34047318   95.65737915   18.78043556	 43.38497543 -18.11699867  -7.96174669  -0.99945706  -3.96551609  -0.86157840	 134.65656697  239.90719186 -795.16221308   33.68715904   90.22670527   25.78524788	 38.47730101 -15.68231019 -53.47030232  -0.16326646  -1.32902203  -0.73513691	136.03053671	0	0.00000000	0.00000000	0.00000000	 0.67667455 -0.22321976 -0.12526418	 0.05089968 -0.42969267  0.17881142	-14.97973712  83.98396621  49.47870779 -42.01285684 140.64154383 113.22008020  51.77224605  -7.19060027 -91.55053414  -0.22335419 -47.42493606  -0.19530653	-0.04560524  0.16054639 -0.36935949  0.69569850 -0.28616405 -0.06921320  0.08085673  0.04490728  0.08867941  0.73709297 -0.12399931  0.00035282	
0.00399600	0.56819624	0.00709121	 159.70379639  101.68462372 -735.74584961   42.52061081   97.73460388   12.65473270	 41.47912216  11.11953354 -19.35374069   0.71288306  -2.65642858   0.39107993	 117.42856908  208.90713118 -760.19252894   32.35250723   86.56615818   20.13700721	 20.07557689   0.94650346 -57.25582986  -0.09920568  -0.08024316  -0.25026100	137.42633366	0	0.00000000	0.00000000	0.00000000	 0.65783786 -0.22869998 -0.12322931	-0.02558841 -0.25257813  0.17895513	 -6.04331477  96.03478610  52.82577916 -50.54969584 144.12394093 111.37727363  51.46191546  -8.02183049 -98.09592393   3.65132183 -54.30068295  -1.69247147	-0.04891097  0.16169688 -0.36619949  0.70056885 -0.29039016 -0.06843854  0.08222332  0.04409427  0.08670057  0.74273801 -0.11467271  0.00075165	
0.00400000	0.57830036	0.00759346	 134.68560791   81.08462524 -786.57525635   43.90861511  106.90869141    5.71607924	49.00589752 -1.00743508 17.86407661  0.16423017 -5.73530722  0.56969446	  96.59399711  189.65936519 -776.57085610   33.04106846   88.81458070   15.15904135	 37.06194872  13.41910028 -54.41339130   0.36047922  -0.92573657  -0.00620229	138.57962759	0	0.00000000	0.00000000	0.00000000	 0.65211142 -0.22594328 -0.13411343	-0.00863775 -0.15068501  0.07193471	   3.26748911  105.25308356   52.83206369  -58.60217237  144.52171542  109.68413639   46.57910610  -11.75824914 -103.11084647    3.45612100  -63.51275677   -2.19960509	-0.05236242  0.16311581 -0.36342299  0.70492536 -0.29378793 -0.06689689  0.08389621  0.04377213  0.08460669  0.74866682 -0.10586766  0.00108913	
0.00398800	0.58895606	0.00810582	 133.49057007   69.00235748 -869.25067139   47.18992233  119.26036072    1.15151513	 18.54238510 -32.97786331   5.80337811  -1.91315746  -0.41566840   0.45315871	  83.19509148  177.84397731 -832.78559352   35.83256064   96.84538721   11.27345298	 31.91871340  -8.06834094 -42.32311444   0.70442530  -0.31251243   0.33290317	138.70925878	0	0.00000000	0.00000000	0.00000000	 0.64785396 -0.22635509 -0.12051638	-0.05983257 -0.07769061 -0.06854537	   8.55828229  111.63979352   55.59604500  -63.96247517  145.99333066  105.31843671   38.07393567  -16.50506055 -103.71823799    7.96134948  -73.51205018   -2.25446036	-0.05575252  0.16474183 -0.36110666  0.70856094 -0.29640338 -0.06469563  0.08571834  0.04379514  0.08242844  0.75488710 -0.09786795  0.00130388	
0.00399200	0.60018343	0.00844902	 162.26878357   67.22931671 -975.60717773   53.60228729  135.67155457    0.56633145	 30.72755814 -28.57382011  20.66140366  -1.37602031  -3.50119448  -0.29084587	  86.30276504  182.46869492 -927.34067139   40.96679124  109.72035322   10.11054793	 32.88069190 -22.33310206 -34.36670869   0.88277014  -0.20399281   0.46200612	139.05185155	0	0.00000000	0.00000000	0.00000000	 0.63702751 -0.22524496 -0.11623197	 0.00896040  0.12317317 -0.17324842	  12.37229862  115.34149315   57.70386208  -69.38460348  141.82346976  100.71100001   30.64409078  -23.12776148 -102.80030290   11.82864598  -84.43715548   -3.66038431	-0.05897388  0.16679737 -0.35923523  0.71135277 -0.29839754 -0.06208786  0.08747763  0.04402524  0.08013514  0.76137584 -0.09083465  0.00156466	
0.00399200	0.61179227	0.00881661	 232.23771667   78.56706238 -857.45104980   52.71209717  145.65084839    4.44181538	30.87622833 -7.85893917  3.46201587 -0.36542684 -3.10206771  1.43423450	 122.52671110  192.20007111 -921.14606045   43.02695000  124.62109265   13.01141370	 34.71804072 -11.20384816 -38.69333577   1.10474436  -0.77397006   0.63648336	140.24042617	0	0.00000000	0.00000000	0.00000000	 0.61585705 -0.21953530 -0.11548654	-0.05126059  0.00166705 -0.23356673	  13.75869441  115.37436446   61.55773764  -75.88279221  135.14943555   96.20040403   23.66075457  -28.85048007 -100.41644307   15.70527142  -92.26192956   -4.76239572	-0.06188844  0.16916737 -0.35765523  0.71329325 -0.29992387 -0.05954145  0.08904057  0.04427835  0.07755806  0.76812536 -0.08489048  0.00187913	
0.00400800	0.62381852	0.00909012	 310.68142700   97.89247894 -901.66345215   52.04521179  145.10217285   10.77440548	 24.20632362   1.02358139 -13.15883446   0.41558501  -1.83914340   0.35274592	 191.86983176  211.30151641 -906.63871745   42.39748936  134.21182519   18.55175541	 17.08829496  -2.32444887 -45.43630501   0.84438823  -0.54171144   0.41490727	141.90814701	0	0.00000000	0.00000000	0.00000000	 0.57922562 -0.22810392 -0.12233364	-0.06325324  0.09486049 -0.33413619	 13.54876855 117.89290221  66.47574293 -78.87517810 126.96279427  94.36793400  19.98665885 -32.72447018 -98.43825054  18.37250261 -95.60242687  -4.78393324	-0.06451155  0.17174445 -0.35623628  0.71450508 -0.30115873 -0.05747058  0.09039146  0.04442408  0.07449009  0.77520472 -0.08001242  0.00209388	
0.00398400	0.63613540	0.00949654	 393.16351318  130.93400574 -906.85021973   52.99270248  143.62591553   20.06887054	 43.42578506 -13.49569702  27.09598923  -0.53714293  -5.59106588  -0.94562739	 271.34978643  240.64005647 -921.74702538   41.69505954  138.68936745   26.43801693	 31.94239955   1.36533910 -45.96020189   0.40442097  -1.18293707  -0.02782995	142.99113980	0	0.00000000	0.00000000	0.00000000	 0.54314826 -0.23991770 -0.12598097	-0.06325324  0.09486049 -0.33413619	 11.20487834 119.10473968  70.92541668 -80.60539134 120.54173732  94.40619110  17.88778610 -33.31923337 -96.00366346  20.38660844 -96.83872931  -4.12389152	-0.06699660  0.17440590 -0.35484037  0.71518773 -0.30224016 -0.05635077  0.09164024  0.04439339  0.07086223  0.78260618 -0.07621582  0.00214757	
0.00399600	0.64891064	0.00999032	 433.30444336  170.93000793 -904.59710693   54.22256088  142.60064697   29.53520775	 11.66341019 -13.91730213 112.75088501  -0.58480120  -1.45672417  -2.77339339	 330.50005621  280.43200899 -927.20460950   41.05542467  140.58124395   35.07901422	70.16479906 -1.57478823  1.45266524 -1.05170204  0.59019788 -1.15158531	144.10100117	0	0.00000000	0.00000000	0.00000000	 0.50804917 -0.25184018 -0.12893515	-0.13157856 -0.02347129 -0.34434564	 11.00215924 122.18137586  77.20754935 -79.39069035 115.17094089  98.62501642  20.13660298 -34.05603807 -96.75174558  22.93320471 -96.85116728  -3.39623249	-0.06948165  0.17696765 -0.35322201  0.71548682 -0.30330628 -0.05644281  0.09290473  0.04413262  0.06665145  0.79033744 -0.07347000  0.00211689	
0.00400800	0.66224140	0.01000000	 432.51129150  210.64022827 -856.47766113   56.55617905  141.55302429   34.08078003	11.44092464  2.78747511 68.30263519  0.07434896 -1.46349978 -1.70103836	 359.44269692  315.75173203 -896.77207176   41.32172180  141.06971743   41.65967840	71.06466547  2.67334065 23.67703264 -1.57619014  1.75226842 -1.24435055	144.71566731	0	0.00000000	0.00000000	0.00000000	 0.49344429 -0.27377918 -0.12159234	-0.00341269 -0.00372138 -0.22003647	  9.62126118 126.49117267  82.90127163 -76.10374847 113.66768114 104.39660088  19.89346533 -32.39844828 -95.29476120  20.09168812 -96.85787299  -2.87658183	-0.07195903  0.17939134 -0.35117415  0.71553284 -0.30437240 -0.05699505  0.09419278  0.04368009  0.06177339  0.79816836 -0.07184397  0.00200951	
0.00398800	0.67557174	0.01000000	 392.78292847  229.04194641 -784.02020264   59.20960236  140.63641357   36.51796722	27.15949821  2.33854699 20.28054810  0.18020014 -4.04190779  0.07464676	 346.83006395  334.31692571 -833.83605201   42.75175501  140.07364699   44.88524386	47.41250167  7.68597446 -8.02119265 -0.58636818 -0.36657992 -0.63623297	145.41675294	0	0.00000000	0.00000000	0.00000000	 0.47730919 -0.28263213 -0.09802669	 0.03565043  0.06965121 -0.33501234	 10.72733824 130.62318735  87.40729915 -73.96160467 112.14560839 107.93799917  21.71868060 -31.30589369 -96.20747738  16.90816230 -95.54217494  -2.00816451	-0.07426000  0.18170765 -0.34852037  0.71540248 -0.30545387 -0.05757029  0.09556723  0.04301281  0.05601330  0.80608374 -0.07134543  0.00185612	
0.00398800	0.68890214	0.01000000	 360.03591919  239.12231445 -749.48486328   60.50796890  140.36003113   38.24570465	 4.92696714  0.12979953 -2.17665219  0.08753427 -0.70947552 -0.28655955	 320.30432518  344.38796699 -786.77645729   43.99227562  138.45491282   46.71967706	 22.56306234   3.65848709 -24.84348354  -0.07716929  -0.67079893  -0.22078359	146.74741838	0	0.00000000	0.00000000	0.00000000	 0.45865494 -0.28616160 -0.07831702	 0.08955282  0.16985176 -0.36750573	  6.31006172 133.48880259  89.29149467 -69.71070532 115.48197785 113.81517877  19.61821775 -29.74070978 -95.15173792  10.71424513 -94.46388813  -1.07274321	-0.07681407  0.18391658 -0.34512261  0.71517235 -0.30656600 -0.05806883  0.09703592  0.04210009  0.04936349  0.81392235 -0.07182863  0.00164903	
0.00399200	0.70223469	0.01000000	 335.09210205  244.73951721 -714.98388672   61.69747162  140.02052307   38.99961853	19.11246490  0.29535213  8.83586693  0.03223862 -2.84313869 -0.17472233	 293.56345270  349.49556916 -744.27694075   45.45223673  136.89663013   47.63173120	 16.33531172   1.79134849 -29.48703188  -0.01353429  -0.79777170  -0.15574688	147.98405660	0	0.00000000	0.00000000	0.00000000	 0.44119284 -0.29323846 -0.06633327	 0.12383788  0.05880202 -0.41961122	  6.09730440 133.45639471  92.93789560 -65.07642742 120.54471822 117.33713234  18.10958692 -29.70482175 -94.37024368   5.67902026 -91.60185605  -0.57242014	-0.07959825  0.18601814 -0.34098852  0.71483487 -0.30773181 -0.05838330  0.09859887  0.04090359  0.04182398  0.82186073 -0.07332426  0.00144961	
0.00400000	0.71557176	0.01000000	 306.30950928  236.13795471 -695.50665283   62.02652740  140.15560913   36.67385101	17.88301659 -0.31354895  6.52803898  0.11404386 -2.22140002 -0.35450068	 266.79944368  345.28211382 -712.88631296   47.19826034  135.43815414   47.12110654	 18.74494321   3.61509343 -31.36861782   0.00346176  -1.18635854  -0.31117841	149.21257413	0	0.00000000	0.00000000	0.00000000	 0.42234120 -0.30162479 -0.05272052	 0.10805225  0.10349661 -0.49653847	  4.35594279 133.09573743  95.63516413 -61.52133892 128.58597065 120.28981957  15.34338419 -26.93210360 -93.05154590  -3.39093844 -89.11422579  -0.62396197	-0.08266621  0.18811969 -0.33624086  0.71438235 -0.30888230 -0.05842165  0.10024820  0.03950000  0.03342544  0.82991409 -0.07576329  0.00132689	
0.00399600	0.72890657	0.01000000	 266.94244385  214.08569336 -705.47644043   60.98165512  141.18423462   30.40808105	19.13600731 -4.11654282  2.43841624 -0.12094557 -1.85141945 -0.27706817	 234.67323466  332.24242397 -705.96046512   48.26582944  134.12040195   44.07621665	 14.97473318   1.48619955 -33.29586568  -0.14779309  -0.50755519  -0.31556582	150.64676657	0	0.00000000	0.00000000	0.00000000	 0.40238929 -0.31504887 -0.03320321	 0.07996061  0.16591899 -0.51922414	  3.26763139 133.87163913  99.96137962 -55.01793930 140.53279065 121.94869464  11.69043605 -24.80908311 -92.05348223 -12.06408830 -86.95561079  -0.90811639	-0.08594126  0.19020590 -0.33117104  0.71370745 -0.30993310 -0.05837563  0.10195252  0.03795068  0.02448233  0.83803654 -0.07901534  0.00128087	
0.00399200	0.74223918	0.01000000	 233.92477417  184.51557922 -740.69952393   59.00803375  142.61271667   23.62088776	38.59243011 -0.56318307 17.68265152  0.13008027 -4.68037987 -0.48763576	 195.58176308  311.57171809 -724.34021786   48.92495210  132.73476907   38.36623546	 28.81807656   4.01581049 -37.77370993   0.03051997  -1.03113900  -0.32613123	150.93715075	0	0.00000000	0.00000000	0.00000000	 0.39358333 -0.32178136 -0.02955496	 0.06086932  0.12988282 -0.59869248	  3.33715661 133.45259614 102.28425163 -47.38770083 151.14832746 122.57939470   7.43947181 -23.07204738 -90.81678250 -21.53041145 -84.96717900  -1.03341190	-0.08943873  0.19226912 -0.32606289  0.71264130 -0.31078443 -0.05837563  0.10358614  0.03637835  0.01524777  0.84607458 -0.08304203  0.00127320	
0.00399200	0.75557172	0.01000000	 222.35762024  154.48646545 -773.19830322   57.09775162  143.73735046   16.08549309	22.63349342 -9.09400463  0.08863531 -0.31824225 -0.94118017 -0.40771374	 168.95603320  287.37443315 -756.17545883   49.64826696  131.99903282   32.09642901	 25.36602412   0.83495858 -38.51284317  -0.09014785  -0.61396502  -0.46042022	151.33407744	0	0.00000000	0.00000000	0.00000000	 0.38805039 -0.32482375 -0.02574972	 0.06012567  0.08127419 -0.75283068	  2.97533072 128.78084115 103.65138804 -36.34167406 160.64155055 121.87721470   2.03872922 -19.52206743 -86.23342194 -31.57265110 -83.13673145  -1.13195482	-0.09313563  0.19429396 -0.32091638  0.71113801 -0.31138268 -0.05837563  0.10531402  0.03482903  0.00603621  0.85402828 -0.08774368  0.00128854	
0.00399600	0.76890653	0.00950841	 211.53712463  135.64616394 -801.77099609   55.59019852  144.68739319   10.66905880	35.22024918 -4.98475170  3.46597099 -0.05284046 -3.14201236 -0.38517785	 149.76005580  268.61758299 -787.06367235   49.86851508  131.70239557   26.68246197	 23.74003717  -0.56163447 -40.67619932   0.05104309  -0.36790625  -0.16607756	152.72420241	0	0.00000000	0.00000000	0.00000000	 0.38661889 -0.33232420 -0.01389003	 0.02490333  0.09777613 -0.76119045	 -1.54387351 124.53155759 103.25202994 -23.70809616 169.25054679 122.18420355  -5.06720254 -15.69116385 -79.61268131 -43.65631971 -80.43383318  -1.46562632	-0.09689388  0.19624980 -0.31573921  0.70922822 -0.31164348 -0.05837563  0.10693979  0.03337175 -0.00309864  0.86167520 -0.09318164  0.00131922	
0.00399200	0.78169280	0.00933443	 199.86363220  122.26719666 -808.62719727   55.01754379  145.09239197    8.01179600	48.77570343 -9.96035194  5.75308800 -0.36153653 -4.09510088 -0.35216427	 137.92830297  254.63990685 -808.90189800   50.50562451  131.44653196   22.99061478	 35.99099577   2.06059695 -45.81949899   0.19794627  -1.00989565  -0.33724713	153.34748029	0	0.00000000	0.00000000	0.00000000	 0.37914445 -0.34211385  0.00605065	-0.01675482  0.20268074 -0.83025685	 -2.22045694 118.45439713 101.92789504 -14.73604720 170.91491773 120.89709157  -8.71845265 -13.41042454 -75.90184791 -54.22076515 -75.98974112  -1.65872387	-0.10062912  0.19821328 -0.31052366  0.70698094 -0.31155911 -0.05836796  0.10836922  0.03207553 -0.01232553  0.86850905 -0.09927922  0.00137291	
0.00400800	0.79429454	0.00917967	 189.04548645  115.58224487 -801.43267822   55.09302139  145.13456726    7.14672327	38.23748398 -9.03803349 -7.94581223 -0.53130639 -2.18457103  0.16047445	 122.75333613  245.22691630 -814.66532030   51.30943662  130.77632815   21.04784375	 30.19147945  -2.09552605 -52.91687459   0.27754885  -0.71480120  -0.01577017	153.84357393	0	0.00000000	0.00000000	0.00000000	 0.37080741 -0.35420342  0.01787859	-0.02344039  0.20038741 -0.86235288	 -5.63526870 113.16614914  98.81623653  -6.73817821 171.30576154 121.73073751 -12.27445359 -12.25283474 -72.28341276 -64.14806644 -72.92934248  -1.95459811	-0.10434135  0.20027649 -0.30569929  0.70448053 -0.31141338 -0.05836029  0.10952375  0.03096340 -0.02159845  0.87535828 -0.10555319  0.00141893	
0.00398800	0.80671316	0.00930991	 177.14254761  114.01143646 -769.99157715   56.11614227  144.64553833    8.01786518	36.92312241 -3.52449632  3.84482527 -0.12317368 -3.17007446  0.32831967	 111.61537496  238.72304699 -797.64711031   52.95572262  129.97645235   20.65487777	 26.81936165  -0.17870005 -50.15329931   0.41782400  -0.72705883   0.06202647	154.12064588	0	0.00000000	0.00000000	0.00000000	 0.36287499 -0.36640051  0.02430436	-0.03500454  0.15447426 -0.87884370	 -5.32414796 109.73472263  97.78174432   0.64796401 173.24845307 121.48237948 -13.68130412 -11.98860685 -69.54967397 -70.85278852 -69.36800873  -2.04927515	-0.10807659  0.20246240 -0.30081356  0.70184207 -0.31141338 -0.05835262  0.11034842  0.03000466 -0.03078699  0.88180870 -0.11281659  0.00148029	
0.00400000	0.81928325	0.00940549	 173.93891907  113.94371796 -789.61663818   57.22863388  141.99000549    8.25341225	24.59469032 -6.51687431 -1.19479346 -0.30243635 -2.15874553 -0.05436407	 104.38502245  237.32499573 -793.90023138   55.19223292  127.34570418   20.67289733	 23.02251274  -0.77259457 -43.79048872   0.38609136  -0.90678748   0.05386622	154.19397452	0	0.00000000	0.00000000	0.00000000	 0.35597934 -0.38088684  0.03460838	-0.05653908  0.14469934 -0.85080631	 -5.45179268 107.10904695  95.14527486   7.09444865 174.30898655 122.46564176 -14.48671672 -11.98725177 -65.02825282 -78.40394443 -67.40818949  -2.11364105	-0.11184251  0.20492445 -0.29637268  0.69904256 -0.31142873 -0.05834495  0.11082751  0.02916864 -0.03981446  0.88774520 -0.12052485  0.00151097	
0.00399200	0.83195508	0.00961126	 159.82748413  104.79283905 -880.32006836   58.59502029  136.12104797    8.75528049	21.65809822 -8.02082634  0.38683325 -0.46922156 -1.43602991 -0.08301220	  86.06732386  244.49748948 -845.34110913   57.41865553  120.22308796   20.17246954	 15.27335600  -4.07738262 -38.03294987   0.20362365  -0.45557338   0.02131766	154.15889707	0	0.00000000	0.00000000	0.00000000	 0.35438042 -0.38870905  0.04391915	-0.08770906  0.13583690 -0.93037900	 -2.57592895 103.73518176  93.23625332  12.84521707 174.96760457 121.81531061 -13.44144269 -12.82437246 -60.79415062 -83.31062149 -64.66661464  -1.96386320	-0.11563145  0.20772396 -0.29223096  0.69621235 -0.31142104 -0.05832194  0.11100030  0.02839398 -0.04871155  0.89298373 -0.12868562  0.00152631	
0.00398400	0.84485120	0.00969873	 147.71707153  102.49745178 -894.52032471   57.35461807  128.63595581   10.00879288	42.75301361 -1.57178867  3.58618069 -0.05482598 -3.53574204  0.20942995	  72.42491899  249.01795040 -890.87114475   58.57860758  112.43571108   20.05513200	 24.15742524   0.43599546 -41.65143212   0.23815172  -0.92204607   0.02261664	153.28347712	0	0.00000000	0.00000000	0.00000000	 0.35414903 -0.38879570  0.04999376	-0.08771208  0.09741771 -0.99066300	 -4.99412931 100.20836446  90.95643131  16.63501914 175.90823086 122.33043629 -13.55762630 -12.27109354 -53.85330664 -87.12049049 -62.65695730  -1.96926283	-0.11948941  0.21089163 -0.28818125  0.69340521 -0.31141338 -0.05824524  0.11092962  0.02762699 -0.05705640  0.89741695 -0.13720688  0.00152631	
0.00399600	0.85785115	0.00979748	 154.74684143  106.42477417 -846.47772217   55.46681213  121.02495575   11.66978359	 30.37156487   0.47167969 -21.16766167   0.08025663  -1.31823361   0.44930434	  72.36318591  247.32517621 -882.55820240   57.99742984  105.31056486   20.64315586	 19.30893487   3.55657399 -49.98357390   0.29396972  -0.81866112   0.09571972	152.08459991	0	0.00000000	0.00000000	0.00000000	 0.35299244 -0.39603465  0.04596300	-0.06435447  0.11383658 -1.01036707	 -4.21742041  94.15097310  88.57162498  20.94048778 176.36768741 121.83278461 -12.48081547 -12.29864775 -46.92307123 -89.91161474 -59.88835402  -1.93944225	-0.12343941  0.21440445 -0.28403184  0.69075143 -0.31135201 -0.05811485  0.11070970  0.02681398 -0.06601485  0.90097576 -0.14601961  0.00152631	
0.00399600	0.87096089	0.00972356	 156.39218140  109.35404205 -801.64373779   53.55618668  114.17025757   14.02503681	 37.88853455  -1.37438190 -15.27496052   0.00148584  -2.92669606  -0.02138890	  78.52506080  244.61426627 -837.28191176   56.53062261   98.04875581   21.90699730	 16.24713997   3.88367435 -57.47656817   0.27334818  -0.75667288   0.05734088	151.05489703	0	0.00000000	0.00000000	0.00000000	 0.35123484 -0.40645187  0.04388698	-0.10200407  0.11411404 -1.03425870	 -3.90216264  86.31307590  84.81778852  23.79606656 176.27633331 121.63164911 -11.44066296 -11.26903613 -39.30515131 -92.61799252 -57.21583202  -1.93060652	-0.12751213  0.21827775 -0.27965230  0.68835074 -0.31119862 -0.05790776  0.11037984  0.02595495 -0.07515737  0.90369087 -0.15521581  0.00151864	
0.00399600	0.88398850	0.00972386	 150.21855164  109.96733093 -763.38299561   51.58409119  108.40273285   15.03771019	35.37981033 -8.21636963 -4.48839903 -0.40415832 -3.38216352 -0.56395996	  80.70238545  243.75085241 -796.94051623   54.85448995   92.29614307   22.91946329	 23.77381583   0.99690055 -54.80332933   0.17889937  -1.17325432  -0.15938093	149.55989246	0	0.00000000	0.00000000	0.00000000	 0.34769693 -0.42120863  0.04313255	-0.13590193  0.12283503 -1.03856944	 -2.02546035  75.84946589  80.24366577  27.49693893 176.64885576 119.71029181 -11.70626735 -10.75752852 -29.51169062 -94.00838940 -51.53704429  -1.77935601	-0.13166921  0.22250387 -0.27500436  0.68625683 -0.31088415 -0.05767766  0.10997928  0.02507291 -0.08436126  0.90558535 -0.16486456  0.00151097	
0.00400400	0.89702082	0.00952156	 142.16859436  106.19311523 -747.48913574   50.46825790  106.61560059   13.95451069	 18.36203384  -7.33894968 -13.36320591  -0.38617644  -0.43466949  -0.51002157	  76.32556355  240.66613634 -767.54397591   53.80633829   88.09452956   22.75831279	 19.10436160  -3.53020221 -48.71526560   0.00894729  -0.75842137  -0.29829011	149.22999788	0	0.00000000	0.00000000	0.00000000	 0.34932871 -0.43611640  0.04024464	-0.23217657  0.08505181 -1.05284130	 -0.58013153  64.33011621  74.24046074  30.78655526 175.84886169 117.63222285 -12.36854999  -9.85589424 -19.43074523 -95.69221620 -46.18614152  -1.83089776	-0.13588765  0.22691406 -0.27015698  0.68450809 -0.31033191 -0.05742456  0.10950019  0.02423689 -0.09332737  0.90661311 -0.17490445  0.00151097	
0.00399600	0.90982389	0.00932658	 127.88054657  100.30100250 -739.42504883   50.02754974  107.62797546   11.75929165	20.10482216 -3.53772283 -8.79613304  0.06185636 -1.63134325 -0.25019065	  66.55151670  235.20978394 -750.17104253   53.74959944   86.43887938   21.55492125	 12.14624978  -1.46618880 -43.12419819   0.02187676  -0.46651168  -0.20538360	148.98695501	0	0.00000000	0.00000000	0.00000000	 0.34901754 -0.44463958  0.03914211	-0.25627553  0.12870977 -1.10278553	  1.24579012  51.30699680  67.39863279  33.28979997 173.69196130 113.36103486 -12.07959822  -7.70623258  -7.84029828 -97.29855230 -40.20317286  -1.84562397	-0.13992970  0.23100978 -0.26534793  0.68306619 -0.30946523 -0.05712543  0.10898183  0.02349291 -0.10181795  0.90676653 -0.18509008  0.00151097	
0.00399200	0.92240804	0.00914766	 114.08942413   89.37197876 -751.58905029   49.58736801  110.48988342    8.74345875	26.22055435 -2.75216007 -0.80711317 -0.00011040 -2.62733650 -0.12201999	  51.64022927  231.04289687 -747.31424831   54.19399410   86.93178633   19.83613667	 16.69208178   1.36707328 -40.16764486   0.11282864  -0.83436497  -0.28460963	148.88638012	0	0.00000000	0.00000000	0.00000000	 0.34227947 -0.44675104  0.03920047	-0.25711982  0.14441909 -1.13503070	  1.62933586  37.71286601  57.75605390  33.40601791 168.83766109 108.66603444 -12.40870144  -5.48326104   7.16059386 -98.29517369 -31.99786492  -1.85151446	-0.14427853  0.23509784 -0.26062328  0.68197703 -0.30833009 -0.05684165  0.10843205  0.02287165 -0.10971028  0.90596884 -0.19526038  0.00151097	
0.00398000	0.93478668	0.00907113	 111.28715515   76.87609863 -763.91387939   49.61531830  113.38540649    6.39319706	 11.65962410  -9.35167313 -13.23123455  -0.41136405  -0.20196390  -0.56165981	  37.89630132  225.77912779 -756.08841621   55.35657991   88.34500496   17.83504596	 17.13664081  -2.25115932 -39.49234707   0.01468917  -0.53777582  -0.33170874	149.30611949	0	0.00000000	0.00000000	0.00000000	 0.34028394 -0.44664837  0.02841878	-0.29291862  0.12739846 -1.20791624	  2.89674145  25.99988382  47.15716869  33.64364739 163.14213648 103.62675933 -11.60776392  -2.92695925  22.17258289 -98.43141081 -21.78146565  -1.85482785	-0.14863504  0.23876406 -0.25599834  0.68107200 -0.30701852 -0.05652718  0.10784300  0.02240378 -0.11702737  0.90424311 -0.20534630  0.00151097	
0.00400400	0.94709355	0.00913716	 116.10068512   67.80428314 -771.95043945   49.42768860  114.99038696    5.43420506	 9.87557888 -8.25007057 -9.17439270 -0.48912263 -0.06535812 -0.12344577	  33.03945545  217.91456580 -769.36048278   56.90456136   90.28640175   16.47885349	  6.53207599  -6.10229973 -37.93101370   0.01696556  -0.17158719  -0.12270521	150.21334081	0	0.00000000	0.00000000	0.00000000	 0.33937223 -0.45132556  0.01415522	-0.28538342  0.10494849 -1.22553958	  1.70371893  15.75149817  36.98950277  32.28394553 155.61801541  98.69562842 -13.94311547   0.04634909  37.25438161 -96.54229977 -10.45191277  -1.85685271	-0.15296087  0.24193174 -0.25151142  0.68041235 -0.30563027 -0.05625873  0.10721468  0.02210466 -0.12372319  0.90161234 -0.21535552  0.00151097	
0.00399600	0.95946938	0.00920982	 134.68975830   52.36276627 -780.70709229   49.02159500  115.43689728    4.03744650	16.02616692 -2.28181219 -7.05674934 -0.00598501 -1.96847415 -0.06717487	  38.16959158  207.59969004 -783.24276654   58.43775253   91.60093715   15.68400273	  8.26699450  -1.77610873 -36.96847755   0.12141660  -0.68143745  -0.10246094	151.46570478	0	0.00000000	0.00000000	0.00000000	 0.33881242 -0.45948707 -0.00209900	-0.29551510  0.07599479 -1.16631157	  2.24481165   9.21215919  27.13515769  32.12232737 147.85923686  93.53193627 -17.69715045   1.05504442  50.79903367 -92.91199648   1.42737518  -1.85814125	-0.15722533  0.24465455 -0.24726999  0.68000585 -0.30424967 -0.05610533  0.10653924  0.02197427 -0.12975174  0.89805353 -0.22554882  0.00151097	
0.00399200	0.97192377	0.00939677	 151.64611816   44.13454819 -777.86584473   48.05131149  113.49528503    4.13908339	  3.61207056  -7.50327778 -15.46366596  -0.36616099   0.61170977  -0.08959591	  47.86782180  198.01872288 -789.75904482   59.36647126   91.68262621   15.31974290	  5.11081941  -3.65340393 -37.12509288   0.19069156  -0.87088167  -0.01445216	151.10102290	0	0.00000000	0.00000000	0.00000000	 0.34281436 -0.46819291 -0.01719456	-0.29079106  0.06210257 -1.13314448	  3.31122354   4.33559738  16.13779657  31.86888995 138.52055388  89.03300402 -18.73654614  -1.74753350  65.22700247 -88.81355942  14.34795804  -1.85906164	-0.16141309  0.24692483 -0.24331231  0.67990619 -0.30291513 -0.05609000  0.10580882  0.02195893 -0.13509765  0.89358199 -0.23581114  0.00151097	
0.00400000	0.98459035	0.00959259	 163.92805481   34.53827286 -749.90008545   46.20378494  109.48519897    4.02995777	  9.65462017  -2.99782848 -26.07427406  -0.06842668   1.55743814  -0.00597120	  61.68369765  182.27460449 -780.37370257   59.54129035   89.98446392   15.08513702	 -4.83756777  -5.71165940 -43.47272147   0.13814661   0.44038504   0.04577680	150.67828886	0	0.00000000	0.00000000	0.00000000	 0.34716269 -0.47107851 -0.03134320	-0.22435379 -0.00119259 -1.14265118	  5.17618021   1.78316642   4.32765109  31.39521080 129.36254620  84.75258110 -20.15193093  -6.45853587  77.24577425 -82.36883321  28.89348904  -1.85979795	-0.16550115  0.24884231 -0.23974581  0.68012094 -0.30169562 -0.05609766  0.10489776  0.02198194 -0.13956921  0.88828975 -0.24585105  0.00151097	
0.00399200	0.99747014	0.00981729	 170.63438416   24.75191116 -718.58691406   43.51924515  103.09220123    3.55554461	 55.77257538  -9.85689068 -42.17901993  -0.12204945   0.33899048  -0.80074263	  72.03385811  169.34335932 -760.32224903   58.20902175   86.84859185   14.66431772	 11.22807996  -3.38129229 -61.92562580   0.05095172   1.56595279  -0.11319210	150.29949969	0	0.00000000	0.00000000	0.00000000	 0.35051023 -0.46943985 -0.04837212	-0.19566361 -0.06418959 -1.14314643	  6.96490462  -0.77805179  -7.53999663  29.33556186 119.94167374  80.19930610 -23.43059118 -11.46288970  90.06821598 -75.88730677  44.20989408  -1.86053426	-0.16950484  0.25049135 -0.23664717  0.68069619 -0.30062181 -0.05609766  0.10386889  0.02199728 -0.14300533  0.88221520 -0.25543076  0.00151097	
0.00398800	0.01059744	0.00995433	 174.89695740   15.70227909 -681.09094238   40.63380051   97.01152802    2.32359076	 94.07246399 -28.31310844 -86.29537201  -1.27825093   6.26685381  -2.92777300	  76.57216517  153.25349840 -734.39942713   56.16101663   82.50606442   13.76206345	 36.54619611  -8.41257837 -96.47499503  -0.65443366   4.52416651  -1.26353126	149.96664332	0	0.00000000	0.00000000	0.00000000	 0.35642023 -0.46779848 -0.05949598	-0.13140357 -0.08060443 -1.11791957	 10.55643374  -2.87879372 -17.82258270  26.70710026 109.75458493  75.00738809 -25.77618497 -15.42022990 101.97857494 -67.77762828  58.25587167  -1.86090242	-0.17332445  0.25200230 -0.23404707  0.68161654 -0.29964775 -0.05609766  0.10269079  0.02192825 -0.14528330  0.87588751 -0.26428184  0.00151097	
0.00398800	0.02387705	0.01000000	 179.64091492    2.46394753 -650.35113525   37.38609695   90.99786377    1.95516598	 180.07987976  -24.15894127 -185.81712341   -1.70996284   16.69330978   -6.97261572	  86.18277893  130.65673539 -700.71736446   53.90553914   77.84952057   12.63125003	  46.98783632  -18.44216209 -172.22833174   -2.54768261   13.40184609   -2.87086232	149.80750490	0	0.00000000	0.00000000	0.00000000	 0.36041639 -0.46222860 -0.06550117	-0.03237379 -0.07757897 -1.10282019	 13.83931974  -8.39324103 -29.33955747  23.76861961  98.02811262  68.46780695 -27.24041560 -19.01410803 112.17487766 -60.39679420  73.96355935  -2.30857933	-0.17695232  0.25342891 -0.23193018  0.68290508 -0.29877338 -0.05606699  0.10133205  0.02167514 -0.14614232  0.86857808 -0.27235824  0.00154932	
0.00400800	0.03721853	0.01000000	 189.36225891   -3.49210382 -610.82031250   34.52372742   83.92253113    1.70395660	 267.72290039  -74.96973419 -380.66757202   -4.56049061   49.90390778   -9.38488197	  92.83257734  114.54290664 -667.23406710   51.08771665   73.37398523   11.70942559	  85.05029097  -21.67444046 -379.71975111   -6.84565369   36.58222506   -5.32131189	149.42695225	0	0.00000000	0.00000000	0.00000000	 0.35537543 -0.45354675 -0.07602160	-0.00518905 -0.05048768 -1.12607629	 18.58629507 -13.06334757 -41.55486633  19.18799585  86.57369228  61.11034362 -28.36010422 -21.10429697 121.89260474 -51.25013658  90.73357212  -3.18497291	-0.18031174  0.25475580 -0.23034251  0.68457711 -0.29802173 -0.05594427  0.09976911  0.02122262 -0.14551339  0.86062437 -0.27925348  0.00167204	
0.00399200	0.05055112	0.01000000	 204.63732910  -10.18945503 -567.61077881   32.29688644   77.35800934    4.00591516	 525.77905273  -72.56670380 -682.75878906   -3.98216820   81.50319672  -11.99472618	 108.21036333  102.68959317 -635.76232293   48.93416957   68.95255991   11.43707231	  64.53442142  -45.76754869 -604.19495177   -9.23683609   61.71492225   -5.94143515	149.19019491	0	0.00000000	0.00000000	0.00000000	 0.34283749 -0.43565396 -0.08108813	 0.04734359 -0.10767307 -1.14644452	 21.89908993 -18.61723827 -55.57706321  15.15304205  74.97567808  53.96017786 -30.70831517 -23.42438918 133.26445423 -40.39377703 111.82649852  -4.90836941	-0.18333368  0.25617474 -0.22913833  0.68680143 -0.29732376 -0.05573718  0.09801767  0.02050932 -0.14341950  0.85237157 -0.28623310  0.00194049	
0.00400000	0.06388816	0.00998542	 204.36843872   -7.30904961 -474.28350830   28.44579506   64.81961060    9.25435162	 466.87139893  -42.49884796 -834.46588135   -2.57554936   92.02999878  -11.23671913	 119.51575350   78.83372364 -571.00789828   45.59223452   60.95381941   14.52828888	 140.90787901  -17.96874481 -877.91954882  -10.91733992   92.15007659   -7.29789705	149.57417846	0	0.00000000	0.00000000	0.00000000	 0.32951462 -0.42473401 -0.07767818	-0.08376918 -0.06535592 -1.16097975	 25.06903589 -23.65343279 -69.63886005  11.60949383  61.28572720  46.15458098 -31.78289194 -25.65917504 142.06117853 -26.79997287 136.21576118  -7.48680665	-0.18603349  0.25764737 -0.22817959  0.68954724 -0.29674086 -0.05547640  0.09606988  0.01951223 -0.14029786  0.84438723 -0.29277551  0.00241602	
0.00398400	0.07720010	0.00956993	 196.91354370    1.21206915 -361.65023804   22.70711517   46.48448563   13.86267090	 646.47161865  -64.87843323 -915.03314209   -1.28030419  110.36701202  -13.53391743	 132.63609798   61.56147493 -484.29191045   40.06826098   50.11638770   17.45287522	  162.88905339   -19.07814966 -1031.04244117    -9.93447440   109.66841107    -6.86703771	149.97286811	0	0.00000000	0.00000000	0.00000000	 0.33318882 -0.44793976 -0.10033149	-0.09747424 -0.06894639 -1.01699710	 27.34879381 -29.76147726 -87.36552499  12.41668090  49.78244639  37.00247797 -33.53632400 -28.39047366 149.61637430 -14.00334904 163.58414698  -9.32009687	-0.18843415  0.25921968 -0.22735125  0.69276094 -0.29626530 -0.05507757  0.09395716  0.01840777 -0.13668533  0.83708549 -0.29873502  0.00293757	
0.00400400	0.09006137	0.00884560	 182.41969299   10.07838821 -258.77957153   17.04736710   29.66816711   15.14683533	 505.29507446 -128.64860535 -902.99224854   -2.95133257  109.98931885  -13.25412560	 135.83379723   51.02451098 -389.59867069   32.07447041   36.52146371   18.61473108	  157.39003012   -56.51086554 -1064.31064854    -7.44704998   117.30161606    -8.82386582	150.72102196	0	0.00000000	0.00000000	0.00000000	 0.36281424 -0.48016194 -0.09383070	-0.16476439 -0.23802693 -0.69861728	  31.42957654  -37.68254333 -100.59892749   13.26590500   39.48057409   26.97464568  -30.31371292  -31.33282593  152.71652680   -3.66363751  188.07276868  -11.22339873	-0.19050503  0.26093009 -0.22659193  0.69651920 -0.29576677 -0.05453300  0.09157740  0.01738000 -0.13227513  0.83045101 -0.30382016  0.00348214	
0.00398800	0.10210872	0.00856198	 150.76194763   14.63417435 -163.73977661   10.80344200   15.21848106   11.15436172	 534.96997070 -117.77587891 -898.00042725    0.20543376  107.86630249  -19.93620682	 134.84129361   37.70183542 -276.45304691   22.20657182   23.25034774   15.46584683	  174.97459536   -78.07888796 -1085.53468000    -5.76292999   120.96728064   -12.91396436	151.12108537	0	0.00000000	0.00000000	0.00000000	 0.39336625 -0.50260639 -0.06572008	-0.04579296 -0.21176939 -0.27035716	  34.37920247  -50.34464465 -106.35030561   12.30624982   32.08141645   16.22376902  -16.91079132  -29.86109105  145.44993120   -1.26917330  206.33874814  -13.70544101	-0.19207737  0.26264814 -0.22591697  0.70090634 -0.29508415 -0.05388873  0.08885208  0.01649029 -0.12735873  0.82453752 -0.30780086  0.00410340	
0.00400000	0.11384752	0.00851424	113.14152527   7.87793255 -68.56776428   5.38802767   3.76094985   3.90508628	 536.28308105 -148.70938110 -865.46350098    0.66611487  105.07547760  -22.12397575	 117.26048148   21.83693917 -182.71491067   13.39515115   13.25166719    9.55804575	  142.82534715  -105.76132162 -1042.19144912    -3.82323601   115.29609013   -14.90040317	152.33499559	0	0.00000000	0.00000000	0.00000000	 0.42548205 -0.49830580 -0.05097798	-0.04579296 -0.21176939 -0.27035716	  35.18012491  -57.92580471 -111.25788168   12.69911813   16.23790110    6.85987475    5.34566368  -36.68638769  134.88341692   -3.76213338  213.79143245  -15.80754639	-0.19282134  0.26414376 -0.22529571  0.70609123 -0.29415610 -0.05318310  0.08582830  0.01585369 -0.12208184  0.81925297 -0.31039327  0.00474767	
0.00398000	0.12552214	0.00839297	 91.31791687 -15.07735920 -44.89481735   1.09062147  -0.43801135   3.37092257	 424.95947266 -188.59927368 -800.12432861    0.19135277   99.95796967  -24.75990677	  93.16856405   -3.06247540 -122.13914056    6.70011834    5.78957810    5.50495708	 126.10849209 -135.88090990 -989.13480393   -1.85998548  111.34822591  -19.17458305	152.50975745	0	0.00000000	0.00000000	0.00000000	 0.45896872 -0.49426060 -0.03688144	-0.04579296 -0.21176939 -0.27035716	  26.23274689  -61.61982461 -120.13555923   13.89251694   -4.42243269   -0.59450476   19.95998100  -46.99321411  126.03507260   -6.80041747  218.63693453  -17.68888105	-0.19262193  0.26507950 -0.22475882  0.71209675 -0.29291356 -0.05240077  0.08268670  0.01550087 -0.11655184  0.81455129 -0.31140572  0.00538427	
0.00399600	0.13707088	0.00825015	 37.30233002 -24.96453857 -22.46916580  -0.78396559   0.97834378  -0.87492728	 267.03833008 -192.45217896 -723.56781006    3.08409929  101.09184265  -32.53031921	 55.99975263 -19.13056739 -82.64105815   3.20223747   2.75474749   2.07890435	  45.84889361 -162.84574879 -883.44456716   -0.64341072  103.39917573  -25.13877171	153.80830248	0	0.00000000	0.00000000	0.00000000	 0.48336593 -0.46818786 -0.03778163	 0.03948385 -0.63110491 -0.40786982	  17.69189837  -63.05113351 -128.33236394   11.10928358  -25.27979080   -7.49279652   33.56779224  -56.39638331  113.27573881  -12.98490071  216.50924429  -19.79822685	-0.19168620  0.26527125 -0.22448270  0.71880794 -0.29154065 -0.05151873  0.07960009  0.01536281 -0.11079941  0.81028682 -0.31093016  0.00601320	
0.00400800	0.14846754	0.00808321	 32.70465088 -20.00140572  11.42769527  -1.07576632  -0.78741211  -2.14069915	 207.71046448 -168.33212280 -755.60766602    5.12188482  109.20451355  -27.16894531	 31.53649006 -27.07103553 -53.76990919   1.83195666   2.04685842   0.99288100	 -64.78988087 -174.07528931 -792.84754551    0.97239091   96.89073335  -26.68233560	153.31443063	0	0.00000000	0.00000000	0.00000000	 0.49445283 -0.47833374 -0.02643622	 0.05995608 -0.63804268  0.09206551	   6.17837450  -61.84872463 -134.15968432    1.23109641  -38.83757883  -10.56239630   38.41189815  -58.44904144  100.17701927  -18.11061339  205.33845734  -21.30115892	-0.19022892  0.26471135 -0.22463609  0.72592556 -0.29028279 -0.05060602  0.07681192  0.01536281 -0.10474785  0.80631381 -0.30921212  0.00658845	
0.00398800	0.15966755	0.00778250	 28.52151871 -17.99365997   3.35531402  -0.47162229  -1.62861919  -0.57104200	 205.08470154 -130.02345276 -809.01672363    9.07686901  122.02471924  -24.24168587	 30.53599799 -27.40430933 -31.17476552   0.80995839   0.92364624  -0.60906590	 -82.61317953 -139.43183083 -827.61095506    2.88487975  106.36490788  -25.24211872	153.01520734	0	0.00000000	0.00000000	0.00000000	 0.50009291 -0.47398598 -0.02878841	 0.00839353 -0.40301248  0.16203139	   3.37499999  -56.52341047 -133.24413932   -4.59658413  -49.30531227  -13.21582576   56.56335272  -63.74932277   82.34971933  -23.27593613  191.04168019  -21.49517776	-0.18833445  0.26353016 -0.22530338  0.73304325 -0.28936240 -0.04980835  0.07454998  0.01553155 -0.09839718  0.80241752 -0.30655834  0.00701796	
0.00398800	0.17053334	0.00738046	 14.77126312 -12.24724770   0.87355959  -0.86417508  -0.08044155  -0.86797553	 274.36535645 -124.60208130 -920.83978271   11.90709686  140.30973816  -19.81213951	 19.41238423 -18.18694176 -33.35452766   0.42124055   0.32095169  -0.47657901	-114.35923117 -119.74064125 -897.53568656    5.82003538  119.85599137  -21.57596552	152.67155800	0	0.00000000	0.00000000	0.00000000	 0.50099052 -0.45675411 -0.03651311	 0.03182371 -0.38004122  0.10872416	  -3.29314960  -50.58445477 -135.94880268  -12.40071650  -56.19342334  -14.66348645   57.67504113  -67.81624321   69.07640009  -24.79909410  179.11313276  -19.93788107	-0.18617155  0.26190415 -0.22671464  0.74004585 -0.28890988 -0.04926378  0.07287708  0.01574631 -0.09177805  0.79841381 -0.30340600  0.00710233	
0.00400800	0.18096343	0.00680295	 27.18171883 -15.34018040  -8.51109886  -0.39659119  -1.83718526   0.12641738	  290.22534180  -111.48295593 -1103.53845215    13.13016605   146.63710022   -21.68362999	 15.48620308 -15.73261315 -35.97990433   0.45163513  -0.19799720   0.12830913	 -142.50482388  -103.40635051 -1015.75234678     6.74380729   129.96798268   -21.78867972	153.56054647	0	0.00000000	0.00000000	0.00000000	 0.50341308 -0.43444477 -0.04152244	 0.09593724 -0.52073646  0.13353512	  -4.94453152  -41.22601080 -135.40619594  -19.33833524  -61.39992006  -15.07141281   58.32018844  -70.17374884   55.83437563  -25.88152025  168.78809114  -15.94726105	-0.18391658  0.25987163 -0.22909999  0.74700248 -0.28904027 -0.04901068  0.07186392  0.01589971 -0.08493650  0.79428744 -0.30016929  0.00673417	
0.00398400	0.19073831	0.00626204	 34.88567352 -13.56845856 -11.88098335  -0.36357892  -2.73116994   0.25425839	  345.84500122  -110.51225281 -1284.18640137    13.88424492   149.29391479   -20.34777260	 24.33574511 -15.40613327 -37.02676046   0.45325877  -0.95621107   0.00879123	 -178.67987356   -94.09204824 -1207.15857776     7.45131796   133.58710444   -21.53725372	152.81602866	0	0.00000000	0.00000000	0.00000000	 0.50312427 -0.38428059 -0.05696826	 0.27678723 -0.44958555  0.08019907	  -8.36094765  -35.21536190 -134.63064577  -27.86781751  -61.15986113  -15.08127287   53.62725033  -75.21664797   48.43675438  -23.11569303  161.72405699  -11.17185701	-0.18173067  0.25752464 -0.23242106  0.75389004 -0.28986096 -0.04903369  0.07151834  0.01596874 -0.07801057  0.79013801 -0.29719338  0.00594417	
0.00400000	0.19992091	0.00568845	 36.41376495  -9.72181797 -16.97361755  -0.31800884  -2.05594730   0.23653863	  385.96102905  -110.49568176 -1404.37963867    13.48987293   151.02250671   -21.56696701	 28.16579402 -13.40966863 -45.35461711   0.54543710  -0.92723039   0.40228910	 -208.31429243   -90.01218448 -1366.63875156     7.33782571   134.87297166   -21.89661148	153.99651974	0	0.00000000	0.00000000	0.00000000	 0.50374519 -0.33462044 -0.06837915	 0.35088833 -0.51586573 -0.10619858	 -10.75157262  -28.16201744 -133.82795864  -37.69750552  -58.56253830  -14.68453969   46.07956448  -78.29042233   39.62828195  -16.13015849  159.14518176   -6.13358970	-0.17962912  0.25497824 -0.23643240  0.76073927 -0.29127222 -0.04937116  0.07175396  0.01594573 -0.07113834  0.78634906 -0.29470065  0.00486272	
0.00400000	0.20846599	0.00529375	 48.99055481 -14.19998264  -6.49760056  -0.72000772  -3.39717364  -0.03122334	  357.34182739  -113.43840790 -1356.64587402    12.87810230   150.46044922   -18.08176422	 34.50884801 -13.57942764 -48.33167797   0.44353546  -0.89152202   0.33935324	 -224.53642267   -91.33369183 -1422.16803398     7.16509682   135.16375970   -21.37458170	153.62681427	0	0.00000000	0.00000000	0.00000000	 0.50842716 -0.30587476 -0.07627548	 0.34931207 -0.49803333 -0.06364772	 -14.80072181  -23.29697647 -135.35451488  -47.48851489  -53.48545076  -13.74732381   30.99813525  -79.36395638   34.65220341   -9.70548316  162.07656544   -1.38855888	-0.17773464  0.25234747 -0.24085794  0.76748109 -0.29325104 -0.04994640  0.07236657  0.01580000 -0.06433514  0.78315073 -0.29280618  0.00360485	
0.00398400	0.21656352	0.00510714	 51.11192322 -11.89426804   1.11762452  -0.66845822  -3.92427325  -2.15348005	  324.24603271   -93.66625214 -1192.07775879    12.48347378   147.70997620   -10.77929401	 43.28604896 -18.61437365 -42.74100937   0.08440142  -0.78349539  -0.63421901	 -221.10119902   -90.23212201 -1363.86954518     8.25611136   134.80234378   -17.08303476	153.24930336	0	0.00000000	0.00000000	0.00000000	 0.51833332 -0.31379811 -0.06670795	 0.35457980 -0.49658908  0.14448930	 -16.01191554  -16.96396110 -131.73077209  -53.67672113  -48.20934368  -12.63132669   28.67066007  -80.38749001   30.13307807   -2.59331423  167.47427348    2.44590141	-0.17567912  0.24975502 -0.24550590  0.77371675 -0.29570541 -0.05065970  0.07296348  0.01553922 -0.05763932  0.78051227 -0.29152530  0.00239301	
0.00399600	0.22446032	0.00495982	37.59217453 -5.65031862 -4.59036684 -0.30192855 -2.02109194 -1.76993454	 291.34796143  -53.38316727 -951.33471680   12.12597752  143.05149841   -5.02277899	 40.74246284 -15.24849407 -37.93440072  -0.08541543  -0.08919083  -1.31633054	 -174.20155177   -61.79270954 -1161.52055218     7.91098934   134.73322782   -11.02427868	151.99976181	0	0.00000000	0.00000000	0.00000000	 0.52490450 -0.31335182 -0.05594870	 0.36287409 -0.42290222  0.20655190	 -17.72249593  -12.15321163 -130.42328703  -57.12596409  -44.11353768  -11.86340654   36.69448666  -81.56333932   24.56772120    2.11459465  178.44931855    5.95135310	-0.17341650  0.24726231 -0.25019222  0.78005975 -0.29857397 -0.05157242  0.07309699  0.01520175 -0.05106621  0.77829570 -0.29081967  0.00117350	
0.00399200	0.23219115	0.00474723	 41.69485855  -4.28982687 -21.83548355  -0.29860097  -2.39551854   0.97554582	 265.63250732  -21.71191025 -866.04382324   12.10586452  130.18519592    1.52286744	 35.95812940  -8.09875335 -42.08023822  -0.00633151  -0.06911884  -0.47287800	 -141.12120701   -30.88801408 -1008.92859310     8.00114563   129.52734512    -5.33315508	152.34702757	0	0.00000000	0.00000000	0.00000000	 0.51363513 -0.28622006 -0.03723391	 0.33387673 -0.37981085  0.12694243	 -19.97614697   -5.52431054 -128.65265232  -60.24155077  -39.64782950  -10.80656930   44.82166872  -82.24797552   17.51128071    7.72410990  191.85540823    9.39023079	-0.17091611  0.24482328 -0.25497824  0.78599626 -0.30180299 -0.05261553  0.07281425  0.01484126 -0.04476922  0.77640885 -0.29044387  0.00001534	
0.00399200	0.23968570	0.00462266	 51.37054443   9.85336113 -17.42721176   0.72138894  -3.68453741   0.64695716	 255.52449036  -14.22214794 -800.35943604   12.08291435  119.46293640    1.27401829	 41.93971867  -0.01468617 -47.66864915   0.07347508  -0.78614558   0.46044737	-123.00900197   -9.90735737 -915.83204500    7.99064085  120.45816843   -2.58462946	152.68255869	0	0.00000000	0.00000000	0.00000000	 0.49946921 -0.25308654 -0.01562342	 0.33387673 -0.37981085  0.12694243	 -24.99075027    0.50310378 -128.53574476  -63.03203404  -33.27404221   -9.85098525   47.39969812  -81.43577019   14.23427687   13.05008219  205.15200145   12.75296107	-0.16841571  0.24227688 -0.26004037  0.79145724 -0.30533880 -0.05380436  0.07245296  0.01446544 -0.03879436  0.77485955 -0.29008338 -0.00109680	
0.00400400	0.24704848	0.00464142	 44.88735962  15.77604008 -14.86715317   0.58526528  -2.80302405   1.32652295	 237.61134338  -34.10072327 -762.89813232   11.61095047  111.87657166   -4.01192951	 45.76635706   7.87026144 -46.02631315  -0.11597128  -0.75298611   0.50569324	-112.71192373  -11.90522487 -850.22113164    7.55031247  111.07651791   -3.73822635	153.14172936	0	0.00000000	0.00000000	0.00000000	 0.48399153 -0.23523548 -0.01120644	 0.50353086 -0.41213204  0.25833793	 -26.53867418    7.46876489 -126.83947618  -66.04959852  -27.08336165   -7.89208257   48.18544482  -82.13760646   12.30046413   13.51898863  210.76469844   15.63236572	-0.16605338  0.23951571 -0.26539397  0.79642731 -0.30908939 -0.05516961  0.07224091  0.01396689 -0.03325670  0.77372444 -0.28943911 -0.00215524	
0.00398400	0.25442100	0.00481236	 36.15154266  24.57121468 -19.71693802   1.18896806  -2.14042616  -0.89792168	 217.18986511  -86.31610107 -727.26416016   10.78394794  110.02497101  -11.35290718	 41.62764599  15.77654180 -43.68278394  -0.27096364  -0.43642355  -0.26998707	-114.10185574  -41.60927660 -805.81794048    6.86679194  105.72674320   -8.60990965	153.21931121	0	0.00000000	0.00000000	0.00000000	 0.47166097 -0.22159062 -0.02220380	 0.53167219 -0.34320288  0.25640863	 -26.52508819   15.97439196 -125.29937835  -69.11428637  -19.41863611   -6.05403610   48.68988572  -81.27506524    8.81003529    7.35085523  212.59139580   17.26537947	-0.16382912  0.23639406 -0.27083960  0.80098325 -0.31302404 -0.05669592  0.07224876  0.01337631 -0.02828660  0.77301109 -0.28825027 -0.00303728	
0.00400800	0.26199684	0.00524130	 33.87005234  22.14859581 -19.71233940   1.06750107  -2.16415954   0.20412937	 198.79853821 -112.04386902 -725.58129883   11.26475525  112.47602081  -15.59794807	 40.47031091  18.68745599 -38.52321626  -0.41459523  -0.08096271  -0.79211480	-124.35240786  -81.41822884 -778.93273390    7.03176165  104.33372899  -13.35915416	154.05619870	0	0.00000000	0.00000000	0.00000000	 0.46781432 -0.20738127 -0.02583654	 0.48771085 -0.37138737  0.18694278	 -25.79672325   25.28110279 -121.89746916  -71.13928227   -9.27679891   -3.42093557   45.77159067  -78.25891310    7.15328642   -0.50563549  206.42780892   16.55533089	-0.16155115  0.23298863 -0.27637726  0.80508661 -0.31714278 -0.05836029  0.07242155  0.01262466 -0.02391476  0.77261996 -0.28632513 -0.00354349	
0.00398000	0.27003384	0.00573333	 25.14674377  21.50024223 -19.72627449   1.50546312  -1.09783638  -0.72377503	 216.15596008 -109.96528625 -755.07904053   12.85459423  116.34132385  -16.14505577	 34.24970720  20.49189410 -39.62178074  -0.39361946  -0.03808072  -1.08253139	-131.82401963  -96.96129693 -782.73798241    7.16273976  106.61576123  -16.76821288	154.12335330	0	0.00000000	0.00000000	0.00000000	 0.46604983 -0.21084672 -0.02743816	 0.43988814 -0.35172133  0.40180943	 -24.46101793   36.34099307 -120.46743461  -72.87153176   -0.55754891   -1.14663857   41.13079233  -73.51623802    6.01103302  -14.21289201  197.55375484   14.66387117	-0.15916581  0.22933775 -0.28199929  0.80868381 -0.32136124 -0.06013970  0.07264146  0.01173495 -0.02016417  0.77236682 -0.28375572 -0.00358951	
0.00400800	0.27863327	0.00624492	 31.59854126  12.91474438 -17.06147957   0.62327135  -1.92592728   0.04149827	 241.90708923  -92.66091156 -794.66516113   15.59075069  121.27761078  -14.77943897	 28.47988037  16.09693839 -42.03476805  -0.27241251  -0.07948923  -0.61137326	-133.59892794  -89.08471777 -811.23688150    7.86049437  110.61328334  -17.73372719	154.88601381	0	0.00000000	0.00000000	0.00000000	 0.46381047 -0.23389219 -0.04180832	 0.45475096 -0.22675006  0.46961106	 -18.14806045   46.07585547 -112.46048785  -72.36586540    4.78776974    1.22926170   44.81238677  -71.49296399    5.28868442  -26.77629977  184.78191779   10.65159197	-0.15673445  0.22567153 -0.28786677  0.81173646 -0.32547998 -0.06192679  0.07292420  0.01085291 -0.01701184  0.77209836 -0.28062639 -0.00320602	
0.00399200	0.28779238	0.00661327	32.95604706 11.39816093 -6.10111952  0.66306305 -2.46128249  0.90083838	 288.64923096  -90.88816833 -865.64111328   18.01589203  128.51141357  -14.26577950	 32.78267087  10.14487917 -37.26215404  -0.17415452  -0.40628020  -0.32567524	-131.37809503  -79.29858832 -867.53516052    8.95501516  116.55323640  -17.94667357	155.59146717	0	0.00000000	0.00000000	0.00000000	 0.44686856 -0.24146270 -0.05356813	 0.37374724 -0.35927447  0.50609239	 -14.91376665   56.02855679 -106.09583154  -73.95181560   10.95680087    3.91039629   43.88850150  -68.72788613    7.48785735  -41.56367173  170.66378263    8.30220921	-0.15435678  0.22222008 -0.29371125  0.81423682 -0.32916921 -0.06363718  0.07333261  0.01015495 -0.01443476  0.77173793 -0.27733600 -0.00265379	
0.00399200	0.29736090	0.00691881	 24.78963852  24.23903275 -19.92667770   1.50124347  -0.83560735   0.98782283	 360.98199463  -99.52832031 -952.64831543   20.28973961  137.82511902  -14.50881577	 30.92487249  15.24981943 -37.43502599  -0.10859537  -0.25407519   0.42871525	-115.89831204  -75.23432067 -966.14377325   10.46598342  127.05601740  -18.41776162	155.91249080	0	0.00000000	0.00000000	0.00000000	 0.43020860 -0.23811646 -0.06449283	 0.39706101 -0.34988038  0.46773770	 -9.94999594  63.28677063 -98.65747547 -74.88532177  15.76301375   6.25387119  44.65924370 -65.58971233   7.85508101 -56.84947450 154.02444929   6.91972445	-0.15208650  0.21911377 -0.30016163  0.81614661 -0.33284310 -0.06521718  0.07392166  0.00967942 -0.01231019  0.77136207 -0.27366212 -0.00211689	
0.00399200	0.30726898	0.00709362	 30.05908585  34.32807159 -13.88254166   2.00029373  -1.68172586   1.12037563	  416.72677612  -111.49501038 -1078.59985352    22.48390007   144.52641296   -14.88072109	 28.36522046  25.52309599 -36.85384502  -0.16356893  -0.17877118   0.43796289	 -108.78102305   -80.24974662 -1069.33051739    12.16234560   136.56135504   -19.39788548	156.31645941	0	0.00000000	0.00000000	0.00000000	 0.42478424 -0.23004320 -0.07323067	 0.41883974 -0.32101488  0.46768022	 -6.71475060  67.22639022 -95.18814071 -78.56060181  20.34448532   7.68326722  40.34208075 -63.42045915   6.29516448 -71.38729929 137.72460340   6.32503107	-0.14989290  0.21643697 -0.30667338  0.81742752 -0.33619484 -0.06664378  0.07466779  0.00944932 -0.01048476  0.77109361 -0.27002659 -0.00171806	
0.00400400	0.31737804	0.00723915	31.77253342 34.70476913 -5.53880978  1.89986801 -2.17129421 -0.12097850	  433.76181030  -112.18982697 -1147.03540039    23.82882118   145.58903503   -12.35979462	 33.00309147  30.64702914 -32.02001658  -0.39140222  -0.35256134  -0.20356104	 -121.06183475   -83.77156393 -1184.19781926    14.08184345   140.86078314   -19.17473575	156.74758817	0	0.00000000	0.00000000	0.00000000	 0.42277320 -0.23287838 -0.06655286	 0.43513219 -0.27131969  0.49907571	 -2.09314805  67.82654085 -89.62994786 -78.26108846  21.92780228   8.09931734  38.87014545 -62.94977169   3.00495989 -83.24343987 123.07192780   6.72760876	-0.14766863  0.21424338 -0.31307775  0.81807947 -0.33916309 -0.06790165  0.07542963  0.00943398 -0.00893544  0.77089423 -0.26669785 -0.00148796	
0.00398400	0.32763773	0.00723061	 20.91166306  25.69870186 -10.91505718   1.38120103  -0.76052356  -0.47178391	  419.60858154   -90.19805145 -1070.59191895    25.28969955   144.34159851    -9.53081894	 28.20647805  28.12612847 -31.63681542  -0.41144678  -0.05466246  -0.76275162	 -125.77345016   -72.93875356 -1201.78154341    15.34278201   141.92406500   -17.30189749	158.75876360	0	0.00000000	0.00000000	0.00000000	 0.42286503 -0.24827208 -0.05595759	 0.26682708 -0.20742640  0.67403929	  1.03802840  67.86455499 -85.04173186 -78.46122618  24.34103848   8.24181458  37.34880290 -59.74391838  -1.13369047 -94.32389989 112.44865164   7.47508666	-0.14525262  0.21255600 -0.31952047  0.81808710 -0.34167880 -0.06898310  0.07609721  0.00957971 -0.00743981  0.77057976 -0.26392901 -0.00145728	
0.00402400	0.33791015	0.00712932	25.25776100 22.43323898 -4.75728130  1.01435494 -1.13413382  0.43236467	 421.54403687  -78.37040710 -959.12261963   25.28692627  136.29653931   -5.25757313	 23.83422659  22.88416185 -30.52768794  -0.40598796   0.19537947  -0.70471106	  -94.47011606   -58.78998436 -1128.00070931    16.33867708   141.13544202   -14.63504142	159.21724439	0	0.00000000	0.00000000	0.00000000	 0.42453872 -0.26924434 -0.05140304	 0.21987868 -0.21746379  0.70157029	   7.87564730   65.44082523  -75.05142799  -75.76031442   23.88253856    7.93062963   44.54295486  -56.50919561   -8.27205890 -101.18401031  106.06805039   10.24398282	-0.14260650  0.21133649 -0.32602453  0.81742752 -0.34381104 -0.06987281  0.07658416  0.00978680 -0.00606689  0.77006584 -0.26186579 -0.00172573	
0.00396000	0.34803444	0.00696651	30.39121437 32.37204361  0.17348102  1.60409749 -2.11292124  0.82873172	 445.51165771  -82.98368073 -910.42321777   23.73429680  125.10288239   -4.09845114	 28.03240241  23.32608995 -27.82361346  -0.50307404  -0.11510730  -0.22644436	  -56.15038508   -50.87230906 -1072.21173731    16.82873528   135.49611103   -12.32704086	159.12884531	0	0.00000000	0.00000000	0.00000000	 0.42302922 -0.28196849 -0.05453110	 0.18907661 -0.22821477  0.70350022	  11.29458796   63.10234606  -68.60051005  -74.26120928   23.69380052    7.73280479   46.20946986  -52.07049172  -12.91142042 -107.46824353  103.46374123   12.64889584	-0.13976096  0.21046212 -0.33248261  0.81612360 -0.34552911 -0.07055543  0.07687476  0.01010893 -0.00479369  0.76935256 -0.26043153 -0.00217825	
0.00400000	0.35799998	0.00682449	 21.11063004  44.07270813 -17.63102913   2.45013118  -0.81713283   1.72985601	 447.28607178  -99.41442871 -853.13928223   20.95362091  113.21029663   -5.30181694	 26.93281877  33.12757425 -29.97656347  -0.52743094  -0.32804446   0.11164128	  -12.88408131   -56.55977707 -1022.40548021    15.69809667   126.92060998   -11.31945231	158.17536108	0	0.00000000	0.00000000	0.00000000	 0.41706931 -0.29165171 -0.04905945	 0.17223861 -0.15277204  0.72755682	  13.98264079   59.80632163  -60.20368337  -72.05370391   22.33117093    6.78743475   49.12166967  -48.59754686  -17.27864965 -112.25460949  101.33993338   15.03466542	-0.13678505  0.20973349 -0.33884093  0.81423682 -0.34686366 -0.07106165  0.07700828  0.01066116 -0.00348214  0.76860094 -0.25945747 -0.00274583	
0.00400000	0.36780769	0.00670358	 14.94229412  48.01560211 -17.59182167   2.64582396  -0.50490665   0.61891472	 423.04592896 -115.44831085 -772.93798828   18.28884888  100.72233582   -8.50823402	 22.64622800  42.98484692 -32.74201536  -0.55985753  -0.10476610  -0.00674379	  11.90318548  -72.31015908 -963.70853209   14.44619183  116.83294886  -11.78638322	158.19758833	0	0.00000000	0.00000000	0.00000000	 0.40675429 -0.29441282 -0.01007923	 0.17223861 -0.15277204  0.72755682	  15.45281052   57.55324658  -55.14857986  -71.48456108   23.66103149    6.27994081   50.83585057  -44.76135675  -22.35480827 -116.24098853   99.87916341   16.28890879	-0.13389349  0.20900483 -0.34504589  0.81182081 -0.34779939 -0.07146048  0.07696901  0.01149718 -0.00207087  0.76795661 -0.25875184 -0.00327505	
0.00399200	0.37747657	0.00653489	 19.88702774  33.64416122 -11.91582298   1.75885439  -1.37733245  -0.40157986	 387.30273438 -127.69352722 -713.35534668   16.19220161   93.27703857   -9.58282852	 22.44507586  42.78293372 -32.09576524  -0.66215423  -0.23323470  -1.07608390	  21.68470696  -84.90415255 -890.12956994   12.61925476  107.09859364  -12.63530808	156.91511858	0	0.00000000	0.00000000	0.00000000	 0.39660447 -0.30231476 -0.00938931	 0.19998877 -0.07766338  0.74305167	  17.20453393   56.16323864  -47.45869465  -70.21704457   22.88030350    5.78043054   54.08709248  -43.20865110  -26.43671232 -119.92000446   96.22169761   15.78748180	-0.13061844  0.20825319 -0.35130453  0.80910569 -0.34839764 -0.07182863  0.07687476  0.01273204 -0.00048320  0.76744276 -0.25811523 -0.00358951	
0.00400000	0.38696244	0.00628861	  3.97946429  25.86904144 -19.62419128   1.31954956   0.02965393  -0.72310579	 353.99282837 -131.20269775 -656.08367920   14.97179890   87.15888214  -11.16813469	 15.89616238  34.39078770 -32.91983288  -0.66626785  -0.26848462  -1.67755380	  20.21185190  -95.95438635 -818.28141169   11.00198264   98.17213989  -13.47493249	156.92508399	0	0.00000000	0.00000000	0.00000000	 0.38589683 -0.30802519 -0.01073006	 0.11094253 -0.07971680  0.66329941	  19.63994156   56.00231502  -40.26561285  -71.25356341   24.83431241    4.85119983   55.51499748  -40.04624197  -32.12968507 -123.11274499   93.45737899   14.64129098	-0.12702893  0.20737882 -0.35776260  0.80568486 -0.34864309 -0.07217378  0.07683548  0.01442709  0.00129621  0.76695186 -0.25747097 -0.00359718	
0.00400000	0.39617455	0.00605440	  2.60541964  36.23088837 -11.31837463   1.87100995  -0.08853192   0.30239132	 336.14495850 -125.60423279 -633.84545898   15.05533409   83.93981171  -11.53353500	  8.83258663  33.08023761 -31.75689759  -0.64587189  -0.20012163  -1.13699801	  15.56179648  -97.94599911 -770.86974038   10.46343023   92.72445361  -13.95407174	155.52158286	0	0.00000000	0.00000000	0.00000000	 0.38025565 -0.31416111  0.00641056	 0.11094253 -0.07971680  0.66329941	  20.10105500   55.82001748  -30.89377173  -71.86524953   26.29596789    3.61908222   54.87623363  -37.62943131  -35.39532638 -126.37409953   88.82856049   11.13590039	-0.12314795  0.20643543 -0.36448911  0.80165052 -0.34855872 -0.07244990  0.07688261  0.01655165  0.00324437  0.76635361 -0.25674999 -0.00326738	
0.00398000	0.40511525	0.00572341	 6.11340475 39.56113815 -5.15953922  2.22872806 -0.67517418  1.78807414	 358.71597290 -118.72916412 -643.75543213   16.26075745   83.47130585  -10.76613235	  9.10952464  36.91552145 -24.14606314  -0.60531946  -0.42053445  -0.34958301	  15.42896791  -91.61684116 -757.71707678   10.22603183   90.40446501  -13.89338511	153.62446618	0	0.00000000	0.00000000	0.00000000	 0.37218831 -0.31649868  0.00527793	0.16056964 0.07011542 0.64806794	  19.91040846   54.63697394  -22.99030845  -75.16812857   28.01383071    2.25142366   55.07856880  -34.35061321  -39.39669405 -129.58545703   83.36068801    8.51929815	-0.11911359  0.20543067 -0.37144572  0.79694122 -0.34810618 -0.07268000  0.07696901  0.01907505  0.00538427  0.76557130 -0.25594464 -0.00273049	
0.00400400	0.41370144	0.00537755	 -6.58427668  34.34618378 -18.48526573   1.83855927   1.66058695   1.59579289	 372.83419800 -111.30440521 -660.84179688   18.06673813   85.71686554   -8.81052780	  3.15077405  39.09562263 -26.34281550  -0.51598455  -0.33524513   0.16977880	  23.01141565  -79.52006901 -771.46019082   10.93495446   91.48492334  -13.12000219	150.15822579	0	0.00000000	0.00000000	0.00000000	 0.36248281 -0.31852664  0.00494606	0.17245473 0.15704089 0.52512535	  19.09725873   51.91603123  -13.53979968  -78.02380944   28.97304839    0.93351379   56.28856801  -30.97997354  -42.79464863 -132.36576076   75.91104356    6.26041965	-0.11503319  0.20438756 -0.37835628  0.79146487 -0.34740055 -0.07291776  0.07712609  0.02175951  0.00760087  0.76462793 -0.25507793 -0.00211689	
0.00399200	0.42189655	0.00502972	  2.45928955  19.36758041 -15.18321228   1.00053215   0.23842137  -0.15358949	 378.42153931 -105.41941071 -684.47747803   20.15128899   90.07373047   -7.55101061	  0.14489085  31.40394316 -34.19786062  -0.43273501  -0.09452704  -0.10243941	  21.15527119  -69.19616287 -793.06093152   12.38119203   94.53709363  -12.18767688	147.34211294	0	0.00000000	0.00000000	0.00000000	 0.35192624 -0.32248785  0.00739079	0.17245473 0.15704089 0.52512535	  16.39193371   50.15712992   -6.15818292  -80.95066701   30.49800789    0.51859563   52.71360133  -26.57327402  -44.81824334 -133.77088609   70.14547192    4.83062717	-0.11100650  0.20339046 -0.38520551  0.78512186 -0.34644949 -0.07318621  0.07745595  0.02493485  0.00985582  0.76353109 -0.25421891 -0.00154932	
0.00399600	0.42970729	0.00468053	 19.74634171  14.17426872 -14.39491177   0.58696890  -1.59986639  -0.88400120	 381.50097656  -97.90466309 -708.25811768   22.27765656   94.49745941   -5.51563215	 10.34506265  18.99453215 -32.21349913  -0.39350089  -0.60133180  -0.70735982	  13.25246134  -59.23752360 -814.72937704   13.74016681   98.46217033  -11.14103751	145.05009275	0	0.00000000	0.00000000	0.00000000	 0.34382051 -0.33513176 -0.01138354	0.10986487 0.14328331 0.51610999	  16.42059085   46.14277780    3.95188142  -82.42336116   29.83579270   -0.15221249   52.23111075  -22.61572274  -49.22431549 -136.57254232   64.15957832    5.00280131	-0.10699514  0.20253912 -0.39186299  0.77794284 -0.34522229 -0.07343931  0.07793504  0.02838631  0.01212612  0.76229626 -0.25350562 -0.00117350	
0.00399600	0.43712994	0.00435023	  9.87167358  19.90122223 -14.43430710   1.01220238  -0.19779883  -0.61813056	 390.22476196  -83.66069031 -721.77532959   24.46558380   96.98103333   -2.16823554	 14.02608115  18.56206540 -34.18261643  -0.35882768  -0.57879268  -1.34234801	   6.55126504  -44.29197290 -834.06658920   15.34751783  102.31316041   -9.28334385	141.03686560	0	0.00000000	0.00000000	0.00000000	 0.34084490 -0.34688436 -0.02913651	0.09049696 0.04640370 0.51819423	  16.21217205   42.21571774   11.15447732  -82.15306401   27.80871575   -0.48159443   50.40196540  -20.51604022  -52.93714963 -137.80483841   61.33389807    6.22440176	-0.10289941  0.20194852 -0.39829037  0.76995081 -0.34368831 -0.07366174  0.07853194  0.03206786  0.01434272  0.76089269 -0.25307611 -0.00109680	
0.00399200	0.44418326	0.00396746	  1.73152280  24.07877922 -17.89001656   1.46487439   0.78663403   0.17604943	 391.12091064  -67.80458069 -723.63549805   26.01139641   97.10002136    1.73407388	  7.91944187  23.23039321 -35.90350359  -0.24682938  -0.18536456  -0.82811217	   3.72306631  -25.50681964 -844.65503684   17.42230502  104.02010648   -6.45219813	139.63233585	0	0.00000000	0.00000000	0.00000000	 0.34194222 -0.35499131 -0.04147061	0.09049696 0.04640370 0.51819423	  16.80394069   38.94323971   17.16123872  -78.04022452   25.46406323   -0.88785972   50.72473969  -22.35163750  -55.40892556 -136.55175311   58.88219777    9.15878373	-0.09865795  0.20164174 -0.40434960  0.76129150 -0.34184754 -0.07386883  0.07919954  0.03591815  0.01652864  0.75940472 -0.25298405 -0.00133456	
0.00398400	0.45080674	0.00358953	  9.76490211  17.19698334 -11.47834110   0.94746858  -0.83945680   0.86386734	 407.94165039  -37.42762756 -722.58129883   28.34891701   95.20108032    7.22811794	  7.58147238  23.35261000 -33.76015734  -0.23834666  -0.55110257  -0.03455418	   8.00438394    0.72256275 -849.75527138   19.13202906  104.26718905   -2.98338232	137.44969885	0	0.00000000	0.00000000	0.00000000	 0.34461091 -0.36556623 -0.04042899	0.06092149 0.13109216 0.51725370	  16.94411633   35.54450301   19.81826046  -72.02111960   22.93401872   -1.10337579   50.94777963  -24.89309024  -57.56257011 -134.08859665   59.91654904   12.94256134	-0.09437048  0.20160338 -0.40954977  0.75201857 -0.33995309 -0.07410660  0.07990639  0.03989883  0.01863786  0.75762528 -0.25316048 -0.00193282	
0.00399200	0.45701462	0.00321057	 10.36540031   7.03270006 -15.57105255   0.51109815  -0.64771366   0.42671770	 416.63781738  -26.33426285 -722.77673340   29.36768150   94.19103241   10.02323437	 12.07859435  15.44398364 -33.65495879  -0.15705825  -0.78598933   0.10278074	  15.96380744   24.31306053 -853.99383395   21.02460478  103.83705185    0.32767002	136.45324038	0	0.00000000	0.00000000	0.00000000	 0.34786578 -0.37473532 -0.04047931	0.06092149 0.13109216 0.51725370	  17.50898751   32.91735283   23.01163883  -64.78638501   20.12768853   -1.21030500   51.93843549  -29.08832370  -60.12762047 -131.89629830   59.85677749   17.56677617	-0.09011368  0.20189483 -0.41465026  0.74230850 -0.33770579 -0.07437504  0.08074677  0.04394854  0.02070874  0.75579220 -0.25349027 -0.00284553	
0.00399600	0.46280351	0.00286152	 -2.70681763   2.38311529 -13.67551041  -0.00084324   0.34120440  -0.35677859	 422.55212402  -27.71064949 -724.46826172   29.83801842   94.85643005    9.81347942	  5.05028639   8.86691665 -35.62575274  -0.15157566  -0.70160872  -0.18363834	  22.94647237   35.17376104 -858.78787210   21.92411530  104.29960688    1.71960836	134.72752047	0	0.00000000	0.00000000	0.00000000	 0.35107893 -0.38350391 -0.04055796	0.06092149 0.13109216 0.51725370	  17.43755857   30.41185741   23.58825832  -57.56850634   17.31535419   -0.67160110   50.07133969  -32.39846453  -62.46615343 -130.26694684   61.00391101   22.88152753	-0.08594126  0.20248543 -0.41933656  0.73228395 -0.33525142 -0.07465116  0.08173637  0.04793689  0.02275660  0.75400507 -0.25386611 -0.00404204	
0.00400000	0.46820670	0.00249269	-5.53308630  9.03246307  0.09581224  0.52447492  0.47718492 -0.80998904	 413.89514160  -38.30178452 -723.24713135   29.68729591   96.46710968    7.76677895	 -1.55508334   7.93671373 -28.56572115  -0.07168920  -0.43255222  -0.60979653	  18.40623678   31.57566091 -859.14481713   21.19053611  105.23097223    1.22878107	135.76103227	0	0.00000000	0.00000000	0.00000000	 0.34367839 -0.39247538 -0.04630106	-0.10690852  0.19183883  0.55003937	  17.48126465   29.40171281   23.02426144  -50.80234716   14.02585935   -0.15864283   48.45667991  -35.81425462  -64.52065730 -129.56149915   61.70260708   28.06282268	-0.08176883  0.20341349 -0.42365474  0.72182983 -0.33265901 -0.07487359  0.08289091  0.05168747  0.02465874  0.75224102 -0.25427261 -0.00541495	
0.00399600	0.47319776	0.00221234	-11.70769787  15.75212097   0.41139603   0.97749746   0.76239252  -0.21037132	 407.10382080  -50.14276123 -738.21289062   29.69641113   97.99095917    5.48626614	 -6.81299209  11.64213260 -22.45758282  -0.05593635  -0.22954323  -0.83474196	  10.89497751   24.44049087 -859.31843187   20.21900314  106.20590806   -0.31663850	135.08844773	0	0.00000000	0.00000000	0.00000000	 0.34244282 -0.39609995 -0.04910939	-0.14423128  0.27172801  0.54507464	  16.83527801   27.28157665   22.84722218  -42.37399606   10.92490546    0.87614972   46.64296725  -38.32976236  -64.57262714 -128.66174286   61.93785483   32.48099314	-0.07755038  0.20461765 -0.42763540  0.71089256 -0.32998988 -0.07504232  0.08415540  0.05516194  0.02670660  0.75049996 -0.25472513 -0.00679553	
0.00398800	0.47787276	0.00199150	-14.35783005  16.20715714  -5.49486685   1.03316355   0.84077251  -0.40071833	 416.36627197  -52.11619186 -744.87243652   30.23798180   99.55796051    3.98078990	-10.33059296  15.46040136 -23.14393822  -0.03990793  -0.35178978  -0.82165071	   8.43533582   19.05080300 -870.61185944   19.71296717  107.85525607   -1.77774634	135.04309860	0	0.00000000	0.00000000	0.00000000	 0.34243295 -0.40030489 -0.04415705	-0.14423128  0.27172801  0.54507464	  15.26551651   26.38647043   22.49991528  -34.87050964    9.14449477    1.86342182   45.12768268  -41.20765770  -65.23050462 -128.42175310   62.13040321   35.51005159	-0.07323990  0.20609027 -0.43135530  0.69974822 -0.32729775 -0.07517271  0.08551414  0.05837563  0.02875446  0.74875885 -0.25523135 -0.00805340	
0.00399600	0.48230678	0.00183484	-16.87834930   6.42424774   3.54759622   0.32244775   1.45810568   0.33589321	 437.14807129  -63.81335068 -775.18536377   30.96343803  102.76654816    2.62908125	-15.21660862  13.56303699 -20.83661773  -0.24828088  -0.56843637  -0.53499634	  12.19469441   14.58309293 -892.58785898   19.05054748  110.74233323   -3.11485271	136.08997956	0	0.00000000	0.00000000	0.00000000	 0.33559369 -0.40300011 -0.05252226	-0.22112826  0.32332893  0.55029820	  14.55515589   25.52229754   21.10843351  -27.62336314    8.67877198    2.88025143   42.65296390  -41.93875775  -65.48609682 -126.09840660   63.09587437   37.28038989	-0.06893709  0.20780067 -0.43490648  0.68850410 -0.32462093 -0.07525709  0.08697497  0.06135155  0.03083301  0.74704850 -0.25579125 -0.00906582	
0.00400000	0.48656887	0.00169465	-18.63505173   3.61309361   2.80776286   0.01812692   1.04613912   0.10092936	 444.06332397  -69.80666351 -788.60382080   31.73335075  105.70361328    0.62876737	-16.49416201   7.10210452 -23.77141748   0.02639359  -0.45043249  -0.51023718	  10.88189050    9.69145879 -916.00106191   18.44955498  113.87812606   -4.77571994	136.76318494	0	0.00000000	0.00000000	0.00000000	 0.32859383 -0.40250900 -0.06032887	-0.23472352  0.38796095  0.54628055	  13.89565908   25.50056279   19.98573105  -21.16656156    8.15578267    3.86286842   39.95831429  -44.17365344  -65.65944537 -121.64022284   64.56476859   38.02265094	-0.06480300  0.20967980 -0.43840393  0.67745179 -0.32195950 -0.07526475  0.08855362  0.06413572  0.03294990  0.74541479 -0.25640485 -0.00979447	
0.00399200	0.49067074	0.00159469	-21.36748314   8.57573414  10.21292973   0.74713290   1.28352928  -0.91761625	 438.29153442  -81.70571136 -802.00897217   31.96034431  108.33035278   -1.59742951	-20.13938574   7.16092994 -18.82095406   0.01804371  -0.38425585  -0.76494375	   5.67604760    2.00141534 -932.78721737   18.10018312  116.75729117   -6.42530923	136.44129468	0	0.00000000	0.00000000	0.00000000	 0.32543348 -0.40168070 -0.06385567	-0.23472352  0.38796095  0.54628055	  12.90042887   25.52535853   19.39932012  -15.46306322    8.97383663    4.68444132   36.96663542  -45.06196813  -65.27409547 -115.43895775   67.72300244   37.53386275	-0.06086835  0.21165095 -0.44190910  0.66633046 -0.31932873 -0.07521106  0.09021867  0.06685087  0.03514349  0.74391150 -0.25707978 -0.01020864	
0.00399200	0.49466151	0.00145612	-32.47977066  18.92005920 -10.02949715   1.15364492   2.77022672   0.19870844	 438.73687744  -99.89056396 -823.38049316   32.30442429  112.54521942   -5.08460665	-26.74488752  15.14706658 -22.52210222  -0.07438935  -0.33128814  -0.76683538	  -3.11532826   -9.65137289 -948.50569409   17.11921582  120.04700992   -8.67262730	138.30518028	0	0.00000000	0.00000000	0.00000000	 0.33628898 -0.38712671 -0.06779165	-0.25960700  0.35465008  0.43113962	  12.61660191   26.00953432   18.90321955  -10.77715664    8.86596558    4.97961718   34.68257893  -46.29532640  -65.89769695 -111.09817191   69.84250013   36.40154004	-0.05712543  0.21353008 -0.44548327  0.65469521 -0.31680530 -0.07508834  0.09193869  0.06957369  0.03745213  0.74255395 -0.25783142 -0.01032369	
0.00400000	0.49850270	0.00138531	-33.23957443 -20.47670174 -73.70783234   3.99078083  -6.91587973   2.20447016	 436.68383789 -111.27409363 -825.92181396   32.26662445  114.34434509   -7.09103203	-24.11861337  11.02275169 -52.18409806   1.52601534  -3.92078957  -0.08827063	 -10.98219485  -23.28698118 -958.44081923   16.09319543  122.63168791  -10.95028684	139.14760431	0	0.00000000	0.00000000	0.00000000	 0.34981637 -0.37445350 -0.06847325	-0.27349920  0.31224562  0.34474712	  10.37931884   25.55551214   19.17849138   -6.08609520   10.35899903    5.58262286   29.55413560  -47.34125240  -63.38812529 -105.10520517   73.80439795   34.66654660	-0.05360495  0.21550892 -0.44917250  0.64263046 -0.31434327 -0.07493494  0.09365871  0.07241922  0.03986048  0.74134976 -0.25868279 -0.01022398	
0.00399200	0.50226074	0.00129779	 -23.05300331  -85.97816467 -226.93624878   10.12113285  -26.29057693    7.65201616	 433.78216553 -115.85701752 -826.21099854   31.99805832  113.76466370   -7.78453970	  -6.83046147  -23.35075938 -171.79030357    8.45602344  -22.63981784    3.73494652	 -14.29899048  -30.21347991 -961.92463038   15.66194276  123.34408382  -11.90570061	139.07352505	0	0.00000000	0.00000000	0.00000000	 0.36548648 -0.36696501 -0.08212197	-0.27349920  0.31224562  0.34474712	  8.60045335  25.92448152  19.85576055  -2.27355488  11.12469820   6.06146762  25.69448965 -48.59158841 -62.51361807 -99.76159688  76.36474503  32.92781143	-0.05031456  0.21740338 -0.45296142  0.63053501 -0.31195027 -0.07476621  0.09529234  0.07544883  0.04236854  0.74035269 -0.25964922 -0.00994019	
0.00400000	0.50592595	0.00121788	  63.08304214 -154.08903503 -574.91351318   28.51817131  -74.88857269   23.55948257	 427.38723755 -114.41513062 -807.70086670   31.73615265  110.62687683   -7.48357391	  74.12566668  -49.93508859 -391.90064023   20.07418716  -54.35845919   10.06886821	 -15.79524547  -32.06321051 -954.86727210   15.24132241  122.21391171  -12.25508197	139.57384715	0	0.00000000	0.00000000	0.00000000	 0.37714440 -0.35979189 -0.09206694	-0.30346415  0.26199898  0.29585134	  8.04132831  25.74819301  21.10313727   1.32742902  11.60027338   6.31435418  24.00874077 -48.66850055 -62.00172553 -92.33646290  80.04759827  31.29553418	-0.04734631  0.21920581 -0.45681173  0.61874634 -0.30948055 -0.07463582  0.09675318  0.07867019  0.04493029  0.73960102 -0.26066163 -0.00954903	
0.00398400	0.50949353	0.00105517	 231.90257263  -73.01253510 -764.83300781   42.46229172 -104.87261963   38.46443939	 405.24642944 -116.73928833 -778.05151367   30.62350273  107.14187622   -8.43085766	 217.88892118  -25.44723385 -601.01415000   32.40240433  -95.21952767   19.73267171	 -17.42822449  -33.76958459 -932.28931644   14.95092691  119.31347169  -12.10901982	138.17587951	0	0.00000000	0.00000000	0.00000000	 0.38385598 -0.35157640 -0.09834203	-0.29213039  0.34053831  0.26507639	  6.68295185  26.27859132  23.33979549   4.42292625  11.25697384   6.94618779  21.98919484 -49.70991611 -60.56177185 -84.06728000  83.23304635  29.94624411	-0.04493029  0.22097756 -0.46070802  0.60752529 -0.30643561 -0.07479689  0.09804123  0.08182251  0.04746136  0.73915619 -0.26167405 -0.00913485	
0.00400000	0.51288909	0.00087330	  204.64622498  -138.27919006 -1018.76947021    54.04450989  -120.81752777    38.87932587	 385.60089111 -116.60799408 -743.84320068   29.59673309  103.63206482  -10.46593475	 339.45534254   26.91841462 -822.15960179   43.22461657 -124.90301021   26.48481832	 -21.10978363  -35.35002741 -895.33485346   13.79779293  115.16766580  -12.86522941	138.90042299	0	0.00000000	0.00000000	0.00000000	 0.38556795 -0.34365025 -0.10094945	-0.29213039  0.34053831  0.26507639	  6.99690772  26.22135958  24.33646402   6.69832148   7.10951601   8.77674344  20.67029274 -49.01373227 -60.76634199 -76.11213328  88.14492245  28.18149225	-0.04353436  0.22273396 -0.46451229  0.59759277 -0.30235523 -0.07579397  0.09918006  0.08526631  0.04987738  0.73901045 -0.26261747 -0.00869767	
0.00400000	0.51608253	0.00070006	 210.85687256 -242.15599060 -792.93511963   58.41952133 -127.06672668   33.96639633	 343.85244751 -123.76604462 -677.92315674   26.36742973   96.57321930  -12.51915073	 351.23125857  -68.45880334 -827.85133671   58.16814829 -139.90087061   29.42621041	 -26.25300791  -46.55007215 -830.83913390   11.52688844  108.31029816  -14.35387935	141.32593442	0	0.00000000	0.00000000	0.00000000	 0.39153884 -0.32913078 -0.09636957	-0.23257508  0.28698051  0.09676639	  8.54515363  28.35269669  26.12216831   7.78502161  -0.65801690  12.61242913  19.44360878 -50.42254063 -61.47868782 -67.59009970  93.55049490  26.53915064	-0.04340398  0.22453639 -0.46800211  0.59029871 -0.29708600 -0.07782650  0.10028747  0.08868708  0.05214000  0.73904878 -0.26342279 -0.00822214	
0.00399200	0.51907897	0.00068330	 255.61828613  -75.00012207 -853.53863525   53.35954666 -122.35084534   28.73247910	 232.20584106  -77.69385529 -535.35101318   22.65136528   77.62131500   -7.00601578	 394.01860465  -33.18750621 -773.19508160   55.57463045 -138.77633246   24.83230023	 -44.80529561  -36.70346328 -715.28221460   10.10897711   93.71236054  -12.83803768	142.91275759	0	0.00000000	0.00000000	0.00000000	 0.40877092 -0.28225112 -0.07984780	 0.07894565  0.18191845 -0.51958072	  7.85505463  32.44149021  27.67895686   6.97773714 -12.91026987  18.92726572  11.65463756 -51.75937794 -61.30611268 -55.50841486 103.52937334  24.13319449	-0.04413262  0.22636950 -0.47070956  0.58647907 -0.29044387 -0.08058766  0.10143415  0.09180106  0.05406514  0.73912549 -0.26402873 -0.00768524	
0.00398800	0.52205455	0.00071032	 120.44960785  -36.05942917 -835.28704834   48.03487396  -87.82888031   23.60080147	 174.17596436  -48.03149796 -454.23461914   20.41364288   66.46002197   -2.62431884	 323.16342157   47.63408100 -810.31263515   49.28946018 -124.83335024   19.31094843	 -61.56514763  -18.76653430 -583.80275837    9.94421478   77.95211229   -8.28637275	149.12386565	0	0.00000000	0.00000000	0.00000000	 0.43911645 -0.21115099 -0.03793749	 0.07894565  0.18191845 -0.51958072	 -1.09181266  38.84342077  25.64937828   4.19302855 -27.79676256  28.88455681 -10.81465846 -54.42365989 -60.06101606 -45.89239714 111.98944264  22.10159133	-0.04531378  0.22834066 -0.47208250  0.58527493 -0.28264356 -0.08447631  0.10261225  0.09444718  0.05549174  0.73904878 -0.26428184 -0.00706398	
0.00400400	0.52506912	0.00078420	 137.52825928  -54.39052963 -388.88296509   21.62498856  -53.37082291    5.20237970	 138.72463989  -30.40902138 -366.14566040   17.03095055   52.61222839    1.19487405	 242.61836873   41.57877253 -592.64552458   34.01021764  -85.37704329    9.60897890	 -65.56677457   -4.52328912 -479.01319698    9.76860866   63.47338399   -5.20732018	147.87961137	0	0.00000000	0.00000000	0.00000000	 0.43771231 -0.23735828  0.00733107	 0.08114928  0.33870548 -0.33971358	 -2.19971671  45.65154457  26.76276381  -3.70639494 -45.06967777  39.98093082 -17.86872823 -56.96748156 -62.04763629 -34.31114006 118.12702183  20.43617801	-0.04678641  0.23060328 -0.47217453  0.58633333 -0.27428338 -0.08912426  0.10369610  0.09651038  0.05634310  0.73872662 -0.26405174 -0.00646573	
0.00399200	0.52815908	0.00095530	  25.02064896  -27.00864792 -231.09701538   12.26305389  -23.33204842    1.64844429	 151.67628479  -32.13060379 -345.70306396   16.14083481   47.93009949    0.33190674	 141.61426312    4.94093969 -379.30365794   21.70248250  -52.61666311    2.84704857	 -55.89201702    3.30386272 -416.59947885    9.48204952   54.05092503   -2.95013319	151.31117330	0	0.00000000	0.00000000	0.00000000	 0.42548319 -0.26797076  0.03053694	0.01697705 0.51199907 0.00990004	 -2.34413752  50.63575289  27.64868278 -11.63644226 -59.38813982  50.16600017 -21.84297835 -57.37092024 -63.12846231 -24.63146498 118.41067755  19.27728699	-0.04838175  0.23332609 -0.47129250  0.58856529 -0.26556271 -0.09361116  0.10448150  0.09790631  0.05658087  0.73822808 -0.26325405 -0.00595184	
0.00400000	0.53144366	0.00124911	 -10.32490063   31.89773941 -114.78183746    8.50356197   -7.10103273   -0.00401319	 172.14852905  -59.33300781 -366.19326782   15.40210724   50.27244568   -3.14849377	  50.08047074   28.64839626 -225.60677026   11.78442816  -26.47101007   -0.41060514	 -42.17598241   -5.96983450 -418.31284499    8.76518819   52.34805564   -3.87189953	153.20371391	0	0.00000000	0.00000000	0.00000000	 0.39696973 -0.27636905  0.04328587	0.01697705 0.51199907 0.00990004	  3.50448865  50.71561805  30.42141936 -19.25452360 -70.37735526  56.20582043 -14.28161858 -58.50840112 -63.77255181 -21.07507214 113.80846460  18.20748965	-0.04980068  0.23657814 -0.46981987  0.59116536 -0.25707212 -0.09721601  0.10489776  0.09868863  0.05625106  0.73776025 -0.26174310 -0.00550699	
0.00399200	0.53505033	0.00153654	 -2.61362600  31.36392021 -41.02442169   4.72931004  -5.15236902  -0.28140426	 227.97909546 -120.97229767 -466.33468628   16.02935028   63.65434647  -12.50155163	   7.63244727   43.05057590 -123.47441511    5.42164763  -12.09804672   -1.34671569	 -32.71480567  -37.55277954 -480.29266180    7.55809848   59.87572425   -8.18153637	154.83297783	0	0.00000000	0.00000000	0.00000000	 0.38369693 -0.26988109  0.01796245	-0.09470513  0.28654761 -0.02241717	  1.42512869  48.57513999  29.31576888 -26.20960539 -75.55205488  61.06491229 -12.27053966 -56.78183454 -62.31787054 -22.78183352 102.82510526  16.58478282	-0.05095883  0.24041308 -0.46790239  0.59365809 -0.24950193 -0.09970873  0.10496059  0.09899543  0.05546106  0.73749948 -0.25951880 -0.00505447	
0.00398800	0.53897423	0.00177282	-13.99276066  16.10129929 -50.05956268   3.26436949  -4.54526472  -0.83582896	 270.08837891 -150.51953125 -526.83508301   18.45852089   75.95520782  -18.59985542	  1.77212901  31.76654276 -78.22790866   3.13264351  -8.28457495  -1.92960398	 -30.41416390  -68.46297315 -568.32006726    6.19727341   72.41262242  -13.93712230	153.38059471	0	0.00000000	0.00000000	0.00000000	 0.37510938 -0.26842792 -0.00065932	-0.09134351  0.38041281  0.07661398	 -0.35885483  46.58728969  32.84624785 -29.79145278 -75.11950827  63.07602070  -5.66696243 -53.84638480 -59.63067481 -22.38428722  89.83247421  13.70654498	-0.05209398  0.24475425 -0.46593890  0.59577501 -0.24309756 -0.10090523  0.10471711  0.09902611  0.05442563  0.73755312 -0.25679600 -0.00445621	
0.00399600	0.54316521	0.00198796	-35.40441513  13.71429825 -63.81966782   3.12144399  -1.29852760  -1.64497483	 296.02789307 -158.32708740 -589.14831543   20.82346916   82.74532318  -21.28378868	-14.35635218  25.33689087 -75.81233244   2.59577010  -6.39232431  -2.54379132	 -32.52560858  -83.50838687 -646.00335613    5.87887310   83.38333153  -18.09156435	152.55543522	0	0.00000000	0.00000000	0.00000000	 0.36764205 -0.26786009 -0.00982357	-0.09134351  0.38041281  0.07661398	 -1.45787396  40.80673556  34.93041120 -33.01479945 -72.28374769  62.03053069   3.02060845 -48.79588867 -57.46213630 -25.24506437  76.23787454  10.52028362	-0.05339786  0.24953261 -0.46408278  0.59710193 -0.23762125 -0.10074417  0.10428514  0.09902611  0.05333650  0.73799032 -0.25384310 -0.00372757	
0.00399200	0.54759306	0.00218748	 -8.85446262  33.01078033 -40.46427155   4.67373180  -4.66200256  -2.24758983	 336.68591309 -184.28538513 -667.59521484   23.26905251   93.39585114  -25.24122620	-17.51164178  34.44643144 -70.60886356   2.57462990  -5.32115983  -3.65650210	 -41.91783197  -94.95965943 -724.52651881    5.78540229   93.52917829  -21.63062279	150.69209950	0	0.00000000	0.00000000	0.00000000	 0.36407048 -0.24996228 -0.02842832	-0.22456367  0.49875914 -0.05211309	 -1.81933448  35.12631881  36.57811032 -32.40961680 -65.67743941  59.54330703  10.68917957 -44.55340441 -56.19019020 -28.74407242  61.37214679   7.93638550	-0.05483980  0.25457174 -0.46243376  0.59775382 -0.23308833 -0.09920251  0.10379034  0.09937892  0.05244679  0.73875731 -0.25091317 -0.00293757	
0.00400800	0.55225152	0.00237257	 -7.21084738  33.07461548 -52.80681610   5.49515390  -6.07442045  -3.15996957	 362.52932739 -200.52902222 -696.89813232   24.25229263   98.03311920  -27.44689369	 -5.59320991  39.21416151 -67.22243482   2.99947759  -6.76125930  -4.55944932	 -40.30273725 -108.79237749 -791.23029891    5.80324482  102.64022825  -24.71751753	148.13058447	0	0.00000000	0.00000000	0.00000000	 0.36381099 -0.22716766 -0.05116491	-0.37219111  0.30544467 -0.28116734	 -3.27438122  31.39264462  38.60113029 -31.94626833 -58.53823038  56.57153897  14.26059210 -41.50398303 -52.86040374 -31.77632662  48.22459259   5.72923307	-0.05634310  0.25968754 -0.46104550  0.59776920 -0.22961387 -0.09646436  0.10331911  0.10026097  0.05192524  0.73994619 -0.24842046 -0.00217825	
0.00398000	0.55710018	0.00256336	 -30.83330536   36.46980667 -106.20790863    7.67979860   -4.48064995   -1.79294801	 372.35501099 -210.46995544 -699.88647461   23.58236885   97.65589142  -27.25696373	-12.89178775  50.25438239 -98.56334573   4.22622497  -8.23060406  -4.57977721	 -35.39413542 -118.80326883 -824.28723786    5.96650216  106.80766689  -25.51564651	143.85024010	0	0.00000000	0.00000000	0.00000000	 0.36606249 -0.20139738 -0.07537869	-0.37219111  0.30544467 -0.28116734	 -5.79192842  28.29406258  38.73722867 -29.75662034 -49.12879471  53.44287199  14.51357136 -40.26421043 -51.34965863 -35.61977369  34.05072884   3.54208378	-0.05797679  0.26466531 -0.45971093  0.59721696 -0.22661494 -0.09272912  0.10287929  0.10182562  0.05184854  0.74154150 -0.24624988 -0.00144961	
0.00400400	0.56217420	0.00263874	 -36.63928223   38.41773987 -159.84339905   14.11531448  -12.67449284   -5.90149641	 363.63604736 -193.61827087 -654.09588623   21.91950035   85.72630310  -20.83332825	 -20.66761911   63.12324585 -137.74677828    7.60496746  -12.90032444   -6.85997022	 -33.45654967 -115.93538546 -809.35507296    6.78764785  102.70143220  -23.99362142	140.81059221	0	0.00000000	0.00000000	0.00000000	 0.37994875 -0.19790345 -0.08211886	-0.21403422  0.38392409 -0.33752945	 -5.03632232  25.43408789  40.46830370 -30.21696017 -39.22416557  49.47456399  17.90729701 -40.13142634 -51.12118427 -38.64626602  23.18305247   1.87274478	-0.05985592  0.26925960 -0.45849141  0.59624285 -0.22429863 -0.08822688  0.10243946  0.10407291  0.05214000  0.74349731 -0.24473891 -0.00078233	
0.00399600	0.56732756	0.00281884	 -57.29495239   31.81628609 -248.90664673   20.65526199  -20.21533585  -10.54204750	 338.80108643 -159.20530701 -570.73822021   20.03007698   74.11624146  -13.54334927	 -30.15579573   75.51152845 -208.76213637   13.69963586  -22.95417101  -12.41835635	 -19.09687107  -96.17564695 -748.71191446    8.91246161   91.97081902  -18.24202434	137.91415416	0	0.00000000	0.00000000	0.00000000	 0.39159632 -0.19824091 -0.08805234	-0.28127884  0.39884437 -0.35521842	 -6.58170490  22.19544312  42.10262064 -28.42919927 -26.93438644  45.88625394  17.83810487 -41.74708004 -50.03216729 -35.92886482  18.22768080   0.69642713	-0.06190378  0.27340901 -0.45717987  0.59487760 -0.22253455 -0.08330281  0.10189754  0.10697213  0.05243912  0.74576759 -0.24388756 -0.00021476	
0.00398000	0.57267225	0.00292385	-102.98075104   37.78018188 -396.37500000   31.16661644  -27.03476334  -16.47731590	 276.83428955 -114.69834900 -451.38980103   17.30380440   57.54787064   -3.43376708	 -57.86889617  103.00329276 -329.20833905   22.81763000  -35.75725632  -20.38705081	 -10.04863589  -67.33033857 -636.56905493   11.04777421   76.32731146  -10.55765506	136.07392032	0	0.00000000	0.00000000	0.00000000	 0.39903618 -0.20141040 -0.09094862	-0.28127884  0.39884437 -0.35521842	 -5.72132896  21.21082887  43.72982658 -27.69796186 -17.12693590  43.27544992  19.50531678 -45.71995388 -50.33094893 -34.13584910  14.34845255   0.42429903	-0.06392097  0.27716726 -0.45559219  0.59322858 -0.22109261 -0.07848611  0.10111214  0.11038523  0.05260019  0.74825269 -0.24359609  0.00018408	
0.00400000	0.57814467	0.00306975	-109.81538391   46.98433304 -477.95935059   37.44555664  -33.08451080  -19.21143723	 239.66326904  -89.15039825 -379.51699829   15.11015701   46.90319061    2.86364603	 -68.41504166  137.52487703 -436.92205003   30.10222142  -46.55918810  -26.98870304	  -3.74142424  -42.31787230 -527.20872708   13.00343756   61.17625562   -3.46230290	135.71563920	0	0.00000000	0.00000000	0.00000000	 0.40873309 -0.21164506 -0.09696971	-0.38580843  0.39718232 -0.35417304	 -6.27515044  20.54813484  45.47431112 -26.77680892 -10.30375733  42.36267002  22.30851071 -50.43415960 -51.59182464 -29.84316645  15.20080793   1.53477813	-0.06576174  0.28056502 -0.45367473  0.59158725 -0.21980406 -0.07424466  0.09995760  0.11406679  0.05253116  0.75087577 -0.24365745  0.00031447	
0.00401200	0.58378601	0.00314532	-135.80413818  -18.46512032 -769.26708984   54.40459824  -48.83516693  -24.99307251	 191.00045776  -38.40945816 -263.46685791   12.46817207   31.27110672    7.14644957	 -71.28736238  150.04642327 -640.44439349   43.92849332  -65.24104567  -34.25045761	   6.45598654  -11.67978814 -414.57368297   13.07556242   45.88025525    1.32536429	135.20370117	0	0.00000000	0.00000000	0.00000000	 0.41813522 -0.22125973 -0.10610802	-0.25782808  0.36833068 -0.22312766	 -8.46746459  22.96858696  48.38757591 -26.24794512  -6.01321484  44.05704476  24.57140799 -56.19352535 -53.63242930 -23.78567941  16.43024274   3.58239663	-0.06731873  0.28357163 -0.45141211  0.59041375 -0.21843114 -0.07100029  0.09844964  0.11774067  0.05215533  0.75354487 -0.24394891  0.00019942	
0.00397200	0.58948904	0.00331992	 -152.33912659   -46.81069183 -1002.56091309    67.32937622   -51.75916672   -23.68999290	 150.04385376  -26.20277405 -183.81037903    8.90302086   20.75775528    6.66702747	 -85.00606621  165.62992239 -874.20998812   58.84359752  -81.59469187  -37.65021220	  17.12596207    2.95101967 -321.70877683   11.34799490   34.04491271    3.11281658	135.68403940	0	0.00000000	0.00000000	0.00000000	 0.42261930 -0.21738897 -0.12036707	-0.25782808  0.36833068 -0.22312766	-11.03113539  23.70193123  49.82597681 -25.70304248  -4.39582572  47.10544285  30.42443043 -61.76519940 -56.94480468 -19.73140745  20.19932063   5.80955218	-0.06849990  0.28608736 -0.44878131  0.58998424 -0.21680513 -0.06910582  0.09675318  0.12112310  0.05147272  0.75621402 -0.24427871 -0.00017641	
0.00400800	0.59540617	0.00349782	 -111.82112885   -64.99351501 -1127.59179688    73.92578888   -45.37129593   -23.80074692	 109.46251678  -20.08267212 -144.12384033    5.88596678   14.27820110    4.02760363	  -62.76677636   183.70499288 -1058.30557538    70.23163750   -84.77790502   -37.27929649	  16.03374988    4.88917100 -238.47499914    8.09887117   22.87223651    2.56537532	135.24308191	0	0.00000000	0.00000000	0.00000000	 0.42947492 -0.20228407 -0.12435457	-0.06534645  0.30264329 -0.36772987	-16.19484941  28.31572701  50.64980256 -25.85337785  -7.18129999  53.55325955  33.02437062 -64.97066165 -59.26863152 -16.39563748  22.34611796   7.26057500	-0.06932825  0.28805852 -0.44584376  0.59030634 -0.21491833 -0.06882203  0.09507243  0.12395329  0.05045262  0.75888312 -0.24454717 -0.00059825	
0.00401200	0.60152322	0.00376848	    7.04918289  -105.15916443 -1317.06835938    82.28652191   -17.22488594   -25.91199112	 66.72659302 -31.20105743 -38.94026947   0.89166337   4.79667330  -1.60018682	   16.30715370   183.76339294 -1240.07699233    81.78588978   -68.79571807   -33.73322852	  30.73623147   -6.23526818 -147.50938030    3.61062800   13.53756549    0.16800176	136.32471877	0	0.00000000	0.00000000	0.00000000	 0.43591285 -0.20028626 -0.12190693	-0.01676563  0.29678172 -0.23913068	-22.76170524  33.19283084  51.79662288 -25.37833497 -10.94959323  60.61071893  30.14615057 -66.62313215 -58.86128084 -13.14146459  25.75452821   7.87459657	-0.07014893  0.28937009 -0.44282949  0.59120375 -0.21279377 -0.06975009  0.09360373  0.12609319  0.04911039  0.76145256 -0.24465455 -0.00095874	
0.00398000	0.60792327	0.00410668	  103.08050537   -81.34068298 -1380.33288574    86.72293091    16.36247063   -28.38004684	 24.66567039 -36.33963013  -7.96670008  -1.55602992  -0.23989850  -1.74922824	  103.00023868   200.67682319 -1336.42148753    88.50183577   -39.98820259   -29.42633209	 25.84596153 -22.78263108 -90.48381313   1.31450961   5.61460160  -0.82278458	136.42976453	0	0.00000000	0.00000000	0.00000000	 0.43738689 -0.21445752 -0.10927500	-0.01676563  0.29678172 -0.23913068	-24.03361567  40.77480079  55.59554468 -27.81089134 -16.13178669  68.50054874  32.89256596 -66.08617610 -61.95883556 -11.12066804  25.67830788   6.89953722	-0.07103097  0.29034415 -0.43995327  0.59279907 -0.21062319 -0.07119203  0.09247276  0.12747377  0.04749971  0.76391459 -0.24455483 -0.00108913	
0.00398800	0.61470371	0.00471323	  157.34336853   -47.29434204 -1373.93615723    89.48400116    38.34132004   -31.32489395	 21.30426979 -25.64817238   0.16523120  -1.40215516  -1.12244618  -1.28428030	  173.39610797   229.57594533 -1362.96069759    92.50373655    -6.67740568   -26.40498876	 21.24772935 -23.35589390 -52.47559486   0.30312823   1.54113566  -0.62393713	136.92568437	0	0.00000000	0.00000000	0.00000000	 0.43451514 -0.20840974 -0.09499213	-0.04080177  0.24319420 -0.33144690	-27.45834728  50.91825502  59.70615119 -29.08893055 -18.83303593  76.81873277  30.91783418 -64.30509630 -63.68148001  -6.85928555  24.48703044   4.31367573	-0.07189000  0.29114184 -0.43738386  0.59503871 -0.20863669 -0.07321689  0.09170307  0.12812571  0.04570495  0.76627696 -0.24414065 -0.00092039	
0.00399600	0.62216270	0.00553471	  143.04937744    -4.22203970 -1243.79138184    85.35449982    70.49598694   -31.70431519	29.56900978 -3.22626114  4.41696978  0.02593311 -1.57134438  0.05507579	  180.28773508   251.46407287 -1295.28156600    91.11185401    25.30829736   -22.54468539	 23.93698676  -7.47595315 -38.57289615   0.19170129   0.50496108  -0.25094836	135.85100941	0	0.00000000	0.00000000	0.00000000	 0.43036715 -0.20271432 -0.07809533	 0.01887239  0.26923511 -0.44922925	-31.31884139  64.58280529  67.66982287 -30.82383727 -19.10131432  85.25442317  28.69348888 -61.87633513 -66.04618027   0.61231280  16.26693574   2.02160215	-0.07261863  0.29203922 -0.43523628  0.59771550 -0.20747086 -0.07559456  0.09133393  0.12817174  0.04388718  0.76859325 -0.24348871 -0.00048320	
0.00399200	0.63053250	0.00651115	  142.21881104     2.16939235 -1096.43798828    76.70233917    91.85639954   -24.51116943	24.84610939 -8.54994965 -0.63369149 -0.34543914 -1.00081086 -0.28704751	  176.63345499   237.10227065 -1165.80522410    85.56090279    51.61030460   -14.64257202	 24.09819161  -3.39461614 -35.17960767   0.16557533   0.36604288  -0.00883031	135.39534384	0	0.00000000	0.00000000	0.00000000	 0.43029980 -0.20022475 -0.04927555	 0.04588616  0.22548494 -0.47903233	-35.47154145  79.43761111  77.16480912 -30.75074620 -11.41270778  92.02708601  23.95537386 -59.38386649 -68.23530324  12.65865426   7.50745371  -0.18174596	-0.07320154  0.29327404 -0.43361792  0.60051501 -0.20730212 -0.07812563  0.09133393  0.12766552  0.04218446  0.77096325 -0.24259134  0.00003068	
0.00399200	0.63998753	0.00763762	  149.50650024     5.28622293 -1012.38934326    69.63102722   107.87934113   -17.14987564	 31.81872177 -22.64640045  -4.04602194  -1.21441293  -1.82782745  -0.81490630	  169.98191570   219.93095048 -1061.68900690    78.58255562    73.13605461    -4.09469172	 26.29552602  -9.81225388 -42.10754417   0.07817725   0.05813102  -0.08711790	134.49813180	0	0.00000000	0.00000000	0.00000000	 0.42834950 -0.19902479 -0.02152949	 0.04588616  0.22548494 -0.47903233	-37.51180585  92.71533108  86.52354461 -29.99917747   0.59302907  97.85582654  24.39745539 -57.69742655 -72.92454114  23.93826562  -5.65061649  -1.75505779	-0.07380747  0.29506880 -0.43252113  0.60315347 -0.20834523 -0.08050329  0.09161668  0.12661475  0.04059679  0.77349430 -0.24157125  0.00055990	
0.00400000	0.65069896	0.00855745	  139.50151062    14.43139839 -1020.28155518    67.13753510   112.73774719    -9.36455631	 41.74487686 -25.18789291 -15.13411999  -0.95851034  -0.76004821  -1.05790913	  169.20094408   221.61866860 -1024.59384110    74.01625805    83.24495988     5.81490608	 27.24684100 -15.59547182 -53.35397930   0.19784360   0.51232211  -0.37882807	133.54681249	0	0.00000000	0.00000000	0.00000000	 0.42062105 -0.19997569  0.00377929	 0.20916797  0.30837484 -0.38213546	-37.60392255 105.78860380  93.08402089 -30.61274771  19.23223487 102.68154523  24.52379198 -58.49223474 -80.69483996  35.95513537 -20.81955157  -3.58116972	-0.07461281  0.29761523 -0.43174648  0.60548508 -0.21051581 -0.08244378  0.09208006  0.12510377  0.03897077  0.77633983 -0.24052814  0.00110447	
0.00398400	0.66242379	0.00939070	 148.98286438   38.47212601 -950.71716309   64.05729675  108.69154358   -2.35404944	 48.18119431 -25.09483147 -36.26454926   0.24659306   2.18704939  -0.91718549	 172.57792060  231.49571727 -970.42725151   69.52930375   84.36529202   13.66924819	 22.90504654 -15.64932300 -72.61316996   0.72234061   2.97573888  -0.63660426	133.13137361	0	0.00000000	0.00000000	0.00000000	 0.39807514 -0.19909311  0.01414437	 0.17736032  0.35889770 -0.41115724	-34.27326683 115.10682116 101.02160969 -30.42463847  37.22137799 104.33845281  26.09399893 -57.11734193 -86.18465522  47.23339161 -34.04566713  -5.38623519	-0.07578631  0.30105901 -0.43108687  0.60740256 -0.21363746 -0.08368631  0.09265340  0.12315562  0.03705330  0.77960724 -0.23958474  0.00161835	
0.00400800	0.67508811	0.00987873	 132.27035522   79.18128204 -855.39147949   60.77776718   99.51255798    5.46119070	 75.03507996 -30.20726204 -68.96266937   2.37114644   7.89194059  -1.02206802	 163.79766265  250.80685590 -878.26365836   63.61492764   78.34485328   19.69651329	  23.17537083  -14.56393357 -107.32413693    1.81792988    8.44067675   -0.97603008	132.97607477	0	0.00000000	0.00000000	0.00000000	 0.37816428 -0.21075195  0.02293600	 0.14839321  0.35881184 -0.45299674	-32.79707711 121.17258764 111.43555970 -27.57629869  56.51302491 104.92097004  24.20666588 -56.59382324 -87.42724346  58.64274889 -42.77282066  -5.96841143	-0.07746601  0.30540016 -0.43041191  0.60883683 -0.21739571 -0.08412349  0.09333670  0.12083164  0.03460660  0.78316605 -0.23898649  0.00206320	
0.00399200	0.68828589	0.01000000	 134.99574280  119.37374115 -760.38415527   57.94823456   88.08984375   12.38662052	 83.49726105 -42.47854996 -84.96610260   2.21005058   9.46594143  -1.82380843	 164.06196409  271.74775241 -784.58965184   58.05511199   70.34654113   24.35585380	  20.75034137  -18.71735586 -134.70940335    2.26283274   11.89330294   -1.44656320	132.99265599	0	0.00000000	0.00000000	0.00000000	 0.35997690 -0.22562009  0.03073702	 0.13975291  0.38463588 -0.44822881	-29.13532059 121.37086098 120.10774225 -22.95598960  72.15805493 104.96383043  21.50228358 -55.98053150 -84.52208643  65.55691953 -50.91880898  -5.61614801	-0.07975931  0.31069240 -0.42957589  0.60982627 -0.22129202 -0.08395475  0.09411424  0.11820854  0.03146961  0.78753024 -0.23886377  0.00231631	
0.00399200	0.70161849	0.01000000	 126.51089478  117.87644196 -715.44897461   55.37115097   83.33409119   14.12203026	 61.22485733 -38.35384750 -64.40624237   0.85403860   6.66605806  -2.19645190	 162.03850566  276.69533035 -722.00500462   54.38316612   64.51750522   26.72062249	  20.64694700  -23.39426644 -132.85728344    2.02316360   11.36254382   -1.77797418	132.33811530	0	0.00000000	0.00000000	0.00000000	 0.33997115 -0.23497328  0.03384226	 0.13299447  0.43016337 -0.47407531	-22.73507002 119.56952648 124.99604011 -17.93845152  84.33458502 106.85581684  16.81188621 -57.10095584 -82.81847841  67.06658463 -59.12240423  -5.11742051	-0.08265854  0.31665191 -0.42828736  0.61041683 -0.22551814 -0.08368631  0.09491535  0.11544737  0.02757330  0.79244661 -0.23930095  0.00241602	
0.00398400	0.71494663	0.01000000	 119.48902893  113.98345184 -707.63555908   54.43543625   82.97312164   13.34075260	 36.63420868 -35.72584152 -30.97093773  -0.45083451   1.98465240  -1.62145793	 154.60438285  272.58349519 -690.91419956   52.80062759   61.45925702   27.10019147	 15.91238581 -26.63694230 -90.71370425   1.13593388   6.07787802  -1.38629167	131.13919408	0	0.00000000	0.00000000	0.00000000	 0.32509874 -0.22952971  0.02721840	 0.06263743  0.43029609 -0.68034078	-14.43538304 115.66113814 126.89700447 -11.52440140  93.29116164 110.26223902  10.30218641 -57.75537190 -83.82250810  65.44600500 -64.92036493  -4.88137163	-0.08615601  0.32294890 -0.42633152  0.61073130 -0.22959852 -0.08354825  0.09563006  0.11264019  0.02292534  0.79796129 -0.24039008  0.00242369	
0.00400400	0.72828591	0.01000000	 120.05718994  115.49266815 -746.89526367   57.13682175   88.83085632   11.66648293	 30.69467354 -24.61869240   2.32354522  -1.17721736  -1.26355648  -0.68508083	 154.70024264  278.20485529 -702.54381492   54.49787160   62.93547314   26.97566501	 20.43844139 -23.07631097 -56.55359116   0.60781177   2.14629051  -0.65461787	130.49880594	0	0.00000000	0.00000000	0.00000000	 0.31249088 -0.22638167  0.02289929	-0.02270943  0.36129106 -0.78606028	-11.20783952 113.24784133 126.72265575  -6.30747496 101.18685366 115.26827148   3.69613803 -57.09256090 -83.87544706  61.86914240 -70.73537814  -4.81657629	-0.09019805  0.32922289 -0.42361638  0.61090773 -0.23334911 -0.08344854  0.09606203  0.10987135  0.01791689  0.80411255 -0.24216950  0.00242369	
0.00399600	0.74162072	0.01000000	 119.40438843  118.46520996 -804.05529785   61.62048340   97.60738373   10.76480865	 19.44853020 -28.26016617 -10.99135590  -1.36495459  -0.69748950  -0.94516885	 155.33577538  293.78055394 -735.17736398   58.06965064   66.96076387   27.56933071	 20.24845061 -21.45499367 -45.88530918   0.45889859   0.06307250  -0.39691407	129.32920466	0	0.00000000	0.00000000	0.00000000	 0.29657268 -0.23107238  0.02078867	-0.01816455  0.47882657 -0.83398096	 -6.49107422 109.27921715 127.10107402   0.40756127 109.47105729 120.46159968  -1.74428374 -55.27400391 -82.03816174  55.87365966 -74.68355901  -4.80442717	-0.09467728  0.33518240 -0.42017260  0.61097676 -0.23673920 -0.08337184  0.09603847  0.10729426  0.01188068  0.81080836 -0.24449347  0.00242369	
0.00399200	0.75495332	0.01000000	 118.10348511  119.79560089 -849.07592773   65.43019867  105.51186371    9.63060284	  8.79677963 -37.09019089 -17.44713974  -2.00322199   0.64778131  -1.06303144	 157.27798680  310.93763925 -788.18325596   63.94106002   73.03940441   28.35347961	  6.37125850 -30.40498237 -44.84675806   0.42120137   0.03091340  -0.30302503	129.14194691	0	0.00000000	0.00000000	0.00000000	 0.28463257 -0.23828711  0.01254228	-0.14323884  0.48111156 -0.95187041	 -4.09678829 105.42345374 127.51033011   7.70545721 118.73688323 126.28181904  -6.58406792 -52.66058945 -78.73715762  47.83652972 -77.67733709  -4.79908891	-0.09951698  0.34074309 -0.41599250  0.61098444 -0.23975348 -0.08335650  0.09556723  0.10510834  0.00507748  0.81806409 -0.24749240  0.00242369	
0.00400000	0.76829034	0.01000000	 120.94221497  118.28339386 -862.27447510   69.21465302  118.80643463    8.40107059	 21.32702827 -31.40412712   3.64380932  -1.61956251  -2.06349444  -1.12740684	 157.99195571  323.12382261 -826.99788752   70.13192423   81.93007871   30.09135245	 15.63435926 -30.08560120 -38.78423086   0.38565543  -0.54232424  -0.45173558	128.48468552	0	0.00000000	0.00000000	0.00000000	 0.27435765 -0.24407941  0.00123544	-0.17310656  0.45659167 -1.06086738	 -2.91293054  99.48945087 126.79581104  15.51134269 126.49255977 131.89155488  -9.40464597 -48.96865915 -74.62970760  37.93222166 -79.49400437  -4.87081787	-0.10466348  0.34598163 -0.41113743  0.61098444 -0.24243027 -0.08334116  0.09464046  0.10338262 -0.00246971  0.82591808 -0.25121230  0.00244670	
0.00398400	0.78161854	0.01000000	 130.80102539  125.15679932 -722.93676758   67.92359161  126.36211395    8.00923634	  7.52983618 -23.72299385   0.90879840  -1.41329098   0.00230680  -0.83036256	 164.11623382  308.50319696 -753.75292348   72.52351758   92.12080710   32.18607329	 16.02474189 -26.26060366 -32.25950441   0.30088552  -0.37682657  -0.34007142	129.49186659	0	0.00000000	0.00000000	0.00000000	 0.26493974 -0.24790755 -0.01570792	-0.14758310  0.44365234 -1.10216137	 -0.48934813  92.52604863 123.71778668  23.31696080 136.04694593 137.43730832 -10.26487625 -45.65132154 -70.62264012  26.76709212 -81.12515484  -5.31413759	-0.11015514  0.35092872 -0.40576851  0.61093843 -0.24480027 -0.08333349  0.09327386  0.10205572 -0.01087592  0.83421695 -0.25558415  0.00250039	
0.00400000	0.79495555	0.01000000	 129.30175781  132.55819702 -612.21697998   67.12699890  132.09114075    7.18694019	 22.76617241 -15.73118687   1.89482188  -0.77322835  -1.67690003  -0.40145299	 164.31922973  286.54024370 -647.06585044   73.63630189  101.81831330   34.43155985	 14.34396992 -18.94419691 -32.92264862   0.35085657  -0.27886847  -0.12975178	130.11594952	0	0.00000000	0.00000000	0.00000000	 0.25840471 -0.25313865 -0.02295395	-0.12091693  0.54401178 -1.12721106	  3.39855117  86.43226197 120.50176544  30.74736676 144.84413551 141.68904711  -9.71368471 -42.59999782 -64.84170765  13.85684257 -79.74926970  -5.28695551	-0.11599194  0.35555366 -0.40012348  0.61086935 -0.24687882 -0.08331815  0.09152243  0.10095892 -0.02002612  0.84280723 -0.26064628  0.00252340	
0.00400000	0.80829257	0.01000000	 125.38049316  137.84667969 -530.94372559   66.18424988  137.02517700    7.90888882	22.47974396 -8.63605309  2.08327627 -0.49447590 -2.46456504 -0.42941234	 159.41176916  267.14033744 -552.16322335   75.03218604  109.04368100   36.59699934	 21.47285344  -9.39082640 -34.63056766   0.12442044  -0.90630066  -0.22549356	130.47051764	0	0.00000000	0.00000000	0.00000000	 0.25046923 -0.25114160 -0.02799979	-0.04115077  0.53771510 -1.30131996	  6.24812036  77.53580394 114.75712116  38.10453044 153.32678028 144.77158108  -8.47306756 -39.03919189 -56.81525890  -5.38717583 -75.82625708  -5.14374309	-0.12221222  0.35955736 -0.39453211  0.61080801 -0.24869658 -0.08331048  0.08948825  0.09989281 -0.02978990  0.85148954 -0.26640639  0.00251573	
0.00399200	0.82162517	0.01000000	 139.78012085  148.48559570 -608.19018555   63.12913513  139.81175232   11.32536697	 10.50569725  -9.85710144 214.73025513  -0.70726269  -0.20148441  -4.69675303	 167.55716794  266.71868121 -531.05781154   75.01578658  113.03138569   39.35951978	 65.24641036 -15.44886450  36.10984139  -1.05069844   2.33901610  -1.41349014	131.06307995	0	0.00000000	0.00000000	0.00000000	 0.23957820 -0.25511761 -0.03723191	-0.00026139  0.44617972 -1.33140135	  7.87476482  67.85192701 108.54664612  46.10210264 159.97231495 146.38646265  -9.69178000 -35.40895875 -43.63875837 -24.17977965 -69.15905428  -4.18347190	-0.12877765  0.36356103 -0.38930124  0.61080033 -0.25024590 -0.08330281  0.08732055  0.09873465 -0.03972242  0.86003381 -0.27272639  0.00242369	
0.00398400	0.83495331	0.01000000	 151.36799622  134.13932800 -700.80651855   60.06383514  141.48081970   15.85715771	 12.01063728  -7.00922918 438.69705200  -0.53301525  -0.73263234  -8.79075241	 180.07171655  283.48309040 -620.79180799   73.88452688  111.47635012   43.99463242	191.96507443 -27.74298038 239.42490008  -4.13551444   9.68513550  -4.34735328	131.16781606	0	0.00000000	0.00000000	0.00000000	 0.24229429 -0.26688006 -0.04382322	 0.00685445  0.31698598 -1.34683602	 12.32301667  58.14739483 101.78848819  52.03415229 166.64136852 145.75057565  -8.66637520 -31.34606868 -30.25133494 -42.19874560 -61.59365890  -3.76469499	-0.13563456  0.36746502 -0.38440016  0.61090004 -0.25154978 -0.08329514  0.08510572  0.09741543 -0.04954757  0.86822528 -0.27965230  0.00230864	
0.00402400	0.84830368	0.01000000	 184.21931458  107.96174622 -842.08367920   55.13847733  144.00669861   19.30034828	 34.18625641   7.76687622 677.38696289  -0.15507105  -3.70000577 -13.40603828	 207.04234374  300.83696370 -743.94066573   72.21226003  109.96829676   48.38117163	331.98142102 -36.08229240 432.19924096  -6.88238798  16.47698806  -7.44458770	129.84631874	0	0.00000000	0.00000000	0.00000000	 0.24326178 -0.27566522 -0.04077323	 0.03704751  0.34161850 -1.43470696	 16.01500674  48.27630005  95.09971090  57.53341643 172.08762873 144.90852414  -8.83782237 -27.58003167 -14.59085205 -59.70506514 -53.44247869  -3.38690606	-0.14271387  0.37143803 -0.37969086  0.61113018 -0.25253153 -0.08329514  0.08285949  0.09586611 -0.05916563  0.87588751 -0.28716114  0.00218592	
0.00397600	0.86162740	0.01000000	 199.83198547  103.94620514 -915.67498779   53.02390671  144.70797729   19.45087814	 31.69064713   0.95068479 801.67999268  -0.04297332  -2.02168441 -15.79531860	 225.82596026  312.32693906 -826.85275456   71.33536755  109.27247851   50.26943937	418.96336145 -45.01975971 563.79455479  -8.52449999  21.76904659  -9.45467484	129.72110332	0	0.00000000	0.00000000	0.00000000	 0.23799552 -0.28269591 -0.02997561	 0.02256014  0.34964985 -1.49440847	 17.19949835  39.40704368  86.58692019  60.66581764 174.85215121 143.42379192  -8.16331045 -22.22364650   0.16001766 -75.09531663 -46.82996854  -2.69937648	-0.14990824  0.37549540 -0.37517327  0.61158270 -0.25315279 -0.08329514  0.08058184  0.09415572 -0.06848456  0.88303584 -0.29514551  0.00204019	
0.00400000	0.87496442	0.01000000	 228.15185547   83.59508514 -927.27551270   51.97440338  145.24191284   18.75418663	 32.40206528  -3.84873414 822.40594482  -0.51994240  -2.72518873 -15.52856731	 249.03095819  301.57716895 -878.71513804   72.90542447  109.26985518   51.14362415	454.45529467 -55.64317439 630.21936644  -8.93167806  24.19679404 -10.24630478	129.01706613	0	0.00000000	0.00000000	0.00000000	 0.23065096 -0.29299824 -0.02291187	 0.10096429  0.39456664 -1.51220383	 17.65395951  30.06466567  79.82600534  64.12297995 175.81684960 142.25609726  -7.78017296 -17.88810842  14.45615086 -86.56987331 -39.91872780  -2.10885508	-0.15714096  0.37961414 -0.37094715  0.61238033 -0.25340590 -0.08329514  0.07831988  0.09202349 -0.07745834  0.88968569 -0.30347502  0.00187913	
0.00398800	0.88829482	0.01000000	 237.13056946   71.44394684 -842.25195312   53.87573242  144.55389404   16.76953888	 30.45774651  -5.99428129 666.43304443  -0.19278970  -2.45541668 -13.21695328	 254.51957155  279.18184223 -859.53699511   75.90091895  109.67946415   51.21788270	419.94240257 -52.23962811 588.36333071  -8.19054679  22.53991060  -9.89253817	129.25493561	0	0.00000000	0.00000000	0.00000000	 0.21775260 -0.30720786 -0.01105615	 0.15507116  0.40428286 -1.48129392	 18.68330919  20.98853105  73.00077368  64.16832008 172.37612360 140.21511702  -7.16050348 -13.32514948  28.72034028 -93.54194856 -33.69307829  -1.32775214	-0.16438901  0.38375589 -0.36718124  0.61358452 -0.25334454 -0.08329514  0.07606579  0.08958446 -0.08578019  0.89572954 -0.31200397  0.00168738	
0.00398400	0.90162295	0.01000000	 217.44926453   81.66607666 -634.35894775   60.14071274  141.36970520    8.87614250	 30.08439827   4.01603699 204.00971985  -0.06441726  -1.44959891  -4.17369652	 250.99706244  247.21409772 -734.65847273   80.88445485  111.21351141   47.36337211	267.45087185 -34.17136782 355.99282117  -5.05796384  14.45563504  -6.35644958	127.97399046	0	0.00000000	0.00000000	0.00000000	 0.20725351 -0.32162423 -0.01016381	 0.15570948  0.39371449 -1.51372728	 20.62716326  14.52049507  67.39589118  62.11543508 168.41780267 138.22868658  -6.23650009  -9.13116993  43.21424848 -98.09798081 -27.36133025  -0.99487843	-0.17121524  0.38794366 -0.36395988  0.61521822 -0.25324485 -0.08329514  0.07384312  0.08687698 -0.09325067  0.90099877 -0.32054055  0.00151864	
0.00399600	0.91495776	0.01000000	 194.56065369   79.20430756 -553.52673340   63.25666046  138.87301636    4.56429672	 30.48694992   0.82660985 -20.82426834   0.11084396  -2.46133447  -0.14205667	 227.42636624  206.12616237 -586.43536776   87.64259326  110.70260534   41.11313371	82.47590217 -6.49764674 53.96315838 -1.36094267  2.91682544 -1.84727078	127.07513775	0	0.00000000	0.00000000	0.00000000	 0.19920853 -0.33782791 -0.00218150	 0.09610665  0.32572191 -1.55105428	 20.42557392   9.80495483  62.06737094  58.80670389 165.08684793 135.91867333  -5.88391386  -5.13216934  56.96851426 -95.87579257 -23.56015781  -0.94738621	-0.17843261  0.39217743 -0.36122939  0.61711270 -0.25326017 -0.08329514  0.07169113  0.08400844 -0.09973174  0.90527856 -0.32907715  0.00141126	
0.00400000	0.92829484	0.01000000	 170.42321777   52.89155960 -778.35668945   64.15149689  128.46691895    4.93180895	  6.53280401  -8.11186314 -28.34683228  -0.62661731   0.81545419  -0.58826166	 203.05182440  227.51916321 -685.53973296   88.95439293   98.11900665   36.53840111	 18.90633636  -5.10930928 -25.24691674  -0.44358865   0.67514368  -0.59562225	126.21836611	0	0.00000000	0.00000000	0.00000000	 0.19197629 -0.35634558  0.00782400	 0.09741908  0.33333882 -1.51533612	 20.48095512   6.28010966  56.83591516  54.74247205 161.54676541 133.80672018  -6.42569169  -3.38309583  72.14547335 -91.00653823 -18.78175283  -1.23577479	-0.18553494  0.39640355 -0.35892075  0.61958236 -0.25326785 -0.08328747  0.06960983  0.08106320 -0.10523106  0.90843087 -0.33752173  0.00137291	
0.00398800	0.94162518	0.01000000	 160.30433655   47.50532150 -860.72778320   62.46573257  116.17607880    5.96359921	 12.18697166  -3.98698115 -14.63545799  -0.26049373  -0.10434873  -0.20612067	 187.21776358  257.66032677 -799.82280340   87.26557500   84.16131193   32.85352948	  3.44499039  -1.89036667 -39.64245677  -0.23935575   0.27517161  -0.26232892	125.15448796	0	0.00000000	0.00000000	0.00000000	 0.19254404 -0.37638759  0.01119060	 0.10833766  0.30521948 -1.47311800	 20.36768383   2.60363189  50.77441821  48.62075557 155.45315774 130.77863659  -6.46160449  -2.32624624  85.19867438 -83.47035529 -13.59646040  -1.38101207	-0.19252989  0.40060666 -0.35682687  0.62250459 -0.25322950 -0.08318776  0.06758350  0.07807194 -0.10964125  0.91042507 -0.34609666  0.00137291	
0.00400800	0.95496666	0.01000000	 154.38084412   49.92481232 -759.57116699   55.52970505  101.86717987    6.56833982	 23.88610840   1.18237078 -15.65001965   0.03596499  -1.61486304  -0.51868957	 176.67200654  253.94093728 -778.04584682   80.69317661   72.25711930   30.02982236	  9.12935063   0.72366235 -43.72562413  -0.22252549  -0.17717605  -0.28999956	123.78664138	0	0.00000000	0.00000000	0.00000000	 0.19680075 -0.38687843  0.00288208	 0.19773475  0.25602337 -1.40355714	 20.37639318  -0.96249057  44.97567243  44.12535851 149.49525218 126.90162091  -7.94927956  -2.83835583  98.15491167 -74.23059387  -3.48377701  -1.93790807	-0.19940980  0.40476376 -0.35480201  0.62591004 -0.25310677 -0.08279660  0.06575352  0.07510369 -0.11285494  0.91124576 -0.35483268  0.00143427	
0.00398800	0.96829700	0.01000000	 148.23825073   53.55546951 -671.06091309   49.72209167   89.95597839    6.63957405	  8.91811848  -3.42999578 -27.31057739  -0.16394337   1.03607500  -1.42644179	 168.36734096  234.36860425 -698.92548933   72.40784867   62.03178271   27.21940356	  3.77972253   1.39402571 -48.18009959  -0.57857336   0.12108735  -0.99371733	122.25370212	0	0.00000000	0.00000000	0.00000000	 0.19908354 -0.39073924  0.00053052	 0.15776885  0.24952472 -1.50005497	 20.58451464  -5.17236205  36.84826775  38.52948712 140.54797316 121.47424479 -10.56354446  -3.80228891 110.50321611 -63.51827180   7.84533622  -2.01448447	-0.20608261  0.40888250 -0.35274649  0.62979102 -0.25279230 -0.08192223  0.06396281  0.07215844 -0.11489514  0.91104633 -0.36363006  0.00148029	
0.00399200	0.98162961	0.01000000	 147.83244324   38.80913544 -634.27911377   45.61640167   83.39054871    6.90725088	 56.24425507 -14.17557907 -72.19448090   1.21055317   7.49703550  -1.47112501	 159.83321445  215.45620149 -648.64394220   66.68716145   55.59174868   25.75492624	  2.83068029  -3.33044705 -77.88277060   0.41417968   3.65946005  -1.01750576	120.65605221	0	0.00000000	0.00000000	0.00000000	 0.19274605 -0.39882431 -0.01227083	 0.15984666  0.18820687 -1.50969752	 19.27031237  -9.45638644  27.27436311  33.24906436 130.79440598 115.32743806 -18.15437702  -4.99000713 121.99967332 -48.31932395  25.20237784  -1.92796801	-0.21250232  0.41290152 -0.35061425  0.63415521 -0.25216338 -0.08047262  0.06241558  0.06923621 -0.11554708  0.90993422 -0.37225103  0.00149563	
0.00398800	0.99496001	0.01000000	 152.49790955   29.18717194 -619.91101074   43.89332962   80.91779327    7.47620392	 100.72295380  -24.08445549 -162.88243103    4.93782568   17.49108505   -2.67153239	 157.34537614  197.68442076 -622.78312876   63.92313330   51.25032278   25.37921210	  11.95908218   -7.64519576 -169.58388408    3.96184793   13.96407937   -2.54316569	119.69334612	0	0.00000000	0.00000000	0.00000000	 0.18892821 -0.40613021 -0.02344572	 0.13560876  0.17125096 -1.42412982	 20.69398242 -14.85068787  15.74871061  26.25864521 117.41443452 106.06741730 -25.64111580  -5.79580544 130.81020487 -32.73491802  45.79382882  -1.85893889	-0.21873027  0.41677481 -0.34846666  0.63897187 -0.25115097 -0.07835572  0.06113538  0.06636766 -0.11482611  0.90817010 -0.38058823  0.00149563	
0.00401200	0.00830370	0.01000000	 155.80856323   32.15523911 -605.39947510   43.94051361   80.54380798   11.37532234	 157.58378601  -29.60470772 -297.27084351    7.94987488   31.56486702   -2.53896284	 156.58636778  193.42824300 -605.30108010   63.25162649   48.77616869   27.34095655	   8.26109878  -10.22706560 -284.17813914    8.27586030   26.50863821   -2.48684529	118.30842200	0	0.00000000	0.00000000	0.00000000	 0.18945039 -0.41686400 -0.03859676	 0.16217020  0.26744016 -1.28388015	 24.49568109 -20.92527716   3.88518431  19.90431721 104.62246608  95.74754680 -31.79532017  -6.60071076 139.65065774 -17.30094365  68.37991135  -1.11023360	-0.22483552  0.42037201 -0.34635746  0.64423347 -0.24985474 -0.07555621  0.05992587  0.06354514 -0.11300834  0.90612227 -0.38835016  0.00141893	
0.00399200	0.02163629	0.01000000	 158.33915710   46.18417740 -587.64239502   44.98703384   80.90988922   13.80658627	 160.84759521  -60.31869507 -358.44201660    9.71197891   44.49255371   -1.38934147	 159.82484632  195.59589877 -588.02618975   63.90716884   47.86567871   29.86252292	  -5.46503962  -18.79641224 -359.66282189   11.57683407   36.91442136   -2.66389432	117.92031689	0	0.00000000	0.00000000	0.00000000	 0.20055329 -0.41352963 -0.04991143	 0.16410642  0.15924716 -1.27520135	 30.08532757 -29.13702632  -6.76411162  14.76189194  90.22055843  83.36863315 -34.06959859  -6.79381283 146.45965453  -3.73641629  92.06467726   0.13272002	-0.23077969  0.42357036 -0.34436327  0.64973277 -0.24854319 -0.07228116  0.05853571  0.06077630 -0.11052329  0.90369856 -0.39523774  0.00125019	
0.00398800	0.03496666	0.00984011	 161.36743164   59.65575409 -594.93505859   45.70511627   79.66691589   15.13852501	 218.39297485  -72.14149475 -416.64959717   11.18657684   55.36971664   -4.06345558	 166.29528116  208.94282896 -579.65564065   64.23324245   46.05559061   31.31143417	   2.71759977  -35.87438732 -454.86843374   15.68121606   50.80247510   -4.07900688	117.25295799	0	0.00000000	0.00000000	0.00000000	 0.22656879 -0.42285668 -0.06702115	 0.17808445  0.04635432 -1.21882100	 32.14817620 -38.43811161 -18.58463509  12.01784600  78.22870182  71.19827904 -36.04811282  -6.39068686 155.72637507   9.96943744 120.32613685   1.59491003	-0.23637106  0.42627016 -0.34224638  0.65534711 -0.24720095 -0.06876834  0.05679213  0.05806883 -0.10773145  0.90114450 -0.40206394  0.00097408	
0.00400400	0.04812822	0.00918312	 192.30827332   51.24354553 -593.67120361   44.34770966   77.03050232   16.07106972	 191.68931580  -74.73997498 -429.99966431    9.35075855   60.54845428   -5.40482950	 182.17550505  205.95764181 -578.34444302   64.08903007   44.72437329   32.09745441	 -10.17524452  -42.64672621 -490.30097995   16.09664738   57.37453374   -5.16151786	118.52839666	0	0.00000000	0.00000000	0.00000000	 0.25819664 -0.43747423 -0.08230611	 0.16465068 -0.29727522 -1.07299439	 33.66830332 -48.69184512 -30.67019534  10.02611612  67.40375428  58.84149919 -37.48031465  -5.33348834 164.79482168  21.26987290 150.25983217   3.08231888	-0.24145620  0.42836404 -0.34000677  0.66105354 -0.24603513 -0.06530922  0.05461658  0.05541505 -0.10468650  0.89841402 -0.40835327  0.00061359	
0.00399200	0.06055292	0.00835167	 235.26115417   30.87320709 -591.31634521   42.73373795   73.30780029   15.00351429	 214.51379395  -91.74080658 -438.67065430    8.78285789   59.94051743   -9.21666336	 203.42902375  190.73552481 -586.31096997   63.50602389   43.61084240   31.96856960	  -3.44015601  -53.25621801 -505.94814655   15.68503091   59.87513762   -7.53166132	118.58218574	0	0.00000000	0.00000000	0.00000000	 0.29303555 -0.45286143 -0.09643050	 0.16928873 -0.12435017 -0.99225682	 32.85674629 -60.89897458 -40.88757326   9.82124222  57.20072962  46.51054251 -32.91222841  -0.59702215 172.18911813  28.20837716 184.36648930   4.28318024	-0.24586639  0.42963725 -0.33777484  0.66702074 -0.24509940 -0.06214155  0.05196193  0.05286864 -0.10149582  0.89559919 -0.41383725  0.00024544	
0.00398000	0.07204685	0.00766236	 261.17715454   15.17196655 -588.47845459   40.67642593   69.46527863   14.82201481	 180.01306152 -101.39846802 -421.99859619    6.43013096   57.28355026   -9.44250011	 232.59065641  161.49812818 -597.68485642   63.01396918   42.24460912   31.83463589	 -15.57954904  -69.70433182 -495.30129714   14.74116507   57.48219046   -8.44474002	119.87306380	0	0.00000000	0.00000000	0.00000000	 0.32880835 -0.44990081 -0.11656770	 0.21626144 -0.35821209 -0.84051432	 29.14248991 -70.67856232 -49.79880039   9.34860476  47.56828252  35.18702447 -27.73435456   4.96547003 175.62174920  32.28501141 215.36314496   4.55346759	-0.24951726  0.42999774 -0.33551988  0.67340207 -0.24437843 -0.05953378  0.04884390  0.05049097 -0.09763019  0.89284569 -0.41817841 -0.00005369	
0.00400000	0.08278579	0.00725299	 272.51660156  -11.01942825 -517.42181396   34.39732361   59.79099274   14.27579021	 172.17134094 -106.84411621 -422.78918457    5.56357193   56.47158432  -13.27208614	 240.40944975  119.83777911 -568.54196981   59.01744393   38.94901008   30.89034582	 -22.04446047  -76.61860842 -487.23229792   13.22686394   55.62495187  -10.86765419	121.87469152	0	0.00000000	0.00000000	0.00000000	 0.35718569 -0.43486561 -0.12163162	 0.15005195 -0.65765390 -0.94199299	 24.61991029 -79.87531593 -58.40566088  11.07661878  41.04041849  25.08042083 -19.05720123   8.46004811 173.08100206  31.88498053 222.00000000   3.63166803	-0.25238580  0.42946851 -0.33325726  0.68044305 -0.24385688 -0.05752427  0.04530961  0.04838175 -0.09312028  0.89034528 -0.42093959 -0.00013039	
0.00399600	0.09306753	0.00690016	 228.05540466  -20.52559662 -420.48822021   27.53577995   48.19287872   12.77696896	 163.40161133 -114.54683685 -462.56408691    6.17969084   64.93665314  -16.86969185	 216.71941579   90.36633276 -506.58850520   51.84978563   33.24563302   27.80951574	 -42.73562404  -82.29674215 -495.81041522   12.86351602   57.85495634  -12.83259072	122.53015138	0	0.00000000	0.00000000	0.00000000	 0.37272205 -0.43409509 -0.15311189	 0.22273405 -0.57540318 -0.93347909	 13.38597635 -81.82341265 -68.34901934   8.88419852  31.99289328  19.33183555 -11.23333131   9.93223910 168.75345417  28.15430706 222.00000000   1.51115485	-0.25451037  0.42795753 -0.33099464  0.68817431 -0.24348871 -0.05606699  0.04145331  0.04670971 -0.08786640  0.88821304 -0.42183697  0.00003835	
0.00399200	0.10295490	0.00691118	 206.96520996  -29.26266861 -357.89346313   22.53972054   39.79291534    9.79342079	 171.97154236 -131.58676147 -497.82684326    7.20189142   74.86901855  -20.47167587	 184.04591638   59.34352465 -431.96825988   43.14172498   27.11475175   23.13537896	 -58.10103718  -93.56488198 -535.57376005   14.52319149   66.81548117  -16.67172615	123.29728845	0	0.00000000	0.00000000	0.00000000	 0.39416861 -0.44552842 -0.15452869	 0.22671593 -0.69984575 -0.73602139	  1.45142860 -82.99750146 -79.39604307   7.54870576  19.78018670  13.25491046   1.68256892   7.62517400 158.20726969  19.59328740 222.00000000  -0.57524278	-0.25599834  0.42564890 -0.32886240  0.69661885 -0.24323562 -0.05511592  0.03740065  0.04558223 -0.08181485  0.88636458 -0.42095491  0.00040650	
0.00399200	0.11285452	0.00700841	 176.75570679  -46.32715225 -260.89437866   14.04444504   26.90045929    4.09712839	 164.88024902 -140.81689453 -624.70758057   10.89887142   96.53276825  -22.02227402	 152.94263399   25.65609466 -360.55545638   33.97106254   21.86200495   16.85654560	-111.00051348  -99.37851053 -610.04758944   17.85985880   79.07055431  -19.23632539	121.69063951	0	0.00000000	0.00000000	0.00000000	 0.40912220 -0.45553301 -0.16223049	 0.22671593 -0.69984575 -0.73602139	 -8.86314063 -80.68789269 -92.60707796   3.48103584  -0.14312873   7.62197050  19.14251478  -2.75413796 141.30934095   8.79212118 222.00000000  -2.62869025	-0.25694939  0.42276502 -0.32706764  0.70561570 -0.24308221 -0.05447165  0.03331658  0.04503000 -0.07501165  0.88473088 -0.41865394  0.00088204	
0.00399600	0.12286442	0.00706516	 146.82485962  -57.02280807 -178.82363892    8.72294998   17.88380814    0.45719057	 181.31074524 -101.22202301 -714.48529053   15.93971729  110.84462738  -18.50922966	 122.37171230   -2.58141636 -291.18636467   25.66347214   17.31608378   10.86239237	-144.42574979  -75.40553251 -687.58440652   21.95885956   91.57750386  -19.97504549	119.02031867	0	0.00000000	0.00000000	0.00000000	 0.42499987 -0.46579250 -0.17019070	 0.22671593 -0.69984575 -0.73602139	 -20.97966518  -77.59400725 -104.47240279   -1.18171466  -16.38585496    3.50156059   29.52905564  -14.14653804  127.75920969    2.46484841  222.00000000   -4.33631727	-0.25743261  0.41968939 -0.32574841  0.71509570 -0.24304387 -0.05398844  0.02949169  0.04493796 -0.06756417  0.88318926 -0.41527918  0.00140359	
0.00399200	0.13293517	0.00714078	 109.42366791  -58.50112152 -130.64398193    4.52914429   11.52233124   -1.15242600	 206.75149536  -59.64289856 -768.99230957   20.52803612  119.43309784  -13.03180027	  92.69792505  -24.18697153 -225.31994037   18.15904351   12.42566353    6.61836902	-155.91882161  -29.16571647 -761.29988655   27.47353796  102.17510911  -17.39866840	114.92631631	0	0.00000000	0.00000000	0.00000000	 0.43926788 -0.44925117 -0.18573206	 0.42876800 -0.51499164 -0.66382950	 -31.02008799  -71.94311649 -110.68476006  -11.58906213  -28.07783189    2.14900696   36.87915335  -20.51629553  112.98445585   -0.92263658  222.00000000   -3.92324713	-0.25760901  0.41625327 -0.32503513  0.72417682 -0.24321261 -0.05355893  0.02620873  0.04509136 -0.05977155  0.88163996 -0.41114512  0.00172573	
0.00400000	0.14309442	0.00707624	 80.12213135 -60.98273849 -82.09426117   0.93149328   5.71690845  -1.79134822	 216.67922974  -51.03368759 -829.62890625   22.95489311  129.09544373   -7.80781078	  65.78622284  -40.79218572 -167.46559591   11.84975083    8.15690002    3.80051153	-171.73355096    3.12004398 -823.52361046   32.87657984  110.61952964  -13.61989698	111.88615028	0	0.00000000	0.00000000	0.00000000	 0.45952416 -0.44142481 -0.19096978	 0.51801558 -0.55307040 -0.51272333	 -37.98813571  -65.37483959 -116.60214194  -21.91950428  -35.25639298    1.19843815   41.52153626  -27.12609031   96.58837486   -3.19052817  222.00000000   -0.39687139	-0.25757834  0.41292453 -0.32495075  0.73375654 -0.24371114 -0.05301436  0.02349911  0.04516805 -0.05176417  0.88010597 -0.40636677  0.00158767	
0.00400000	0.15318193	0.00693549	 66.30854797 -65.02439880 -43.63967514  -1.48128331   1.79506135  -2.83176804	 253.64662170  -48.41492844 -884.67901611   25.01183701  136.87680054   -6.04197693	  44.51378003  -50.41734673 -124.01649349    7.08449384    5.10758075    1.29774074	-183.07096475   15.06493691 -882.61610149   37.23245386  118.74763847  -11.54193392	109.10059531	0	0.00000000	0.00000000	0.00000000	 0.48377173 -0.44451830 -0.19823987	 0.52162832 -0.62999423 -0.41138982	 -42.71331289  -57.23073781 -119.58362379  -34.03764768  -40.89174901    0.30393257   45.70905296  -30.95723743   79.98420030   -4.47908505  222.00000000    4.52800339	-0.25744793  0.40987960 -0.32538792  0.74325186 -0.24459319 -0.05230106  0.02129999  0.04499165 -0.04364175  0.87858731 -0.40112823  0.00089738	
0.00399600	0.16311079	0.00661074	 62.56881714 -65.88787079 -13.69771576  -2.93704629  -2.70393109  -4.50306702	 255.22663879  -38.81291580 -900.91345215   25.00531197  138.69464111   -3.88952351	 36.87157016 -65.45732610 -87.85331559   3.42193870   2.51309014  -1.14665573	-191.85064252   29.54245785 -922.84762067   39.58209000  123.43192072   -9.45457326	106.22134589	0	0.00000000	0.00000000	0.00000000	 0.50778640 -0.43529907 -0.21617460	 0.57571907 -0.70324630 -0.24240141	 -46.05612912  -49.39095962 -121.48553083  -43.52042417  -46.14891622   -1.20284599   46.95320448  -37.30369619   67.82379471   -3.72259527  221.82937615   10.69982072	-0.25724086  0.40719512 -0.32600921  0.75282395 -0.24577434 -0.05136533  0.01953285  0.04446242 -0.03544262  0.87717605 -0.39555222 -0.00024544	
0.00398400	0.17267205	0.00623279	 51.95314407 -33.05656815 -25.61103058  -1.38550365  -1.76866961  -2.57951355	 295.23263550  -19.57435226 -922.60693359   25.32648277  137.96266174   -1.28390646	 32.90086330 -49.14613771 -74.07996856   1.67714887   1.26110244  -1.36484199	-182.67519238   45.37831693 -958.30491023   40.50012570  126.05693025   -7.59617183	103.83369008	0	0.00000000	0.00000000	0.00000000	 0.53090391 -0.42332158 -0.22988868	 0.57555190 -0.77462707 -0.15588111	 -46.63931479  -43.50347556 -121.94225610  -52.48050445  -51.58423794   -2.61474229   51.27226840  -41.09948928   51.54780672   -3.45945460  214.00645878   17.21083109	-0.25693405  0.40490949 -0.32669181  0.76247269 -0.24729300 -0.05019951  0.01827621  0.04351903 -0.02723582  0.87608695 -0.38964638 -0.00173340	
0.00399600	0.18181992	0.00581387	 59.82829666 -15.23340607 -23.92840576  -0.45895267  -3.06700516  -0.39754537	 300.78933716  -13.38534355 -884.40728760   24.89019394  132.90583801    0.56596220	 37.74903588 -30.15949333 -66.98004122   1.03245743   0.27076772  -0.40317261	-175.39327805   53.30381163 -950.28604056   40.24439372  124.49271128   -6.26523654	101.11121029	0	0.00000000	0.00000000	0.00000000	 0.54987964 -0.41523876 -0.23114984	 0.56153823 -0.73847093 -0.10554729	 -48.34491467  -38.16572147 -124.09632668  -62.07464105  -54.05293853   -3.12932862   51.58363287  -42.69430721   38.35882284   -0.44568724  209.21103208   23.78289385	-0.25655055  0.40295365 -0.32746649  0.77208304 -0.24924114 -0.04895699  0.01739657  0.04210776 -0.01900602  0.87545031 -0.38339540 -0.00343612	
0.00400400	0.19050662	0.00544284	 53.47301865  -9.04842949 -13.70334911  -0.00254285  -3.85105252  -0.29416382	 283.58148193  -14.03326893 -837.87768555   23.20670319  126.21736908    0.00055068	 44.89786615 -22.38694965 -54.99802571   0.59375858  -0.51664286  -0.30879483	-167.72387919   51.71334748 -912.21525703   38.43299696  119.37582824   -5.73011136	98.29985616	0	0.00000000	0.00000000	0.00000000	 0.56669156 -0.41245426 -0.23994361	 0.52093110 -0.78094820  0.11133275	 -51.98130770  -34.42227941 -123.79741960  -70.46360046  -53.10206688   -2.21352903   51.51700521  -39.54029062   25.05106901    2.85415583  204.12944741   29.65153508	-0.25618240  0.40117425 -0.32839453  0.78139430 -0.25163415 -0.04775281  0.01704314  0.04031301 -0.01087592  0.87530458 -0.37675327 -0.00522320	
0.00399600	0.19877651	0.00524645	 34.04142761  -8.86099815 -22.21769333  -0.27355614  -0.99574983  -1.13744438	 268.45498657  -22.20200348 -754.92138672   19.69384003  112.56793976    0.50336587	 33.81439407 -13.79786385 -53.27744232   0.54435894   0.08969684  -0.35685460	-159.43652777   41.40191452 -846.83439908   34.88132977  110.45877159   -5.30974854	97.15211936	0	0.00000000	0.00000000	0.00000000	 0.58277052 -0.40515115 -0.24453450	 0.54593225 -0.83492490  0.18353798	 -51.12591494  -30.54091746 -119.45482679  -78.67576918  -51.84425666   -0.88997111   53.49192064  -34.64852476   11.72674318    2.94946614  196.56130194   33.50280802	-0.25589862  0.39931047 -0.32953736  0.79006898 -0.25448737 -0.04664835  0.01718451  0.03828815 -0.00294524  0.87558836 -0.36958191 -0.00676485	
0.00398400	0.20682147	0.00519159	 44.23700714  -5.79590988 -24.95065308  -0.31099319  -2.38191724  -1.10803831	 234.57281494  -22.95104599 -666.64990234   16.88473129   99.82217407    1.26945662	 32.62431029  -8.50609783 -56.37217584   0.24173355   0.31999962  -0.81521063	-151.76910289   32.45833763 -769.46274706   31.43777121  100.23698994   -4.71205572	97.01822383	0	0.00000000	0.00000000	0.00000000	 0.58971358 -0.38994164 -0.23978168	 0.53714840 -0.78271371  0.20204308	 -51.65940938  -25.34684778 -114.61260831  -85.15216575  -47.46806577    1.18895476   50.17918683  -29.99955824    1.95507415    2.61430329  187.97699791   35.46814452	-0.25566852  0.39713988 -0.33081824  0.79787695 -0.25783142 -0.04564359  0.01764789  0.03621728  0.00468631  0.87630934 -0.36235687 -0.00805340	
0.00400000	0.21481435	0.00532175	 56.13331604  10.44841766 -28.49198723   0.54384792  -3.73172355  -2.09512353	 217.02995300  -27.05381012 -611.99066162   15.30086708   90.75083923    3.32832289	 46.52967947  -2.10669844 -56.57601625  -0.28212109   0.16361722  -1.80233491	-146.01842097   23.34129310 -692.45789479   28.78842149   89.17989403   -2.76709257	97.22686056	0	0.00000000	0.00000000	0.00000000	 0.58937567 -0.37673709 -0.24369584	 0.48306261 -0.69671437  0.23111826	 -50.79408678  -16.87809233 -109.50452960  -91.42786530  -42.34078056    3.17156665   47.16925706  -26.56671327   -9.46633665   -0.37884517  175.59555475   34.97604416	-0.25542310  0.39447075 -0.33237523  0.80497158 -0.26135191 -0.04467718  0.01810342  0.03425378  0.01204942  0.87736779 -0.35404268 -0.00885107	
0.00398400	0.22294299	0.00556006	 44.15024948  16.70877075 -30.12551880   1.14601839  -2.31357908  -0.01167071	 194.18217468  -32.55117798 -543.85101318   13.33905506   79.66571045    3.03347731	 46.92569656   7.08995215 -53.99636290  -0.12493042  -0.03815629  -1.08550749	-135.59171139   15.53152940 -622.78639432   26.23271522   79.22363109   -2.13321817	98.18027211	0	0.00000000	0.00000000	0.00000000	 0.58835663 -0.36454949 -0.25430475	 0.49198855 -0.72296084  0.24090749	 -48.68662284   -6.35312225 -106.20597741  -97.39140617  -38.04278684    5.24266689   47.46151188  -24.36754113  -20.38265920   -6.40105817  165.23595094   32.67795786	-0.25511628  0.39131841 -0.33409327  0.81143731 -0.26537097 -0.04379514  0.01823694  0.03257408  0.01914408  0.87870234 -0.34520698 -0.00907349	
0.00400400	0.23134762	0.00586156	 41.84996414  18.59837341 -25.69412422   1.64482069  -2.23850632   0.14046833	 206.61004639  -43.03619003 -496.90893555   12.43241787   70.18220520    2.17134047	 45.61740916  13.98449734 -51.55131043   0.02719410  -0.03550602  -0.55253317	-123.94387342    0.86263138 -575.17367106   24.48521868   71.61412488   -2.33119748	99.11327349	0	0.00000000	0.00000000	0.00000000	 0.58666229 -0.35280531 -0.26756953	 0.49198855 -0.72296084  0.24090749	 -46.81812326    5.05334391 -101.71441575 -100.52307292  -33.73665165    7.14146021   49.31375711  -25.37290936  -27.94034486  -17.91813916  150.12185350   28.62603997	-0.25474814  0.38756016 -0.33586502  0.81732780 -0.26966611 -0.04297446  0.01801703  0.03131621  0.02547175  0.88031304 -0.33592638 -0.00877437	
0.00398400	0.24007621	0.00630760	 49.41281128  15.44573498 -24.49967194   0.85851091  -2.77782345   0.46366379	 200.67518616  -27.38591576 -457.63693237   11.68651295   62.37096405    2.58889055	 47.12618368  12.06872672 -53.32084659  -0.12558511  -0.32741251  -0.20163543	-104.66932997    4.45706194 -535.90911824   22.21772207   64.65786687   -2.12898710	100.79862523	0	0.00000000	0.00000000	0.00000000	 0.57772519 -0.34616861 -0.28573783	 0.53243128 -0.62392577  0.18184369	-45.00009790  17.65865344 -97.39540224 -99.98094084 -31.08764601   7.94908361  51.61247361 -25.87778704 -34.08818197 -26.55960389 141.66534683  23.58421455	-0.25442600  0.38338006 -0.33763677  0.82255101 -0.27415299 -0.04218446  0.01768716  0.03051854  0.03177641  0.88213849 -0.32646939 -0.00799204	
0.00400800	0.24931389	0.00684580	 41.06436920  11.35091209 -39.12897873   1.05765581  -1.76302958  -0.09806369	 193.93002319  -29.87170601 -422.06619263   11.73640251   57.51522446    1.61306596	 43.70548843  11.18044160 -57.83778784  -0.02009181  -0.23846989  -0.43077591	 -92.48736950    5.79063071 -500.77814205   20.78922444   59.04407454   -2.58692393	102.64329659	0	0.00000000	0.00000000	0.00000000	 0.56950478 -0.33991395 -0.30175522	 0.57933781 -0.56595857  0.16733977	-40.74761138  30.29645177 -95.71486699 -97.54996341 -30.08558956   8.22260014  52.36178389 -25.95876626 -40.02104973 -42.52408585 129.09083526  18.41083400	-0.25421125  0.37888551 -0.33943918  0.82696885 -0.27873960 -0.04136378  0.01744369  0.03016573  0.03753650  0.88410199 -0.31682834 -0.00687990	
0.00398800	0.25913861	0.00744111	 48.56723785  22.15750313 -38.26675034   1.57877254  -2.12722468  -0.48943904	 168.19117737  -39.05186462 -389.48095703   11.05220890   53.42969513    1.75276649	 45.92100394  14.48487430 -59.88864224  -0.04489954   0.00986010  -0.48903577	 -94.96444146    0.33993755 -461.03376927   19.84401154   54.13580925   -2.99830893	104.51548205	0	0.00000000	0.00000000	0.00000000	 0.56391768 -0.33983365 -0.31820687	 0.61194534 -0.52958160  0.18811548	-36.25838072  42.02934322 -94.46404540 -95.63940633 -30.22715598   8.00980005  51.89014938 -28.23581765 -43.74366517 -56.54871796 119.46253384  13.38612644	-0.25406551  0.37423754 -0.34129530  0.83063507 -0.28341824 -0.04048175  0.01741227  0.03009670  0.04272136  0.88610381 -0.30689579 -0.00557602	
0.00400800	0.26963609	0.00804683	 52.80827332  22.67880630 -34.42731094   1.56023324  -2.34401846  -0.18443428	 180.44143677  -36.08936691 -378.54586792   11.59287357   50.66385269    1.14348209	 52.00670118  16.50462792 -57.65950710  -0.00867999   0.03007678  -0.72795507	 -87.90302921   -0.74849566 -440.45161453   19.18498723   51.21949245   -3.37665774	106.12482385	0	0.00000000	0.00000000	0.00000000	 0.55604114 -0.34681069 -0.34022030	 0.60310238 -0.62046066  0.25567978	-30.93601430  52.27992884 -95.19567224 -92.93973965 -30.82892023   7.29763172  51.44394774 -30.75260564 -46.89610940 -74.81550035 103.33667786   8.52813320	-0.25391978  0.36969697 -0.34328181  0.83354962 -0.28826562 -0.03956903  0.01760862  0.03016573  0.04720058  0.88790625 -0.29676387 -0.00418777	
0.00398800	0.28079569	0.00855828	 36.19025040  19.59790039 -40.96488953   1.49562705   0.40344328  -0.37755644	 189.85118103  -38.49095154 -369.66262817   12.02181244   48.02199554    1.86871183	 45.30607399  19.62440686 -57.21137321   0.41126882   0.78039703  -0.50842201	 -82.39835010   -0.40543338 -428.55463926   19.05830613   48.88513175   -3.36266992	106.09188623	0	0.00000000	0.00000000	0.00000000	 0.54682770 -0.35881788 -0.35881923	 0.59299521 -0.50950537  0.33154357	-25.89569743  62.36205793 -92.73657801 -90.32164356 -31.68690309   6.55578838  52.43597483 -33.84153214 -51.08493019 -89.69802618  87.43824475   4.88339590	-0.25371271  0.36552453 -0.34546775  0.83570486 -0.29322037 -0.03866398  0.01795420  0.03024242  0.05112757  0.88934052 -0.28657824 -0.00284553	
0.00399200	0.29252592	0.00896600	 45.28792953   9.26316738 -34.72215271   1.23950684  -0.78750384  -0.70774144	 230.15083313  -44.29513168 -386.90628052   12.32695484   51.15335846    1.27481341	 42.15703200  14.59288399 -58.61503567   0.80418559   0.93748659  -0.39604259	 -72.89171148   -5.27943668 -450.89512179   19.84808659   50.37503961   -3.84577784	106.65911666	0	0.00000000	0.00000000	0.00000000	 0.53498634 -0.37090061 -0.37533522	 0.56526965 -0.54907300  0.37065024	 -21.27627284   68.03093857  -89.84763294  -87.78114831  -29.71676195    5.80007797   53.94295985  -35.50293928  -55.89916146 -104.94104845   69.14999911    1.96423091	-0.25342125  0.36207309 -0.34794512  0.83706248 -0.29830551 -0.03777427  0.01844114  0.03024242  0.05453300  0.89032996 -0.27640793 -0.00166437	
0.00398400	0.30470484	0.00923381	 49.34408188   3.80631232 -37.65219498   1.20969713  -0.40533423  -0.64972144	 264.48498535  -55.93803787 -435.61123657   13.58238029   55.74396133    1.47660303	 45.19432675   5.71286209 -62.28043267   1.25377071   1.02682390  -0.36619936	 -72.07288643  -12.40327232 -504.97054219   21.95629785   55.33454625   -4.32356438	106.51918296	0	0.00000000	0.00000000	0.00000000	 0.52060667 -0.38066270 -0.39298454	 0.55702339 -0.45333458  0.43612070	 -17.07074497   72.44916692  -85.83133606  -85.22181128  -26.96262089    5.49138296   53.98501673  -37.04497595  -60.03382689 -119.63396195   49.74540182    0.40006194	-0.25304541  0.35894376 -0.35075229  0.83761472 -0.30352873 -0.03688456  0.01907732  0.03019641  0.05756262  0.89092052 -0.26637572 -0.00072864	
0.00400400	0.31719255	0.00936689	 52.65563202   5.77275133 -59.46512985   2.06725931   2.10326791  -1.24547303	 392.22018433  -65.23754883 -570.87603760   20.06934738   73.34163666    2.59454274	 47.05921164   9.64113115 -76.65617028   2.17236712   2.13813800  -0.38969273	 -66.63314150  -14.35425739 -634.30112137   27.82424148   69.57355517   -5.81554677	106.22609250	0	0.00000000	0.00000000	0.00000000	 0.50410283 -0.38611561 -0.39945899	 0.52816605 -0.39447243  0.40071568	 -12.86410444   74.25595434  -83.36440482  -82.95446410  -20.89553832    4.99577133   54.99639561  -35.08955683  -65.03183436 -132.21530504   32.26407729    0.50940403	-0.25263125  0.35642803 -0.35395065  0.83743060 -0.30886698 -0.03600252  0.01982345  0.03015806  0.06043883  0.89123499 -0.25635880 -0.00013039	
0.00398800	0.32981926	0.00933241	 81.80236053  -0.41148755 -82.03892517   3.41243267   3.20130205  -1.81176317	 482.96746826  -67.51066589 -705.85845947   26.57391167   86.30052185    5.17036104	 61.63854262   7.90718593 -97.19289183   3.96385803   3.53350300  -0.00492135	 -75.75291005   -3.46785980 -774.03900212   34.66200688   84.71811118   -7.26245162	104.83819136	0	0.00000000	0.00000000	0.00000000	 0.48686496 -0.39310694 -0.40706751	 0.50160513 -0.31622165  0.40768910	 -10.79937931   74.35250956  -80.03429356  -81.95987445  -12.21008110    5.17613125   52.04090372  -33.90583358  -67.69702657 -140.30303953   16.53927330    2.48983435	-0.25214037  0.35460261 -0.35763222  0.83658695 -0.31435862 -0.03512815  0.02062455  0.03015806  0.06340709  0.89134234 -0.24642630  0.00003068	
0.00399200	0.34240991	0.00910373	  99.21331787  -12.91491413 -104.81169891    4.26137114    5.75053453   -1.79819024	 553.47106934  -78.85816956 -790.31610107   30.74240494  100.28042603    5.23944283	  80.01333969    0.25066348 -123.80925750    6.68405279    5.57201067    0.75874570	 -94.18888139   -0.92960348 -914.93113219   41.78198190  102.11712616   -9.21190317	103.95291391	0	0.00000000	0.00000000	0.00000000	 0.46306466 -0.39638129 -0.39711923	 0.39540162 -0.18887481  0.34598956	  -7.48993655   72.39486239  -75.81832387  -82.69854927   -2.21915005    5.64938838   49.89588980  -31.34122972  -72.56620074 -145.43983503    3.19138585    6.92500135	-0.25153446  0.35347512 -0.36178929  0.83516800 -0.32002667 -0.03433815  0.02142566  0.03024242  0.06657475  0.89136535 -0.23697697 -0.00034515	
0.00399600	0.35474858	0.00880301	 116.55345917  -37.28833008 -153.53768921    5.70922756   12.65152073   -1.93557918	 618.73114014  -86.90356445 -919.05004883   36.39393234  117.15586853    6.03793716	  87.22690554   -6.30754378 -165.13950395   10.51614447    8.72792917    2.84597425	 -126.49430021     5.82867270 -1047.63779556    48.17261923   119.03837198   -11.65586748	102.69282216	0	0.00000000	0.00000000	0.00000000	 0.43854293 -0.40014332 -0.38582250	 0.31321330 -0.04132811  0.28778804	  -6.40879642   69.35299013  -67.95001252  -83.15588864    8.66221814    6.19897534   47.34883149  -28.77270234  -75.31385350 -148.16043076   -5.58263794   12.60747834	-0.25085184  0.35297659 -0.36632988  0.83320451 -0.32571775 -0.03358650  0.02209325  0.03041883  0.07000320  0.89136535 -0.22848639 -0.00123485	
0.00400000	0.36675525	0.00841559	 146.71096802  -48.41625595 -182.30757141    7.12823486   14.58860397   -1.64830232	 664.61358643  -84.47198486 -976.56530762   40.27790451  125.60645294    4.72509241	 109.81352693  -17.87054942 -203.51462364   14.29348753   11.16372495    4.38253077	 -149.00783559    14.30641564 -1142.63174748    52.70734822   130.70718516   -13.85894650	100.63870782	0	0.00000000	0.00000000	0.00000000	 0.42156774 -0.40422543 -0.38160996	 0.31321330 -0.04132811  0.28778804	  -4.54191787   64.34261199  -58.38692548  -83.55998562   18.65506083    6.77761180   45.40636436  -25.82135369  -77.34326109 -147.31510421   -9.55917934   19.65906434	-0.25012317  0.35299960 -0.37107754  0.83071178 -0.33127841 -0.03285019  0.02256448  0.03074097  0.07366941  0.89138073 -0.22140707 -0.00261544	
0.00398800	0.37832469	0.00786430	 136.68164062  -44.34778976 -192.43420410    7.82504225   15.38253880   -1.54054415	  655.69293213   -91.93698883 -1000.96240234    41.81951141   130.14457703     2.35952020	 117.59886969  -14.70425263 -224.19922053   16.06666946   12.18591460    5.18630439	 -181.43537679    14.15107367 -1188.79961253    53.92564240   138.17383869   -16.90028299	98.40392897	0	0.00000000	0.00000000	0.00000000	 0.40787946 -0.42550146 -0.36642603	0.17162856 0.13587363 0.40050781	  -2.21173400   57.62441614  -48.43973959  -83.79372312   25.84393487    6.68634702   45.58942035  -24.45925029  -77.51898792 -144.07082484   -6.48463278   27.38431315	-0.24937920  0.35346743 -0.37584823  0.82775122 -0.33657065 -0.03213689  0.02275298  0.03130854  0.07748135  0.89142674 -0.21576969 -0.00440252	
0.00400800	0.38929251	0.00726599	 147.10043335  -31.52425003 -195.15534973    8.77025032   15.46504784   -0.85540867	  663.02655029  -106.70438385 -1007.71374512    42.64933777   132.34933472     0.40065080	 124.94183906   -7.77120781 -233.13396717   16.88362772   12.53757676    5.99556527	 -199.30342563     3.28016501 -1211.99590637    54.34653537   142.68271479   -19.29780222	96.18388029	0	0.00000000	0.00000000	0.00000000	 0.39692742 -0.44730562 -0.34873793	0.10048119 0.20883934 0.45854381	   3.33252923   49.87547357  -35.71752174  -83.71312522   30.48051936    6.18851968   49.22329436  -20.73107757  -77.83849000 -136.08557919    4.07644765   34.42473023	-0.24848950  0.35423443 -0.38053453  0.82463723 -0.34147939 -0.03150796  0.02265873  0.03222893  0.08136232  0.89148808 -0.21165863 -0.00627398	
0.00398400	0.39958203	0.00667316	 122.59604645  -29.27721977 -181.67521667    8.17581463   13.94406033    0.07231133	 604.32257080 -104.68132019 -951.69525146   40.72080231  127.30905914    0.41170236	 123.62482711   -3.91664191 -225.67326310   16.38955366   11.44965310    6.14700518	 -214.36735113     2.44236504 -1170.22839924    52.35661503   140.12362773   -20.60876941	93.29400010	0	0.00000000	0.00000000	0.00000000	 0.39892549 -0.46367828 -0.34517163	0.08327286 0.23654168 0.48986723	   7.67291004   41.28277446  -23.97567060  -83.71539351   32.45655355    5.19993458   52.96708754  -21.18880968  -76.32945116 -127.59441832   19.75671468   40.73939298	-0.24744639  0.35520852 -0.38501376  0.82101703 -0.34592792 -0.03094039  0.02244668  0.03354048  0.08527397  0.89151108 -0.20902018 -0.00830650	
0.00399200	0.40921709	0.00614530	  94.01089478  -23.66870689 -170.90457153    7.64177942   14.20160580    0.46671993	 576.25164795  -97.69100189 -911.69464111   40.50675583  122.50302887   -3.16241288	 103.06043300    4.70662208 -205.14048449   14.66681702   10.06166545    6.08535780	 -217.34299977    -0.57578737 -1113.55252209    48.92719783   135.00261088   -21.98676514	91.09499579	0	0.00000000	0.00000000	0.00000000	 0.40496046 -0.47811895 -0.33008949	0.09743894 0.25753849 0.59584848	  11.69201010   33.60822183  -12.40840570  -83.79071823   35.05033643    4.57374729   55.91202401  -21.99860285  -73.51298707 -118.68666853   37.31493130   45.83521388	-0.24617319  0.35625163 -0.38911715  0.81705934 -0.34999299 -0.03052621  0.02228174  0.03529689  0.08911660  0.89151877 -0.20763959 -0.01017796	
0.00399600	0.41826773	0.00561437	 107.25432587  -31.38934135 -165.53446960    8.36117935   13.65495682    0.47059304	 505.04251099 -113.42214966 -845.33996582   36.28335953  114.49037170   -5.37918949	 101.65764715   -0.23696930 -198.42991832   14.83331034    9.73339024    6.48932854	 -225.62161861   -13.89366478 -1033.50808715    44.66183535   126.90544209   -22.39671545	88.40063349	0	0.00000000	0.00000000	0.00000000	 0.41161846 -0.48823009 -0.31169857	0.11381399 0.23253158 0.61278852	  16.30984792   27.37042161   -3.48952450  -82.28776416   35.51135786    3.39911918   59.42707601  -24.06703218  -69.76866828 -111.24169788   56.15003020   48.71835946	-0.24463920  0.35721803 -0.39265299  0.81272584 -0.35366687 -0.03025009  0.02223462  0.03745980  0.09280582  0.89153409 -0.20727912 -0.01173495	
0.00399600	0.42672828	0.00516266	  93.49329376  -20.14891243 -161.81056213    7.91526794   12.42057323    1.17758191	 497.62179565 -122.51635742 -815.27301025   35.05331802  110.77792358   -8.34729671	  99.68903229    2.34855129 -191.42774653   14.09449514    8.70885139    6.47889393	-221.02860216  -21.86032102 -986.05768750   41.04886373  121.96676503  -23.71803847	86.59390709	0	0.00000000	0.00000000	0.00000000	 0.42261257 -0.49226973 -0.30070436	0.11284362 0.28172360 0.63887945	  19.34879992   23.49991130    1.42430346  -80.56782308   36.27948356    2.71368441   59.80463211  -25.20131941  -66.96992898 -105.66808267   72.60423168   48.96085189	-0.24282911  0.35802338 -0.39551386  0.80797821 -0.35687289 -0.03013505  0.02232886  0.04001388  0.09630329  0.89156479 -0.20755523 -0.01277806	
0.00400000	0.43468899	0.00476157	  90.70524597  -21.92200279 -165.65420532    7.92282343   12.25809097    1.19748485	 477.70193481 -130.81858826 -807.14373779   34.09287262  109.99032593  -10.04738903	  94.20627652    8.48014627 -189.19449945   13.33021348    7.87423838    6.30971806	-225.76171861  -32.53364498 -954.75429870   38.13945234  118.98624620  -24.35348385	84.57590354	0	0.00000000	0.00000000	0.00000000	 0.42290836 -0.50169606 -0.29543301	0.11477922 0.27522486 0.69727393	  22.47274143   20.99950563    4.51094115  -77.52836393   35.48922080    1.63671666   59.95487060  -26.97816309  -64.23187971 -102.48056039   87.64521310   46.94109158	-0.24076590  0.35869065 -0.39774579  0.80279332 -0.35960338 -0.03016573  0.02250165  0.04290543  0.09958601  0.89159548 -0.20809212 -0.01321524	
0.00398800	0.44219726	0.00447155	  86.03761292  -29.14716339 -166.21868896    8.01552963   12.69116211    0.93758142	 455.69064331 -130.02983093 -784.32879639   33.81101990  108.37748718  -10.70076180	  91.05502336    6.86304035 -190.12880640   13.46275361    7.57089217    6.24621712	-228.26954513  -35.96864114 -928.18566984   36.21173703  117.25559535  -24.99892693	82.47153717	0	0.00000000	0.00000000	0.00000000	 0.42171769 -0.51270245 -0.29361082	0.12551568 0.19921220 0.74065162	  25.25218747   20.28481929    8.08906557  -72.53239358   34.81892412    1.34194225   61.60615318  -26.98284636  -61.20700468 -100.31132021   97.59830850   43.18701009	-0.23851095  0.35925823 -0.39949453  0.79720199 -0.36187366 -0.03036514  0.02276083  0.04608844  0.10264631  0.89161080 -0.20862134 -0.01308485	
0.00400400	0.44939211	0.00419590	  77.95010376  -33.38502502 -176.71479797    8.63734245   14.46109009    0.64828271	 434.17239380 -110.07183075 -758.41552734   34.35585022  105.64554596   -8.13089180	  86.10198208    5.74800536 -192.83260646   14.07048147    7.90607044    6.59344440	-230.40430035  -26.12297727 -897.78408552   35.68797937  114.51162036  -23.91480819	80.79749631	0	0.00000000	0.00000000	0.00000000	 0.42737923 -0.51468265 -0.29400127	0.13533953 0.25234602 0.73877102	 27.46793321  20.31586670  11.19036477 -67.76834791  34.59780770   1.80593067  62.88110748 -27.90631774 -59.23141910 -99.61487983 104.40447700  39.32911097	-0.23609494  0.35981813 -0.40087512  0.79111975 -0.36370677 -0.03066427  0.02323207  0.04950155  0.10550718  0.89161080 -0.20897415 -0.01250961	
0.00398800	0.45627168	0.00396009	  82.91092682  -40.96663666 -189.30285645    9.32043743   16.38360596    1.01787317	 433.40823364 -101.40509796 -743.73339844   34.53740692  103.42198181   -4.40081215	  84.61356409    4.91830167 -207.82118648   15.55030060    8.76046214    7.38876600	-223.85569825  -11.54422830 -871.70443138   36.44329825  111.62659338  -21.11047515	79.05985808	0	0.00000000	0.00000000	0.00000000	 0.43812011 -0.51783576 -0.29167056	0.14620079 0.19395700 0.72180035	 29.67123440  20.15195009  15.83428371 -61.57635578  38.55618814   3.30989502  62.84732235 -27.01804491 -57.37762449 -98.15233912 107.88134572  36.06615065	-0.23354852  0.36046240 -0.40189523  0.78438556 -0.36509502 -0.03103242  0.02397820  0.05312174  0.10816863  0.89161080 -0.20908153 -0.01173495	
0.00400000	0.46289584	0.00374871	  94.89794922  -49.20984650 -231.53968811   11.15113068   19.86446190    0.30165476	 441.44821167  -85.83528900 -720.23956299   34.83759308   98.40010834    1.80612850	  92.17634481    6.29436003 -235.18918473   17.80408082   10.17159915    8.04600568	-210.55531481    2.95325363 -855.20269021   38.35729483  108.18846284  -17.43993914	77.40009404	0	0.00000000	0.00000000	0.00000000	 0.45148807 -0.51946304 -0.28833936	0.14690178 0.12585498 0.73769059	 31.55373744  21.67098064  20.76284732 -54.42168623  41.93367176   5.11064131  62.44736279 -27.51339462 -56.34733159 -96.25884420 110.52230945  33.43911849	-0.23089474  0.36123705 -0.40276191  0.77706081 -0.36623785 -0.03144660  0.02499137  0.05692602  0.11065368  0.89161080 -0.20894349 -0.01093728	
0.00398400	0.46927619	0.00357471	  99.56696320  -48.54695129 -255.18031311   13.08150768   23.14679337   -0.78877622	 452.32156372  -74.26972961 -697.78302002   34.36888123   92.71007538    6.57823801	 103.10699677    9.68172841 -260.77618741   20.33960753   12.10050479    8.49936718	-193.28369270   16.77203971 -848.47027813   40.14725564  104.48403478  -13.72030601	75.86052769	0	0.00000000	0.00000000	0.00000000	 0.46122131 -0.51192209 -0.29088799	0.16071138 0.16789904 0.74298611	 33.05944087  23.00213161  25.73642340 -47.13274359  44.94460313   7.41489812  62.92579807 -28.73434427 -56.27270761 -97.05002725 108.64893468  32.06559096	-0.22814125  0.36218047 -0.40332949  0.76926053 -0.36702016 -0.03189145  0.02613019  0.06081466  0.11303135  0.89161849 -0.20856765 -0.01024699	
0.00399600	0.47546980	0.00347176	 111.96886444  -58.39995193 -307.34555054   16.24551964   27.69095802   -0.97039211	 449.38385010  -63.75079727 -662.47570801   33.26559830   85.43375397   10.98032284	 116.52423677   14.71898520 -293.39532889   23.71318325   14.26353877    9.71190842	-170.92170072   26.46554854 -828.93517761   41.74031829   99.00927003   -9.82064500	75.25037954	0	0.00000000	0.00000000	0.00000000	 0.47147279 -0.50365599 -0.29362791	0.16071138 0.16789904 0.74298611	 35.46602302  24.38457083  28.54272129 -39.51183441  47.31238301   9.71047032  62.63091541 -30.29843932 -56.19883143 -95.90425400 109.10725761  31.69835638	-0.22522669  0.36333093 -0.40355191  0.76123011 -0.36743435 -0.03235165  0.02729258  0.06468796  0.11517125  0.89164150 -0.20792338 -0.00974845	
0.00399200	0.48154679	0.00341846	 132.67868042 -150.22947693 -510.43774414   24.84629250   23.47268295    3.38675332	 435.10275269  -56.07874680 -629.13446045   31.94382858   79.73423004   13.23599529	 134.51373977   11.16679280 -418.92072096   30.78986069    8.83120991   11.97995135	-153.41172144   35.07153522 -797.18258472   41.71596878   92.95177456   -6.54451121	73.73615517	0	0.00000000	0.00000000	0.00000000	 0.47978846 -0.49544452 -0.29664814	0.19688427 0.11923911 0.65625207	 36.91346556  25.87430184  30.69786122 -32.38498205  48.28699454  11.59172873  63.11312539 -31.33188920 -56.72206800 -95.51887903 107.66366128  32.19892432	-0.22208969  0.36471152 -0.40343687  0.75312304 -0.36752638 -0.03283485  0.02840785  0.06843087  0.11739553  0.89166451 -0.20694931 -0.00948767	
0.00399600	0.48756674	0.00334994	 198.61546326 -256.31759644 -801.65252686   40.30022812   12.13701439    8.98690510	 427.76876831  -49.88114929 -597.88476562   30.89926529   75.78524017   13.65917397	 188.64851494   -3.14003160 -707.03405831   45.23993531  -12.16063037   15.46250717	-137.27048087   40.93246546 -762.87324553   40.66602232   87.84120832   -4.47954565	72.46573655	0	0.00000000	0.00000000	0.00000000	 0.48826721 -0.49579598 -0.28886883	0.18173611 0.07630360 0.60574978	 35.05894201  27.71382640  30.92540344 -25.63115382  48.36520709  13.36121971  61.80688121 -30.73750022 -57.82100031 -93.72720913 108.78350909  33.09256134	-0.21873027  0.36636823 -0.40294600  0.74523836 -0.36728862 -0.03333339  0.02946028  0.07208174  0.11956611  0.89167982 -0.20559174 -0.00944932	
0.00399600	0.49351054	0.00326063	  304.11816406  -202.53752136 -1046.38842773    59.62013245    11.79634762    19.43598938	 403.32528687  -49.47830200 -563.25762939   29.15278816   71.05456543   12.28161335	 315.13637930   56.74113665 -958.33259318   60.18708212  -26.20656798   22.04002709	-127.59056334   41.61701474 -724.18334408   38.29268248   83.02192420   -3.89415570	70.60412020	0	0.00000000	0.00000000	0.00000000	 0.49215551 -0.50624060 -0.27809688	0.13410630 0.13223959 0.66061927	 33.01324010  29.53518914  30.68196600 -19.74916293  46.00444647  14.89578799  60.59311994 -30.15914690 -60.51739957 -94.46997671 106.38214175  34.15732802	-0.21527882  0.36840075 -0.40217900  0.73793662 -0.36661366 -0.03410805  0.03045774  0.07564057  0.12169834  0.89168751 -0.20376630 -0.00953369	
0.00399600	0.49935508	0.00318760	  266.84494019  -146.47216797 -1124.51684570    67.76801300    12.44832420    24.21218681	 361.01315308  -63.78419113 -515.06848145   25.63372803   65.76876068    6.19436312	  363.68808609   146.73956259 -1054.38279678    65.79519563   -32.50873716    26.15166650	-123.33137877   32.86946906 -673.48455294   33.72346040   77.76242504   -5.16309946	68.75856871	0	0.00000000	0.00000000	0.00000000	 0.49304845 -0.51546930 -0.26748440	0.11358915 0.19509131 0.65716383	 32.52960011  32.68198146  30.95807433 -14.21534662  42.54445090  17.72911728  60.12903569 -29.27832994 -63.48810228 -94.14913477 105.32396638  33.87887850	-0.21218784  0.37091649 -0.40123561  0.73203850 -0.36540180 -0.03562669  0.03154158  0.07910737  0.12375388  0.89168751 -0.20141931 -0.00958738	
0.00399200	0.50511622	0.00310007	  218.35646057  -148.19813538 -1091.14428711    69.81047058     8.80357552    21.65697479	 313.82397461  -70.56553650 -465.38186646   22.17287636   60.43755722    0.75823402	  346.98681839   174.81942700 -1102.77128326    69.52487166   -39.52517819    24.51717254	-121.99766252   19.26322771 -621.95653837   28.18194293   72.79848547   -7.28993856	67.39960420	0	0.00000000	0.00000000	0.00000000	 0.49487493 -0.51630569 -0.24742786	0.11310477 0.18688898 0.60722761	 30.43667065  39.73522515  32.41108232  -9.85831734  37.59815591  22.74569729  57.54778518 -30.14401741 -65.30014700 -92.58516935 100.71499760  33.04703303	-0.20968746  0.37390774 -0.40009278  0.72813451 -0.36370677 -0.03808874  0.03293174  0.08241310  0.12567136  0.89167982 -0.19856611 -0.00954136	
0.00400800	0.51078898	0.00315799	 151.81613159  -20.53378487 -858.25805664   61.64038467   14.37731934   20.83745766	 262.67834473  -70.49240112 -423.76977539   19.47291374   56.05209732   -1.35908377	 289.91508655  215.60010092 -943.54821612   62.66427978  -33.63916159   22.12850033	-126.12516701    6.70996538 -549.21788995   22.74083432   65.90759317   -8.39366553	67.56882694	0	0.00000000	0.00000000	0.00000000	 0.50637018 -0.48799401 -0.21126084	0.25975972 0.15252346 0.16273606	 28.26377865  48.21961156  33.98398155  -5.58921581  32.52499085  29.13071976  53.32455638 -32.60593423 -66.45828397 -90.18498306  96.58581001  31.43138306	-0.20772396  0.37715212 -0.39859715  0.72592556 -0.36160523 -0.04143281  0.03473030  0.08549640  0.12732805  0.89160311 -0.19519901 -0.00934194	
0.00398800	0.51651502	0.00330286	  64.77375793   23.85242653 -512.03704834   39.31692123   21.07120323   10.78705788	 209.60034180  -76.05533600 -343.59774780   15.63330460   48.63996887   -3.41141748	 197.97866712  216.46405325 -665.75109527   47.52952631  -17.45333985   17.73840947	-123.21633864   -7.18361376 -463.87451105   18.07473671   58.15450871   -8.75804317	67.67819051	0	0.00000000	0.00000000	0.00000000	 0.52078007 -0.47029905 -0.16552635	0.28269712 0.27244492 0.08835119	 18.20266467  60.06699506  34.19404022  -3.85406423  29.47440597  38.12325786  37.37291159 -37.89262305 -65.13269565 -85.77072473  91.38062805  28.48871671	-0.20586018  0.38108677 -0.39669502  0.72479808 -0.35930425 -0.04529077  0.03690585  0.08834960  0.12863961  0.89126569 -0.19136406 -0.00888175	
0.00400000	0.52240872	0.00351531	  46.41520309  -25.82549095 -373.41192627   25.42242241   24.47983742    1.75259781	 223.57218933  -67.79065704 -325.06753540   14.12473202   41.13974762   -1.11977518	 127.62280848  150.47663060 -488.25916796   36.70891636   -4.15858854   12.28874982	-106.45450767  -11.75662330 -424.69072233   16.14720099   52.11863225   -7.64539496	66.46865472	0	0.00000000	0.00000000	0.00000000	 0.52793091 -0.51352883 -0.13943456	0.28736422 0.29367750 0.20997636	 16.47004132  70.27217176  37.35511224  -2.27211603  28.90906735  47.19705787  29.06255881 -41.46183974 -67.20362392 -79.02335146  86.59686311  24.13031171	-0.20413445  0.38549697 -0.39441705  0.72409248 -0.35698792 -0.04967029  0.03928561  0.09086534  0.12961368  0.89058304 -0.18704590 -0.00809942	
0.00398400	0.52852970	0.00375861	  24.65129089   -4.82044315 -301.75671387   21.58642578   28.58331490    1.78800106	 241.73188782  -61.23329163 -313.06497192   13.74728584   36.69002151    0.43905339	  79.89924188  111.23145334 -360.75878225   29.48153628    6.64909988    9.99496927	 -82.03981625   -4.94880499 -417.03663396   15.49526952   46.72091736   -6.02571667	65.28200459	0	0.00000000	0.00000000	0.00000000	 0.51854469 -0.53809850 -0.14560744	0.21482680 0.30718563 0.45440293	 15.50165309  78.44604260  40.71635685  -2.60057381  27.31328224  54.32476270  23.77339138 -45.59223293 -70.64409466 -72.35752507  80.28457039  19.07670425	-0.20241639  0.39053610 -0.39190134  0.72361696 -0.35471764 -0.05369699  0.04166536  0.09308194  0.13022727  0.88969332 -0.18217552 -0.00702563	
0.00399600	0.53492767	0.00412346	  16.83061981   66.30342865 -297.23025513   26.15357018   35.71908188    3.70038915	 271.04983521  -84.45606995 -335.29049683   13.63579369   37.81394958   -1.23119962	  65.87196565  138.73616615 -297.49745428   27.51158333   13.62494062   11.06215377	 -71.93663828   -7.16872511 -437.45678496   15.57855241   45.80986798   -5.64632490	65.49412588	0	0.00000000	0.00000000	0.00000000	 0.50123420 -0.54702357 -0.15931476	0.01848379 0.30592896 0.40810009	 19.00345437  83.06855777  46.60571909  -2.61512710  25.52609155  58.93703875  27.38239631 -46.30512472 -75.20010012 -66.35624038  70.47308555  14.13139604	-0.20062931  0.39619648 -0.38918617  0.72318745 -0.35258541 -0.05700272  0.04390375  0.09499941  0.13050339  0.88888031 -0.17669921 -0.00575243	
0.00400000	0.54173344	0.00455433	  -3.53682399   77.16503143 -327.00814819   27.74100304   41.01882935    5.10160351	 296.17398071 -125.37998199 -384.26940918   13.75626564   46.18470764   -7.15105438	  60.06311213  172.44171050 -286.11619722   28.32481143   17.21992712   13.01443339	 -78.27440463  -24.11149274 -473.01724955   14.62674847   50.64979801   -7.83812858	64.17171525	0	0.00000000	0.00000000	0.00000000	 0.49289146 -0.55804235 -0.15437327	-0.03074793  0.29730797  0.38326367	 15.58290950  87.55413785  47.98839913  -4.24196791  24.92186920  63.36402272  25.83231187 -47.11136514 -79.41439009 -62.52793200  52.44107226   8.88144009	-0.19893426  0.40237075 -0.38635600  0.72273487 -0.35069093 -0.05959514  0.04577300  0.09698591  0.13048038  0.88840479 -0.17066300 -0.00434883	
0.00398400	0.54900914	0.00507591	   2.71759605   51.43119812 -344.17926025   28.33267784   44.29685593    1.96217108	 314.08316040 -151.46034241 -426.86126709   14.48644257   54.01277924  -12.73991776	  54.30480337  179.75281826 -303.30993959   30.61418225   20.21599193   13.94636319	-102.31052314  -52.37059826 -524.53400804   13.58099507   58.90780400  -11.28894284	63.01599541	0	0.00000000	0.00000000	0.00000000	 0.48871713 -0.56785794 -0.16874532	-0.04657772  0.22315714  0.38247944	 14.65633263  89.76812712  50.88713950  -3.58513491  26.93953123  66.57319384  28.31992817 -46.54423293 -83.39190568 -59.35326753  30.35398221   3.54404716	-0.19753833  0.40882879 -0.38348743  0.72209829 -0.34914929 -0.06154330  0.04738306  0.09901844  0.13025795  0.88833576 -0.16435833 -0.00283786	
0.00400000	0.55687344	0.00546494	  -2.43038130   66.23674011 -350.75402832   30.20996094   46.65625381    1.25858390	 306.83163452 -159.54093933 -430.38876343   14.26415062   55.38315201  -17.85907364	  49.09619504  184.63056444 -314.21918665   32.70723647   22.97729533   13.94512229	-122.95804389  -66.61377885 -548.89946103   10.50349842   64.48066685  -15.16838070	60.33041261	0	0.00000000	0.00000000	0.00000000	 0.48763505 -0.57026308 -0.17987744	-0.01629049  0.27066963  0.35071844	 13.09594907  90.27016129  51.22728606  -4.11117861  30.22628520  69.14165532  30.35464063 -46.53052254 -87.82118965 -57.49357984   7.79727084  -2.02994724	-0.19651057  0.41539425 -0.38063425  0.72118556 -0.34802949 -0.06273980  0.04855330  0.10121970  0.12996650  0.88861954 -0.15820707 -0.00124252	
0.00398800	0.56516343	0.00587113	  -0.39204913   84.84426117 -365.57461548   31.96455574   47.09899902    1.65914130	 289.55734253 -171.92840576 -407.80804443   12.02244473   52.30569458  -18.76743317	  53.43326138  203.59486615 -322.36034600   33.91747603   24.14891018   14.12257719	-128.88398442  -76.18316239 -543.87513923    8.15318441   64.82417640  -16.68281828	58.64289393	0	0.00000000	0.00000000	0.00000000	 0.48199192 -0.55421687 -0.18626113	-0.07089371  0.35064774  0.16013525	 13.00474587  88.94288658  51.15513489  -3.23042393  34.05530242  69.58510162  33.34882610 -44.91944587 -90.63288926 -56.81588960 -10.83445860  -6.56193880	-0.19570524  0.42189831 -0.37769666  0.72003508 -0.34736988 -0.06314631  0.04929158  0.10379679  0.12959068  0.88903373 -0.15240863  0.00024544	
0.00401200	0.57391828	0.00618721	   3.77351713   78.42387390 -366.36831665   30.73556519   46.54282761    2.22158098	 299.79754639 -183.00094604 -383.35406494    9.80232334   47.18220520  -18.18658257	  56.83858881  212.55778169 -325.16462278   33.68955283   24.20787237   14.45014726	-117.10429485  -91.19648227 -528.91604696    6.87182017   61.27335525  -16.10741597	59.20530337	0	0.00000000	0.00000000	0.00000000	 0.47796348 -0.55816567 -0.19215411	-0.33677775  0.28838265  0.01037216	 10.23391648  88.85429913  48.21549338  -2.43270669  38.00036266  69.47232301  32.29406087 -45.00864944 -92.10988406 -57.85681573 -29.49432639 -11.36814506	-0.19509931  0.42810327 -0.37489715  0.71873885 -0.34707075 -0.06293922  0.04957432  0.10686475  0.12908445  0.88960898 -0.14721611  0.00179476	
0.00398000	0.58300656	0.00653139	   6.15164995   59.19898987 -349.83081055   28.86563683   44.73368454    3.20988226	 290.65151978 -174.40222168 -300.98205566    4.81281853   30.30185318  -15.51775837	  55.84207819  199.58284267 -323.00774058   33.11457571   23.38560225   14.76868515	 -82.08210175  -98.01864363 -496.09974120    5.24255529   51.92357608  -14.18437589	59.57208699	0	0.00000000	0.00000000	0.00000000	 0.47708774 -0.57103190 -0.19723148	-0.30405057  0.28020080  0.05376334	 10.02975771  87.88590378  46.67502246  -1.09265057  41.95975781  68.55689850  33.21325136 -45.49340691 -93.07734915 -59.75077133 -44.86747348 -15.75489976	-0.19483086  0.43398610 -0.37190589  0.71735060 -0.34703240 -0.06238699  0.04938583  0.11040825  0.12837882  0.89029157 -0.14293630  0.00328272	
0.00400800	0.59249294	0.00677562	   4.98543692   67.67403412 -323.95761108   28.29330063   42.99653244    3.86653018	 278.21649170 -151.20835876 -214.89512634    0.75364470   13.70423985  -12.25973797	  55.30678147  194.04890190 -304.10689249   31.94416254   22.66207487   15.03272292	 -35.79060013  -94.60750512 -446.29995924    3.77635018   39.25818508  -11.18189579	59.31266250	0	0.00000000	0.00000000	0.00000000	 0.47681843 -0.57898872 -0.19956249	-0.26708593  0.32488949  0.06907204	 12.94672010  86.81652425  44.76445372  -1.31027197  45.25415570  67.12244313  36.32507866 -47.29370046 -94.32374866 -62.45798684 -57.33953966 -19.76687242	-0.19489989  0.43962348 -0.36887628  0.71589333 -0.34715512 -0.06152029  0.04884390  0.11434291  0.12738940  0.89112759 -0.13896330  0.00469398	
0.00399600	0.60224414	0.00716912	   2.77075148   65.86029053 -313.03839111   27.12155342   41.04717636    3.58756948	 255.18788147 -155.20343018 -154.26702881   -2.91820741    6.09140110  -10.58864880	  51.96124904  189.21573804 -286.76414604   30.50347688   21.35770765   14.66349016	   8.59115298  -95.68520170 -376.66946602    1.84987331   25.78229858   -7.92032527	57.99408688	0	0.00000000	0.00000000	0.00000000	 0.47460034 -0.58472796 -0.20099493	-0.31552071  0.26434213 -0.10742855	 15.95019208  85.61900651  43.65275402  -0.57140511  48.00085016  64.97127261  38.06018014 -48.41468942 -94.24587458 -65.57350754 -65.13951924 -23.07259949	-0.19512999  0.44504610 -0.36573163  0.71435171 -0.34729317 -0.06041582  0.04798782  0.11863038  0.12614688  0.89209402 -0.13561921  0.00595951	
0.00398800	0.61242819	0.00741866	   8.02505589   44.64699554 -304.35260010   24.69860840   39.17741394    2.75151277	 226.13546753 -140.44483948  -67.92806244   -6.81482124   -7.88521671   -9.28451443	  48.97356782  173.98602671 -280.92715858   29.20844493   20.28149510   14.29946734	  52.45854199  -97.80037484 -317.45440505   -0.41825978   14.54138745   -5.78765872	56.93835249	0	0.00000000	0.00000000	0.00000000	 0.47211474 -0.59671752 -0.20220897	-0.34002341  0.25786469 -0.11606222	 14.86164770  86.64989227  40.95287700  -0.33221680  50.58866903  63.54491510  34.91574789 -51.89268571 -92.29372093 -66.16710612 -73.41411256 -26.25585528	-0.19540611  0.45035365 -0.36248726  0.71269500 -0.34736988 -0.05905058  0.04685684  0.12317096  0.12449785  0.89311409 -0.13284270  0.00713301	
0.00398400	0.62288737	0.00770944	  13.25701714   51.92330551 -306.37863159   25.65123558   39.30219650    3.06377339	 209.51516724 -123.37723541  -26.39123154   -8.32660675  -16.04095840   -5.77792931	  51.04376647  169.56527320 -277.82471185   28.81148449   19.87435040   13.92052095	  87.52957669  -99.37933028 -254.61013240   -1.94450368    3.53693921   -3.60665222	55.49393011	0	0.00000000	0.00000000	0.00000000	 0.46969417 -0.60777824 -0.21044358	-0.31203161  0.30966555 -0.07559461	 16.88710842  85.64870146  39.89789157   0.16914099  51.84064736  61.33070281  35.67126556 -54.86327861 -90.36165265 -68.87430249 -78.97093352 -28.98971488	-0.19570524  0.45563823 -0.35922754  0.71098459 -0.34734687 -0.05725582  0.04546669  0.12778825  0.12263407  0.89411122 -0.13058008  0.00816845	
0.00399200	0.63367420	0.00795896	  12.83676910   61.34693527 -308.43328857   26.21897125   39.70919800    3.52134228	218.74769592 -95.41162109 -51.95518112  -4.76410627 -11.91115379  -2.32969546	  54.81253526  177.97144625 -274.62792951   28.93922579   19.96285360   14.48429515	  94.17004946  -75.24288989 -243.48156126    0.09019418    1.32847852   -1.74675934	54.26113072	0	0.00000000	0.00000000	0.00000000	 0.46084576 -0.59992270 -0.21755643	-0.25696765  0.34792763 -0.15415401	 17.11515665  83.99162637  37.79241448  -0.36572050  52.91102615  59.18109443  35.52063552 -57.45777864 -87.55532884 -70.24675537 -83.17328855 -30.79514851	-0.19599669  0.46099180 -0.35589114  0.70926654 -0.34721649 -0.05516961  0.04392731  0.13235950  0.12066291  0.89507759 -0.12886970  0.00908116	
0.00400000	0.64474279	0.00833651	  24.48888206   46.77491760 -319.22763062   25.76969719   39.45170212    3.30166793	227.78875732 -66.49605560 -74.67533875  -2.28726411  -7.82113504   1.23402619	  60.19536381  176.36595657 -280.76893755   29.33940851   19.85192843   14.74018649	  81.57417693  -41.84693568 -247.68606439    2.93497132    3.60472235    0.35891221	52.80765401	0	0.00000000	0.00000000	0.00000000	 0.44560334 -0.58381379 -0.22560820	-0.23330929  0.28585045 -0.30500517	 15.78682957  82.92285284  36.95786410   0.13665574  54.56743177  57.46571999  33.28954896 -60.37065925 -82.89944706 -70.67075906 -87.53499504 -30.00742014	-0.19624980  0.46643743 -0.35252404  0.70757151 -0.34704775 -0.05299902  0.04238008  0.13687707  0.11873776  0.89602101 -0.12777290  0.00959505	
0.00399200	0.65622658	0.00860323	  19.55089188   36.33115005 -318.04644775   25.69497490   40.64875793    2.72278619	 244.09811401 -101.89263153  -44.44488525   -5.12971020  -14.01990604   -0.21895419	  58.95210405  171.56731615 -287.89520613   29.67477619   20.00516998   14.90553151	  97.45912328  -42.33781487 -257.71642849    3.55912980    3.13100117    0.63413218	52.02000483	0	0.00000000	0.00000000	0.00000000	 0.42689165 -0.58700029 -0.24151639	-0.19501066  0.34679415 -0.30605326	 11.74890042  83.13574261  35.67094210  -0.29904435  55.66544275  57.15635568  29.45132938 -62.93082029 -79.58506957 -69.32374645 -90.76917818 -28.12743374	-0.19654125  0.47207481 -0.34921065  0.70589179 -0.34684065 -0.05067505  0.04087996  0.14115688  0.11704271  0.89693373 -0.12737407  0.00965641	
0.00399600	0.66800898	0.00891230	  14.45060825   43.06811523 -323.67431641   26.78481293   42.35255814    1.84382367	199.81265259 -88.50051880 -65.15898895  -3.36341882  -6.86822271  -2.80688906	  56.57450886  174.04574475 -291.46069366   30.75556266   20.88382075   15.26581842	  94.73380404  -59.20595784 -247.63478224    2.71747077    2.13964643   -0.16266469	51.42176928	0	0.00000000	0.00000000	0.00000000	 0.41001164 -0.59572051 -0.24428501	-0.18369073  0.41451221 -0.27506361	 11.11593466  82.19220553  36.45460012  -0.65504137  56.92770894  56.43878645  29.63100322 -63.41978581 -78.27093957 -66.62613059 -92.02957857 -25.53764482	-0.19690174  0.47761250 -0.34599698  0.70421207 -0.34660289 -0.04818233  0.03947410  0.14503019  0.11566979  0.89780045 -0.12756582  0.00940330	
0.00399600	0.68013489	0.00913626	  12.37450695   34.36187744 -330.57534790   26.76038170   43.96731949    1.56197727	 197.51953125  -58.19347382 -101.55895233    0.11583485   -0.28896409    0.82446712	  53.70587321  176.70084234 -296.01532523   31.90936394   21.82624306   15.68068951	  56.03094500  -34.92943007 -238.18923799    3.62550187    6.38106138   -0.08891104	51.48584477	0	0.00000000	0.00000000	0.00000000	 0.39464586 -0.60343478 -0.24541982	-0.31663791  0.48543457 -0.32017614	 10.84618869  80.94942413  36.68841135  -1.17874930  59.81760700  56.44637915  28.85842559 -62.38976200 -77.61630527 -62.72709340 -90.47140242 -22.88662054	-0.19734658  0.48388648 -0.34289065  0.70246333 -0.34638813 -0.04552087  0.03821747  0.14839727  0.11467271  0.89865947 -0.12840950  0.00896612	
0.00400800	0.69251639	0.00934008	  11.58790588   19.05779648 -341.53900146   26.23443222   44.65760803    0.14508492	 281.56921387  -81.48509979 -100.77273560   -0.29955304   -4.05852365   -0.33163342	  49.35502492  176.39321293 -303.61009916   32.52205222   22.30247674   15.50410986	  65.36733410  -21.50592023 -276.00296291    5.08507272   10.06852549   -0.01964211	51.47788684	0	0.00000000	0.00000000	0.00000000	 0.37594999 -0.60634439 -0.25365193	-0.33356517  0.49252189 -0.36854444	 11.39151257  78.95759728  38.76342173  -0.80072741  64.53010648  56.61595649  27.78642260 -59.87736028 -75.79741937 -55.33808131 -87.30561853 -18.25295641	-0.19792950  0.49045190 -0.33989939  0.70058423 -0.34621173 -0.04268301  0.03711006  0.15127349  0.11406679  0.89952612 -0.12999718  0.00817612	
0.00399200	0.70511556	0.00942563	  16.38940620   11.58532524 -352.37026978   26.59686089   46.02256012   -0.72125363	 244.46754456 -121.58911896  -70.15185547   -5.32495975   -9.66136742   -2.95962286	  49.24704017  173.34958757 -318.58463614   33.74033347   23.19410828   15.39215498	  86.85110553  -54.77412313 -287.58715494    3.89194893    7.53039791   -0.59626169	51.59679990	0	0.00000000	0.00000000	0.00000000	 0.36493608 -0.61282482 -0.26178678	-0.36185356  0.51934937 -0.38088594	 12.19649127  77.00609685  40.91336139  -1.22998420  68.47520321  56.66012516  26.51458871 -56.94298511 -74.86163672 -46.28732932 -82.85087403 -13.96609367	-0.19866581  0.49747753 -0.33707687  0.69857472 -0.34605831 -0.03962272  0.03612046  0.15365115  0.11375232  0.90033919 -0.13222145  0.00714068	
0.00398000	0.71780312	0.00952291	  22.34359932   24.17273140 -369.22671509   28.54393959   48.13197708   -0.89797109	151.06369019 -72.56599426 -73.11691284  -1.92459309  -2.80920005  -1.25795448	  56.37441743  183.60470572 -327.47017914   35.16987954   24.38751124   15.82769640	  60.79659795  -60.12517659 -236.04223036    1.99838299    5.46509596   -1.53744826	51.08034098	0	0.00000000	0.00000000	0.00000000	 0.35484808 -0.61637693 -0.26871271	-0.37124028  0.55010348 -0.42578862	 12.96222228  71.43416904  45.21774618  -2.50121470  73.15815438  56.35644355  26.04299595 -52.32251738 -72.62940240 -35.50763485 -77.96175242 -12.33565791	-0.19953251  0.50500172 -0.33438474  0.69648850 -0.34586659 -0.03632466  0.03524081  0.15566833  0.11362960  0.90119052 -0.13495193  0.00624330	
0.00400400	0.73061210	0.00965027	  28.91871643   18.05071449 -382.86532593   29.86873627   49.59162521   -2.15136719	164.41485596 -24.32318687 -95.27520752   2.85508227   2.00917983   3.92253351	  61.95383150  191.53985349 -335.85120074   36.77432235   25.31882590   16.29901847	  33.84067444  -22.41741890 -209.78767362    4.97844822    7.00798658    0.59536249	51.77495319	0	0.00000000	0.00000000	0.00000000	 0.34270494 -0.60845665 -0.28273555	-0.37431806  0.54738128 -0.47198897	 12.34772903  67.33474279  48.48154481  -4.56332874  77.04752444  56.39317380  25.07568740 -48.60880930 -71.16452082 -26.52467920 -75.13113088 -10.31270577	-0.20046057  0.51027095 -0.33178464  0.69436395 -0.34561348 -0.03281184  0.03435331  0.15730202  0.11366028  0.90223360 -0.13820396  0.00549165	
0.00398800	0.74355382	0.00981399	  45.21917343  -22.95574188 -402.74041748   29.65769768   53.22509384   -4.35162354	 234.64331055  -55.68631363 -101.17739105    2.10181808    0.12061422    1.20803416	  68.19966252  178.65198496 -368.23417553   40.07288784   27.54131347   16.68137291	  50.68110918   -6.24496383 -249.41082379    6.23029873   10.91023665    0.12765891	54.32880683	0	0.00000000	0.00000000	0.00000000	 0.34304420 -0.60557139 -0.29294086	-0.39303330  0.46219720 -0.50070861	  9.92172884  79.11575111  57.69011277  -5.90220846  86.54766345  54.48712547  23.26900261 -48.16382715 -67.93370015 -16.74218933 -65.45502928  -6.23912831	-0.20127358  0.51030928 -0.32909250  0.69220102 -0.34527600 -0.02922233  0.03336371  0.15889737  0.11375999  0.90343779 -0.14201592  0.00457126	
0.00398800	0.75667745	0.01000000	  59.81365204 -110.41457367 -532.61267090   33.63432693   69.29771423   -8.41523361	 169.01290894 -172.05216980  -56.86732864   -8.17907715   -4.46841478   -8.91980648	  68.06945340  161.78158413 -465.67096802   47.68303447   33.13079540   18.19881891	  55.30876115  -86.02806012 -250.10664173    3.98872798    8.51795139   -1.14496530	56.96637679	0	0.00000000	0.00000000	0.00000000	 0.34731409 -0.60390123 -0.28680410	-0.40919281  0.51437818 -0.50287354	  3.85422203  92.67388107  67.11160514  -8.71777640  94.36286027  52.12740128  23.32827052 -47.65657611 -64.51421851  -7.11053137 -55.15909474  -3.98061801	-0.20182581  0.50612152 -0.32613960  0.69004577 -0.34485415 -0.02541806  0.03219346  0.16041601  0.11377533  0.90478003 -0.14626504  0.00366621	
0.00400000	0.77001446	0.01000000	  97.49348450 -116.12452698 -647.27246094   41.77460861   85.55792999   -8.89041138	128.56675720 -78.81285858 -78.26166534  -2.25013280  -0.46964329   0.70934176	  86.82633069  170.21771850 -572.63086969   58.96025865   41.35863577   23.22038825	  33.07256745  -93.66621962 -214.24927124    1.58961503    6.66130574   -2.41223889	58.56447928	0	0.00000000	0.00000000	0.00000000	 0.34007267 -0.58701980 -0.28036367	-0.35439695  0.51144522 -0.49879038	 -7.84458349 119.58390846  79.89064977  -9.64987299 101.08596148  48.43854484  23.82858852 -41.92270463 -61.22601793   3.43217717 -37.65118332  -6.50708370	-0.20237038  0.50153494 -0.32261911  0.68802094 -0.34448600 -0.02156777  0.03081116  0.16172756  0.11374465  0.90642905 -0.15082096  0.00334408	
0.00400400	0.78335375	0.01000000	 132.98654175 -111.29505920 -728.64526367   48.06960678   91.81299591  -10.04411602	127.76730347 -13.47190952 -86.92686462   2.59477663   2.50822783   5.16708851	 130.86840809  206.34958138 -669.05751855   70.29681760   49.26934743   27.23160960	  16.49017119  -20.85502208 -186.52752332    5.66981407    6.82926171    1.24523237	56.89584134	0	0.00000000	0.00000000	0.00000000	 0.32463790 -0.54393901 -0.27068897	 0.16413166  0.52286152 -0.55698514	-15.61796932 128.01338803  83.88370118 -11.99193309 105.50181043  46.42864546  24.17633743 -33.87286447 -58.69718712  11.04256679 -29.78856202  -8.37369256	-0.20304532  0.49954075 -0.31823960  0.68608809 -0.34430960 -0.01747971  0.02930320  0.16270164  0.11372164  0.90864569 -0.15565300  0.00338243	
0.00399200	0.79668629	0.01000000	 176.74581909 -165.45799255 -841.94763184   50.82745743  102.99674988  -16.70275116	212.56068420 -49.15086746 -71.31763458   1.69675601  -0.03051970   5.36747694	 165.88581260  222.25012495 -771.31216143   79.26830803   56.17951196   29.42697529	  51.02349304    2.84220797 -216.84634414    7.55325392   10.19229995    1.54548299	56.99847231	0	0.00000000	0.00000000	0.00000000	 0.30855234 -0.48765476 -0.24877668	 0.28935077  0.25094060 -0.65987762	-23.75212638 143.92369214  87.63383956  -9.66915931 113.83610244  47.90602687  22.61035886 -31.86705547 -59.22876421  16.71082585 -26.24915455  -6.68975006	-0.20378163  0.49965578 -0.31297803  0.68433934 -0.34431726 -0.01372913  0.02778738  0.16320018  0.11373698  0.91139913 -0.16066912  0.00331340	
0.00399600	0.81002110	0.01000000	 195.75273132 -198.32327271 -926.55224609   53.72778320  112.80249023  -24.00469589	  70.75112152 -105.65406799   14.03730679   -6.05404139   -3.26528931   -4.62082338	 191.99408920  230.88782603 -867.28123649   87.71477967   64.13248877   29.31150032	  62.63539076  -49.41787841 -177.96206871    5.85560841    6.67876309    1.43396627	58.83594273	0	0.00000000	0.00000000	0.00000000	 0.32070198 -0.41977148 -0.25202897	 0.41765394  0.44109134 -0.75021946	-27.08997354 144.96170732  86.32845093  -4.92444112 122.36205099  52.05244307  21.60346281 -31.73865902 -60.88759725  18.30479768 -29.55194343  -5.25320829	-0.20468669  0.50046879 -0.30701086  0.68281305 -0.34437862 -0.01023932  0.02643650  0.16321552  0.11377533  0.91445947 -0.16575426  0.00303728	
0.00399200	0.82335371	0.01000000	 189.87432861 -227.39112854 -970.04016113   55.00697708  120.84435272  -28.77964401	 14.42959499 -43.74161530  22.52160835  -2.68063998  -1.51084781  -2.26400399	 191.31754708  245.60781415 -947.75813483   95.32070858   71.92701015   28.29595226	 36.06012938 -56.49614887 -73.78386618   0.55667524   1.94686414  -0.82073606	59.02506936	0	0.00000000	0.00000000	0.00000000	 0.32883940 -0.38634056 -0.23237651	 0.50811812  0.25131522 -0.56538993	-32.73429520 154.21365183  89.02449939   1.33634157 138.18242376  55.59000805  18.20098391 -30.74436502 -61.71071164  22.96567634 -28.38531379  -6.54230396	-0.20592153  0.50102103 -0.30068317  0.68154752 -0.34438628 -0.00691058  0.02540763  0.16262494  0.11379834  0.91778052 -0.17094678  0.00301427	
0.00399200	0.83668631	0.01000000	 132.89883423 -227.26153564 -963.45922852   54.83425522  125.82321167  -34.86314774	13.51035786 82.01007843 25.60542107  6.00929451 -0.91672641  0.67979330	 163.10008637  258.02136651 -973.73242979   99.15118345   77.88391718   25.41056476	 26.90148757  10.85859328 -27.83114554   1.32915679   0.46002715   0.78217366	61.42483464	0	0.00000000	0.00000000	0.00000000	 0.33032154 -0.35730935 -0.22845164	 0.50811812  0.25131522 -0.56538993	-32.57633253 148.45456083  88.48787611   6.06814042 150.91909474  57.77106049  19.89250935 -22.75633628 -61.04334065  24.18441591 -25.75174734  -8.03652395	-0.20759358  0.50101334 -0.29445523  0.68046606 -0.34435561 -0.00363553  0.02461437  0.16150513  0.11381368  0.92130101 -0.17631571  0.00317534	
0.00399600	0.85002112	0.01000000	  93.48176575 -214.64578247 -911.90557861   52.63761902  123.59909058  -36.88906097	18.99638939  2.86461163 21.80957413  0.56644672 -2.29118466  2.35040283	 117.80914789  265.28789621 -949.68045077   97.98720440   79.29783961   22.12013276	 32.02446180  25.37244302 -18.70939460   0.92275844  -0.29021446   0.41552347	62.75976767	0	0.00000000	0.00000000	0.00000000	 0.33189373 -0.32801660 -0.22438212	 0.50811812  0.25131522 -0.56538993	-35.14177597 152.90354267  90.77322235   7.03307050 168.60906341  57.89530697  16.15459832 -13.10416702 -57.83160856  25.31405058 -20.62723056  -4.98181643	-0.20967212  0.50073725 -0.28825027  0.67946899 -0.34430191 -0.00027612  0.02415099  0.16000950  0.11381368  0.92508227 -0.18183805  0.00303728	
0.00400400	0.86336040	0.01000000	  56.09008789 -193.17083740 -828.78350830   47.49423218  114.13397217  -35.51485062	  8.87801647 -62.91218185  15.14551067  -3.82212043   0.09729881  -6.41588020	  76.21676970  267.67784834 -888.54659085   92.74660533   75.66396428   18.84844106	 19.13099553 -29.42014716 -27.67507538  -0.58041919   0.33547912  -0.75421178	62.08551332	0	0.00000000	0.00000000	0.00000000	 0.32771321 -0.32248275 -0.20487540	 0.44998433 -0.08898233 -0.78781574	-31.36706030 146.67118599  87.62445994  11.97264805 179.02656045  58.80847693  14.81650285  -1.99030259 -54.89956701  20.70733713 -15.50807351  -2.84007291	-0.21211115  0.50059152 -0.28192261  0.67855626 -0.34420222  0.00309864  0.02404889  0.15841417  0.11381368  0.92874849 -0.18744475  0.00260777	
0.00399200	0.87669301	0.01000000	  32.09339905 -162.48629761 -741.60198975   42.29576111  102.15898895  -31.69681549	 26.34155846 -21.31188965  18.22925949  -1.43526185  -3.14512515   0.10596429	  48.19218312  257.87905105 -798.93562657   84.60307099   69.19951435   16.07852412	 19.39475437 -45.52915148 -34.69949522  -1.18999805   0.21646307  -1.35361380	61.43370356	0	0.00000000	0.00000000	0.00000000	 0.32073661 -0.32767790 -0.18141103	 0.46942794 -0.13472656 -0.71117371	-37.17139770 150.50766744  84.77879716   8.41167419 190.73462114  59.96814133   4.85128050   5.59830484 -50.85374680  12.07716325 -17.39914861  -3.47765668	-0.21487232  0.50050718 -0.27533415  0.67752850 -0.34402579  0.00661146  0.02426094  0.15703358  0.11381368  0.93285954 -0.19306678  0.00234699	
0.00398000	0.89001888	0.01000000	  21.67583275 -139.98358154 -633.47052002   36.72092056   88.67909241  -28.88777351	 5.98241806 65.38636780  8.37615490  4.87001610 -0.15593331 -0.50326389	  33.91200568  236.93158902 -706.59019501   75.27591854   61.77909134   13.71873683	 24.95929371   6.78535407 -26.19414483  -0.73417354  -0.38605386  -0.81820831	62.95514935	0	0.00000000	0.00000000	0.00000000	 0.30808869 -0.30803675 -0.16330532	 0.47148322 -0.21786677 -0.69789463	-32.78303926 142.95875775  80.64400498  10.08708593 197.86853068  60.91003106   1.29058045  13.75071422 -49.06665608   0.42798591 -17.59717787  -4.08848755	-0.21792494  0.50039977 -0.26892212  0.67652375 -0.34368065  0.01037738  0.02468506  0.15603650  0.11379067  0.93703961 -0.19829765  0.00228563	
0.00400400	0.90335816	0.01000000	  17.09451866 -132.99610901 -573.53625488   32.57610703   81.09028625  -25.54164124	-4.18434620 26.08373642  3.73115683  1.44191074  1.01863968  2.60102201	  20.45880564  212.02991443 -619.92118326   65.98449327   53.79212815   12.12981047	  9.80858098  28.09916286 -15.28944060   0.42889166   0.06133469   0.55587009	63.61958559	0	0.00000000	0.00000000	0.00000000	 0.29692236 -0.29752735 -0.14636645	 0.38341140 -0.39022619 -0.74433576	-36.40471324 146.51318015  79.91472419   5.36048176 208.73418274  59.01387685  -4.00033599  16.38078674 -46.03113433  -8.09699540 -20.79768638  -1.44102161	-0.22133805  0.50016201 -0.26198086  0.67546529 -0.34282929  0.01450379  0.02525054  0.15551494  0.11368329  0.94121206 -0.20387368  0.00200951	
0.00398400	0.91668630	0.01000000	  17.39996719 -125.59385681 -498.58193970   27.43056488   70.76399231  -23.96152115	 15.65305996 -30.55328369  24.81758118  -1.62888646  -2.22441220  -3.18649888	  11.59502835  184.56988043 -553.31750995   58.26835032   47.46233149   10.51618435	 17.48209806  -4.33106354 -21.64600861  -0.94256845  -0.12285318  -0.97181483	64.10431482	0	0.00000000	0.00000000	0.00000000	 0.29405232 -0.28720644 -0.13203016	 0.40696023 -0.37562651 -0.72423578	-33.77682071 142.01658005  77.73591082   8.35551982 213.79823740  56.80479894  -7.54794460  20.34735154 -42.22465489 -17.29754180 -17.13354075   0.91511135	-0.22520368  0.49980152 -0.25483251  0.67432249 -0.34120327  0.01919777  0.02595740  0.15543057  0.11348388  0.94523108 -0.20948805  0.00152631	
0.00400800	0.93002778	0.01000000	  17.09154892 -109.89377594 -465.97665405   26.03360367   66.05891418  -21.91641235	 -3.96037412 -19.57287598   2.37066770  -1.19652355   1.21234250  -0.99096787	   8.78889562  171.53810504 -500.98581289   53.22853717   43.80411082    9.35994750	 13.22230959 -28.70235706 -25.77865170  -0.28998781  -0.20067228  -0.37295408	64.67598779	0	0.00000000	0.00000000	0.00000000	 0.30743149 -0.28275936 -0.11732407	 0.39014345 -0.51067065 -0.68846991	-34.08017796 142.88481731  78.68070718   3.47570577 219.92085442  52.60715661 -11.95652863  23.53335786 -36.81578025 -23.45954931 -14.24178507   1.18380333	-0.22954483  0.49944869 -0.24726999  0.67309529 -0.33855715  0.02458204  0.02672709  0.15575270  0.11321543  0.94893569 -0.21517144  0.00115049	
0.00399200	0.94336039	0.01000000	  26.80737495  -91.78364563 -459.79260254   26.60723686   64.95892334  -22.47056007	-0.66706300 16.25254822 -2.58275843  0.92659390  0.64429247  1.14541423	  16.48068051  172.82822312 -469.30269180   50.61214697   41.80591491    8.68310631	  1.60622991  -1.84191745 -21.37237552   0.04610000   0.20536598   0.09570231	63.25408463	0	0.00000000	0.00000000	0.00000000	 0.31371298 -0.27516336 -0.10819277	 0.39937625 -0.59736987 -0.69773739	-28.10251774 133.68337329  74.39542915   6.46459357 215.43537914  48.26740399 -14.38400536  30.06903071 -31.77537330 -32.32681737  -3.64343714   0.48958507	-0.23418513  0.49930298 -0.23913221  0.67179906 -0.33478355  0.03062592  0.02748893  0.15632795  0.11290096  0.95221072 -0.22097756  0.00098942	
0.00398400	0.95668852	0.01000000	  31.11370087 -104.79945374 -499.55844116   28.38542747   69.48113251  -22.82476616	25.32563591 32.32668304  9.06870270  2.27439594 -2.18555069  2.54627371	  21.56698375  184.88008299 -479.89340354   51.82215475   42.12061983    9.34742535	 18.81981661  24.55721610 -24.08471708   1.17969669  -1.00646607   0.99513459	62.98279573	0	0.00000000	0.00000000	0.00000000	 0.31179299 -0.27714339 -0.09760149	 0.30533184 -0.76435139 -0.73351720	-27.79444751 126.61846563  70.69524910   2.89352396 209.10561921  41.53587983 -18.35542501  36.75996464 -28.35418664 -37.63164000   7.78834230   1.14563792	-0.23899415  0.49951005 -0.23068765  0.67044920 -0.32980579  0.03710699  0.02812510  0.15697989  0.11267087  0.95507926 -0.22680669  0.00083602	
0.00400000	0.97002560	0.01000000	  45.25959778 -129.18295288 -557.88427734   31.41303825   76.77921295  -23.91568184	  7.33629036 -12.33001804 -15.29736710  -0.87747627   1.07786322   0.47961086	  23.31711948  198.36440138 -516.01904958   55.73749070   44.27085530   11.10724469	  7.78835432  12.89573388 -31.16759586   0.66516892  -0.35867468   0.72924862	60.39115340	0	0.00000000	0.00000000	0.00000000	 0.30460366 -0.29633643 -0.10716760	 0.29528934 -0.70615324 -0.69296529	-21.92258387 111.69278797  61.97190539   5.74351726 193.64872609  35.47495639 -18.15903774  42.51373346 -23.65607305 -43.84205878  22.15994227   2.54898462	-0.24395658  0.49961743 -0.22202066  0.66910696 -0.32367754  0.04377980  0.02862776  0.15772387  0.11259416  0.95747226 -0.23256677  0.00059058	
0.00399600	0.98336041	0.00996013	  55.07656479 -147.04251099 -594.39190674   32.44859314   81.94211578  -24.88554573	 25.52298546 -17.62001419 -11.06818771  -1.31550562  -1.20802391  -0.86795998	  30.43803727  213.68521523 -568.28231063   61.32034072   47.95661304   13.81089887	  1.56226025  -6.14416941 -46.19474256   0.21620987  -0.20393734   0.33961908	59.47152838	0	0.00000000	0.00000000	0.00000000	 0.30305857 -0.30763581 -0.11458937	 0.26114782 -0.89429155 -0.63779116	-17.84621774 102.08753067  52.10693603   2.75677740 181.65651160  28.19014779 -18.85832731  48.88759770 -20.58450635 -48.03426586  34.72787502   2.59261109	-0.24908775  0.49960211 -0.21317726  0.66780305 -0.31656754  0.05041427  0.02909900  0.15863658  0.11266319  0.95949709 -0.23808144  0.00039883	
0.00399600	0.99665087	0.00985535	  78.70970917 -138.29167175 -643.77893066   36.35254288   88.19750214  -23.98343849	30.32559013 12.66998577 -9.49524117  0.74543571 -1.79332924  0.83784515	  43.38475880  240.24505053 -610.11289976   66.65528997   51.23354758   16.48002773	 10.67385360   7.00147606 -49.78979215  -0.06945125  -0.64912848   0.08475758	57.09478603	0	0.00000000	0.00000000	0.00000000	 0.30139519 -0.31509970 -0.11907682	 0.23424684 -0.87608667 -0.66489976	-11.68084093  88.29674766  37.64379862   2.62441470 163.83670684  22.85835578 -19.55092656  53.91334454 -19.02185653 -54.63778401  49.17142096   2.05467472	-0.25405785  0.49954075 -0.20414980  0.66653752 -0.30904338  0.05696436  0.02960951  0.15985611  0.11287795  0.96113849 -0.24310522  0.00035282	
0.00400000	0.00982717	0.00987751	  88.57184601 -134.01849365 -646.34417725   38.23157501   89.66492462  -22.66013908	  5.21178436  43.44123459 -19.13530159   2.77345610   1.45105374   1.51373339	  50.73468858  257.83908687 -627.34676706   70.12509843   52.55288336   18.82957444	  0.28817793  32.94245083 -36.93880772   0.16499967   0.13247709   0.48872641	56.86636393	0	0.00000000	0.00000000	0.00000000	 0.29982364 -0.32266980 -0.12211374	 0.23424684 -0.87608667 -0.66489976	 -7.10087220  80.04244376  24.44662934   4.26232569 149.81246872  19.19318170 -22.48974205  57.36737680 -16.57876314 -60.13678522  61.64640118   2.03792370	-0.25956485  0.49958676 -0.19521436  0.66531032 -0.30121240  0.06284718  0.03022211  0.16144377  0.11318475  0.96234262 -0.24746940  0.00032214	
0.00398000	0.02301695	0.00999491	  90.56114197 -106.22107697 -599.03887939   36.53139496   83.42386627  -20.91064835	113.89959717 -18.27975082 -45.67732239   2.81314564   0.40926248   0.54914147	  64.43523360  263.58955512 -608.15952508   69.43656647   51.08971112   20.11797739	  8.69800388  27.14906780 -48.74521808   0.76710187   0.93530068   0.28501547	55.78567638	0	0.00000000	0.00000000	0.00000000	 0.30252674 -0.35882982 -0.12330693	 0.11162117 -1.05398271 -0.38755314	  0.71376223  67.99858730  11.99901203   9.29456673 126.46919615  18.59678556 -20.40231186  58.06123301 -13.31200144 -66.26473454  74.78153375   3.55515307	-0.26523289  0.49974781 -0.18642464  0.66398346 -0.29315135  0.06856893  0.03098395  0.16346096  0.11365261  0.96296394 -0.25108191  0.00015340	
0.00400800	0.03635278	0.01000000	 106.00878906 -115.32926941 -569.56579590   32.10063934   74.89221191  -19.38079071	 503.94323730 -125.18544006 -230.13552856    2.46158528    4.70314360   10.84149456	  68.65563948  249.59394495 -579.40111485   65.36749445   47.90302217   18.85557734	  83.22261578   -3.03580983 -314.27969761   11.16071408   17.14730317    3.27222923	56.15995600	0	0.00000000	0.00000000	0.00000000	 0.30350897 -0.38955887 -0.14346776	 0.06068187 -1.07315754 -0.40258383	 12.95044372  62.03754369   1.99926014  12.48295140 105.20531886  18.49723810 -12.46363581  57.95836659 -17.53235190 -74.73679026  86.08115699   4.07492708	-0.27085492  0.49990889 -0.17778833  0.66270256 -0.28496754  0.07361572  0.03190287  0.16596134  0.11428922  0.96292555 -0.25374338 -0.00003068	
0.00399600	0.04968759	0.00998059	  94.63336945 -122.58872223 -508.04336548   26.89814758   67.83922577  -16.89555550	345.62643433 -79.48072052 -35.59075165  -1.94212830 -25.64208603   4.58999252	  60.32319750  224.01770452 -543.04276563   59.51522582   43.41698553   17.49882753	 181.07731598  -35.31759201 -423.02397780   15.35398352   12.23565259    7.96223382	54.07050055	0	0.00000000	0.00000000	0.00000000	 0.29801853 -0.39266400 -0.13959979	 0.05608018 -1.13537767 -0.45565513	 17.45171216  52.93612722  -8.50124055  15.68054832  84.91619055  19.15502448 -10.40388779  54.97884293 -15.26493831 -81.19194129  96.35975854   2.57457141	-0.27632356  0.50002396 -0.16975027  0.66159046 -0.27691415  0.07807960  0.03296315  0.16869183  0.11507922  0.96220458 -0.25531572  0.00001534	
0.00398800	0.06299639	0.00988052	  94.97844696 -107.71009064 -460.30728149   24.33867073   61.02313232  -14.41686344	106.10099030 -17.52491760 -78.85315704  -0.97339952 -12.32979012  -2.56788588	  58.65323311  195.69232544 -490.99533481   53.06663478   38.33051036   16.49951109	 101.93114916   -7.10484381 -248.59280375    2.85026027   -1.64951260   -0.33554084	50.76680586	0	0.00000000	0.00000000	0.00000000	 0.28746694 -0.41205381 -0.13703871	 0.12774077 -1.01761091 -0.34459701	 20.25561838  48.04205704 -16.46335458  13.94172225  68.66686717  18.03794691  -7.01108141  53.78715080 -17.12335574 -87.75972274 100.66784142  -1.50366915	-0.28162348  0.50005460 -0.16244087  0.66068536 -0.26892212  0.08222135  0.03401559  0.17185950  0.11612999  0.96152198 -0.25533873  0.00048320	
0.00398800	0.07619397	0.00982346	  73.45993042  -43.77991486 -308.99368286   20.81233788   44.88864899   -4.10287571	 40.21651459  42.19437790 -77.54090118   2.34569383   0.98375744   5.45683193	  57.82192538  168.17961061 -391.84727959   44.41031513   30.12534969   16.91264801	 -23.56731319   33.34113121 -151.77922859    4.09053342    0.21105872    3.77034123	46.20696904	0	0.00000000	0.00000000	0.00000000	 0.27985413 -0.43862644 -0.15137671	 0.16495648 -1.18141410 -0.32922830	 23.94269618  40.93195612 -24.44245560  10.96679572  51.24571875  16.92866821   2.02166592  52.32517512 -19.49603400 -95.72281918  99.96014424  -3.73192918	-0.28683901  0.50005460 -0.15579873  0.66002578 -0.26099142  0.08622504  0.03506802  0.17519590  0.11771766  0.96167535 -0.25374338  0.00105845	
0.00400800	0.08933924	0.00976158	  50.95746613  -17.44777489 -208.75877380   13.91196918   26.33408737   -3.60630798	 397.40579224  -83.66477966 -186.90850830    6.09254360   10.66285324   10.92470646	  51.29716113  135.10973938 -282.52585227   33.27121733   20.71969878   13.78501718	  37.66830861   35.17940182 -195.79181911    8.14939742    8.09034055    2.56745879	47.05362319	0	0.00000000	0.00000000	0.00000000	 0.29208130 -0.46923732 -0.17097206	 0.15232088 -1.14642356 -0.32743931	  24.40423498   36.43623850  -32.34618291    5.62916770   36.82640797   14.62957691    8.86119992   48.53645097  -22.78103204 -103.73827704   95.29250376   -3.36285324	-0.29181677  0.50010830 -0.14963980  0.65958858 -0.25319114  0.09002165  0.03608904  0.17877008  0.11991892  0.96206653 -0.25112793  0.00144961	
0.00399200	0.10240684	0.00965492	  60.21220779  -37.77022552 -166.54718018    9.99231720   20.47665405   -4.04171133	 403.20318604 -145.29074097 -193.10289001   -0.16844951    8.51735592   19.55671310	  44.67469652   91.83076654 -214.61543790   23.12524829   14.24230003    8.50063119	 106.04440530  -22.21201763 -420.12761385   23.13739859   21.55837629   11.89183610	48.05612827	0	0.00000000	0.00000000	0.00000000	 0.31156224 -0.52899553 -0.14173983	-0.25404016 -0.91716054 -0.05375546	  23.34439356   29.27307608  -43.15000684    1.79343111   19.65508367   12.65007077   14.15016156   40.04497058  -23.55937334 -112.85428601   89.40393032   -2.98837818	-0.29617327  0.50039208 -0.14386436  0.65932012 -0.24569765  0.09366485  0.03725928  0.18276611  0.12250368  0.96160632 -0.24728532  0.00159534	
0.00400000	0.11536035	0.00958566	  72.02763367  -41.93288803 -179.68200684    6.87888241   15.96458054   -4.86637831	127.35056305  -3.70585299 -47.86454773   0.82879484  -5.32733631   3.81761956	  48.21951431   71.25201945 -198.77623702   17.68992020   11.83353637    5.56926002	  80.82675944   -0.05800942 -241.21252341    9.61790311    5.15727510    4.83783411	47.97703075	0	0.00000000	0.00000000	0.00000000	 0.31699094 -0.56643602 -0.09883118	-0.05428893 -0.82938014 -0.32011721	  25.75609040   25.26077944  -52.11765165   -5.47511130    3.24114266    9.46494077   24.51652062   31.64167680  -32.64841497 -127.60765861   74.05365929   -4.52217422	-0.29993153  0.50056851 -0.13864882  0.65917444 -0.23836522  0.09728504  0.03879081  0.18707658  0.12528786  0.96032548 -0.24227688  0.00184845	
0.00397600	0.12822354	0.00929275	  73.07466125  -57.83444977 -153.86972046    4.01973772   13.31972694   -1.18813288	 228.58998108    5.57478333 -143.62435913    4.29185057    1.16357470   12.32956600	  43.84475858   53.76246991 -197.26803188   14.91769402    8.68994924    6.14157817	  52.77610369   44.16631399 -226.67065703    8.39233260    4.13211723    5.18543478	48.56656830	0	0.00000000	0.00000000	0.00000000	 0.26621339 -0.50316662 -0.19333189	 0.25741629 -0.74050611 -0.50793383	  16.29592901   24.03462758  -63.40550736  -13.28165873  -11.15720133    7.49618321   16.75664839   20.98017594  -33.45134413 -138.36636903   57.83573766   -3.90717119	-0.30335230  0.50041509 -0.13432300  0.65922046 -0.23155436  0.10097426  0.04074645  0.19134872  0.12830213  0.95876849 -0.23663183  0.00197883	
0.00400800	0.14077897	0.00898933	  66.15185547  -26.29157066 -124.17230225    5.28999949    9.42149067   -2.06347466	 329.37051392  -31.50533485 -184.49896240    6.40005445    3.77463126   14.19764423	  49.29074038   44.95421875 -167.38964558   11.98449948    6.46573408    4.68915973	  73.49191301   52.55706266 -332.00689608   14.92913938   11.56305643    6.84210309	49.28988806	0	0.00000000	0.00000000	0.00000000	 0.23970352 -0.48565677 -0.26304406	 0.53496133 -0.94592999 -0.40711824	  10.58028480   25.68807942  -67.76528278  -21.42674555  -21.10289737    4.30755741   13.51027856   11.23788665  -40.24223597 -149.83344508   35.37503370   -1.61350204	-0.30661967  0.50000095 -0.13041136  0.65955794 -0.22447503  0.10478620  0.04311835  0.19547513  0.13150048  0.95750296 -0.22958319  0.00184078	
0.00398800	0.15298606	0.00859795	 40.10359192 -20.64781380 -66.28031158   2.68294263   8.08129215  -1.56458807	 216.64715576  -24.65998459 -183.52751160    7.49272490   10.62694645   16.54212570	  38.05355345   31.04609613 -122.98768088    9.19375213    5.16914302    4.53512456	  53.61087879   44.30126266 -351.83563895   20.54452280   16.07311837    9.64975883	50.08766758	0	0.00000000	0.00000000	0.00000000	 0.22826258 -0.52188909 -0.28207997	 0.35431571 -0.86702860 -0.21545842	   8.48463568   27.24224023  -73.87739675  -29.94003010  -39.87288287    0.26928639   13.93604991    0.76277958  -50.30405534 -162.04782534   17.39428814    0.69286828	-0.30961862  0.49978617 -0.12725902  0.65992606 -0.21779455  0.10853679  0.04576514  0.19949415  0.13476019  0.95605332 -0.22202833  0.00144961	
0.00398400	0.16475596	0.00823062	 67.60998535 -31.38901329 -52.37005615   1.40568101   3.09312749  -3.57726765	 209.28912354    9.62994671 -225.57135010   12.66310883   19.19718170   14.40897655	 36.81706413  11.43869020 -99.18990663   6.98364289   4.94045613   2.22660509	   4.75908376   69.39451691 -297.48782770   18.96150639   18.11811640    7.17225503	50.51842584	0	0.00000000	0.00000000	0.00000000	 0.24896019 -0.58931423 -0.26495079	 0.35431571 -0.86702860 -0.21545842	   5.26579640   32.32186924  -73.39925444  -34.43997293  -56.30736951   -4.00077147   17.04417590   -8.17376936  -62.60817711 -169.84551920    1.76807729    2.71575868	-0.31198862  0.49989355 -0.12468193  0.66014850 -0.21162795  0.11214931  0.04860043  0.20345183  0.13778213  0.95386738 -0.21418202  0.00095874	
0.00400000	0.17612647	0.00789481	 77.57358551 -33.19219589 -71.47187042   0.64663899   1.42052197  -3.71118855	 308.12463379  -31.33612442 -279.09426880   15.91835690   28.63726425   19.51906776	  50.23244859    4.68742817 -108.62690452    5.19756760    4.13205140    0.65282685	  -3.37945212   78.12405542 -379.85196565   26.50472516   29.25801370    9.33532738	51.29791056	0	0.00000000	0.00000000	0.00000000	 0.24451988 -0.60052012 -0.29883078	 0.07859823 -0.77324211 -0.21555621	  -2.16410809   34.14714384  -78.36932931  -41.24941569  -71.62630383   -9.17941944   16.00515378  -18.06104544  -68.44252138 -174.81595278   -8.35907221    7.00513638	-0.31351492  0.50019270 -0.12255737  0.66022521 -0.20602125  0.11563912  0.05152211  0.20717174  0.14085008  0.95100653 -0.20646611  0.00019175	
0.00399600	0.18712154	0.00751166	 96.67026520 -52.27121353 -86.59373474  -0.36402410   1.26924300  -2.09183741	 427.09387207   -0.69107521 -437.96936035   26.33916092   45.69458008   22.04446220	  55.29777843    6.00820731 -130.23917192    4.83466624    3.23221308    1.01419005	 -23.24536445  124.70369742 -522.86676830   34.87318750   45.93714099   10.39756374	51.75344793	0	0.00000000	0.00000000	0.00000000	 0.22455460 -0.57615811 -0.35821287	 0.33300275 -0.63388835 -0.18241503	  -9.76025572   37.31639989  -79.63419258  -45.41211265  -82.92574181  -14.61487453   17.26317498  -25.62277779  -77.23707685 -177.92909265  -16.69351926   11.59885561	-0.31441230  0.50040746 -0.12093902  0.66037095 -0.20119688  0.11895251  0.05453804  0.21048513  0.14372630  0.94773149 -0.19898027 -0.00082068	
0.00400000	0.19769299	0.00705661	 73.56786346 -46.60116196 -56.07690048  -0.49692997   0.91375536  -4.66798592	 478.39773560   -7.97950172 -557.43023682   31.70367241   59.62331772   25.93351555	  55.84916472   -6.12156438 -126.32837876    4.50528194    3.26573085    0.40195609	 -60.53526407  162.20199159 -630.90823305   42.59517898   59.17144040   12.18175190	53.28372574	0	0.00000000	0.00000000	0.00000000	 0.20046802 -0.59750718 -0.34436417	 0.37165069 -0.53611390  0.00537988	 -16.78835605   38.63729957  -82.44530125  -51.10583085  -91.71710427  -19.36120663   16.61080386  -30.51485585  -83.25039823 -177.75409611  -22.07294593   18.24639131	-0.31491086  0.50047648 -0.11981922  0.66062403 -0.19717018  0.12201281  0.05762465  0.21329232  0.14649513  0.94431072 -0.19184726 -0.00219359	
0.00399200	0.20775424	0.00657725	 53.69579315 -51.00019073 -49.22105789  -1.35751259   3.22890210  -3.67502093	 544.07012939  -28.21169662 -630.89776611   35.19820404   69.84987640   23.85599136	  38.78029574  -12.72334093 -111.46197669    4.12453900    3.67915482    0.58478625	 -92.44777480  192.12004128 -754.78739531   48.11274072   74.91262593   12.11476178	54.42342618	0	0.00000000	0.00000000	0.00000000	 0.18596065 -0.60053418 -0.33788988	 0.24661833 -0.46902796  0.03830866	 -20.21523922   42.32666626  -80.53511289  -53.52967120  -94.69923636  -23.37044677   19.11926875  -31.76810875  -90.27267676 -175.18123094  -23.74543538   25.91120003	-0.31506425  0.50047648 -0.11918261  0.66083878 -0.19417125  0.12470494  0.06077410  0.21563163  0.14914893  0.94106632 -0.18522814 -0.00395000	
0.00399600	0.21728493	0.00610951	 55.55340195 -38.51607513 -35.18369675  -0.04726189   1.41831338  -4.32639027	 573.90240479  -92.62322235 -720.85961914   36.33610916   86.81842041   12.09042740	 35.32272127 -14.71224339 -95.47219901   3.88489538   4.27716707  -0.48439549	-134.53076033  179.99732440 -853.78102920   48.89910215   91.41153225    9.13709761	56.35992274	0	0.00000000	0.00000000	0.00000000	 0.17228169 -0.59826674 -0.32554273	 0.02948038 -0.51745193  0.05913155	 -23.02442921   45.52649292  -83.16180758  -55.86445116  -97.28440724  -26.19207726   17.41840706  -33.22800369  -98.18520951 -173.58023181  -24.58353521   33.61392926	-0.31487250  0.50045347 -0.11902154  0.66081578 -0.19239950  0.12693688  0.06394710  0.21769483  0.15169533  0.93819010 -0.17935300 -0.00596718	
0.00398800	0.22629134	0.00567702	 46.33172989 -38.27648926 -43.37303543  -0.42305991   1.00434995  -4.48610258	 616.58361816 -136.70399475 -768.19110107   36.13121033   93.31375122    5.55143452	 32.34144572 -10.77049788 -92.77357730   3.53398409   3.72514213  -0.54555627	-162.02250671  159.65792064 -929.32656523   46.50459667  104.88333626    4.38496561	57.32598416	0	0.00000000	0.00000000	0.00000000	 0.16392386 -0.60935610 -0.33324406	 0.05407584 -0.35317968  0.15465876	 -25.19502311   50.82380572  -80.76516830  -54.01896546  -95.37729721  -27.40689451   18.31336252  -32.50313872 -106.73887212 -171.38747244  -23.40711464   39.69321750	-0.31448901  0.50048411 -0.11930533  0.66039395 -0.19181658  0.12862426  0.06713582  0.21952794  0.15417270  0.93581247 -0.17448261 -0.00799971	
0.00400000	0.23482373	0.00519648	 56.15089417 -48.28501511 -39.54453659  -1.16696620   0.81203061  -4.60750675	 600.15985107 -136.15725708 -752.87854004   34.86851120   91.24964905    1.54940355	 32.90234169 -14.59791627 -95.60028484   3.29561988   3.67347572  -0.77257440	-176.41965160  141.18140419 -964.39583304   43.20712221  109.82393055    1.69080156	58.70737882	0	0.00000000	0.00000000	0.00000000	 0.15492162 -0.61227234 -0.33485322	 0.16264582 -0.27446114  0.40843166	 -24.41213880   53.81900078  -77.91409208  -52.29658048  -91.80879360  -28.33480792   20.66779958  -31.35167581 -113.94038456 -169.82834884  -19.30270116   43.53620575	-0.31407484  0.50056851 -0.12011834  0.65962696 -0.19234581  0.12972106  0.07030097  0.22123066  0.15655805  0.93398702 -0.17070901 -0.00976379	
0.00399200	0.24281761	0.00480339	 57.40394974 -56.30708694 -50.83480453  -1.62581432   0.27638018  -4.63954115	 578.15081787 -131.90124512 -686.24847412   31.43790245   80.12289429    5.91368246	  34.47798031  -19.12140235 -101.17888680    3.16693732    3.47509623   -1.01311022	-162.35513924  133.04407436 -940.46612903   40.44953669  105.52530787    1.26386986	59.06645553	0	0.00000000	0.00000000	0.00000000	 0.14644385 -0.59363739 -0.32925203	 0.12223654 -0.22812965  0.32733783	 -22.09777518   56.31237654  -71.60578912  -48.71169475  -85.52383668  -29.12575208   28.56843730  -29.94744830 -123.15115040 -169.65057283  -12.23543013   45.20480798	-0.31367600  0.50061452 -0.12136087  0.65861452 -0.19394882  0.13021193  0.07339545  0.22297174  0.15874396  0.93277520 -0.16801688 -0.01109068	
0.00399200	0.25037459	0.00433156	 62.49468994 -63.03365326 -63.70375443  -1.45273316   1.80208576  -5.93479300	 533.29962158 -107.45342255 -605.28778076   28.73659897   68.44058990    8.06756020	  32.82401865  -17.78243848 -114.21014030    3.55685422    3.63246982   -0.86608274	-138.17298253  123.98253326 -879.81673947   38.94001248   95.50408158    2.94935226	59.08306204	0	0.00000000	0.00000000	0.00000000	 0.14058761 -0.56524688 -0.31176827	 0.10376008 -0.24397380  0.23893820	 -23.22815673   60.08850541  -70.51116890  -46.66519264  -79.04246987  -29.34190329   27.62705139  -31.58443406 -128.70035131 -168.68266012   -5.33926471   44.28202866	-0.31333086  0.50062221 -0.12296388  0.65746403 -0.19652590  0.13017358  0.07634068  0.22490455  0.16062309  0.93214625 -0.16622980 -0.01185000	
0.00399600	0.25740936	0.00398698	 68.92868042 -68.72098541 -71.44422913  -1.21296132   3.95637131  -8.17946243	 535.93762207 -114.77825928 -570.71221924   25.83053589   60.68186188   14.10053825	  36.00311868  -16.37499154 -128.12524585    4.94371107    5.82863157   -1.06495303	-105.68274510  112.70522264 -825.70039773   39.09231313   84.52052813    5.89388745	58.98468373	0	0.00000000	0.00000000	0.00000000	 0.13822179 -0.55268199 -0.30686606	 0.19258220 -0.16674642  0.31619572	 -24.45261236   62.59805715  -68.77222622  -42.02541444  -70.04292802  -29.48742181   28.95501721  -33.03723305 -133.75017391 -169.34141649    0.41939061   41.75789337	-0.31303173  0.50054550 -0.12493504  0.65622151 -0.19997737  0.12962136  0.07886967  0.22693707  0.16208805  0.93196219 -0.16508698 -0.01201107	
0.00400400	0.26406565	0.00370832	 69.81320953 -76.34255219 -90.28192139  -0.52052796   7.53842783 -12.02338791	 520.87615967 -104.59829712 -509.75369263   22.71923065   49.52943420   14.30539989	  36.79485119  -13.98130340 -141.05679467    6.75308597    8.98951284   -1.51626469	 -75.98806232  109.56833967 -777.50533986   37.32709773   74.30538382    7.15938988	58.08629356	0	0.00000000	0.00000000	0.00000000	 0.13449280 -0.54309161 -0.30598201	 0.28899480 -0.06093625  0.32122073	 -23.77513760   64.04449725  -65.37187225  -38.09102698  -61.82542892  -29.59458820   34.90908730  -32.93724371 -136.74527319 -170.19526393    8.96027531   37.06912814	-0.31270960  0.50036907 -0.12725136  0.65482557 -0.20421115  0.12868562  0.08073106  0.22933775  0.16294707  0.93203121 -0.16437368 -0.01159689	
0.00400400	0.27041221	0.00355424	  75.71363831  -91.67472839 -106.83259583   -0.60007614    9.09270477  -13.10591984	 520.98278809 -110.01319885 -494.86849976   20.90088463   46.21422958   14.32995319	  38.78651870  -11.04240169 -162.97758369    8.63580612   11.45013429   -1.85829958	 -52.50889677  100.94826256 -753.37076142   36.30697585   68.09782907    8.16993625	56.91582225	0	0.00000000	0.00000000	0.00000000	 0.12617208 -0.51644891 -0.29774594	 0.28899480 -0.06093625  0.32122073	 -23.53842576   64.17064999  -59.16356223  -32.81817900  -52.23210588  -29.42816367   43.20735078  -32.59799312 -137.47393749 -173.29645980   10.88016590   31.58975135	-0.31229541  0.50009298 -0.12988213  0.65327626 -0.20914289  0.12741242  0.08185418  0.23196086  0.16315417  0.93205422 -0.16385980 -0.01069184	
0.00397200	0.27656972	0.00344369	  92.65470123 -103.04724121 -129.68635559   -0.74780250    8.73682499  -14.16426849	 495.79055786 -125.09749603 -475.13916016   18.96132469   44.83689499    9.12443256	  47.46456164   -9.57585738 -191.60869801    9.95337195   12.50094112   -1.87640209	 -42.93131551   91.80439777 -722.92818827   32.74270412   64.58002676    6.87867957	55.16405464	0	0.00000000	0.00000000	0.00000000	 0.11523664 -0.49048945 -0.29025670	 0.35320183 -0.02226434  0.10370471	 -21.83585221   65.36275761  -53.31652043  -28.99277769  -44.23620529  -28.42652049   51.29306123  -33.97474414 -135.81247863 -176.66213051   12.66063620   25.17550407	-0.31172785  0.49978617 -0.13277368  0.65174228 -0.21464989  0.12593980  0.08246679  0.23478338  0.16289338  0.93204653 -0.16341494 -0.00937262	
0.00399600	0.28261775	0.00342131	  87.24518585  -95.66986847 -118.33698273   -0.63001883    7.22859907  -12.01202965	 487.22189331 -130.68074036 -475.55133057   18.66039658   46.66869354    3.04249454	  52.30631000   -9.30252129 -195.95777414    9.80238896   11.73592287   -1.99230755	 -44.27495412   81.14761586 -715.42043649   29.68176051   64.94538427    5.12370726	54.30796749	0	0.00000000	0.00000000	0.00000000	 0.10744078 -0.48381397 -0.28859924	0.37397300 0.08884982 0.22639775	 -24.39167686   66.34843781  -47.96582926  -25.25656328  -33.52039658  -26.20794202   52.51735719  -35.23422768 -130.65741928 -180.11567161    8.49291542   18.56355761	-0.31109124  0.49962512 -0.13594902  0.65026200 -0.22056338  0.12412203  0.08285163  0.23781300  0.16260193  0.93204653 -0.16300844 -0.00783864	
0.00400000	0.28864309	0.00353841	 54.83089447 -66.51779938 -99.18029785   0.31609663   7.44423532  -9.84277725	 468.26052856 -146.22129822 -490.00704956   18.46112442   51.46310806   -2.19486237	  44.46912243   -4.96363089 -173.03913948    8.87382444   10.33491228   -1.70617264	 -59.20278070   73.35963619 -708.80828024   25.95851450   67.25074903    2.47222226	53.26452615	0	0.00000000	0.00000000	0.00000000	 0.08807522 -0.49387276 -0.26939687	0.32952641 0.12760487 0.29507617	 -21.99345607   67.45299586  -40.86006121  -22.65721116  -25.28882334  -23.84236244   59.00668777  -36.02373535 -127.00378594 -181.94303219    6.83350798   11.33372270	-0.31045464  0.49963278 -0.13932377  0.64898109 -0.22688338  0.12205116  0.08331502  0.24101901  0.16250989  0.93203884 -0.16266330 -0.00596718	
0.00399600	0.29479638	0.00378133	 44.31055832 -54.11821365 -72.19248962   0.06281094   5.81806087  -7.22215891	 456.22033691 -161.44372559 -503.28158569   18.43441010   55.31874847   -5.47051334	  33.59675644   -2.23932001 -137.62945817    7.31175243    8.22357594   -0.88649288	 -80.80230863   60.56179002 -712.10165441   23.59186276   71.41197405    0.59310434	52.52876699	0	0.00000000	0.00000000	0.00000000	 0.07124239 -0.50126592 -0.25667804	0.24014830 0.27120842 0.31238906	 -21.30617992   70.03729042  -35.15231912  -20.99457816  -15.83054065  -21.26013976   60.94023927  -36.47051638 -123.90938667 -184.41040272    2.51527061    4.28667764	-0.30987173  0.49980152 -0.14286727  0.64776158 -0.23343349  0.11969650  0.08405329  0.24439377  0.16254824  0.93202353 -0.16245620 -0.00395767	
0.00400000	0.30122185	0.00403804	 26.96903610 -39.57069016 -53.02918243  -0.39254692   3.84127808  -5.38107157	 439.30770874 -170.89135742 -513.47955322   18.49459457   58.48642349   -7.51479435	  22.67939746   -2.63722795 -111.41437457    5.51541910    6.00595563   -0.89867655	-100.76968315   53.31753565 -710.58350618   21.88697073   74.40488906   -0.67417234	52.40936175	0	0.00000000	0.00000000	0.00000000	 0.05907536 -0.50859356 -0.24714881	0.24199893 0.30036203 0.34452428	 -17.27070804   75.38877796  -28.25369799  -19.58347006   -7.17122838  -18.38146318   62.57750346  -38.09995014 -122.28438689 -184.07413508   -0.09125418   -2.29440536	-0.30934250  0.49997026 -0.14653349  0.64641935 -0.24009095  0.11705038  0.08504289  0.24790658  0.16256358  0.93195450 -0.16247155 -0.00192515	
0.00399200	0.30792820	0.00423306	 29.81929398 -38.64713287 -48.79685211  -0.36526668   2.61482382  -4.51085424	 439.01977539 -161.02935791 -514.00323486   18.90036011   57.74118042   -5.49266672	 16.87524657  -3.52130013 -95.41618930   4.18984149   4.35485222  -0.82495405	-110.41998786   55.38301335 -709.61051951   21.97917560   75.12087600   -0.34001877	52.26823891	0	0.00000000	0.00000000	0.00000000	 0.04980652 -0.51710192 -0.24843541	0.25783622 0.35770506 0.37118967	 -13.20684774   83.17071538  -20.64315831  -18.39367815    1.21297134  -15.12195166   62.52164569  -40.32725325 -120.74420051 -184.13770225   -3.49213647   -7.54049576	-0.30889764  0.50009298 -0.15027639  0.64490843 -0.24675609  0.11422019  0.08644091  0.25145775  0.16249456  0.93177807 -0.16280901  0.00000000	
0.00398800	0.31484908	0.00440188	 29.94876671 -31.18245697 -43.50481415   0.01274934   2.02855420  -4.20474243	 436.58123779 -146.86570740 -503.20849609   19.32399368   55.79663849   -2.79875350	 19.76569360  -3.31766881 -85.39427073   3.55159062   3.49877723  -0.99257720	-108.50296158   67.60957923 -699.85126549   22.85539800   73.55936082    1.07654817	52.00270772	0	0.00000000	0.00000000	0.00000000	 0.03701645 -0.52326173 -0.24938897	0.17100098 0.38791254 0.48999449	  -8.01609560   90.28084356  -14.84803221  -17.46514763    7.39284230  -12.21861766   61.12471743  -43.03411248 -119.46736435 -182.05252381   -2.57254089  -11.19057144	-0.30855250  0.50018501 -0.15406533  0.64323634 -0.25346726  0.11124426  0.08810595  0.25499359  0.16227980  0.93147898 -0.16343795  0.00165670	
0.00399200	0.32195982	0.00451001	 21.51119232 -34.94873047 -51.48273468  -0.18732195   3.06360626  -4.19287062	 420.45202637 -129.56205750 -470.35971069   18.77703285   51.20408249    1.71816576	 16.34300242  -1.16681932 -84.13252029   3.27997714   3.04004709  -0.69415927	 -98.90573351   77.99156208 -677.62337157   24.22469827   70.03368987    3.10629043	51.47082451	0	0.00000000	0.00000000	0.00000000	 0.02608321 -0.52387179 -0.25403947	0.12057552 0.37472871 0.47706599	  -1.88082811   98.75868660   -7.43386783  -15.85424924   14.16857234   -8.83246705   61.69005734  -45.39480677 -117.41862651 -180.56207287   -3.32125030  -12.17943691	-0.30828404  0.50024635 -0.15786193  0.64145696 -0.26020142  0.10818397  0.08995949  0.25849873  0.16187330  0.93109548 -0.16435833  0.00285320	
0.00399200	0.32919073	0.00463899	 21.22151184 -40.88130188 -50.88716125  -0.73747498   3.33327985  -5.01132584	 400.44665527 -122.73142242 -445.51232910   18.02085495   48.15910339    2.73907065	 13.17636608  -2.32736461 -88.29787685   3.46038339   3.41948691  -0.83247061	 -87.50521839   81.15910678 -643.74943029   24.54620775   65.48188960    4.47992696	51.09409547	0	0.00000000	0.00000000	0.00000000	 0.03057487 -0.52004048 -0.26345265	0.13296894 0.37266045 0.46440036	   1.94780567  107.21535220   -2.30710896  -13.96170278   19.43423162   -5.29203423   59.64001424  -47.78607905 -115.14658952 -178.52476704   -2.43235535  -10.98415934	-0.30806929  0.50028473 -0.16163552  0.63957012 -0.26669016  0.10512368  0.09189942  0.26201153  0.16132873  0.93065059 -0.16552417  0.00348214	
0.00399600	0.33656719	0.00477060	 23.45683670 -47.21300888 -64.27497101  -0.46165532   5.12447453  -6.48127317	 398.15429688 -130.51359558 -418.59448242   15.82897282   43.97486877    1.18412745	 13.26473187  -2.97484142 -98.64619896   4.42241711   4.57128763  -1.06605798	 -73.34537970   74.19502475 -618.30648714   23.00430218   61.34506137    4.61997178	50.70598229	0	0.00000000	0.00000000	0.00000000	 0.04121643 -0.51147791 -0.26494239	0.19630515 0.33401472 0.41175933	   6.63366797  116.86092608    3.93866775  -12.46543788   24.34587805   -1.91449624   58.01906563  -49.85562117 -113.27020883 -177.69985115   -2.88047118   -8.67429177	-0.30787754  0.50030005 -0.16511765  0.63757598 -0.27246562  0.10221679  0.09391789  0.26549366  0.16074581  0.92999101 -0.16678970  0.00354349	
0.00400000	0.34409219	0.00493720	 34.21938324 -50.36864090 -78.92309570   0.55969369   6.45958471  -6.65415144	 386.16247559 -145.92747498 -391.65533447   12.95746517   39.64231873   -2.71886110	  18.21623977    1.03219288 -109.25956867    5.66490538    5.65754704   -0.96406745	 -59.07541315   60.71461589 -599.96309425   20.16545158   58.16634036    3.66877111	50.42578283	0	0.00000000	0.00000000	0.00000000	 0.05236172 -0.49803245 -0.26142593	0.19790904 0.36642122 0.37570092	   9.10978328  127.02170336    8.96529530  -10.98192870   29.10705302    1.41187412   54.04001932  -52.04343550 -110.77127922 -175.45524629   -2.47625260   -4.26244135	-0.30765513  0.50028473 -0.16872251  0.63545144 -0.27821037  0.09953232  0.09598349  0.26889911  0.16018590  0.92919332 -0.16830067  0.00312932	
0.00400000	0.35180232	0.00505360	 39.70836258 -56.64863968 -84.91365814   0.32918927   6.56054068  -7.91493082	 384.62435913 -156.16120911 -378.95574951   11.22152519   37.10289001   -5.11957073	  24.54548585    0.87187989 -122.37771321    6.61289358    6.35859180   -0.94294431	 -47.31304788   44.36675143 -588.15198734   17.23519403   55.47053578    2.34859329	50.22286314	0	0.00000000	0.00000000	0.00000000	 0.05352940 -0.48835373 -0.25772750	0.19429875 0.35967015 0.37712198	  11.65707846  137.05411635   13.24193967   -9.95313107   32.63648158    4.39248472   50.20444323  -53.62975092 -108.98771408 -173.75784550   -3.28076264   -1.67302035	-0.30735600  0.50020033 -0.17216630  0.63321179 -0.28349492  0.09713164  0.09808050  0.27216649  0.15981008  0.92824996 -0.16992669  0.00252340	
0.00398400	0.35963294	0.00520228	  41.67599869  -73.77579498 -100.32649994    0.11028187    8.81549358   -9.21030712	 372.67144775 -165.18731689 -355.17788696    8.95853329   33.26091766   -8.37885475	  26.63045767   -1.89145332 -139.21882719    7.86686425    7.44902783   -0.76015218	 -34.63513112   29.19338148 -573.56091427   13.89847363   52.56411558    0.70629178	50.06239174	0	0.00000000	0.00000000	0.00000000	 0.05475593 -0.47882208 -0.25484227	0.19429875 0.35967015 0.37712198	  14.08707726  145.29118481   16.77083428   -9.57384001   34.69868952    6.25353896   47.36683462  -54.67332825 -107.11225745 -170.52285373   -2.59832367    0.02951355	-0.30696484  0.50013131 -0.17543368  0.63094920 -0.28836530  0.09510679  0.10019322  0.27534184  0.15970270  0.92724520 -0.17162174  0.00194049	
0.00400000	0.36763769	0.00536737	  49.15359116  -87.79718781 -124.94506836    1.00890517   11.44026184  -11.29958916	 345.49557495 -169.95312500 -320.95944214    6.56854963   29.49032593  -11.08098793	  29.62566274    0.12686507 -161.68571725    9.87617518    9.31638627   -0.85290113	 -27.53864032   14.47532147 -545.39549728   10.49213185   48.93086153   -0.76883895	49.82972374	0	0.00000000	0.00000000	0.00000000	 0.05459526 -0.47176647 -0.25260816	0.23011426 0.35845456 0.40281660	  16.54327627  152.99633349   20.27439839   -9.88936283   35.61664546    7.64768342   45.28293881  -54.92318254 -105.79650326 -166.90617794   -4.18100777    0.22850160	-0.30647397  0.50012368 -0.17845562  0.62867886 -0.29286754  0.09358048  0.10229809  0.27845579  0.15977174  0.92613304 -0.17333980  0.00150330	
0.00400000	0.37582594	0.00559471	  49.60317612  -90.28335571 -129.85704041    1.49796319   12.18271446  -12.83338261	 324.87908936 -167.24475098 -297.96682739    5.53555012   27.17718697  -11.84602356	  33.81544796   -0.77761422 -178.98785732   11.73748351   10.80124998   -0.95825664	 -18.94011065    2.32792142 -512.52339110    7.85657814   45.48365981   -1.71435404	49.58217163	0	0.00000000	0.00000000	0.00000000	 0.05062644 -0.46957052 -0.24676290	0.20426169 0.37953591 0.44534273	  18.14448698  158.73995337   22.86657695  -10.68967139   35.65048288    8.36531716   43.92214866  -54.45699069 -104.69728284 -161.98357196   -4.93370217   -1.09090569	-0.30589104  0.50014669 -0.18120144  0.62637794 -0.29690960  0.09257572  0.10435583  0.28153142  0.15986377  0.92492121 -0.17507319  0.00137291	
0.00398400	0.38425797	0.00573125	  43.80077362  -93.27967834 -137.40840149    1.53358912   14.54394531  -13.19518471	 302.41348267 -159.22874451 -260.81372070    4.21762180   23.66515732  -12.28314304	  30.84318417    2.67418488 -189.19547201   12.84765568   12.01628368   -0.72720636	  -7.66091870   -5.31954692 -473.39487890    5.73725919   41.62065107   -2.18168285	49.30328661	0	0.00000000	0.00000000	0.00000000	 0.04968377 -0.46589795 -0.23989784	0.23556765 0.37812287 0.46844529	  19.97669540  163.95162453   24.75548376  -12.51858921   34.77340913    8.78046367   42.92302878  -53.54466960 -105.08102771 -156.73280656   -7.30974612   -3.60178621	-0.30520076  0.50016969 -0.18376319  0.62400794 -0.30051443  0.09207718  0.10635860  0.28462240  0.15987144  0.92360198 -0.17679892  0.00155699	
0.00400000	0.39285064	0.00591333	  51.49042511  -99.94414520 -147.17665100    1.44827449   14.17212105  -13.76203632	 284.47711182 -159.77384949 -229.53538513    2.22372222   19.01186752  -11.95110321	  31.55475276    3.52104999 -198.03035542   13.48677062   12.47092779   -0.76938930	   2.99673544  -12.67292090 -443.03897034    4.47491509   37.46899469   -2.24076839	49.18393260	0	0.00000000	0.00000000	0.00000000	 0.04946977 -0.46012168 -0.23461598	0.23922559 0.39125443 0.44527824	  21.79325099  166.17053744   26.28264819  -14.23518481   32.87220289    7.97188246   41.88216985  -51.91462908 -104.20130491 -150.93391344   -8.15426450   -6.50567268	-0.30441076  0.50016969 -0.18612552  0.62153822 -0.30374348  0.09203883  0.10829068  0.28779775  0.15986377  0.92212933 -0.17853232  0.00202485	
0.00399200	0.40164122	0.00604770	  56.81808472  -97.02224731 -157.51351929    1.77926028   14.23763657  -13.76958179	 289.35681152 -161.81169128 -221.52981567    1.40019953   16.80301094  -12.15081882	  39.35065695    5.16873688 -207.40717245   13.88678179   12.53081777   -0.85301221	  14.92584781  -17.42626078 -426.16065608    3.43289816   34.26446012   -2.33073882	49.06874200	0	0.00000000	0.00000000	0.00000000	 0.03795958 -0.45495114 -0.22273085	0.23556986 0.37299967 0.45360646	  22.70884916  169.16750843   27.69542200  -15.61029148   31.70907682    7.41331813   39.96388259  -50.93717304 -103.71240416 -145.34653219   -9.41973548   -9.53896551	-0.30360541  0.50014669 -0.18830377  0.61890745 -0.30661967  0.09245300  0.11013636  0.29114950  0.15986377  0.92047262 -0.18029639  0.00268447	
0.00399200	0.41058114	0.00616510	  48.34941101  -97.66574860 -153.37577820    1.60063481   14.08943176  -12.78751850	 315.05822754 -168.29542542 -216.24284363    0.81393260   14.90566158  -12.50967407	  38.93697266    6.43544531 -208.44975666   13.78278239   12.07700367   -0.59820582	  30.54047040  -19.31061840 -430.33178914    2.87011376   33.07110675   -2.29174206	49.03075933	0	0.00000000	0.00000000	0.00000000	 0.02627169 -0.44783582 -0.21817498	0.20133262 0.34013171 0.44580809	  23.90588571  170.15225942   29.49158217  -16.66718365   29.82210981    5.82403458   39.34100209  -49.24589552 -102.60850074 -140.50706768   -9.63816975  -12.92630123	-0.30273104  0.50013900 -0.19035931  0.61610025 -0.30915841  0.09318164  0.11187209  0.29474667  0.15987144  0.91879296 -0.18205281  0.00350515	
0.00400000	0.41965601	0.00625885	  43.21061325  -97.61140442 -138.51118469    1.58337080   13.29147911  -11.93722343	 279.91735840 -166.26464844 -187.72001648   -1.47693419    9.41851044  -12.32115746	  34.31617230    5.88718166 -199.54647998   13.22585057   11.33459817   -0.39632758	  41.39895734  -23.57106826 -414.21676103    1.90749088   29.14695715   -2.44071193	48.99334544	0	0.00000000	0.00000000	0.00000000	 0.01547877 -0.44212212 -0.21407226	0.17631048 0.26332956 0.42494750	  24.32111473  172.32985420   31.38077932  -17.32713068   29.05389847    5.34226153   38.05379149  -48.64972982 -101.63927128 -136.29137928  -11.31356054  -16.35707887	-0.30188736  0.50018501 -0.19232281  0.61329305 -0.31139803  0.09428611  0.11352928  0.29859698  0.15987144  0.91718996 -0.18367882  0.00441786	
0.00399600	0.42883283	0.00635079	  43.97324753  -94.14795685 -143.99946594    2.33935595   13.21770954  -12.15303516	 294.59140015 -167.65270996 -184.26490784   -1.64888549    8.76156807  -12.67060471	  34.80921857    5.26486619 -196.31846414   13.37870608   10.89934593   -0.30520786	  49.48599237  -26.25755692 -403.64539909    1.05656985   26.61086521   -2.62765471	48.89807028	0	0.00000000	0.00000000	0.00000000	 0.00908397 -0.43276762 -0.21386366	0.17331825 0.28001663 0.40076222	  24.67207321  173.55400461   32.87157324  -17.82879883   27.73670124    3.78344782   37.01918946  -47.78995463  -99.86247019 -131.30119176  -11.63308423  -19.79939266	-0.30108202  0.50029236 -0.19417892  0.61008704 -0.31335387  0.09565135  0.11512364  0.30263135  0.15987144  0.91572499 -0.18518980  0.00539961	
0.00398800	0.43810740	0.00642375	  38.26721573  -98.80062103 -153.96966553    2.30515003   14.29795265  -12.11934090	 271.73416138 -166.46539307 -174.33161926   -2.56070185    8.39398861  -12.81756592	  33.41115646    8.23477550 -203.05277275   13.82798247   10.77334885    0.10567240	  51.16101083  -29.77183354 -392.17570766    0.41726983   25.19236493   -2.63828462	48.88759896	0	0.00000000	0.00000000	0.00000000	 0.00139054 -0.42653504 -0.21208838	0.11828410 0.26237891 0.37130629	  24.42668353  175.15100245   34.33283315  -17.99161471   27.82342754    3.05083924   35.67327588  -47.54241659  -97.94197926 -127.42780397  -13.49290609  -22.60080965	-0.30032268  0.50043809 -0.19591999  0.60660493 -0.31507191  0.09728504  0.11664731  0.30678841  0.15987144  0.91440576 -0.18657038  0.00635068	
0.00400000	0.44746971	0.00647121	  49.80430984 -116.07331085 -162.98361206    2.42445230   15.05932045  -13.41262245	 266.09695435 -165.14552307 -180.48857117   -1.51710856   10.18885803  -13.00008392	  35.75260756    4.44487699 -215.15638758   14.82616874   11.06162929    0.22806976	  45.29211993  -29.87750102 -380.84676859   -0.00250057   25.08226080   -2.86486964	48.94345413	0	0.00000000	0.00000000	0.00000000	-0.00592289 -0.41988373 -0.21395290	0.10794059 0.27741776 0.35306802	  23.81952645  176.33727440   35.50515854  -17.77333235   28.04297387    1.76621113   33.56886539  -47.38393838  -95.27777603 -123.91103904  -15.07372434  -25.05296971	-0.29957104  0.50058383 -0.19753067  0.60284668 -0.31655222  0.09911815  0.11803746  0.31079978  0.15987912  0.91320926 -0.18785892  0.00724806	
0.00398400	0.45687589	0.00650231	  46.70487595 -119.23046112 -168.17625427    2.01104712   15.26965618  -13.98318100	 250.57046509 -153.54687500 -185.52799988   -0.67016172   12.06577682  -12.36338139	  38.42058953    2.96540634 -225.42126484   15.52030188   11.41433020   -0.07531256	  37.43507834  -24.30904909 -377.04265383    0.38430228   25.98731036   -2.47773949	49.09800051	0	0.00000000	0.00000000	0.00000000	-0.01808727 -0.40923186 -0.21201141	0.10207289 0.29128113 0.32429645	  23.14579789  177.52134636   36.31225825  -17.05096807   28.71162481    0.97629490   31.28613884  -47.51083465  -92.72277652 -122.26882838  -17.91120489  -26.35758938	-0.29882705  0.50069892 -0.19895726  0.59882760 -0.31779474  0.10114300  0.11952187  0.31511027  0.15987912  0.91203576 -0.18910144  0.00796903	
0.00400400	0.46632776	0.00656694	  49.30521393 -121.46237183 -177.10824585    2.76500583   16.25946808  -14.66012669	 248.76651001 -146.48913574 -190.82577515    0.77945501   14.65945816  -10.76267624	  41.09122189    3.93869856 -234.60680314   16.33200302   11.84015358    0.03761898	  26.33683732  -16.48583990 -367.55234148    1.17167338   27.09035110   -1.81588557	49.27068368	0	0.00000000	0.00000000	0.00000000	-0.02701316 -0.39907020 -0.21594616	0.09621870 0.29136265 0.29728498	  22.06285402  178.85816266   36.30562066  -15.88454552   29.12518598   -0.28048317   27.81716038  -48.19143069  -89.02733997 -120.30912406  -19.24349231  -26.41913082	-0.29805240  0.50076795 -0.20016912  0.59456319 -0.31879181  0.10334426  0.12102198  0.31937474  0.15987912  0.91080087 -0.19035164  0.00846757	
0.00398800	0.47584257	0.00663399	  55.43799591 -130.10325623 -186.71244812    3.46828818   17.53708839  -14.74143028	 246.28257751 -135.12586975 -205.76834106    2.24652910   16.50105286   -9.23100281	  43.29154795    4.74435301 -246.03445315   17.71719012   12.41823838    0.57761647	  16.71538454   -3.52485141 -369.73349705    2.59690147   28.63590874   -0.73265816	49.42654406	0	0.00000000	0.00000000	0.00000000	-0.03463678 -0.39113792 -0.22067195	0.10829688 0.29597693 0.27291972	  20.59278929  181.19986414   35.84459108  -14.16508507   29.98122306   -0.65794726   23.69748642  -48.82135517  -85.30580337 -118.21693853  -21.69173667  -24.99492231	-0.29724705  0.50079858 -0.20112018  0.59026802 -0.31953579  0.10568359  0.12252994  0.32361618  0.15989445  0.90941262 -0.19168620  0.00860563	
0.00399600	0.48543632	0.00666650	  52.35625076 -136.50531006 -183.12762451    2.89755273   17.60780334  -15.08958435	 249.73748779 -134.59570312 -212.96882629    2.67657781   17.62346840   -8.83456135	  43.52113320   -0.56964068 -251.52391279   18.31221388   12.67619723    0.95027838	   9.87430307    4.57464333 -374.38734081    3.51549291   29.83298231    0.00107487	49.61035298	0	0.00000000	0.00000000	0.00000000	-0.03882294 -0.39336149 -0.22642176	0.12807771 0.29961962 0.29889591	  19.15185991  184.73544563   35.23780412  -12.12399719   31.01192041   -1.36475480   18.51252178  -49.97062375  -82.12088988 -115.92067597  -22.22890323  -22.24885155	-0.29638803  0.50079858 -0.20175678  0.58582711 -0.32004201  0.10812262  0.12406933  0.32785764  0.15990980  0.90798604 -0.19313581  0.00842155	
0.00399600	0.49506623	0.00670014	  63.42409515 -153.64489746 -188.35665894    2.62793446   17.74782181  -16.11969566	 262.03558350 -129.99679565 -222.32440186    3.59985089   18.39771652   -7.60562897	  46.89223720  -10.35224518 -264.98081021   19.26087516   13.01068455    1.19585765	   8.83137729   15.51958838 -385.50312999    4.50020168   31.10096578    0.85675793	49.65980013	0	0.00000000	0.00000000	0.00000000	-0.04175658 -0.39192487 -0.23092204	0.16404124 0.28916278 0.34158459	  18.43072778  187.95541926   34.79289918   -9.76473016   32.05753423   -1.59771219   14.83468314  -50.61840423  -80.50641261 -114.24837060  -22.94381402  -19.18672039	-0.29545230  0.50082928 -0.20202523  0.58129424 -0.32030278  0.11069970  0.12561655  0.33194572  0.15994047  0.90632933 -0.19463912  0.00790767	
0.00400800	0.50474018	0.00669477	  61.84057999 -156.03196716 -200.07064819    3.22427654   18.91540718  -16.76394844	 265.91207886 -130.16802979 -228.59101868    3.88176346   18.72901344   -6.89641476	  49.10769834  -10.77738409 -273.50892504   20.09533888   13.58333244    1.32268505	   8.17247448   21.84222584 -391.89993308    5.10245906   31.60616445    1.46502712	49.68222342	0	0.00000000	0.00000000	0.00000000	-0.04395841 -0.38808120 -0.23259302	0.19206969 0.26875166 0.37717467	  17.44047078  191.40116615   34.71614950   -7.46515235   33.50881781   -1.63426979   11.67261258  -50.75794495  -78.53227087 -111.86318725  -22.57092166  -16.06384291	-0.29445523  0.50085229 -0.20200221  0.57676899 -0.32037181  0.11337650  0.12714022  0.33579600  0.15997882  0.90455759 -0.19639552  0.00723272	
0.00398000	0.51439261	0.00670026	  64.60492706 -161.90519714 -208.28828430    3.62238860   20.06966019  -17.18960381	 275.42266846 -131.43322754 -229.63171387    4.07715321   18.72936058   -6.15925550	  52.19367711   -8.42238823 -282.07451772   21.08801563   14.09342167    1.50399158	  13.25503764   26.69610807 -398.74708326    5.79932309   32.15179518    2.10918320	49.57679087	0	0.00000000	0.00000000	0.00000000	-0.04345563 -0.38590810 -0.23460664	0.20486533 0.25942241 0.40299561	  16.23438343  194.70044311   33.99563307   -4.86819915   34.79282110   -1.37429622    8.95657993  -49.72695908  -77.29696655 -109.38433811  -22.42525137  -12.67270298	-0.29336610  0.50085229 -0.20162639  0.57228208 -0.32024142  0.11619902  0.12862463  0.33938551  0.16001718  0.90271682 -0.19830532  0.00639670	
0.00400000	0.52406222	0.00673308	  70.68122864 -173.31941223 -224.44984436    4.37663078   21.22716904  -17.51227379	 275.13366699 -129.98861694 -228.22332764    4.08980846   18.40901375   -6.02364063	  55.99369913   -6.68844392 -296.46878543   22.40008292   14.49349706    1.99119868	  16.44866728   30.45876192 -400.04713349    6.04038310   32.12511216    2.51544700	49.44384723	0	0.00000000	0.00000000	0.00000000	-0.04202067 -0.38150335 -0.23672797	0.25271670 0.21347410 0.44971886	  15.16029675  198.05653527   33.46850310   -2.40847511   36.10046679   -1.25361468    6.47197968  -48.81850573  -75.99121691 -106.85704481  -21.89953762   -9.83870615	-0.29221562  0.50083697 -0.20102814  0.56782585 -0.31994230  0.11915193  0.13003050  0.34270659  0.16007853  0.90084535 -0.20036086  0.00553000	
0.00398800	0.53376168	0.00677590	  70.25777435 -174.94779968 -240.16632080    5.76421833   23.08515358  -18.11279869	 287.37097168 -129.02186584 -227.84419250    4.15334606   17.61336136   -5.20242929	  61.36674669   -2.72271152 -314.12443229   24.22443631   15.05156657    2.78191420	  22.37647541   35.05552430 -405.96998979    6.49107201   32.03455446    3.02629720	49.41166741	0	0.00000000	0.00000000	0.00000000	-0.04018652 -0.37385098 -0.23847485	0.27145231 0.24073547 0.45145694	  14.21179328  201.83321288   32.92386858   -0.45608769   37.39882714   -0.89170571    4.97005555  -46.74789618  -75.76636920 -103.86947670  -21.39088584   -7.25677116	-0.29104978  0.50080627 -0.20027649  0.56343871 -0.31948978  0.12225825  0.13134997  0.34583589  0.16017824  0.89901996 -0.20254678  0.00467097	
0.00400000	0.54351538	0.00693725	  78.70752716 -176.32931519 -267.55780029    7.78306341   26.01659393  -16.90963745	 286.14196777 -128.88731384 -222.58358765    3.96249747   16.82840919   -4.96962976	  70.54090292    6.33502794 -330.69324093   26.29670773   15.64294255    4.44810696	  28.24917764   37.16762582 -405.15520166    6.66652984   31.50934892    3.33331640	49.41293256	0	0.00000000	0.00000000	0.00000000	-0.04082587 -0.36001176 -0.23757512	0.29058656 0.18932428 0.44601986	  13.22188866  206.09655759   32.15969203    1.61402679   39.27321219   -0.48460442    2.39313527  -44.80990660  -75.57602193 -100.35560731  -20.24869501   -5.54184236	-0.28994530  0.50077558 -0.19943281  0.55919725 -0.31890687  0.12550262  0.13257518  0.34879649  0.16033931  0.89733255 -0.20481707  0.00392699	
0.00399200	0.55344397	0.00716137	  70.54375458 -162.94999695 -291.98904419   10.89001942   29.52419472  -16.47896576	 285.55386353 -126.96052551 -221.02433777    3.89723635   16.22400665   -4.90573502	  77.76813425   29.94326817 -344.43132760   29.00617955   16.24634901    6.21544767	  32.75882559   38.48465801 -403.06077131    6.66889516   30.96314320    3.50443884	49.48465737	0	0.00000000	0.00000000	0.00000000	-0.04199753 -0.34855766 -0.23363367	0.33451025 0.18397974 0.42743080	 12.78492292 211.61695167  31.45364226   4.74466986  41.70201974   0.45303744   0.52026895 -43.46529836 -77.30349101 -96.24898013 -20.23209047  -4.38540487	-0.28894055  0.50071424 -0.19857377  0.55510151 -0.31823960  0.12884669  0.13367474  0.35168037  0.16055407  0.89589059 -0.20715639  0.00331340	
0.00400400	0.56362832	0.00743527	  24.57808876 -137.43905640 -292.96600342   12.26684761   32.62266922  -18.46380043	 269.30270386 -125.14087677 -208.48611450    3.41474342   15.68940258   -5.53778362	  60.91534614   60.27266566 -339.92225934   30.24594686   17.39186032    6.22792947	  33.33845394   37.02760733 -391.58421130    6.12861754   29.96232384    3.30585055	49.61039209	0	0.00000000	0.00000000	0.00000000	-0.04373110 -0.33913410 -0.23075199	0.35765826 0.20049551 0.41912914	 12.50695588 217.98431584  31.58095937   7.81218679  45.36271789   1.84105816  -0.79744771 -43.06649063 -78.45776405 -92.36395752 -21.42959692  -4.16892917	-0.28805852  0.50062984 -0.19769940  0.55115151 -0.31750327  0.13222912  0.13468005  0.35457191  0.16079183  0.89470947 -0.20956475  0.00288388	
0.00399200	0.57411045	0.00776815	  18.64686584 -143.21572876 -307.49261475   14.27002716   36.43156815  -21.14957237	 261.49600220 -123.84069061 -205.17271423    3.46313024   15.94989491   -6.02288246	  48.60173788   78.97042004 -342.67130625   32.54498081   19.59219660    5.85363056	  31.15593831   35.32837859 -381.01554303    5.51197099   29.46048973    3.05678819	49.74077859	0	0.00000000	0.00000000	0.00000000	-0.04799196 -0.33220835 -0.22572361	0.39237532 0.20579801 0.43231912	 12.82902018 224.18636071  31.93235266  10.63947101  49.10007873   3.73527058  -1.19062921 -42.65424173 -80.24140111 -88.62235476 -23.61256067  -4.64323623	-0.28732222  0.50050718 -0.19684038  0.54735494 -0.31676698  0.13554251  0.13556755  0.35747880  0.16100658  0.89379674 -0.21204212  0.00266913	
0.00398800	0.58496028	0.00817295	  -4.87227821 -141.00209045 -313.57058716   15.00237846   39.25531387  -21.27646065	 241.63185120 -119.34156799 -199.89517212    3.05211186   15.88580322   -6.57878447	  30.58461888   96.58309561 -347.66475881   34.38860270   21.15099597    6.22345113	  25.55649186   33.08200310 -364.17415865    4.59030141   28.56678042    2.64432777	49.85581737	0	0.00000000	0.00000000	0.00000000	-0.05376410 -0.32582454 -0.22043666	0.41885826 0.23274456 0.44368703	 13.03436706 231.43248433  33.15618309  13.05866832  53.35678483   6.02845055  -1.21722476 -42.36978540 -81.96771743 -85.18790051 -26.25665642  -5.40096118	-0.28670862  0.50035375 -0.19598901  0.54370403 -0.31607667  0.13874087  0.13636866  0.36036268  0.16112164  0.89313710 -0.21462688  0.00264612	
0.00400400	0.59626895	0.00860398	 -23.97950363 -147.96711731 -318.80102539   14.88119411   41.29862976  -25.84348679	 218.00547791 -111.36418915 -177.41683960    2.57943988   14.32450962   -6.88031960	  20.30350008  106.03147444 -355.31570892   36.33060319   23.80378057    4.98625366	  24.19889280   28.38131411 -338.93073225    3.72384638   26.95046028    2.20375376	49.87721996	0	0.00000000	0.00000000	0.00000000	-0.06048747 -0.32075783 -0.21537361	0.45097665 0.24588422 0.45189887	 12.66816560 232.00000000  33.97333417  14.68896413  56.01757859   8.64521194   0.12041837 -41.85146460 -84.14227145 -81.07188923 -28.48913113  -6.63035463	-0.28617173  0.50014669 -0.19518368  0.53997648 -0.31546310  0.14185484  0.13710693  0.36313918  0.16111396  0.89263856 -0.21735737  0.00275350	
0.00398400	0.60804552	0.00899545	 -29.71518707 -155.25378418 -321.00369263   14.21065807   41.98526382  -27.32469559	 202.53883362 -104.01500702 -157.10394287    1.81292129   11.81582928   -7.02250051	   4.61622619  112.06155287 -361.42347000   36.55958440   25.01143267    3.91120520	  25.45100646   25.46375427 -315.22236511    2.85234325   24.61943012    1.69594938	49.85773753	0	0.00000000	0.00000000	0.00000000	-0.07025560 -0.32427069 -0.21360732	0.46960323 0.28535178 0.49839051	 12.29624741 232.00000000  35.26100967  16.82622959  59.60441008  11.44012812   1.22716278 -41.09895105 -86.19625048 -76.74764152 -29.94358217  -7.70929478	-0.28572688  0.49990889 -0.19447038  0.53615683 -0.31496453  0.14493814  0.13778237  0.36576998  0.16099893  0.89223975 -0.22026426  0.00295291	
0.00399200	0.62026161	0.00941610	 -25.73390388 -157.62483215 -306.71667480   12.97076130   39.95452118  -28.29349899	 189.37614441 -101.89491272 -128.19433594    0.41877955    8.18666840   -7.64169216	   2.12821862  107.22909871 -359.50667444   36.13544671   25.90145730    2.46668967	  32.11596670   19.28477421 -286.15425973    1.51626886   20.99719059    0.80297666	49.90153127	0	0.00000000	0.00000000	0.00000000	-0.07857934 -0.32428108 -0.21102972	0.47936181 0.28351834 0.51492794	 13.31517643 232.00000000  37.69306898  19.22748286  63.31234772  14.41779839   3.21452590 -39.34266815 -88.40940462 -71.45098959 -30.13050180  -8.87413873	-0.28537405  0.49974015 -0.19387980  0.53228354 -0.31452736  0.14813650  0.13844210  0.36822435  0.16086087  0.89188695 -0.22333221  0.00321369	
0.00400800	0.63295412	0.00983445	 -16.30093002 -152.91206360 -288.87371826   11.13148594   36.23936081  -26.71294594	166.39199829 -96.76731110 -93.02102661  -2.06803775   2.48453569  -8.76727009	   3.52386955   97.26880524 -348.36341970   34.10829564   24.80557181    2.09287673	  43.39707698    8.56725104 -254.01498337   -0.26991928   16.31760660   -0.45648859	50.00236411	0	0.00000000	0.00000000	0.00000000	-0.08687763 -0.32347689 -0.20409010	0.44908232 0.24650757 0.51270222	 13.85544954 232.00000000  40.20436966  21.81864159  66.96082324  17.18110050   3.69396565 -37.42195729 -90.29633960 -64.51181783 -29.48712658  -9.83029924	-0.28509027  0.49967879 -0.19340426  0.52834886 -0.31409785  0.15154961  0.13912541  0.37038726  0.16073047  0.89153409 -0.22656892  0.00349748	
0.00398800	0.64610052	0.01000000	 -22.99183846 -139.53529358 -250.84370422    9.06717968   31.64890480  -25.30231094	 146.89591980 -100.97385406  -56.20026398   -4.71447277   -2.77897048  -10.30970287	   1.49824263   86.19884514 -319.90543627   30.97814383   23.52092700    0.51578084	  54.90041578   -8.06185671 -221.29827561   -2.34300050   11.04361857   -2.15014508	50.01778264	0	0.00000000	0.00000000	0.00000000	-0.09069249 -0.31351485 -0.20565987	0.46432461 0.23501761 0.45106246	 13.60965041 232.00000000  42.36219261  24.10619494  70.25568074  19.55848947   3.75409183 -35.57135645 -91.86372723 -58.14254051 -29.19244458 -10.84855528	-0.28481415  0.49967879 -0.19299775  0.52444494 -0.31361464  0.15529251  0.13986367  0.37254250  0.16053873  0.89118129 -0.22992066  0.00378893	
0.00398400	0.65942866	0.01000000	 -33.91284180 -112.35378265 -221.22779846    8.90200520   28.75156212  -22.27478600	121.43106079 -98.17987823 -23.37895203  -6.73504782  -7.31063747 -12.49574280	  -7.35954757   81.20975375 -280.15363870   26.98339362   20.90401719   -0.14059042	  67.39532618  -25.47027507 -180.26815479   -5.31346432    5.45488736   -4.38661258	50.11269385	0	0.00000000	0.00000000	0.00000000	-0.09452033 -0.30882458 -0.19744452	0.46206043 0.19323276 0.42050292	 11.31420379 232.00000000  43.43512692  26.39109558  73.36684590  21.58043399   1.37497436 -33.45667179 -93.09003433 -51.74950846 -28.89517639 -12.53274389	-0.28454572  0.49970949 -0.19255289  0.52060997 -0.31295502  0.15944961  0.14068049  0.37456736  0.16024727  0.89082849 -0.23333377  0.00416476	
0.00400000	0.67276573	0.01000000	 -35.17678070  -96.77895355 -212.47386169    8.81284904   27.56777191  -19.32780266	 114.14339447 -104.53704071  -12.32138729   -7.98845530   -8.48596001  -14.23650742	  -7.87637523   83.53578950 -255.17957130   24.66747983   18.84546467    0.60275797	  73.73590742  -38.68508078 -159.70337041   -7.32511994    2.66831994   -6.01370044	50.17270018	0	0.00000000	0.00000000	0.00000000	-0.09699548 -0.30378061 -0.18981976	0.46244506 0.23946361 0.40599851	  9.76418652 232.00000000  44.71931827  28.15403152  75.63954002  23.03897060  -0.09114432 -31.13965002 -94.24299895 -46.76843385 -28.91527269 -15.02098234	-0.28430027  0.49972481 -0.19208503  0.51688236 -0.31201163  0.16374475  0.14156014  0.37646949  0.15982543  0.89049870 -0.23673920  0.00466330	
0.00399600	0.68610054	0.01000000	 -35.11037445  -93.02256775 -217.45057678   10.52589703   28.71346092  -19.27960968	 104.69188690 -106.10411835   -8.28042316   -8.33457184   -8.31530285  -15.08961487	 -10.32032331   91.14316990 -240.87769176   24.21553284   18.26996607    0.80648510	  74.95492387  -46.18154095 -148.35910339   -8.69487593    1.82682325   -7.04271056	50.21497778	0	0.00000000	0.00000000	0.00000000	-0.10138037 -0.29343909 -0.18239639	0.44118390 0.17725848 0.37220153	  8.39630160 232.00000000  45.66025270  29.45101959  76.43167456  23.93797685  -2.05296155 -28.28234014 -95.43477881 -42.72349950 -28.36039768 -17.63960929	-0.28413922  0.49971715 -0.19153281  0.51350760 -0.31077677  0.16871484  0.14252618  0.37829491  0.15919650  0.89019954 -0.24012931  0.00526922	
0.00399200	0.69943309	0.01000000	 -30.32861137 -100.69960022 -248.42636108   11.93591404   31.81277275  -17.97141647	101.51673889 -95.88804626   2.05518031  -7.98607969  -8.38895130 -14.57144070	  -4.16038268  102.85989413 -255.90663682   25.63127247   17.44404392    3.82655953	  75.11235140  -46.70570947 -136.58847279   -9.23547410    1.47281645   -7.34832945	50.16293382	0	0.00000000	0.00000000	0.00000000	-0.10763021 -0.28639061 -0.17962861	0.43615834 0.20116924 0.31094726	  7.32940492 232.00000000  46.21785800  30.59584957  76.64303075  24.51609844  -4.54346519 -25.78531275 -96.47172894 -39.94778182 -28.51510710 -20.01592918	-0.28413922  0.49968648 -0.19091155  0.51007921 -0.30923513  0.17395338  0.14363359  0.38005134  0.15829912  0.88992345 -0.24349639  0.00596718	
0.00400400	0.71277237	0.01000000	 -26.65489006  -90.91756439 -272.31539917   14.67346382   34.53598022  -19.62152863	103.10732269 -92.46821594  -0.57964087  -7.35970974  -8.19532681 -13.18939114	   8.40468072  118.87619459 -268.38907052   28.37462420   18.82221463    4.61565609	  76.48838376  -44.07574667 -131.54279429   -8.67324718    1.27343783   -6.95046608	50.15465316	0	0.00000000	0.00000000	0.00000000	-0.11506482 -0.28090396 -0.18183523	0.42705884 0.24959048 0.30205994	  6.43119472 232.00000000  46.91853080  31.69267376  76.85755030  25.13520780  -8.22499179 -23.11170031 -97.37794178 -36.70793128 -28.16512624 -22.15619995	-0.28432328  0.49968648 -0.19026726  0.50681949 -0.30741736  0.17948338  0.14490592  0.38177705  0.15714863  0.88970101 -0.24687882  0.00665748	
0.00399200	0.72610497	0.01000000	 -26.42912102  -99.46576691 -304.96466064   16.82545853   38.64355469  -20.47057533	107.23043060 -88.70633698  -0.87504125  -7.08592415  -8.41947174 -11.37327003	  13.34008305  138.38614847 -288.87380436   30.91833251   19.62541388    6.60885495	  78.40538285  -39.03138977 -130.80096773   -7.67332539    1.12833626   -6.16738854	50.14774046	0	0.00000000	0.00000000	0.00000000	-0.12354949 -0.28355072 -0.17879963	0.42244665 0.25298926 0.31813176	  7.41723405 232.00000000  47.73583665  31.80311634  76.42129987  24.73695065 -12.10300843 -21.15250660 -97.60853214 -33.42515524 -28.82101541 -23.37111200	-0.28467610  0.49975550 -0.18965368  0.50372082 -0.30536181  0.18531251  0.14624111  0.38348743  0.15573737  0.88953996 -0.25025359  0.00724806	
0.00399600	0.73943979	0.01000000	 -30.63462257 -107.36524200 -334.60617065   19.52020645   43.59323883  -20.04518890	111.05314636 -83.64628601   1.39293516  -6.40030193  -8.47417259  -9.29903603	  20.91778790  159.89461612 -313.70686565   35.30572610   21.96413681    8.28695262	  81.89134993  -33.88898662 -129.57683325   -6.13698277    0.75361645   -4.98812250	50.05187098	0	0.00000000	0.00000000	0.00000000	-0.13105139 -0.28543134 -0.17493490	0.38541097 0.27714686 0.28734010	  8.25226052 232.00000000  48.93549374  31.71258840  75.87165633  24.34979580 -15.54342826 -19.56548201 -97.44932237 -30.12321058 -29.15416720 -23.78099264	-0.28521299  0.49986288 -0.18913980  0.50078326 -0.30312222  0.19135639  0.14774907  0.38522851  0.15414202  0.88949394 -0.25360531  0.00769291	
0.00400000	0.75277680	0.01000000	 -31.20491982  -99.11119843 -356.62878418   22.25446701   47.45065689  -23.30130959	121.05548859 -81.75158691  -6.93789864  -5.70178318  -8.06254864  -7.77905846	  23.91110525  181.82505015 -331.17346459   38.41727843   23.58022585   10.00753555	  84.96461099  -26.72930808 -133.61510360   -4.72035978    0.92013601   -3.98173912	50.14233508	0	0.00000000	0.00000000	0.00000000	-0.13733831 -0.28875821 -0.16746638	0.38541097 0.27714686 0.28734010	  9.11522800 232.00000000  50.35074230  31.41992573  75.63494288  23.59052796 -18.89306473 -18.47239847 -96.97225703 -27.88558166 -30.02536416 -23.79344763	-0.28591096  0.49993956 -0.18877164  0.49798375 -0.30080590  0.19751532  0.14924918  0.38702327  0.15244699  0.88955528 -0.25693405  0.00796136	
0.00398000	0.76610273	0.01000000	 -34.29008484 -110.24485779 -381.28826904   22.08577919   49.36207962  -20.11486244	124.20461273 -81.08695984 -22.35829926  -4.69198322  -5.79151106  -6.98402548	  27.65130530  196.81437105 -348.90389473   40.50934655   23.64239022   12.38021806	  82.09404285  -19.09493535 -144.52063612   -3.45376953    1.93683393   -3.02369225	50.20826088	0	0.00000000	0.00000000	0.00000000	-0.14377121 -0.29196814 -0.16013716	0.38541097 0.27714686 0.28734010	  9.95104982 232.00000000  51.87901989  30.39047930  75.49247441  22.20716841 -21.18978004 -17.75433912 -96.12692460 -25.15645898 -30.59617722 -23.06480709	-0.28680834  0.49999326 -0.18854921  0.49528393 -0.29847425  0.20358989  0.15071002  0.38891774  0.15067524  0.88978535 -0.26025513  0.00804573	
0.00400800	0.77944422	0.01000000	 -24.70278931 -108.22102356 -380.63809204   23.45893478   48.69927216  -22.91511345	118.06360626 -74.82447815 -34.22397232  -4.01752710  -4.15530396  -6.17339373	  34.95189506  204.65925067 -355.45465821   41.71490772   24.39961108   12.44140396	  71.50371055  -11.94058695 -150.39191792   -2.63298959    3.24559545   -2.18063503	50.26406833	0	0.00000000	0.00000000	0.00000000	-0.15098277 -0.29692911 -0.15795675	0.30975840 0.25242751 0.24924947	 11.49300041 232.00000000  53.63283014  29.63040818  75.41948777  21.38597789 -23.01516687 -17.78295690 -95.39037877 -23.67649615 -31.42278950 -21.88990219	-0.28792048  0.50002396 -0.18846484  0.49266851 -0.29615793  0.20955707  0.15206876  0.39093491  0.14891882  0.89016885 -0.26359922  0.00798437	
0.00398000	0.79277015	0.01000000	 -13.61241341 -115.52095032 -392.50814819   22.00838470   48.18440247  -20.71167374	127.07840729 -72.25261688 -34.81442261  -3.42894816  -4.24814177  -6.15011215	  45.01260475  206.84286077 -365.37813789   41.69130132   23.79134641   13.80775349	  69.16899698   -4.68172762 -153.13425740   -2.25307310    4.09672145   -1.78442058	50.29517843	0	0.00000000	0.00000000	0.00000000	-0.16267326 -0.30524052 -0.15725624	0.25731641 0.22361527 0.25694932	 12.24208274 232.00000000  55.45272575  28.80655275  75.69454702  20.16427041 -25.09905088 -17.80091066 -94.24551675 -22.76983176 -31.94978682 -20.48686190	-0.28922436  0.50007761 -0.18844950  0.49015278 -0.29401037  0.21550125  0.15329398  0.39309785  0.14718543  0.89082849 -0.26675922  0.00776194	
0.00400400	0.80610943	0.01000000	 -10.89362907 -118.28645325 -374.10494995   21.93002129   46.90568542  -21.52070236	116.90375519 -84.82523346 -43.50683594  -4.05463791  -3.49397349  -7.69813442	  49.33369080  199.73124283 -360.72423002   41.79525567   23.98153305   13.05247973	  68.91108538   -6.64955939 -156.50881492   -2.41567544    4.42139476   -2.10250821	50.35123938	0	0.00000000	0.00000000	0.00000000	-0.17550369 -0.31406335 -0.15681012	0.22471752 0.21606513 0.26112050	 14.15998265 232.00000000  57.31803771  28.45911492  76.07426580  19.44009116 -25.70567204 -18.35197436 -93.08993553 -22.93272239 -32.46962631 -18.59711994	-0.29067397  0.50015432 -0.18842649  0.48777512 -0.29167104  0.22143008  0.15436213  0.39540648  0.14539067  0.89170283 -0.27017230  0.00741680	
0.00398800	0.81943977	0.01000000	  -9.00348854 -120.14762878 -359.00805664   20.41397476   45.32124710  -22.34403801	110.65690613 -88.84104919 -45.71678162  -4.19083309  -1.61851573  -8.94734097	  48.11815590  193.03569764 -356.67056834   40.29210001   23.27321598   12.96299916	  60.17197077  -13.43579939 -157.52734142   -3.22457224    5.52484153   -2.63152006	50.41888875	0	0.00000000	0.00000000	0.00000000	-0.18691879 -0.32242321 -0.15899750	0.21553244 0.18953013 0.25957656	 15.22450425 232.00000000  58.73702321  27.57982073  76.21886655  18.29431693 -25.92367066 -18.50496569 -91.74849251 -23.94269861 -32.98532926 -17.02000476	-0.29222327  0.50023103 -0.18835746  0.48552015 -0.28930104  0.22729756  0.15528889  0.39779949  0.14354222  0.89276129 -0.27364677  0.00699495	
0.00400400	0.83277905	0.01000000	 -21.57759285 -132.97077942 -348.93859863   18.22825432   44.06637573  -20.81353951	125.25872803 -85.36030579 -40.04759216  -3.98673010  -2.64558244  -9.16268444	  40.53250882  183.77459239 -351.00829605   39.10770079   22.72894448   12.19221381	  63.20642964  -11.73539432 -163.07917671   -3.54775329    6.22625770   -2.87394132	50.45705684	0	0.00000000	0.00000000	0.00000000	-0.19589148 -0.32826453 -0.16196980	0.21454537 0.16286355 0.25527821	 16.39602199 232.00000000  59.88201807  27.15981850  76.73377009  17.15722148 -25.90550887 -18.35987164 -90.38040886 -26.54144329 -33.84830554 -15.68384542	-0.29384929  0.50027704 -0.18820406  0.48339561 -0.28687736  0.23308833  0.15606643  0.40026918  0.14167076  0.89396548 -0.27722862  0.00656544	
0.00398000	0.84610498	0.01000000	 -18.13846397 -127.19969940 -329.36816406   17.22742271   41.90172958  -24.10626411	114.22013855 -79.02017212 -42.35120010  -3.79002738  -2.29590821  -8.72308159	  32.73460672  176.25984371 -341.99655582   37.43824020   22.54202616   11.24809829	  64.52520774   -9.37295953 -159.54027527   -3.66326504    5.96917643   -3.01382890	50.40780194	0	0.00000000	0.00000000	0.00000000	-0.20529921 -0.33543519 -0.16444083	0.23872473 0.18159788 0.28019705	 17.49403233 232.00000000  61.05298401  26.70922173  76.61704184  16.69663366 -26.00758402 -18.13844698 -89.61123321 -30.02854220 -34.73882173 -14.82788517	-0.29552135  0.50030774 -0.18792795  0.48137841 -0.28438464  0.23879474  0.15672617  0.40276191  0.13946183  0.89523870 -0.28093317  0.00618961	
0.00399600	0.85943979	0.01000000	 -32.42015457 -131.62966919 -313.19351196   15.38240623   40.55264282  -21.75811768	106.63613129 -68.27219391 -49.32247162  -2.98684788  -0.94808525  -7.88285828	  22.24925891  166.97139196 -329.09103352   35.74752813   22.33993305    9.63798100	  52.45747585   -5.27337003 -151.35675976   -3.41248525    5.97712758   -2.65196870	50.31445903	0	0.00000000	0.00000000	0.00000000	-0.21396313 -0.34263681 -0.16880087	0.22611289 0.16323360 0.26289733	 19.28957756 232.00000000  62.12721474  26.18215872  76.93201025  15.67606256 -25.57497738 -17.23639237 -88.79345740 -34.63052880 -35.64363197 -14.29866119	-0.29724705  0.50032306 -0.18752144  0.47941491 -0.28186890  0.24457018  0.15726024  0.40525463  0.13704582  0.89656556 -0.28475279  0.00589815	
0.00400000	0.87277681	0.01000000	 -17.48321533 -128.06427002 -300.36126709   15.24821091   38.08809280  -25.21809578	131.16433716 -70.97672272 -46.25178909  -2.74000716  -2.11303759  -7.49938631	  23.87248257  156.63430978 -321.60922816   34.86045010   22.42940735    8.49503930	  60.70354107    3.81129819 -157.03845060   -2.90777562    6.52898414   -2.11666584	50.24347523	0	0.00000000	0.00000000	0.00000000	-0.22204684 -0.35236997 -0.17151094	0.21376312 0.11308323 0.26461075	 20.06918784 232.00000000  62.73118777  25.66006973  76.74523490  14.46959556 -26.30930844 -15.76134902 -87.64177664 -40.30325378 -36.65684044 -13.58217056	-0.29898047  0.50033844 -0.18698455  0.47752044 -0.27928415  0.25049135  0.15770791  0.40777037  0.13446873  0.89793849 -0.28871047  0.00563738	
0.00398800	0.88610721	0.01000000	 -23.98426056 -135.33428955 -306.96890259   13.93184471   38.61885452  -21.82793617	126.64405823 -85.14693451 -51.13193130  -3.75288558  -1.84128511  -8.98178673	  22.36753378  155.80109897 -315.56410276   33.88456422   22.28139611    7.88615672	  64.44918116    1.59926658 -165.08721668   -3.01738871    6.78178674   -2.33264447	50.04218461	0	0.00000000	0.00000000	0.00000000	-0.22814881 -0.36362211 -0.18027125	0.20959119 0.12357455 0.27740645	 21.27562373 232.00000000  63.20017120  25.24522687  76.99186182  12.87623012 -26.73199350 -14.00084888 -86.43185198 -47.04073423 -37.82755392 -13.04220901	-0.30069086  0.50038445 -0.18631727  0.47565666 -0.27659968  0.25655055  0.15807706  0.41030142  0.13180727  0.89926535 -0.29281387  0.00539961	
0.00401200	0.89945090	0.01000000	  -7.66622162 -134.73153687 -308.43435669   15.04169369   37.89153671  -26.17648697	133.76354980 -91.71060944 -56.49688721  -3.93385577  -0.50389034  -9.61972809	  31.26086250  152.33395780 -323.47979645   34.47668239   22.51660149    8.13212435	  63.27070221   -4.45051660 -173.90851064   -3.50276747    7.66719933   -2.61917867	49.90436366	0	0.00000000	0.00000000	0.00000000	-0.23291368 -0.37180195 -0.18530558	0.16853072 0.09688585 0.27816479	 22.46156314 232.00000000  62.78244608  25.21455843  76.19557165  11.22157602 -26.85907381 -12.43765571 -84.14445012 -55.06230538 -37.94247544 -12.98888756	-0.30236289  0.50045347 -0.18553494  0.47386190 -0.27379251  0.26274785  0.15837550  0.41290918  0.12913814  0.90050024 -0.29708600  0.00523854	
0.00398400	0.91277903	0.01000000	 -22.89608002 -155.68878174 -314.80349731   13.47381020   39.36087799  -20.50170898	156.97303772 -92.12309265 -70.88181305  -3.42590904  -0.73531979 -10.61084557	  21.30620601  153.76275648 -329.38866382   33.87187022   20.98921335    9.59202995	  70.81576425    3.64583542 -189.63564783   -3.75134884    9.10313609   -2.60556137	49.71293120	0	0.00000000	0.00000000	0.00000000	-0.23797391 -0.37426877 -0.19318158	0.15588383 0.10781244 0.26821849	 23.80877848 232.00000000  62.27373190  25.31133171  75.67096904   9.18006561 -27.35400076 -10.81484031 -81.81747537 -63.63803389 -38.01578421 -13.33176269	-0.30395055  0.50051481 -0.18467590  0.47208250 -0.27083960  0.26854628  0.15861112  0.41563201  0.12652270  0.90162003 -0.30147317  0.00517718	
0.00400400	0.92611831	0.01000000	 -28.99352837 -141.76226807 -302.37936401   14.62481594   38.88799667  -27.04644012	 152.61918640 -104.49917603  -60.78511810   -4.61660147   -2.00243902  -10.99987125	  22.16919616  154.44365723 -328.75234536   34.89258025   22.64976131    8.37539920	  76.73675218    0.93019736 -198.08129436   -3.99421390    9.07591679   -2.98081789	49.83383891	0	0.00000000	0.00000000	0.00000000	-0.24280079 -0.37976111 -0.19435681	0.15588383 0.10781244 0.26821849	 25.32528990 232.00000000  61.21356476  25.09711779  74.19920723   7.60324679 -27.88427017  -9.39495184 -79.58894465 -72.00298684 -37.01173047 -13.54713355	-0.30566096  0.50058383 -0.18381688  0.47041813 -0.26777163  0.27481261  0.15880747  0.41856959  0.12399931  0.90257877 -0.30597541  0.00517718	
0.00398400	0.93944645	0.01000000	 -35.81882858 -148.95275879 -317.78338623   13.30698967   40.59458923  -23.98719025	 159.13642883 -103.82990265  -71.06962585   -4.18138933   -1.02025867  -11.15844154	   9.14533154  160.91813892 -328.96932473   34.07796427   22.17220738    8.99089493	  78.29759250    0.53091087 -206.33019461   -4.07121383    9.58760127   -2.97960385	49.83103773	0	0.00000000	0.00000000	0.00000000	-0.24722335 -0.38685719 -0.19750670	0.10476049 0.03827472 0.26370237	 27.29444893 232.00000000  60.39356640  24.66212023  72.96826206   5.35763657 -29.13537518  -8.23451402 -77.43889410 -80.23884857 -35.02609001 -14.34455806	-0.30740967  0.50064522 -0.18299620  0.46863869 -0.26459628  0.28114027  0.15898812  0.42175260  0.12162931  0.90332276 -0.31059268  0.00523854	
0.00399600	0.95278126	0.01000000	 -23.22144508 -158.59463501 -323.76586914   14.44123650   41.11314011  -25.22184181	155.99157715 -96.91957092 -73.78527069  -3.63045120  -0.82761359 -10.56887627	  15.21180639  160.53858344 -333.45057644   35.82548928   23.48012269    8.80378682	  75.73310208    5.89698357 -207.20047819   -3.80432380    9.80083730   -2.81570491	49.80281487	0	0.00000000	0.00000000	0.00000000	-0.25163029 -0.39410329 -0.20516032	0.09389953 0.03518479 0.25948531	 29.36263256 232.00000000  58.80311755  24.17783875  70.60506471   3.30648196 -30.98583863  -7.72347042 -74.71321333 -89.75572090 -32.90218945 -14.83101416	-0.30915841  0.50069124 -0.18225989  0.46682861 -0.26135960  0.28751397  0.15917662  0.42518103  0.11948174  0.90379828 -0.31526366  0.00534592	
0.00400000	0.96611834	0.01000000	 -19.22043991 -161.09634399 -332.09924316   14.90110493   40.91659164  -28.82775879	 168.52909851 -103.06174469  -79.84851074   -3.67648745   -0.81056768  -10.44861221	  17.79072217  166.58612350 -347.44461024   36.37923539   23.70699344    9.44768538	  78.73608015    8.71926673 -213.53864982   -3.34864144   10.32875903   -2.35517810	49.76985878	0	0.00000000	0.00000000	0.00000000	-0.25342041 -0.40719749 -0.21222655	 0.08672563 -0.00511760  0.29351903	 31.26495664 232.00000000  57.52380608  24.00975635  68.58700381   0.66475924 -32.46736733  -7.37991285 -71.41489725 -98.48584440 -29.16021033 -14.97784698	-0.31082278  0.50071424 -0.18158494  0.46499550 -0.25806153  0.29381862  0.15934940  0.42858648  0.11763329  0.90396702 -0.31996530  0.00544563	
0.00398800	0.97944868	0.01000000	 -12.56820583 -196.07780457 -347.21728516   13.00634670   42.53092957  -26.56451225	 158.00009155 -100.70133972  -76.04288483   -3.99782777   -1.09837449  -10.59392357	  24.00888227  162.85571804 -368.79932793   37.45420723   23.93033265   10.47085912	  80.09043613    8.28966665 -211.56576074   -3.40434697   10.14410748   -2.41557841	49.74827967	0	0.00000000	0.00000000	0.00000000	-0.25571912 -0.41498480 -0.21859449	 0.09784495 -0.01460666  0.30969763	  33.43107385  232.00000000   55.81212989   23.46025642   65.52944141   -1.54225780  -33.00444169   -7.56577082  -68.54420379 -107.11330793  -24.77272230  -15.25040478	-0.31239513  0.50072193 -0.18103270  0.46316239 -0.25474814  0.29994687  0.15949863  0.43241376  0.11612232  0.90375996 -0.32469764  0.00553000	
0.00399600	0.99278349	0.01000000	  -7.53442764 -204.96002197 -333.55938721   12.33638954   40.74958420  -32.00537491	150.08413696 -89.27980042 -74.36279297  -2.98752737   0.50093079  -9.73272324	  26.86484061  153.65832347 -379.32430225   38.05880276   25.50826913    9.32190203	  74.70923892   11.05152512 -202.98595540   -3.27312281   10.05353451   -2.16278096	49.74010637	0	0.00000000	0.00000000	0.00000000	-0.25881963 -0.42215915 -0.22077830	 0.10242408 -0.04120177  0.32137745	  34.95866962  232.00000000   54.32435326   22.89206711   62.39878648   -3.46892723  -33.31378292   -8.88375329  -66.14606850 -114.02992861  -19.99225005  -15.33103095	-0.31385240  0.50072193 -0.18056484  0.46132162 -0.25148076  0.30597541  0.15960073  0.43645579  0.11495650  0.90318471 -0.32940698  0.00559903	
0.00398800	0.00611386	0.01000000	  -1.59612000 -216.49807739 -330.61718750    9.94784832   39.77103424  -30.70607376	141.29928589 -89.01679993 -80.45556641  -2.45866513   1.06448853 -10.81904030	  22.97357738  145.09570902 -388.74488555   37.00383577   25.19168222    9.28199345	  69.56620359   16.78438413 -201.83057558   -3.25081503   10.84338093   -2.08422454	49.66894666	0	0.00000000	0.00000000	0.00000000	-0.26064443 -0.42484724 -0.23045028	 0.11899758 -0.05397733  0.29085546	  35.42466617  232.00000000   52.56254208   22.31928347   59.96241610   -5.93793433  -33.36814480   -9.67010736  -63.15331993 -119.90832217  -14.54274412  -15.17591488	-0.31519464  0.50072193 -0.18014300  0.45950386 -0.24834377  0.31202698  0.15965571  0.44064355  0.11415116  0.90220296 -0.33407027  0.00562204	
0.00400400	0.01945312	0.01000000	 -11.05785656 -204.00959778 -307.91607666    9.41141987   37.33990860  -30.58986664	 152.65588379 -107.20033264  -84.94619751   -3.31560087    1.53074741  -10.76256561	  21.37151577  137.24282826 -373.46426004   35.93659165   26.01568452    7.13484945	  72.30459031   11.23005507 -210.38038362   -3.05950806   11.57864650   -1.86598707	49.65194499	0	0.00000000	0.00000000	0.00000000	-0.26283078 -0.43077721 -0.23752377	 0.11634267 -0.11372926  0.31895947	  35.14039465  232.00000000   50.34022300   21.49359824   55.84029624   -9.52550693  -34.76877864  -10.59877065  -60.20804584 -126.01021540   -7.52621765  -15.05884150	-0.31634513  0.50072193 -0.17977484  0.45770141 -0.24535251  0.31810921  0.15965571  0.44493103  0.11366028  0.90078402 -0.33864918  0.00562204	
0.00400000	0.03279016	0.01000000	  -9.21928596 -181.23562622 -263.05175781    8.55849552   32.97260284  -31.35813713	146.77268982 -96.91265106 -91.68767548  -2.80126810   3.53466868 -10.23123169	  16.73596089  126.50823870 -350.49231527   33.34053278   25.13019951    5.92930986	  67.81751825   10.65623169 -210.80343869   -2.89065353   12.28203119   -1.60015266	49.57654794	0	0.00000000	0.00000000	0.00000000	-0.26493056 -0.44048283 -0.24426263	 0.12427192 -0.09497945  0.34889498	  35.11777937  232.00000000   48.31638372   19.89686407   50.73793488  -13.33677489  -34.40364301   -9.13611987  -58.07219939 -131.31042517   -0.04396832  -15.04153820	-0.31725016  0.50069892 -0.17948338  0.45598337 -0.24262202  0.32416075  0.15964000  0.44934124  0.11347620  0.89862877 -0.34289065  0.00562204	
0.00398000	0.04611608	0.01000000	 -14.36467743 -192.69822693 -245.55229187    4.89350319   30.66183281  -23.57094383	 159.46939087  -91.74681091 -104.05803680   -1.52715194    4.80377007   -9.71691990	   6.59704174  111.28036493 -323.39851056   29.80971051   22.60835370    5.45330768	  63.97147645   21.73541026 -215.14276196   -2.36148000   13.24277624   -0.78297430	49.37128016	0	0.00000000	0.00000000	0.00000000	-0.26493042 -0.44581251 -0.25385998	 0.11851095 -0.18731757  0.38740439	  34.01955185  232.00000000   47.02354169   17.72359180   44.92590186  -17.53337875  -33.67280735   -7.07476643  -55.46560210 -134.84983560    8.20882665  -15.03509548	-0.31786376  0.50068355 -0.17916125  0.45428064 -0.23977649  0.33000523  0.15962429  0.45395085  0.11355291  0.89580625 -0.34730852  0.00562204	
0.00400400	0.05945535	0.01000000	  -7.35764980 -176.99710083 -198.82040405    3.45058107   23.83517265  -25.67023087	 150.07221985  -96.27140045 -110.14266968   -1.42351186    5.05286407   -9.50360107	   7.16823256   84.21502914 -300.28665286   26.03002521   20.56943142    3.77001354	  61.52034082   27.13760072 -221.68039074   -1.73722551   14.06084578   -0.27557100	49.21586464	0	0.00000000	0.00000000	0.00000000	-0.26370332 -0.45013897 -0.26184977	 0.13508292 -0.26058567  0.44692399	  33.85558372  232.00000000   45.27507047   16.54431953   39.38520038  -20.81317667  -32.37347723   -5.26291427  -53.93205650 -138.85762062   15.30160090  -14.69197468	-0.31820124  0.50066823 -0.17878543  0.45261627 -0.23698464  0.33557355  0.15962429  0.45870617  0.11379834  0.89237779 -0.35152698  0.00559136	
0.00400000	0.07279238	0.01000000	  -3.46892691 -170.61953735 -163.10836792   -0.39958614   18.47957420  -22.05474472	 164.13735962  -98.84255219 -133.32508850   -0.38672885    8.10302830  -10.80084896	   1.03203300   59.01732514 -273.59090819   20.89151949   17.54257419    2.60008881	  58.15974124   33.18243902 -234.13632570   -1.50757285   15.90715446    0.24072789	48.97373200	0	0.00000000	0.00000000	0.00000000	-0.26141649 -0.45127525 -0.26664894	 0.15564942 -0.22088673  0.46736447	  34.07815596  232.00000000   43.26531368   15.25473769   33.37010697  -24.28822703  -30.97565344   -3.66503264  -52.59124645 -143.24974551   22.80310343  -14.53035440	-0.31836230  0.50065285 -0.17834824  0.45099792 -0.23422348  0.34089649  0.15964785  0.46356890  0.11412815  0.88848919 -0.35549229  0.00555301	
0.00398000	0.08611831	0.00988719	  -4.09871101 -153.15333557 -124.50864410   -2.50606942   13.44518471  -21.18687057	 160.05078125 -110.40419769 -141.63464355   -0.52317446   10.65352917  -11.54358196	  -4.63638307   35.15549338 -240.07050495   16.87736236   16.25133899   -0.32806447	  53.66175614   36.33036406 -246.76950185   -1.53465809   18.45836232    0.65154883	48.70197938	0	0.00000000	0.00000000	0.00000000	-0.25689105 -0.45672120 -0.27111338	 0.14524083 -0.24591088  0.49940540	  33.73470652  232.00000000   40.84854603   14.45342752   26.47291723  -27.25741904  -29.64703859   -3.82442945  -51.23209476 -147.34462078   28.19290923  -14.38751005	-0.31833929  0.50062984 -0.17784202  0.44944093 -0.23148532  0.34595862  0.15968712  0.46862337  0.11464970  0.88418633 -0.35913551  0.00549932	
0.00400400	0.09933219	0.00956088	  -4.99928188 -139.01609802  -83.02449036   -4.24783182    8.67221928  -22.62333679	 174.93693542 -123.01693726 -158.26477051    0.25416195   13.88820171  -13.91476345	 -11.77583559   13.14322681 -207.62476993   12.65896068   15.15086344   -2.95668196	  54.50298933   36.12234515 -269.55216220   -1.59050698   22.23578383    1.25528135	48.45320007	0	0.00000000	0.00000000	0.00000000	-0.25553543 -0.46309707 -0.27590453	 0.11961730 -0.28835519  0.54826656	  32.69879359  232.00000000   37.21715220   13.21002486   17.21530249  -30.34561611  -28.12147582   -5.36748664  -51.42814348 -150.74409443   35.06271576  -14.26896397	-0.31813222  0.50060683 -0.17735115  0.44796064 -0.22874717  0.35070628  0.15979707  0.47391561  0.11544737  0.87940800 -0.36241055  0.00545330	
0.00399200	0.11217675	0.00922511	 -18.78695679 -138.90826416  -53.20109177   -7.88731194    5.56632328  -20.30872536	 199.81285095 -141.39884949 -199.28613281    1.05087495   17.57094002  -14.49257851	 -21.91172932   -6.72969470 -182.77018222    8.88555514   14.33116681   -5.31454774	  55.75592006   43.89553942 -297.49935784   -1.32956283   25.91236181    2.00406275	48.40526208	0	0.00000000	0.00000000	0.00000000	-0.25599210 -0.46835568 -0.27882948	 0.11519407 -0.36926537  0.60124045	  32.42187477  232.00000000   33.31894989   12.41960955    8.69848102  -32.95903737  -26.30525414   -7.60920197  -53.28243157 -155.72461011   40.49221338  -14.30743615	-0.31774104  0.50058383 -0.17689095  0.44650337 -0.22603969  0.35507813  0.16002484  0.47955298  0.11657485  0.87413877 -0.36524841  0.00543796	
0.00400000	0.12465256	0.00890265	 -21.40819550 -139.71913147  -24.47700119   -9.48853874    2.44817758  -21.01661110	 196.43435669 -132.95545959 -211.13475037    2.14825892   20.04984093  -14.50092697	 -36.53683186  -26.85666131 -164.08940643    5.74572807   13.31587238   -7.31369757	  52.38756196   57.34286479 -319.51651693   -1.10128606   29.17671696    2.94903797	48.40527269	0	0.00000000	0.00000000	0.00000000	-0.26134378 -0.47371360 -0.28470894	 0.11595134 -0.38462137  0.66169593	  33.05219140  232.00000000   30.31151335   12.92437598    2.63409823  -35.21982888  -24.87291927  -11.00953462  -54.87459101 -160.42007569   44.64910910  -14.39579342	-0.31722715  0.50054550 -0.17654581  0.44506142 -0.22344726  0.35903579  0.16040184  0.48568124  0.11800145  0.86834031 -0.36758775  0.00543796	
0.00399600	0.13676776	0.00867931	 -20.86945915 -145.43479919  -12.15594006  -11.60835648    0.70460552  -19.33991241	 210.99429321 -126.37862396 -235.82748413    3.95240259   22.93064690  -14.76145744	 -46.15651997  -45.42740865 -155.10010317    2.98889140   12.19817261   -8.19774490	  44.66541372   76.35298571 -337.97719579   -0.47705623   31.82550806    4.26940324	48.36044111	0	0.00000000	0.00000000	0.00000000	-0.26891219 -0.47782438 -0.29319251	 0.14143926 -0.39727849  0.72207457	  33.71982330  232.00000000   27.06645145   12.90470671   -1.65289526  -37.66033857  -23.63809448  -15.13553703  -57.85452873 -164.46941567   46.98655900  -14.41162410	-0.31666726  0.50051481 -0.17634639  0.44359648 -0.22099289  0.36256397  0.16096732  0.49213162  0.11971184  0.86206633 -0.36939016  0.00543029	
0.00398800	0.14863029	0.00848825	 -20.79484749 -141.79699707   -6.50172567  -12.02730560   -0.36520067  -20.03436852	 216.57951355 -146.65928650 -262.60565186    5.16107702   29.07954216  -15.25196171	 -48.16140365  -55.16264922 -148.21786394    1.97025302   12.38511101   -9.62210859	  32.18235371   86.46366374 -362.86804121    0.36084222   35.58882753    5.91549912	48.27356313	0	0.00000000	0.00000000	0.00000000	-0.27318322 -0.48552684 -0.30257895	 0.12500532 -0.46899508  0.75563557	  34.63815304  232.00000000   23.62958576   13.42201598   -4.21369576  -39.25552212  -22.86689707  -21.71124161  -61.41951053 -167.74585062   44.70133978  -13.67328846	-0.31604600  0.50049949 -0.17631571  0.44208550 -0.21875328  0.36564726  0.16169775  0.49880442  0.12161397  0.85550857 -0.37076309  0.00536126	
0.00400000	0.16028714	0.00829170	 -16.04366875 -136.13592529   -2.81044102  -11.45189667   -1.03340971  -21.81028366	 193.49540710 -155.44015503 -279.11697388    4.93656349   33.20133209  -17.46081161	 -45.67332609  -58.46394386 -143.69177543    1.55164223   12.89737708  -10.37668838	  23.61881020   89.13953073 -383.80339656    0.12781972   40.10173221    6.88075719	48.13973870	0	0.00000000	0.00000000	0.00000000	-0.27446588 -0.50218042 -0.31105503	 0.13640238 -0.43140879  0.83937424	  35.05965934  232.00000000   21.29284742   15.29547240   -5.43056519  -40.84505335  -22.37245891  -30.04141603  -63.95505105 -170.96513652   41.76992873  -12.68902500	-0.31530201  0.50049949 -0.17645377  0.44054386 -0.21675144  0.36830872  0.16254596  0.50561529  0.12361582  0.84855199 -0.37166813  0.00521553	
0.00399200	0.17172110	0.00809231	 -12.33516788 -149.31141663    3.16053295  -12.70751190   -1.19696116  -21.33803749	 188.09071350 -154.94909668 -287.35781860    6.24367380   34.25540543  -19.58519936	 -42.32775265  -65.33847130 -145.62129652    1.45025044   13.23170699  -10.61453230	   6.21399496   82.17581065 -384.72875166   -0.22040701   41.89000841    6.62508891	47.18261688	0	0.00000000	0.00000000	0.00000000	-0.27445461 -0.51497304 -0.31469065	 0.13982749 -0.43149467  0.98462810	  37.50124157  232.00000000   20.35282290   16.12446882   -6.94532565  -41.75164544  -19.07982913  -36.25986417  -68.26475289 -173.14257183   38.04666518  -12.12120642	-0.31430492  0.50049949 -0.17667620  0.43900219 -0.21497202  0.37049463  0.16352771  0.51020193  0.12564833  0.84099710 -0.37222037  0.00503146	
0.00398400	0.18292901	0.00789222	  -7.53615093 -153.49165344    3.06619430  -12.86656570   -2.16047359  -21.26581764	 241.52540588 -200.18338013 -370.55581665    7.70913553   43.74959183  -27.13870621	 -39.07440514  -72.15059118 -146.29851367    1.27726851   13.13716718  -10.71921563	  13.70950074   95.70009579 -430.78400415   -1.06289914   49.22346275    6.56437107	46.39495189	0	0.00000000	0.00000000	0.00000000	-0.27046697 -0.52005329 -0.30909985	 0.12703998 -0.47170874  1.00650425	  36.91458613  232.00000000   15.38503324   15.32445156   -9.73468077  -39.39016549  -12.05845552  -28.92169464  -76.32861382 -173.84115310   38.80716145  -11.67567827	-0.31304705  0.50049180 -0.17693698  0.43750656 -0.21344571  0.37219736  0.16467440  0.51060843  0.12767319  0.83264458 -0.37250414  0.00486272	
0.00400800	0.19392787	0.00761730	  -1.11275148 -169.24487305  -13.20470715  -13.35383987   -2.10179377  -22.76462173	 374.18109131 -297.90328979 -511.75704956   10.51097679   61.86000824  -37.16851425	 -34.96889658  -75.03271065 -160.56932773    1.46022604   12.90046297  -10.96066558	  24.85887054  122.18348958 -573.48248477   -1.55075134   65.32544053    8.19717663	45.46487224	0	0.00000000	0.00000000	0.00000000	-0.27049533 -0.51431908 -0.30927971	 0.16908516 -0.44477642  0.99943993	  35.10689515  232.00000000   10.64938843   15.19503908  -10.70377221  -36.50767854   -8.42087256  -22.27456831  -82.67515926 -172.78551557   38.25871335  -12.10421089	-0.31153610  0.50047648 -0.17728980  0.43607998 -0.21215717  0.37346289  0.16603313  0.50816935  0.12975174  0.82405430 -0.37258086  0.00479369	
0.00398400	0.20460783	0.00736698	 -11.24465179 -161.26792908  -25.47782707  -12.16156292    0.89007884  -22.05077553	 450.78851318 -409.50756836 -713.43627930   13.45431328   86.68897247  -52.76338959	 -32.56352898  -65.84067912 -172.32293081    2.29023116   13.43215970  -10.06315883	  31.45576427  162.85324381 -807.46569453   -3.27267298   93.94768782   10.77538447	45.19481061	0	0.00000000	0.00000000	0.00000000	-0.27543351 -0.49967580 -0.29762664	 0.31574594 -0.37351445  1.05765916	  34.65285209  232.00000000    1.85283142   14.38592275  -14.66602325  -32.72725585   -4.10885320   -4.99380210  -92.06735106 -172.33410470   41.27449401  -14.10022648	-0.30994841  0.50040746 -0.17793407  0.43467638 -0.21112940  0.37442929  0.16757251  0.50441879  0.13196833  0.81602395 -0.37258086  0.00493942	
0.00400800	0.21502294	0.00703879	 -23.21432877 -132.92352295  -18.08733177   -9.77993107    2.50042367  -22.49267578	 511.43865967 -487.20910645 -832.45080566   17.32245827  107.35647583  -64.52589417	 -38.70815790  -51.70549878 -159.74981126    3.18613222   14.45854311   -9.75889515	  28.28985285  181.65099301 -990.00521953   -4.82950992  119.33740737   13.40373669	45.41007360	0	0.00000000	0.00000000	0.00000000	-0.28140614 -0.46594422 -0.28474718	 0.42876569 -0.31234801  1.03944580	  35.71823002  232.00000000   -3.18458606   15.12262034  -13.70438844  -30.49779582    1.54690915    7.19649713 -102.51870465 -173.66202632   42.66647912  -17.53174032	-0.30836076  0.50019270 -0.17903852  0.43321911 -0.21042377  0.37516561  0.16908833  0.50204879  0.13435368  0.80868381 -0.37267289  0.00543029	
0.00398800	0.22506216	0.00677406	 -18.73583221 -111.07520294  -18.92593575   -6.99103975    3.26192355  -19.78697777	 511.10470581 -494.44976807 -876.72161865   19.62549782  116.12077332  -64.00940704	 -37.69372804  -41.57072416 -140.69064306    3.90248346   14.39593760   -8.64907297	   19.96583614   199.21231263 -1090.23835531    -5.14200524   135.57251723    16.57749912	45.77726352	0	0.00000000	0.00000000	0.00000000	-0.27523287 -0.42111599 -0.25845021	 0.55780741 -0.31180847  1.00282990	  36.38677525  232.00000000   -4.68525888   16.96208902   -8.29190725  -29.77413086    5.04070575   18.32551840 -111.02087555 -174.72514960   45.24154969  -22.43980296	-0.30681142  0.49976316 -0.18068756  0.43161610 -0.21009396  0.37567180  0.17047849  0.50164229  0.13691543  0.80178094 -0.37306404  0.00629699	
0.00399200	0.23480938	0.00648828	-12.17275906 -96.06103516 -28.05094337  -5.74375868   2.89839196 -14.48462963	 498.56423950 -433.00341797 -883.75994873   24.44789124  117.52581024  -57.76863098	 -29.32795680  -26.20639587 -124.10429747    4.05090261   12.13162444   -7.05472110	   -0.39130880   230.77696331 -1106.97642542    -3.16830499   140.92857839    20.29747214	46.13818970	0	0.00000000	0.00000000	0.00000000	-0.26613301 -0.37636087 -0.23341185	 0.55780741 -0.31180847  1.00282990	  37.59827636  232.00000000   -4.71717949   18.01633756   -2.03835764  -30.03524212    7.92570591   24.21972843 -118.48771394 -175.98195842   47.42755147  -26.86570354	-0.30502436  0.49932599 -0.18288115  0.42997473 -0.21010931  0.37591726  0.17175083  0.50174201  0.13949251  0.79526919 -0.37382337  0.00734777	
0.00398800	0.24423675	0.00627948	 -8.26525211 -72.08905792 -28.50588226  -4.00336790   2.76230431  -9.11452961	 453.26928711 -395.34664917 -830.27624512   23.04445457  109.91758728  -52.41174316	 -19.57506813  -18.29442882 -109.67483021    3.23641057    8.22045141   -4.51842142	  -17.30909882   249.19939515 -1058.77175509    -1.69512647   135.98270726    21.95044377	46.11054925	0	0.00000000	0.00000000	0.00000000	-0.25859557 -0.33281394 -0.20655941	 0.61317448 -0.25562248  0.81805642	  38.12231971  232.00000000   -3.11082965   18.32901772    1.68269626  -30.53552748   12.16012502   30.14637824 -121.99824588 -173.74279638   52.49711307  -29.65521897	-0.30315289  0.49921861 -0.18555795  0.42817998 -0.21036240  0.37584823  0.17289752  0.50168830  0.14202358  0.78930199 -0.37495086  0.00840621	
0.00399200	0.25343430	0.00607197	-14.66496849 -40.70537949 -27.24509430  -1.90111804   3.03483081  -6.18473148	 422.95831299 -402.25851440 -766.67224121   19.47516632   99.75272369  -52.48978043	-15.62209760  -3.08775544 -88.38158907   2.59983630   5.30487402  -2.52162963	 -10.65334989  229.98550087 -996.77368895   -2.40744093  126.85876407   19.98358574	46.11549293	0	0.00000000	0.00000000	0.00000000	-0.26318693 -0.32141179 -0.17884612	 0.68272291 -0.13423851  0.74736651	  37.06425938  232.00000000   -4.29996894   19.03662637    7.97786535  -30.64687608   11.28924322   33.21014005 -125.75070667 -172.52204771   55.37460805  -30.15075280	-0.30128911  0.49950239 -0.18857989  0.42644656 -0.21067688  0.37539569  0.17391068  0.50165761  0.14440893  0.78392535 -0.37633142  0.00916553	
0.00400000	0.26240563	0.00593716	-16.24498940 -23.15756798 -24.58501434  -0.65483576   3.20275259  -5.36725903	 405.96859741 -420.97750854 -718.78912354   14.86444759   92.66237640  -54.34737396	-14.20790049   7.50712953 -66.00770963   2.17021692   4.21627682  -1.74726391	   5.18773332  191.84509488 -954.77643838   -3.96223304  118.70901407   16.69257376	46.15104892	0	0.00000000	0.00000000	0.00000000	-0.26891297 -0.30426584 -0.14828748	 0.76443292 -0.06616580  0.63562311	  37.17393895  232.00000000   -4.02588022   19.52420941   12.19745132  -30.07276446   11.96922159   39.77882117 -130.75996020 -170.62537644   63.06757092  -30.45963766	-0.29940230  0.49960211 -0.19186261  0.42476687 -0.21100669  0.37445998  0.17470393  0.50159627  0.14654882  0.77896297 -0.37781939  0.00967175	
0.00399200	0.27122271	0.00575338	 -8.59890938 -14.33225632 -22.69232750  -0.15992314   2.68012428  -5.41347122	 395.93145752 -421.07168579 -704.94873047   14.37895107   91.60068512  -54.61217499	 -9.83768668  15.77059913 -51.78416415   2.11051993   4.35971366  -1.92129589	  17.24374030  168.51684103 -932.39991783   -4.86181864  115.01107527   14.73835703	46.13255904	0	0.00000000	0.00000000	0.00000000	-0.27588818 -0.27598074 -0.10840864	0.80197435 0.02877774 0.52954104	  36.65237983  232.00000000   -5.25030381   20.40107471   18.26508589  -29.02062936    9.08307082   42.92597009 -136.08841989 -171.12573120   68.12530868  -31.36026753	-0.29736978  0.49944103 -0.19536775  0.42314085 -0.21128280  0.37294900  0.17533225  0.50154257  0.14822087  0.77403122 -0.37929201  0.01007058	
0.00400400	0.27984220	0.00563190	  1.16034043 -13.96300220 -21.13798332  -0.78220040   1.57314515  -5.73864222	 389.82318115 -399.23651123 -711.73773193   15.47934818   91.27302551  -52.12495422	 -1.72646673  12.66459817 -46.84090776   1.89649715   4.16137499  -1.53974144	  15.03364396  173.74460057 -916.06552968   -4.79709802  112.94546174   14.94594586	46.00188768	0	0.00000000	0.00000000	0.00000000	-0.29016442 -0.25355576 -0.07107755	0.79315653 0.07401634 0.42318468	  36.70603441  232.00000000   -7.36038799   21.24086303   21.74705366  -27.67111382    6.87756704   46.74141307 -141.35783070 -170.91667554   73.02766099  -31.49808098	-0.29510716  0.49919561 -0.19900328  0.42163754 -0.21145920  0.37083212  0.17567782  0.50146586  0.14927164  0.76888472 -0.38068026  0.01034670	
0.00399600	0.28832221	0.00535016	 -5.89357281 -14.27470875 -27.60732460  -0.71042985   1.56684661  -3.29631948	 379.89398193 -390.97656250 -689.90472412   14.70481205   87.49093628  -49.41418076	 -0.33220497  14.13502492 -47.89585369   1.33680274   2.91058638  -1.29323580	  16.02505611  181.45193566 -898.46359588   -3.88923877  109.64021585   15.83945548	45.79107145	0	0.00000000	0.00000000	0.00000000	-0.30877473 -0.23931207 -0.04512867	0.79817843 0.16240912 0.34101300	  36.74966636  232.00000000   -9.20291710   22.97560622   25.24544126  -26.13001022    4.72635564   49.21683392 -146.47395487 -172.16087831   75.91834482  -30.80932397	-0.29259911  0.49921092 -0.20270784  0.42031065 -0.21147455  0.36818600  0.17559929  0.50130481  0.14960912  0.76369220 -0.38193047  0.01043874	
0.00398000	0.29648021	0.00516278	 -6.43571568   0.97263288 -23.46994591   0.03946686   2.00048804  -3.71034145	 349.07617188 -376.61608887 -640.39147949   12.80515385   80.60552979  -48.47466278	 -0.73559889  17.25391237 -43.23486830   1.09080763   2.48320617  -1.04637095	  16.91898629  170.08651759 -863.00963583   -3.59400303  103.97028721   14.62468870	45.94755707	0	0.00000000	0.00000000	0.00000000	-0.33195964 -0.23479464 -0.02034704	0.77191413 0.16077883 0.32750024	  37.36920704  232.00000000  -10.12882225   25.65744378   27.12708423  -24.84539742    4.47084456   53.25644940 -148.53174178 -170.44213717   81.87582384  -30.45380716	-0.28983027  0.49944103 -0.20647377  0.41919851 -0.21125212  0.36506435  0.17511234  0.50108236  0.14927164  0.75901353 -0.38295054  0.01042340	
0.00400400	0.30444330	0.00491412	-15.96512508  17.85446358 -13.96556568   1.08432209   2.12465262  -2.02728415	 329.58868408 -371.19396973 -608.57452393   11.57658482   77.68663025  -48.52116394	 -3.92544037  24.96129301 -30.28804064   1.05456046   2.69787238  -0.94836379	  20.97609211  150.95263459 -820.70642794   -3.66585108   98.83768938   13.07557364	45.89296008	0	0.00000000	0.00000000	0.00000000	-0.34554432 -0.23363635  0.00410715	0.71256027 0.26327560 0.25505244	  37.73001270  232.00000000   -9.46002923   28.16378357   28.82046988  -23.02012943    4.64190383   55.29684886 -150.94284368 -171.77819670   83.80524100  -29.76879267	-0.28680834  0.49949473 -0.21010163  0.41830879 -0.21085328  0.36149785  0.17425625  0.50092131  0.14845096  0.75407410 -0.38364851  0.01034670	
0.00399200	0.31212333	0.00476537	 -9.42457581  28.96727943 -13.85592651   1.35804355   0.43695349  -0.70150346	 308.70443726 -376.42797852 -602.37670898   11.18186378   78.68233490  -50.54074478	 -2.24993556  23.99247225 -10.98474870   0.07997192   1.47655309  -0.68656551	  17.43421672  136.22558939 -795.25185346   -4.49851400   97.12284721   11.37208640	45.87619976	0	0.00000000	0.00000000	0.00000000	-0.36278508 -0.24086904  0.03412401	0.63083779 0.45158122 0.16982778	  38.08975340  232.00000000   -7.58039109   31.49236816   31.38390819  -20.93764929    4.16340787   57.87440257 -152.16850945 -174.07333616   83.05665591  -29.84880506	-0.28349492  0.49936435 -0.21391357  0.41765687 -0.21023202  0.35740212  0.17309387  0.50087529  0.14716242  0.74896598 -0.38403967  0.01032369	
0.00398800	0.31963584	0.00445359	  1.56320536  38.19271851 -24.79470825   1.98621917  -0.32331425  -0.10813564	 335.27416992 -405.07662964 -624.52154541   10.56299973   80.48017120  -55.34299469	 7.37932474 28.99377025 -4.53031614 -0.23931758  0.91425628 -1.06555315	  20.48757011  128.85023388 -804.11686407   -5.25949452   98.73614112    9.77783951	45.73369683	0	0.00000000	0.00000000	0.00000000	-0.38495389 -0.24817782  0.06411963	0.58678439 0.36821279 0.15735047	  37.01815660  232.00000000   -4.80650288   35.65193772   33.65768295  -17.97071060    3.29544201   59.04404010 -153.25818683 -176.93653477   79.31045088  -30.02736038	-0.27989775  0.49934131 -0.21776387  0.41727337 -0.20936532  0.35276949  0.17174298  0.50086761  0.14533699  0.74342829 -0.38414705  0.01032369	
0.00399600	0.32680625	0.00422385	-16.39824486  33.85422516 -20.65207291   1.85712397   1.52335250   1.16146624	 350.17498779 -409.16348267 -645.50469971   10.96021461   81.10401154  -55.24445724	 3.18885052 37.74147737 -5.45011990 -0.38104980 -0.13600484 -0.35114637	  33.44853523  137.03999658 -832.66328475   -5.16308140  101.25337420    9.70451949	45.48857992	0	0.00000000	0.00000000	0.00000000	-0.41465775 -0.24502872  0.07942195	0.62586606 0.47453208 0.07195207	  38.57033195  232.00000000   -2.70605978   40.63701170   34.23862664  -15.50550180    3.42728833   59.44343983 -153.80825732 -181.86385863   77.17139538  -30.08080577	-0.27621618  0.49950239 -0.22166018  0.41720435 -0.20819183  0.34767666  0.17030570  0.50080627  0.14317407  0.73743045 -0.38403201  0.01033136	
0.00399600	0.33372134	0.00394260	-19.17416191  39.48773575  -9.93330002   2.27583909   1.39443171  -0.51015216	 356.59078979 -394.00375366 -662.42047119   12.75171757   82.36476898  -53.85377121	-6.33368280 36.08740382 -1.25062216 -0.23375086  0.51091162 -0.79687348	  37.91900842  157.99297565 -849.12253343   -4.11116197  102.57332257   10.78409924	45.19433416	0	0.00000000	0.00000000	0.00000000	-0.44891404 -0.24390676  0.10135502	0.63423656 0.47343273 0.07452809	  37.18078468  232.00000000   -0.60913901   46.78067550   35.99506370  -12.14769572    2.39962972   60.65466485 -151.09220748 -185.02414590   78.60877098  -30.36821241	-0.27264968  0.49951774 -0.22584794  0.41746512 -0.20672688  0.34221572  0.16884486  0.50072193  0.14041290  0.73129451 -0.38380960  0.01036204	
0.00400800	0.34033051	0.00376695	-33.43689728  37.52397537  -1.19982994   2.14917922   3.00815725  -0.79228121	 330.04693604 -389.11437988 -634.41156006   12.20070648   81.12772369  -53.18568039	-20.67705499  32.55729223   5.54738033  -0.26946834   0.92006785  -0.56282429	  36.41401196  161.01851712 -838.48172041   -3.76751836  101.96744409   11.62409003	44.84161962	0	0.00000000	0.00000000	0.00000000	-0.48602997 -0.24127328  0.12286240	0.61544265 0.55013473 0.07253890	  38.10540448  232.00000000    0.10432494   52.15431999   36.28568177   -7.22291252    2.74409832   63.21278638 -146.38979679 -186.56047388   83.00518799  -30.23125863	-0.26925960  0.49951774 -0.23037319  0.41786394 -0.20500882  0.33646327  0.16740759  0.50068355  0.13727592  0.72521228 -0.38353348  0.01036204	
0.00397600	0.34672669	0.00364821	-28.43921852  37.35234833 -13.96801186   2.42794251   2.54514885  -2.01511955	 312.25457764 -394.98278809 -613.52929688   10.90915966   79.64431000  -52.54488754	-21.56220908  35.12196568   4.41351442   0.22242779   1.98138437  -1.27071211	  34.76421500  143.85247624 -816.81440393   -3.21775545   99.73207839   11.67240394	44.57210034	0	0.00000000	0.00000000	0.00000000	-0.49895180 -0.26413928  0.14105030	0.48019115 0.61168381 0.05538838	  38.06553152  232.00000000    1.30797014   57.88911955   37.98555496   -1.81641534    1.55725928   65.52904866 -140.51880013 -186.14782903   88.06624982  -30.21082601	-0.26609191  0.49967113 -0.23533562  0.41829348 -0.20305300  0.33048075  0.16600958  0.50068355  0.13396251  0.71903801 -0.38320366  0.01036204	
0.00400800	0.35300866	0.00361919	-10.22291088  14.66284180 -11.54783726   0.83558279   0.43957120  -0.63118780	 306.17211914 -382.35858154 -599.64862061   10.99897671   76.54388428  -52.52254105	-12.90834504  26.71827629  -8.27226705  -0.10778603   0.63898388  -1.12969961	  36.30524073  136.98161187 -798.33204003   -2.94947373   97.55720004   10.75515928	44.78144492	0	0.00000000	0.00000000	0.00000000	-0.51118082 -0.28624434  0.16509816	0.45232509 0.83941399 0.06184167	  39.39595246  232.00000000    6.63554283   61.66644689   39.14602159    2.31415210    1.19079391   66.06793653 -135.04687269 -183.89605244   89.65538867  -30.20364698	-0.26315436  0.49993190 -0.24085027  0.41880736 -0.20084406  0.32432181  0.16467440  0.50068355  0.13059543  0.71249557 -0.38280484  0.01036204	
0.00398000	0.35924283	0.00371398	-29.31936836  18.01257515 -19.66501427   1.06088400   2.37554479   0.92690313	 292.73187256 -368.26657104 -581.72894287    9.94007111   71.81023407  -50.41552734	-10.57701509  28.59096679 -15.11471486   0.02638963   1.01685159  -1.58823160	  36.20891816  135.20952079 -776.08533727   -2.40409105   93.91371425    9.83512895	45.43293789	0	0.00000000	0.00000000	0.00000000	-0.52885270 -0.29709859  0.19234973	 0.46273593  0.88941456 -0.01006537	  40.09267610  232.00000000   13.24616843   65.28587948   40.56707726    6.31719687    0.23989002   65.88712858 -129.23979692 -178.69398855   92.10266536  -30.19996543	-0.26048523  0.50022334 -0.24684046  0.41958967 -0.19830532  0.31817055  0.16340990  0.50066823  0.12720533  0.70553130 -0.38226792  0.01036204	
0.00401200	0.36560011	0.00388736	-21.47368431  40.34974289 -10.36839294   1.96313941   1.40207314  -1.38294232	 287.14123535 -368.93841553 -547.50036621    8.75226593   67.24672699  -48.97668839	-15.50522589  32.66426564 -11.67010130  -0.40504590   0.21648339  -0.53264434	  44.83482960  127.10873262 -750.24487364   -1.64470521   89.24147248    8.66693628	45.84521658	0	0.00000000	0.00000000	0.00000000	-0.54513293 -0.28721301  0.20430523	 0.53388719  0.90987077 -0.18400357	  41.05651126  232.00000000   19.30355408   67.64085492   41.58193560    8.32376339   -2.48387616   63.78913501 -125.19053748 -176.85866911   90.46260271  -30.19775650	-0.25829163  0.50044578 -0.25303775  0.42069414 -0.19544445  0.31224939  0.16220824  0.50058383  0.12376922  0.69885850 -0.38148561  0.01036204	
0.00398000	0.37213233	0.00401449	-44.43348694  44.95635605  -5.21450329   2.51816773   3.36203575   2.76103020	 262.43811035 -358.98904419 -522.95544434    8.31457329   66.21401215  -46.67165756	-24.00432854  35.85262877   7.31505770  -0.45886070  -0.05652585  -0.17312461	  43.21292971  112.21932564 -718.08526924   -0.90744369   85.05945714    8.59437701	45.69341038	0	0.00000000	0.00000000	0.00000000	-0.55441490 -0.29067212  0.21283900	 0.60407154  0.89755500 -0.22589258	  39.65703185  232.00000000   23.23419920   71.64367310   43.74698417   10.88624851   -8.94689801   61.57449382 -119.67622344 -172.80955548   89.78747731  -30.19628388	-0.25630513  0.50060683 -0.25935009  0.42195967 -0.19225377  0.30694181  0.16109298  0.50036144  0.12022572  0.69273025 -0.38038880  0.01036204	
0.00399600	0.37881473	0.00422619	-36.01696014  46.62953186  -3.29673195   3.14099932   2.78246117  -1.59767997	 243.81773376 -333.85827637 -528.68927002   10.64356804   68.90171051  -45.09977341	-29.21406096  38.37184956  15.64331041  -0.03714488   1.11980910  -0.64416355	  34.90620161  114.10328961 -697.38558966   -0.01936531   84.26067270    9.30904222	46.84270142	0	0.00000000	0.00000000	0.00000000	-0.55537784 -0.31809682  0.22743827	 0.62398316  0.96351281 -0.16506099	  40.15058379  232.00000000   26.58795021   75.51819778   44.31451140   13.26112463  -12.60392873   60.25001644 -113.96385276 -170.45176145   88.05218703  -30.19517941	-0.25461009  0.50069124 -0.26570076  0.42349365 -0.18881765  0.30154222  0.16003269  0.49999326  0.11656717  0.68701619 -0.37902355  0.01036204	
0.00400400	0.38573685	0.00449471	-18.46493340  15.39772415  -9.01587296   0.48088497   1.11465406   0.15601894	 235.04310608 -326.75531006 -530.63580322   11.36663628   70.20319366  -45.22111130	-22.15553895  31.49547340  -3.41763314  -0.27981348   0.53044909  -0.48530649	  19.43867995  119.84369099 -683.72764403    0.68926488   84.39059134   10.26122187	47.41027129	0	0.00000000	0.00000000	0.00000000	-0.56350828 -0.32874793  0.23142793	 0.65497134  1.03949066 -0.15583464	  41.08943371  232.00000000   28.80612100   77.85642511   45.27496005   15.54041564  -15.14883904   60.05269026 -110.33400246 -167.74051058   87.80475542  -30.11038094	-0.25309142  0.50071424 -0.27205142  0.42528841 -0.18514377  0.29641873  0.15898027  0.49956375  0.11272456  0.68167025 -0.37745890  0.01033903	
