0.00400000	0.00000000	0.00053917	 -16.49281502    7.11320925 -462.75869751    1.74586976   -0.58462089   -2.13276815	  16.42908096  -17.30398369 -538.78625488    0.64078420   21.20392609   -0.40715444	  -3.13142079   11.29265909 -486.81696839    1.34687810  -16.07530931   -2.44687689	  36.90208567  -12.05742174 -559.47003704    1.82776232    5.85394242    0.24372626	24.48941847	0	0.00000000	0.00000000	0.00000000	 0.00392390 -0.00077278  0.00668347	0.00238583 0.00120859 0.00116904	 -0.33747571   3.68155306 -17.46955776 -53.68223548  -2.73191071  -2.06166971   2.81172479  -5.40728099 -12.62647724 -37.50627398  18.02713013  -0.09817475	 0.00016874 -0.00073631 -0.24163261  0.58950871 -0.37914628  0.00064427 -0.00140586  0.00108146 -0.24584338  0.58513683 -0.37563348  0.00003068	
0.00400000	0.00282208	0.00053884	 -15.75602150   11.26570892 -461.83752441    1.76489675   -0.57544810   -2.12309408	  15.00600529  -18.04514885 -538.42169189    0.55075538   21.36093903   -0.40183336	  -2.75116476   12.47560774 -486.35824911    1.26726759  -16.01937656   -2.47629191	  36.08284320  -12.43504665 -559.73264177    1.82717114    5.87770033    0.26422088	24.49963388	0	0.00000000	0.00000000	0.00000000	 0.00387493 -0.00077924  0.00666015	0.00280824 0.00324816 0.00203157	 -0.31513931   3.67147360 -17.40401332 -53.52459064  -2.72665563  -2.06292631   2.82373570  -5.37818538 -12.59324430 -37.43109118  17.94492553  -0.08658689	 0.00016874 -0.00073631 -0.24163261  0.58950871 -0.37914628  0.00064427 -0.00140586  0.00108146 -0.24584338  0.58513683 -0.37563348  0.00003068	
0.00400000	0.00564380	0.00078077	 -19.06990814    6.70905638 -462.90704346    1.75238967   -0.41637868   -2.13150263	  16.45094299  -17.21525002 -535.15478516    0.60604835   21.31689072   -0.40815735	  -3.46674239   11.53846123 -486.44255108    1.32650647  -16.01989510   -2.46221573	  36.78331749  -11.77908806 -558.73298227    1.77700302    5.94854838    0.24057215	39.88754520	0	0.00000000	0.00000000	0.00000000	 0.00379482 -0.00079495  0.00663957	0.00280824 0.00324816 0.00203157	 -0.23738322   3.63330708 -17.17598530 -52.97143123  -2.70849352  -2.06819788   2.86601936  -5.28053309 -12.47730249 -37.17570215  17.65689812  -0.04657878	 0.00016874 -0.00073631 -0.24163261  0.58950871 -0.37914628  0.00064427 -0.00140586  0.00108146 -0.24584338  0.58513683 -0.37563348  0.00003068	
0.00398400	0.00872551	0.00078264	 -18.03801155    7.31314898 -464.91885376    1.78698969   -0.47354969   -2.11885262	  16.49543762  -17.60130119 -537.37841797    0.62218815   21.38316345   -0.41083157	  -3.43201052   11.41004855 -487.62095567    1.35478115  -16.03478998   -2.44935434	  36.92373908  -12.21214889 -558.73494442    1.81986809    6.00211936    0.24941144	39.93490171	0	0.00000000	0.00000000	0.00000000	 0.00381173 -0.00078826  0.00650378	 0.00150283  0.00392205 -0.00075855	 -0.11043230   3.58834281 -17.04786603 -52.22342205  -2.79541673  -2.11785837   2.96972851  -5.11392398 -12.42994568 -37.23561614  16.95822676   0.02037930	 0.00016874 -0.00073631 -0.24163261  0.58950871 -0.37914628  0.00064427 -0.00140586  0.00108146 -0.24584338  0.58513683 -0.37563348  0.00003068	
0.00399200	0.01181375	0.00113643	 -18.95841789    6.83829355 -464.39004517    1.72881746   -0.41276619   -2.15344262	  16.61916351  -15.43740559 -536.08740234    0.65493989   21.37083244   -0.43389481	  -3.33935559   11.20647025 -487.42227905    1.35992236  -15.99670110   -2.44403871	  37.29178234  -11.71964374 -558.50080137    1.81020094    6.04397582    0.22758320	57.46216470	0	0.00000000	0.00000000	0.00000000	 0.00377813 -0.00076118  0.00642740	-0.00397153  0.00526469 -0.00179659	  0.05927682   3.49156355 -16.72720018 -51.05944779  -2.84337117  -2.16893661   3.09044625  -4.92119489 -12.27427506 -37.07266646  16.12025696   0.10864442	 0.00016874 -0.00073631 -0.24163261  0.58950871 -0.37914628  0.00064427 -0.00140586  0.00108146 -0.24584338  0.58513683 -0.37563348  0.00003068	
0.00400800	0.01530409	0.00114476	 -19.43772507    7.15665197 -465.34991455    1.77539515   -0.44157040   -2.13540697	  17.50357246  -18.25663757 -536.86663818    0.60008043   21.38729668   -0.42558923	  -3.45009742   10.90204186 -487.62374106    1.36736125  -15.99799844   -2.45330372	  37.36363100  -12.26840679 -558.55633439    1.82405965    6.06111194    0.23929488	57.41441736	0	0.00000000	0.00000000	0.00000000	 0.00370343 -0.00069351  0.00642589	-0.00397153  0.00526469 -0.00179659	  0.32174191   3.32421124 -16.87488573 -50.05239557  -3.20937448  -2.38517291   3.37725406  -4.78202760 -12.42359937 -38.31094400  14.45372192   0.15973855	 0.00016874 -0.00073631 -0.24163261  0.58950871 -0.37914628  0.00064427 -0.00140586  0.00108913 -0.24584338  0.58513683 -0.37564114  0.00003068	
0.00398400	0.01879034	0.00157418	 -19.82920074    7.38611937 -463.39349365    1.82050335   -0.37237501   -2.16430426	  17.35041618  -17.63430405 -536.85559082    0.61806005   21.30822945   -0.40151942	  -3.80425549   10.65157092 -487.08364022    1.40556712  -15.94829045   -2.43463111	  37.51457696  -12.02733959 -558.92914372    1.81952182    6.03463736    0.24329427	76.44354911	0	0.00000000	0.00000000	0.00000000	 0.00359266 -0.00061755  0.00637689	-0.00156507  0.00237333 -0.00320443	  0.59004180   3.10200952 -16.64257537 -48.39479759  -3.39229065  -2.54559548   3.61334939  -4.64342421 -12.33193237 -38.78145101  12.94583485   0.25285067	 0.00016874 -0.00073631 -0.24163261  0.58950871 -0.37914628  0.00064427 -0.00140586  0.00108913 -0.24584338  0.58513683 -0.37565649  0.00003068	
0.00401600	0.02277164	0.00163111	 -19.42225647    6.83221197 -464.47265625    1.76380694   -0.33106902   -2.15254140	  18.72590065  -17.18399239 -536.96710205    0.75550061   21.17173767   -0.34753743	  -4.25370696   11.12279035 -487.85992598    1.36888566  -15.96556342   -2.45943035	  39.19061899  -11.96711291 -558.34792848    1.85713985    6.05388368    0.26617805	76.38227815	0	0.00000000	0.00000000	0.00000000	 0.00347009 -0.00055784  0.00637267	-0.00054844  0.00158900  0.00155455	  0.93826071   2.82180063 -17.13831891 -47.08589742  -4.25084958  -3.07831947   4.13363990  -4.97438164 -12.67090956 -41.90720068   9.96311653   0.10667857	 0.00016874 -0.00073631 -0.24163261  0.58950871 -0.37914628  0.00064427 -0.00140586  0.00109680 -0.24584338  0.58512920 -0.37569484  0.00003068	
0.00397600	0.02679399	0.00210656	 -18.88606453    6.61758947 -465.42742920    1.78086281   -0.35649449   -2.10795116	  18.64768219  -16.19833565 -536.36914062    0.72001779   20.90910912   -0.36411205	  -3.88255580   11.11620674 -488.25959612    1.37968058  -15.97540181   -2.44403866	  38.89877672  -11.39704499 -558.34664624    1.83148486    5.86328444    0.23763653	96.17520786	0	0.00000000	0.00000000	0.00000000	 0.00338199 -0.00051384  0.00633108	-0.00125073  0.00527554  0.00070158	  1.26391641   2.53674389 -17.13889992 -44.73086424  -4.74451540  -3.37751382   4.61143558  -5.34789616 -12.67750164 -43.36791381   7.73744561   0.10145167	 0.00016874 -0.00073631 -0.24163261  0.58951634 -0.37916163  0.00064427 -0.00140586  0.00109680 -0.24584338  0.58512920 -0.37577918  0.00003068	
0.00399200	0.03135366	0.00219943	 -18.36181831    7.09746170 -462.58813477    1.76873660   -0.27400890   -2.14767575	  18.43223000  -17.37025261 -534.01086426    0.67744929   20.41096306   -0.39791578	  -3.30323675   11.09328453 -487.54835215    1.36903211  -15.88122039   -2.44168712	  39.16560380  -11.96136712 -557.34589387    1.87565967    5.55712509    0.24651192	96.26264096	0	0.00000000	0.00000000	0.00000000	 0.00334508 -0.00051079  0.00636052	-0.00278507  0.00815850  0.00051144	  1.59662147   2.33932899 -18.33856255 -42.17190317  -6.28766661  -4.18139279   5.47376209  -7.20870383 -13.15347675 -48.56018304   3.59672811  -0.56646122	 0.00016874 -0.00073631 -0.24163261  0.58953172 -0.37918463  0.00064427 -0.00139801  0.00110447 -0.24584338  0.58510619 -0.37591726  0.00003068	
0.00399200	0.03601654	0.00269351	 -18.40273285    7.78620911 -465.70404053    1.84377873   -0.32272455   -2.15907121	  23.91712952  -17.88467789 -533.39215088    0.77883458   19.58856010   -0.38068324	  -3.26320312   11.11974259 -487.96400880    1.40487602  -15.88367061   -2.44967944	  40.92208935  -12.06449006 -557.06693935    1.92911576    5.04675711    0.25160606	113.70061355	0	0.00000000	0.00000000	0.00000000	 0.00332765 -0.00051508  0.00635736	-0.00136450  0.00684562 -0.00129687	  1.96870922   2.01472307 -18.66931884 -38.63225809  -7.18024062  -4.57578749   6.14594347  -8.58282451 -13.24491886 -51.15886814   0.83267541  -0.82149019	 0.00016874 -0.00073631 -0.24163261  0.58956236 -0.37922299  0.00063660 -0.00139015  0.00110447 -0.24584338  0.58505249 -0.37613201  0.00003068	
0.00400800	0.04123744	0.00279459	 -18.28935432    6.21609688 -465.43508911    1.64722145   -0.38679692   -2.09499002	  20.52625465  -17.51828957 -535.30596924    0.87020421   18.65423965   -0.42086652	  -2.89252848   10.67868755 -487.60913635    1.35394696  -15.90644498   -2.40464140	  41.75221820  -12.54919409 -556.95540266    2.02046119    4.24868542    0.26915388	113.81954032	0	0.00000000	0.00000000	0.00000000	 0.00333423 -0.00054841  0.00632164	-0.00136450  0.00684562 -0.00129687	  2.29199146   1.74256912 -20.88106993 -34.63787030  -9.49426045  -5.60386649   7.39802198 -12.47803109 -13.68388016 -58.88778301  -4.52712205  -2.20260651	 0.00016874 -0.00073631 -0.24164027  0.58960843 -0.37928435  0.00060592 -0.00138230  0.00109680 -0.24584338  0.58495277 -0.37646180  0.00003068	
0.00398400	0.04655735	0.00339316	 -21.12435913    6.63393021 -461.27008057    1.71859336   -0.42543289   -2.16759062	  22.71131706  -18.59728813 -537.40863037    0.96765506   17.07158089   -0.42397293	  -3.31715695   10.96106919 -484.82552553    1.30198852  -15.95658034   -2.40512530	  43.08336598  -12.46043596 -558.12653506    2.14875489    3.13516737    0.23159316	130.82374291	0	0.00000000	0.00000000	0.00000000	 0.00332215 -0.00056308  0.00632084	-0.00153455  0.00559605  0.00329461	  2.85544576   1.34853544 -21.90349908 -29.38887013 -10.53539056  -5.99131925   8.45071794 -15.40936466 -13.70099581 -62.76576693  -7.45600833  -2.97347854	 0.00017641 -0.00073631 -0.24165562  0.58968508 -0.37938404  0.00055223 -0.00137445  0.00105845 -0.24584338  0.58480704 -0.37693736  0.00003068	
0.00398400	0.05254253	0.00351571	 -19.64360809    3.63492560 -456.42272949    1.51817918   -0.52011681   -1.91143203	  22.98687744  -19.71067047 -539.08416748    1.05317593   15.07698250   -0.49772605	  -3.90332813    8.64960883 -481.35620935    1.34072768  -15.91302903   -2.22947922	  44.14714896  -13.80322865 -560.16480954    2.32972732    1.25151990    0.21477275	130.96517609	0	0.00000000	0.00000000	0.00000000	 0.00329034 -0.00055772  0.00641250	-0.00287010  0.00137566 -0.00315504	  3.49287128   1.36535510 -25.58263304 -23.71627669 -12.90132369  -7.07582898  10.38580039 -22.37086219 -14.54897478 -73.34996803 -14.64220719  -5.91524221	 0.00017641 -0.00073631 -0.24170163  0.58983850 -0.37954512  0.00047553 -0.00135874  0.00096641 -0.24584338  0.58456928 -0.37752026  0.00003068	
0.00400000	0.05867280	0.00410435	 -22.47043419    5.59120417 -448.48364258    1.48974872   -0.39885339   -1.78485942	  23.99368668  -21.31545830 -545.55480957    1.20716333   12.35608959   -0.62696475	  -5.39983074    8.57050939 -475.37459249    1.26149065  -15.77246868   -2.11554202	  45.96621548  -15.01670419 -564.00051809    2.50805595   -1.06940183    0.13941915	147.71355424	0	0.00000000	0.00000000	0.00000000	 0.00320744 -0.00053275  0.00662496	-0.00287010  0.00137566 -0.00315504	  4.15932437   0.91876587 -27.60422327 -16.67488926 -13.56783247  -7.31290436  11.51666428 -26.78744964 -14.43173594 -78.30681036 -17.67326794  -7.52096079	 0.00017641 -0.00074398 -0.24179368  0.59010696 -0.37979823  0.00035282 -0.00132732  0.00079000 -0.24583571  0.58420879 -0.37832561  0.00003068	
0.00400000	0.06545729	0.00420563	 -21.78980255    5.93837738 -436.87030029    1.30451751   -0.08034784   -1.71595991	  23.46711540  -25.19360352 -555.93109131    1.24608958    8.97464180   -0.70508975	  -6.41156452    8.42504281 -467.06166795    1.14746414  -15.40298562   -2.00474575	  47.47540792  -17.75111944 -571.49970203    2.75156891   -4.13518156    0.11171471	148.03256410	0	0.00000000	0.00000000	0.00000000	 0.00312394 -0.00065406  0.00704497	-0.00250735  0.00799331  0.00747355	  4.89342882   1.46156337 -32.73514883  -8.85434615 -16.00227122  -8.19103284  13.28480586 -35.70378790 -14.81853199 -90.49184976 -24.92495763 -11.74257354	 0.00018408 -0.00075165 -0.24197008  0.59049046 -0.38023540  0.00015340 -0.00128805  0.00046019 -0.24582037  0.58368725 -0.37936103 -0.00003068	
0.00399200	0.07234991	0.00479217	 -16.67259407    3.79335093 -416.27468872    1.07068896   -0.75690293   -1.41477859	  22.58680534  -29.30138779 -570.57690430    1.24748456    4.80823326   -0.78913271	  -5.28397073    6.33498959 -450.36479056    1.04592318  -14.86993841   -1.71345757	  48.62095514  -21.65262545 -584.22021732    3.05707443   -8.53278241    0.11050778	165.21948042	0	0.00000000	0.00000000	0.00000000	 0.00293707 -0.00082562  0.00748321	-0.00540506  0.01085264  0.01511055	  5.47892402   1.36412272 -36.15661091  -1.72972819 -15.34505845  -8.40358867  14.22890819 -39.68219007 -14.28366021 -94.70715264 -27.03284845 -13.81259642	 0.00018408 -0.00075165 -0.24224620  0.59104270 -0.38078764 -0.00011505 -0.00121737 -0.00009971 -0.24579737  0.58298159 -0.38062656 -0.00017641	
0.00400000	0.07989885	0.00487766	 -12.28265285    2.40688324 -389.60650635    0.75028825   -1.20436442   -0.88428634	  17.29456711  -39.35988617 -599.27642822    0.93940657   -0.26699585   -0.82894266	  -1.38724545    5.90476018 -429.01263466    0.78460423  -14.42352960   -1.33957404	  47.57212772  -29.20328102 -604.32193200    3.37391645  -13.66158628    0.25397995	165.76414628	0	0.00000000	0.00000000	0.00000000	 0.00266085 -0.00099950  0.00786164	-0.00540506  0.01085264  0.01511055	   6.16597332    3.05609646  -42.62958291    6.55370460  -16.49061931   -9.67077131   15.92175393  -48.65136966  -14.56111231 -106.68897654  -34.65846400  -19.78330256	 0.00018408 -0.00074398 -0.24269105  0.59183270 -0.38146260 -0.00044485 -0.00110741 -0.00100476 -0.24576668  0.58203822 -0.38213754 -0.00046019	
0.00399200	0.08753838	0.00540966	 -10.80263615    1.03730702 -350.53161621    0.43278968   -1.38450861   -0.39201829	   3.67023611  -42.83796692 -631.13482666    0.55139971   -4.51568794   -1.15309238	   0.80846056    3.06907991 -397.84859129    0.56084768  -13.56553845   -0.81041049	  41.28195612  -35.84994391 -632.12844281    3.48634544  -19.62142955    0.25305902	184.00541277	0	0.00000000	0.00000000	0.00000000	 0.00242491 -0.00128669  0.00866141	-0.01523818  0.01382187  0.02259703	   6.84044301    3.06007864  -47.58810176   13.65727814  -14.49035816   -9.81741066   15.74094192  -50.94325397  -13.72399936 -109.95493780  -35.39993946  -22.71391377	 0.00018408 -0.00069796 -0.24334300  0.59291410 -0.38227561 -0.00084369 -0.00092677 -0.00230864 -0.24572833  0.58086473 -0.38390929 -0.00094340	
0.00399200	0.09576917	0.00550462	  -9.66951847    0.59205633 -305.17370605   -0.03514666   -1.88313687    0.27847034	  -7.85881138  -50.46845627 -667.60278320   -0.17691560   -8.43852711   -1.12220216	   1.71072839    2.73174973 -354.97605433    0.15740369  -12.54947375   -0.19091322	  31.42872465  -44.76128349 -668.06502331    3.41004580  -25.85549168    0.36402828	184.63667970	0	0.00000000	0.00000000	0.00000000	 0.00237126 -0.00180860  0.00877091	-0.03597327  0.01116001  0.04473180	   7.67911238    4.67247436  -54.93821195   21.71526551  -14.73206749  -10.88999787   15.95004691  -58.56257300  -12.85513588 -120.69573770  -41.82437391  -29.93812548	 0.00018408 -0.00062126 -0.24425571  0.59424871 -0.38321134 -0.00131922 -0.00064403 -0.00406505 -0.24565931  0.57945347 -0.38600317 -0.00170272	
0.00399200	0.10410551	0.00561866	  -8.48823261   -2.13243365 -260.19946289   -0.39092803   -2.28355622    0.38111338	  -6.77081633  -63.66075897 -697.42474365   -0.74692219  -15.52629948   -1.29944551	   1.53206337    1.57562792 -312.90290252   -0.11918360  -11.64126547    0.21793161	  34.10048156  -54.92422680 -697.50658466    3.37901001  -32.65207874    0.58954827	184.80908642	0	0.00000000	0.00000000	0.00000000	 0.00247271 -0.00172934  0.01169759	-0.03875943  0.02565809  0.05063180	   8.92736245    4.66634563  -60.53005951   26.59518719  -12.64393494  -11.03907922   14.79902952  -57.51556666  -11.39655391 -122.04126518  -39.38246503  -32.67263051	 0.00019175 -0.00049854 -0.24549824  0.59606647 -0.38425443 -0.00187146 -0.00025918 -0.00625097 -0.24550590  0.57784277 -0.38823512 -0.00278417	
0.00399200	0.11256859	0.00562005	  -6.26788044   -4.23198223 -211.74459839   -0.81845444   -2.31797767    0.89566749	  -6.25073528  -78.26303101 -745.02203369   -2.45459867  -21.88643074   -1.21991301	   1.82049267   -1.38818761 -266.10356810   -0.37781206  -10.28507684    0.70784476	  35.67575711  -72.34876854 -738.19413669    3.23368167  -40.25035748    1.25184509	185.03129068	0	0.00000000	0.00000000	0.00000000	-0.00250034  0.00231524  0.01745608	-0.04534945  0.06004038  0.06107336	   9.87158351    6.16062627  -65.03479088   30.61302044   -9.17702865  -10.61926858   12.86415403  -55.63836658  -11.33455226 -122.94831773  -38.26764816  -35.11562185	 0.00019175 -0.00029913 -0.24711658  0.59832907 -0.38538960 -0.00250039  0.00019635 -0.00876670 -0.24517609  0.57613236 -0.39068949 -0.00421078	
0.00399200	0.12103322	0.00557914	  -8.63292599   -2.92189455 -157.94543457   -1.17687714   -2.55232811    1.19138086	 -17.48559189  -98.40376282 -788.64880371   -4.36982298  -28.94105339   -1.49086547	  -0.79931179   -1.39891379 -210.21280275   -0.81159257   -8.90120539    1.07595501	  35.85887062  -94.50848255 -782.45138728    2.69630108  -49.04136392    1.91055624	185.35720209	0	0.00000000	0.00000000	0.00000000	-0.00919045  0.00810603  0.02185572	0.01904404 0.13182861 0.04538893	  11.07531295    5.48048898  -69.67987465   31.85219404   -6.58296992  -10.06833879   10.93445574  -51.28857926   -9.78127264 -120.58451267  -31.70627762  -36.22519936	 0.00019942 -0.00001534 -0.24904940  0.60099053 -0.38656309 -0.00319835  0.00067544 -0.01134379 -0.24463920  0.57451403 -0.39321288 -0.00595184	
0.00400000	0.12945682	0.00550060	 -6.36169147  -4.65687943 -93.94664001  -1.47498155  -2.65105462   1.64053047	 -33.60464859 -121.07933807 -837.00317383   -6.47825861  -34.61866379   -1.43241656	  -1.94657767   -2.09427793 -154.39104737   -1.11258551   -7.30154229    1.44038156	  30.86206478 -118.20973467 -827.06405833    2.15769353  -57.07964993    2.76746847	185.43993210	0	0.00000000	0.00000000	0.00000000	-0.01419217  0.01280422  0.01208333	0.01904404 0.13182861 0.04538893	  11.81700493    5.83402211  -71.65653558   32.33135643   -2.60612405   -9.09445510    8.97903762  -47.83141415   -9.44060251 -118.01827716  -28.24027907  -36.16765604	 0.00020709  0.00036049 -0.25162649  0.60403550 -0.38774425 -0.00395767  0.00116239 -0.01375980 -0.24385688  0.57315648 -0.39571327 -0.00791534	
0.00400000	0.13779314	0.00540348	-12.38930893   0.77193499 -56.61211777  -1.06302774  -2.53599715   1.28271282	 -67.52485657 -137.07170105 -890.92944336   -7.86941957  -38.26079941   -1.37589169	  -7.26043238    0.15221803 -108.38966098   -1.19191410   -6.17092056    1.34032360	  12.53402068 -140.02348087 -877.05402106    1.63902909  -64.72491647    3.61702909	185.68067460	0	0.00000000	0.00000000	0.00000000	-0.01836692  0.01990968 -0.00009071	0.00829711 0.15978185 0.05683506	  12.92470761    4.40687418  -73.26318479   30.11370976    0.51664973   -8.13573289    7.57465239  -44.53158769   -8.55680317 -113.97144942  -21.84356152  -34.93110456	 0.00022243  0.00072864 -0.25474814  0.60741794 -0.38888705 -0.00474767  0.00161792 -0.01570029 -0.24283677  0.57218236 -0.39809862 -0.00995553	
0.00400000	0.14602152	0.00527853	 -7.60644341   6.53146124 -36.94626617  -0.37298691  -2.10992503   0.90095818	-101.50814819 -130.68453979 -927.45288086   -7.98969793  -40.85604858   -0.53469008	 -8.14984716   2.95487079 -74.39881946  -1.02050258  -4.93754393   0.93561800	 -18.00414254 -147.89291753 -925.03671673    1.10246000  -72.01653546    4.49944734	186.00533259	0	0.00000000	0.00000000	0.00000000	-0.02178941  0.02874148 -0.01113725	0.05437137 0.23934904 0.07237180	  13.68783386    4.57330503  -69.43562432   27.49420020    4.76851029   -7.54414325    7.29152075  -43.63736712   -8.70641588 -110.43812279  -19.33808666  -33.00700126	 0.00023010  0.00102010 -0.25845271  0.61119151 -0.38996851 -0.00558369  0.00200276 -0.01695815 -0.24170931  0.57159179 -0.40029222 -0.01196505	
0.00399200	0.15410657	0.00518169	 -8.68692970   2.90455294 -13.73509598   0.19116580  -0.45776069   0.00623106	-142.29435730 -110.36139679 -956.34136963   -6.96625042  -42.73861694   -0.47139421	 -6.71875353   3.42980538 -49.50973826  -0.49204643  -3.17217729   0.23222972	 -51.74761328 -141.13422635 -962.21754049    0.80747436  -77.92327958    4.85115232	185.94893776	0	0.00000000	0.00000000	0.00000000	-0.02935699  0.03734088 -0.01608973	0.05437137 0.23934904 0.07237180	  14.14896717    3.00160240  -65.53383728   23.22932025    7.99969108   -6.73930547    7.98775174  -45.65695705   -7.84257015 -106.24937809  -14.93276363   55.70876950	 0.00026078  0.00115816 -0.26263279  0.61516452 -0.39093491 -0.00645806  0.00227765 -0.01739534 -0.24038240  0.57143074 -0.40225568 -0.01393621	
0.00398400	0.16207956	0.00526931	-7.87247467  6.23008585 -4.55558491  0.91419512  0.79216236 -0.79039448	-170.97923279  -77.27447510 -982.07690430   -4.59968758  -43.30791473   -1.77196574	 -6.60045469   4.33828524 -34.27270110   0.16592057  -1.25800858  -0.38448131	 -84.21906583 -120.38822992 -991.86096965    0.79812190  -82.35602500    3.83199453	186.25667157	0	0.00000000	0.00000000	0.00000000	-0.03033835  0.04311651 -0.02316165	0.08448529 0.24453316 0.07105581	  14.06226472    3.37258946  -59.17175724   20.31156605   11.56595812   -6.40966670    8.79770984  -50.50178240   -8.09880515 -105.35891599  -16.22014518   58.19829935	 0.00031447  0.00116583 -0.26710436  0.61935997 -0.39175561 -0.00739379  0.00248971 -0.01721893 -0.23910153  0.57152277 -0.40398911 -0.01554689	
0.00400000	0.17015880	0.00569154	-2.68933225 12.04212666  1.40114355  1.46896505  0.06598313 -0.35666564	 -188.85272217   -36.64618683 -1002.47796631    -0.69826853   -44.48200989    -1.77274179	 -4.49319157  10.10183455 -26.36752280   0.54406417  -0.55993122  -0.69891507	 -108.78408849   -81.99566165 -1020.56383685     1.64773304   -85.93667714     2.08107362	186.10702871	0	0.00000000	0.00000000	0.00000000	-0.03081728  0.04190603 -0.02774929	0.03532298 0.27181423 0.13418934	  13.43721827    3.74686947  -53.78279155   17.87453883   13.40099029   -6.28719293   10.03250116  -58.65375591   -6.37300810 -103.07956556  -15.92219708   50.72719999	 0.00039883  0.00101243 -0.27168328  0.62374711 -0.39243823 -0.00833718  0.00263108 -0.01660534 -0.23795871  0.57165319 -0.40546939 -0.01576165	
0.00398400	0.17869845	0.00620375	  2.62917328  10.20119190 -10.88114071   1.38798380  -0.06433502  -0.26985860	 -187.48210144   -26.27508354 -1031.75402832     2.04037762   -46.97105789     1.03177822	 -0.02750696  10.89122542 -28.78579825   0.65197156  -0.48343335  -0.50319755	 -117.13228251   -57.41646950 -1046.19072981     3.06658619   -89.05346688     2.71570660	186.33903790	0	0.00000000	0.00000000	0.00000000	-0.03095650  0.03445577 -0.03138775	0.03532298 0.27181423 0.13418934	  13.07313983    8.60890850  -48.51176926   17.31691075   13.00911363   -6.80957850   13.78655407  -69.26855542   -6.87662460 -101.47696164  -20.19085202   37.60148078	 0.00051388  0.00080534 -0.27620086  0.62837207 -0.39290610 -0.00941097  0.00268606 -0.01578466 -0.23699999  0.57169920 -0.40671191 -0.01448078	
0.00400000	0.18781626	0.00679568	 7.34853983  2.61308026 -8.88222027  1.00434220 -0.81676418 -0.56553912	 -183.05104065   -28.14463615 -1054.30883789     3.86265492   -51.21947479     5.52054167	  5.87988558   6.53555826 -31.45132695   0.74655113  -0.70372072  -0.61096804	 -116.37743941   -45.01596172 -1070.11670085     4.81011799   -92.72668392     5.78771619	186.28055222	0	0.00000000	0.00000000	0.00000000	-0.02808002  0.02717963 -0.03712061	-0.02688628  0.30402638  0.23455011	 11.65705788  12.20849978 -46.64596853  15.73164424  11.98986622  -6.60403166  15.54001631 -81.63491298  -6.28856248 -99.00868409 -22.46498785  24.52620036	 0.00062893  0.00065194 -0.28054968  0.63325781 -0.39315918 -0.01056146  0.00267821 -0.01497165 -0.23637871  0.57171452 -0.40770900 -0.01212612	
0.00399200	0.19758750	0.00733607	-1.22861469 -2.75715923 -5.71481895  0.44298354  0.08928895 -1.15288723	 -179.06169128   -46.50606537 -1081.00683594     6.01400375   -54.61325073     8.99092674	  5.87005291   2.34667052 -28.08848470   0.64711618  -0.65024987  -0.97866157	 -110.19777176   -51.31094030 -1095.82279585     7.33504803   -96.98184817     9.66568465	186.42341343	0	0.00000000	0.00000000	0.00000000	-0.02413436  0.02085410 -0.04407963	-0.02688628  0.30402638  0.23455011	 12.03733874  18.85650852 -41.53379774  16.00094378   9.62791741  -6.18234073  20.95287146 -91.67906483  -5.07523167 -95.79216433 -27.13023386  11.34219092	 0.00076699  0.00062126 -0.28474513  0.63838130 -0.39319754 -0.01175796  0.00267035 -0.01442709 -0.23607959  0.57172221 -0.40840697 -0.00907349	
0.00400000	0.20796379	0.00780904	-8.42760563  1.56063986 -4.29894400  0.85133791  0.58459431 -0.73520595	 -195.27516174   -80.59811401 -1097.62451172     7.15620470   -55.55313873     9.27717876	 -3.06186025   1.24920802 -29.18570414   0.67805373  -0.39089937  -0.97656826	 -113.86979033   -71.85586557 -1116.80145559    10.24744225  -100.10383346    12.17442744	186.58730611	0	0.00000000	0.00000000	0.00000000	-0.02061246  0.01531267 -0.05095876	-0.02688628  0.30402638  0.23455011	 11.15761659  23.01155021 -42.76464063  14.69234768   7.66491098  -5.21965722  21.93693011 -99.76973885  -4.10198949 -93.05896819 -29.55234029  -1.28995418	 0.00093573  0.00083602 -0.28885618  0.64377326 -0.39308250 -0.01296213  0.00266250 -0.01435806 -0.23606426  0.57175285 -0.40889785 -0.00564505	
0.00399200	0.21886133	0.00819230	-0.37637874 11.07848263  2.10415506  1.29920959 -0.45092162 -0.54804164	 -197.41993713  -109.96514130 -1099.21008301     7.59271526   -56.12951279    10.49497414	 -2.19798459   6.94604419 -25.33267983   0.65158244  -0.62608048  -0.90210594	 -122.65607510  -100.00057605 -1128.54610855    13.49463388  -101.97361920    13.99734846	186.38367422	0	0.00000000	0.00000000	0.00000000	-0.01128696  0.02343050 -0.05270301	-0.03994947  0.15477645  0.25741059	  11.03097469   27.65399894  -41.94414490   14.20825616    5.08324859   -4.13208486   23.77304297 -104.42034209   -2.29217496  -91.52464275  -33.54763019  -12.87433061	 0.00111981  0.00131922 -0.29288289  0.64938760 -0.39284474 -0.01418165  0.00266250 -0.01495631 -0.23631737  0.57185256 -0.40918928 -0.00211689	
0.00399200	0.23018481	0.00845367	-7.45683336 15.57871437  7.48102379  1.70295584  0.15512252 -0.44623870	 -188.57569885  -148.67936707 -1097.15747070     7.55635738   -56.30963898    13.99842262	 -4.67246143  12.08629344 -19.77137717   0.68209860  -0.65283834  -0.81657374	 -119.59656544  -133.24175969 -1129.22430158    16.16924759  -102.33455121    17.35932845	186.71947753	0	0.00000000	0.00000000	0.00000000	 0.00332555  0.02153835 -0.05512611	-0.06834050  0.13978336  0.35153922	  10.88207770   30.82817008  -45.09709093   12.47014772    3.32261098   -2.84480797   24.86980266 -105.50243451    0.72951623  -90.19889272  -36.15490561  -23.00651669	 0.00134990  0.00213990 -0.29688659  0.65492529 -0.39253026 -0.01542417  0.00262323 -0.01621417 -0.23673920  0.57202131 -0.40928900  0.00131155	
0.00399200	0.24179877	0.00857559	-17.75035286   9.33753872  -4.36115837   1.28070688   1.30643415  -0.86017168	 -171.27510071  -180.71243286 -1085.55017090     7.28255177   -55.65821075    16.83160973	-12.32113382  11.51335360 -20.83926567   0.65866072  -0.30956283  -0.91438320	 -107.93663554  -165.29989427 -1123.18770154    18.19414948  -101.17401589    21.36678065	186.58525590	0	0.00000000	0.00000000	0.00000000	 0.01912588  0.02125038 -0.05241955	-0.10330010  0.06953403  0.36746192	  12.54185648   33.28150311  -44.20581098   10.35979396    1.50947989   -1.34144445   29.80218214 -104.00012915    2.63145325  -88.28243432  -39.46894983  -30.86258364	 0.00163369  0.00333641 -0.30085960  0.66038626 -0.39216211 -0.01669738  0.00254469 -0.01810097 -0.23729144  0.57225144 -0.40927365  0.00441019	
0.00400000	0.25355271	0.00851290	-5.28499556  3.61804843 -3.23397303  0.93614531 -0.21151762 -0.66656023	 -165.51133728  -196.39909363 -1070.51110840     6.92813015   -54.44159698    18.77852631	 -8.67675587   6.32338097 -23.66507389   0.64869807  -0.23025884  -0.79809463	 -100.44238924  -190.95854357 -1111.20820053    19.69226140   -99.39964769    24.69998018	186.52415976	0	0.00000000	0.00000000	0.00000000	 0.03392859  0.03000579 -0.04761291	-0.15445775  0.01583598  0.31638142	 12.73766661  33.71074114 -45.81109506   6.91885688   1.81275959   0.32017039  31.75579401 -99.54440381   5.07195798 -87.97164153 -40.22226510 -35.99368530	 0.00195583  0.00488573 -0.30485561  0.66566318 -0.39187065 -0.01793990  0.00243473 -0.02037126 -0.23792037  0.57256585 -0.40914327  0.00700262	
0.00399200	0.26523250	0.00836454	 3.02621722  8.53066349 -5.70580149  1.08556974 -0.81649077 -0.62860143	 -155.12202454  -205.56817627 -1047.81896973     6.47304869   -52.42589188    19.96605492	 -0.50331305   6.10932458 -25.97762798   0.55391875  -0.88234156  -0.88577880	  -90.08360992  -208.07733161 -1091.28651394    20.32123348   -96.36159658    27.02654575	186.50462133	0	0.00000000	0.00000000	0.00000000	 0.04747574  0.03618057 -0.04492254	-0.12786497  0.00721148  0.32732840	 12.21710443  32.83314475 -45.04924257   3.56520855   2.77346288   1.57249716  32.50758956 -94.06624848   6.92180596 -88.23499531 -41.12258465 -38.65870172	 0.00227796  0.00665748 -0.30882093  0.67079431 -0.39160988 -0.01905971  0.00230907 -0.02279495 -0.23856464  0.57294935 -0.40902054  0.00895078	
0.00400800	0.27675629	0.00812949	-0.04047192 21.37851143 -8.26451683  1.93027520 -0.07488599 -0.65767306	 -149.98814392  -214.78984070 -1012.92163086     5.16844463   -49.08316422    20.81382561	  0.45233187  14.46887715 -29.97750104   0.52360556  -0.79250561  -1.07871572	  -83.17560696  -217.99964457 -1063.85962643    19.96933666   -92.44634309    28.43214321	186.66696437	0	0.00000000	0.00000000	0.00000000	 0.06036547  0.04031494 -0.04521906	-0.12786497  0.00721148  0.32732840	 11.57284834  30.43965900 -43.78236153  -0.01802140   4.23451138   2.52507409  34.24381043 -86.89753454   8.28839547 -89.11225148 -40.63201348 -38.75104731	 0.00264612  0.00848291 -0.31277862  0.67587948 -0.39136443 -0.02005680  0.00214414 -0.02504223 -0.23918590  0.57344794 -0.40893617  0.01021631	
0.00398400	0.28800553	0.00779731	 1.88422382 27.53428650 -3.70476174  2.26727057 -0.70356447 -0.51020795	-141.15441895 -215.61076355 -976.48266602    3.19901896  -45.52081680   21.36794472	  1.09996798  23.49191034 -29.32796779   0.43373477  -0.83437406  -1.37132609	  -77.74983109  -224.46763130 -1029.04907894    18.81238158   -87.68382542    29.33856836	186.85385440	0	0.00000000	0.00000000	0.00000000	 0.07129301  0.05205818 -0.04174874	-0.09912480 -0.03429320  0.28906224	 10.60369001  27.89578418 -39.10530753  -3.74919328   6.30971154   3.40839035  35.74041678 -80.84245656   8.52026244 -91.07116358 -41.33228701 -36.52517831	 0.00310631  0.01019330 -0.31670561  0.68099529 -0.39113435 -0.02096951  0.00191637 -0.02682165 -0.23969212  0.57402319 -0.40891317  0.01078388	
0.00399200	0.29888999	0.00743819	-10.59611511  26.46463776 -11.58064938   2.39036131   0.66295999  -0.48648691	-124.65564728 -213.17568970 -940.21618652    0.99333286  -42.22380066   22.18168449	 -4.16095611  26.72310248 -29.63299911   0.45697311  -0.78965196  -1.30147785	 -66.77162350 -226.86061154 -988.20718287   16.65048415  -81.86348564   30.11978796	187.35285231	0	0.00000000	0.00000000	0.00000000	 0.08066596  0.06387111 -0.03455154	-0.06803659 -0.01616078  0.23409147	  8.80455140  24.09570925 -33.85006681  -6.41693929   7.92348417   3.73723670  35.81425021 -75.91295933   9.23343126 -94.26898116 -40.98543427 -34.62985498	 0.00368155  0.01157388 -0.32067093  0.68607277 -0.39087355 -0.02179786  0.00159436 -0.02790310 -0.24002959  0.57461375 -0.40894386  0.01079922	
0.00400800	0.30938426	0.00706440	-8.23220158 29.03913879 -9.56985664  2.16921759  0.71591854 -0.56045806	-100.87362671 -200.15403748 -897.41802979   -0.64536405  -39.87960815   22.91883278	 -8.02741718  27.99318815 -32.55465469   0.31160051  -0.59267166  -1.36824509	 -50.32478410 -219.64864313 -947.68458641   14.19284436  -76.75296812   30.52663069	187.76009845	0	0.00000000	0.00000000	0.00000000	 0.08850409  0.07512537 -0.02532318	-0.06803659 -0.01616078  0.23409147	  6.65952342  20.05474591 -27.33946173  -9.68433042   8.66086653   3.62049854  35.74480650 -73.29317760   9.22873167 -98.60613203 -40.36493049 -30.77582186	 0.00429515  0.01243291 -0.32465163  0.69108123 -0.39055142 -0.02255718  0.00123307 -0.02818689 -0.24020600  0.57521200 -0.40906656  0.01041573	
0.00397600	0.31944525	0.00672757	-3.50420570 26.86884117 -6.53018999  2.15765357 -0.19619346 -0.65010059	 -90.15427399 -182.27844238 -873.88476562   -1.49449885  -37.19248581   23.01918983	 -5.03473709  27.07579607 -30.06166449   0.26928106  -0.70685270  -1.39728675	 -37.31036020 -205.63869289 -914.79962186   12.05629040  -72.27605355   30.28393447	187.57296187	0	0.00000000	0.00000000	0.00000000	 0.08941689  0.08278092 -0.02433934	-0.01946098 -0.00884821  0.20206046	   5.22695381   16.89721842  -20.46934165  -13.24878857    8.77870681    3.11542744   36.08420228  -72.83739844    9.27457131 -103.01356538  -39.72369507  -27.97704142	 0.00493175  0.01270903 -0.32858628  0.69596696 -0.39018327 -0.02321680  0.00084038 -0.02784174 -0.24012931  0.57572585 -0.40921998  0.00984048	
0.00400000	0.32914525	0.00646636	 -4.42900133  24.87015343 -14.43211842   2.08334851   0.21116668  -1.01370478	 -87.40869904 -157.41409302 -862.05389404   -1.38279867  -34.38752365   22.71899033	 -3.79235974  26.50794799 -33.09690713   0.32608274  -0.80268978  -1.51820171	 -30.60422528 -182.74141932 -894.56911115    9.92834191  -68.21804568   29.45068543	186.05790435	0	0.00000000	0.00000000	0.00000000	 0.09085582  0.08873949 -0.02826640	-0.01085594 -0.01889478  0.18285153	   3.53097141   15.61965926  -14.53315821  -17.48100135    8.75846284    2.78751596   35.44117941  -74.99586863    9.40034994 -106.03919483  -41.02858130  -25.27668363	 0.00557602  0.01250194 -0.33240589  0.70062256 -0.38976142 -0.02376903  0.00042411 -0.02725883 -0.23983018  0.57607102 -0.40939638  0.00915786	
0.00399200	0.33855048	0.00617382	 -3.39633512  17.34945107 -14.55660248   1.56507635   0.13416517  -0.83600169	 -90.62362671 -144.43023682 -865.34161377   -2.21624827  -32.65142059   22.70887566	 -4.63075885  21.47413052 -36.18397387   0.37773885  -0.82099200  -1.37409792	 -30.99591283 -166.61685161 -888.79693525    8.30955967  -65.90939795   28.74973910	185.19998695	0	0.00000000	0.00000000	0.00000000	 0.09340560  0.09306340 -0.03848125	-0.01085594 -0.01889478  0.18285153	   2.80872866   15.83697421  -10.61227331  -21.68165941    8.74665465    2.44878482   34.86727032  -77.14317283    9.57412778 -109.32682331  -41.31331136  -22.35745889	 0.00624330  0.01193437 -0.33608747  0.70481032 -0.38929355 -0.02425990 -0.00003927 -0.02657621 -0.23935464  0.57619375 -0.40961879  0.00839087	
0.00400000	0.34763503	0.00591222	 -1.34196532   8.18560410 -10.39848328   1.13223898  -0.13861446  -0.85063028	 -95.40391541 -132.79661560 -879.33483887   -2.43490553  -31.61543846   22.27555656	 -2.69192644  13.61780252 -34.38772046   0.52894293  -0.91639829  -1.24774336	 -33.84119444 -153.25065826 -896.41990265    7.03638128  -64.78355077   27.99328536	185.07958512	0	0.00000000	0.00000000	0.00000000	 0.09870836  0.09409003 -0.03983680	-0.03877901  0.00467979  0.11505706	   2.10199016   16.12625603   -6.86263240  -27.35342116    7.54077120    2.10737316   35.74413214  -77.94353995    8.73590457 -111.51091483  -41.41016117  -19.66839111	 0.00690291  0.01119806 -0.33950824  0.70898277 -0.38874900 -0.02464340 -0.00053407 -0.02590126 -0.23868737  0.57611704 -0.40991792  0.00758553	
0.00400000	0.35642883	0.00562662	 -7.12501812   9.31750584 -12.69027519   1.25504363   0.49644905  -0.63890493	 -99.69581604 -123.70951080 -897.08251953   -2.85872483  -30.70572281   21.34506035	 -4.77289359   8.97808577 -34.80151635   0.60110507  -0.80825446  -1.00061891	 -37.00028895 -142.57931820 -911.88861937    5.93464374  -64.44059648   26.97009011	185.60693030	0	0.00000000	0.00000000	0.00000000	 0.10579053  0.09853786 -0.04359232	 0.00300916 -0.01634177  0.09945384	   1.34446288   16.89435899   -6.30317908  -33.24261009    5.99719333    1.93839656   33.26028678  -77.19363801    9.57221300 -112.86699653  -39.86332815  -17.30096835	 0.00750116  0.01046175 -0.34264523  0.71280235 -0.38814309 -0.02489650 -0.00102887 -0.02538738 -0.23785134  0.57594830 -0.41032442  0.00680320	
0.00398400	0.36489633	0.00531120	 -6.68756342   6.82740879 -11.29616547   1.14956260   0.28348640  -0.62638104	-105.89039612 -108.30046082 -916.18609619   -2.84691787  -29.79921913   19.90338326	 -6.86933518   6.83624590 -35.36017530   0.69163327  -0.81039690  -0.91418883	 -41.55338853 -130.57831457 -930.32914692    4.98474191  -64.44896838   25.47245665	186.46961266	0	0.00000000	0.00000000	0.00000000	 0.11299979  0.10797745 -0.04429356	 0.01381322 -0.02299582  0.08207721	   1.05040456   17.18657009   -5.77279373  -38.76080241    4.70296285    1.79593527   32.71167726  -76.43958339    9.04388461 -112.13457227  -37.70017172  -15.42601460	 0.00803039  0.00987116 -0.34531435  0.71613109 -0.38751414 -0.02504223 -0.00152367 -0.02510359 -0.23685426  0.57582557 -0.41084599  0.00608223	
0.00399200	0.37301770	0.00488748	 -5.76329422   3.26437759 -11.69756889   0.95073605   0.13642882  -0.90693802	-112.63310242  -96.70385742 -932.29425049   -3.06181598  -28.61480522   18.45866776	 -6.16022530   5.36645509 -34.59882212   0.71001521  -0.93506375  -0.89289248	 -46.38756636 -118.17923875 -946.44530480    4.05684877  -64.30040745   23.68073385	186.81769347	0	0.00000000	0.00000000	0.00000000	 0.11724058  0.11706009 -0.04617310	 0.04340211 -0.03228993  0.03042255	   1.28544735   16.77901006   -7.05907776  -43.78134931    3.34488316    1.64067951   31.26804541  -73.60116099    9.20949038 -109.98207925  -33.66262930  -13.99315429	 0.00851359  0.00957204 -0.34792978  0.71890759 -0.38684687 -0.02507291 -0.00201847 -0.02503456 -0.23570377  0.57577956 -0.41147491  0.00544563	
0.00399200	0.38066813	0.00443988	 -4.57084894   2.29549026 -14.30665874   0.82837039   0.19121866  -0.90485930	-115.18859863  -91.80781555 -944.43414307   -3.58096457  -27.70920753   17.52438927	 -5.74079738   2.69158648 -36.41234091   0.73671646  -0.93520506  -0.91889423	 -51.75237745 -110.32752628 -963.13785607    3.15086653  -64.09962658   22.12867647	187.15367992	0	0.00000000	0.00000000	0.00000000	 0.12312476  0.12583784 -0.04933147	 0.04358055 -0.07375370  0.00044109	   1.25458070   14.05374432   -8.87346104  -49.32317225    1.74691787    1.30789895   28.48733441  -69.76442371    7.97387541 -108.64125215  -29.94754431  -12.78787404	 0.00893544  0.00961806 -0.35036114  0.72110885 -0.38618726 -0.02503456 -0.00246615 -0.02514961 -0.23441522  0.57578725 -0.41222656  0.00491641	
0.00399200	0.38782108	0.00397576	 -1.87659717   3.66154838 -15.87517166   0.95973611  -0.04368119  -0.87745833	-111.44514465  -81.27780914 -952.89477539   -4.07921600  -27.15495682   16.65426826	 -3.53420536   2.61340613 -38.57238745   0.73889932  -0.98157709  -0.92485243	 -50.98071508 -102.82784564 -972.64466761    2.17026080  -63.66921425   20.92277777	187.39557219	0	0.00000000	0.00000000	0.00000000	 0.13157845  0.13360922 -0.05257322	 0.04358055 -0.07375370  0.00044109	   1.40320922   10.57228336  -11.79119127  -54.35302751    0.39644789    1.21742258   25.31683780  -65.17416660    7.41041056 -105.48208816  -24.77272544  -12.39204651	 0.00931126  0.01002456 -0.35263911  0.72268122 -0.38553530 -0.02489650 -0.00282743 -0.02537204 -0.23308066  0.57579494 -0.41306260  0.00451757	
0.00400800	0.39446712	0.00352985	  2.60831499   3.95588326 -16.63011932   0.97415131  -0.51926768  -0.62862521	-106.76392365  -75.49127960 -947.89453125   -4.15887928  -26.50911522   15.87498283	 -0.45682426   3.03486216 -40.19204061   0.73749758  -1.13612342  -0.88004680	 -45.78457649  -96.15057258 -974.41299416    1.36198379  -62.84741731   19.85757320	187.46811270	0	0.00000000	0.00000000	0.00000000	 0.14165871  0.14202768 -0.05744009	 0.04316653 -0.12792619 -0.00787637	   1.57793061    5.99401802  -13.27217702  -58.74809198   -0.83029323    1.20519913   23.36734045  -60.26736794    5.19531386 -103.29089902  -19.92209192  -12.59207710	 0.00961806  0.01069184 -0.35476366  0.72363228 -0.38488337 -0.02472777 -0.00322013 -0.02564048 -0.23153901  0.57579494 -0.41396764  0.00429515	
0.00400000	0.40061310	0.00303790	  4.22055960   5.80579138 -15.65157032   1.00668633  -0.47675338  -0.62101471	-101.37590790  -69.40280914 -936.14569092   -5.06029892  -25.51571846   15.14002609	  2.82740323   4.85316976 -39.62083801   0.67888394  -1.05831714  -0.86677152	 -43.28334145  -90.31360148 -969.81834978    0.42023913  -61.59660421   18.79224679	187.65278746	0	0.00000000	0.00000000	0.00000000	 0.15304236  0.14836158 -0.05999791	 0.01580210 -0.16811125 -0.00314547	   2.16331618    1.55262341  -15.84039301  -64.71322470   -3.19844928    1.26262991   21.42662672  -54.86552300    3.20436095 -101.43702777  -15.36575402  -13.05024619	 0.00988650  0.01148951 -0.35673484  0.72396976 -0.38428512 -0.02454369 -0.00359712 -0.02597796 -0.22985163  0.57581025 -0.41486502  0.00422612	
0.00399200	0.40620786	0.00253830	  2.86806917   5.22339249 -15.37826538   0.98881620  -0.26943970  -0.80814129	-101.30632782  -70.71708679 -930.22570801   -5.61427116  -24.06142807   14.90227032	  2.20650440   4.95722583 -39.87689996   0.73810177  -0.98172286  -0.89768780	 -42.87138190  -87.11003027 -962.26533899   -0.33728904  -60.10719146   18.14755084	188.20567979	0	0.00000000	0.00000000	0.00000000	 0.16481633  0.15103318 -0.05742979	 0.01580210 -0.16811125 -0.00314547	  2.60407287  -3.28799053 -17.16005691 -68.85099303  -5.14766650   1.35453639  20.27073973 -50.07087895   0.92687875 -99.99656164 -11.18954832 -13.37900887	 0.01007825  0.01244058 -0.35848355  0.72371662 -0.38369453 -0.02435961 -0.00395841 -0.02630010 -0.22806455  0.57581794 -0.41573173  0.00422612	
0.00398400	0.41124293	0.00209302	  6.03410387   4.41047049 -13.35116291   0.89882767  -0.58926255  -0.77947396	-100.91950226  -71.84592438 -917.06286621   -6.25885153  -22.66183090   15.03406239	  4.47383465   4.62182251 -37.86687622   0.69120430  -0.93082953  -0.91429416	 -42.97250618  -87.32966926 -951.68826645   -0.96142697  -58.42448006   18.00966864	188.35252602	0	0.00000000	0.00000000	0.00000000	 0.17302759  0.15110600 -0.05394585	-0.00669241 -0.16909355  0.01160383	  2.70711877  -7.93884298 -18.59471666 -72.11355866  -6.48488574   1.52355595  18.55358527 -45.19374161  -0.83922083 -98.76919607  -6.63945660 -14.47555968	 0.01022398  0.01339165 -0.35994086  0.72284228 -0.38318065 -0.02416786 -0.00433540 -0.02656087 -0.22617775  0.57581794 -0.41652939  0.00433349	
0.00399200	0.41578755	0.00166215	  6.97231197   5.43352795 -19.21382332   1.02576184  -0.54200083  -0.91527152	 -99.44978333  -72.52945709 -909.86737061   -6.91087103  -21.31270599   15.01404953	  6.79408515   5.14842454 -40.36825759   0.70067337  -0.94032078  -1.00663487	 -42.59586826  -87.68599682 -941.09531683   -1.71193693  -56.48360174   17.96004977	188.34714613	0	0.00000000	0.00000000	0.00000000	 0.17837760  0.14851341 -0.05049973	-0.05039941 -0.16293312  0.04128575	  3.37918969 -11.75329409 -20.16198040 -75.12452620  -7.66516344   1.52496018  17.99641487 -41.08852175  -3.91862089 -98.89816149  -3.52339723 -15.15259752	 0.01033136  0.01422767 -0.36102998  0.72138500 -0.38278180 -0.02398378 -0.00476737 -0.02666825 -0.22425261  0.57582557 -0.41722736  0.00447922	
0.00400000	0.41985774	0.00129546	  7.37994194   3.54405642 -19.99965096   0.96145535  -0.59906662  -1.00110400	-103.21307373  -72.18125916 -900.22949219   -7.58881998  -18.66439438   14.63603592	  7.69960238   3.77196103 -41.62892434   0.75707839  -0.96668637  -0.98562630	 -45.18360696  -86.98873541 -930.55231492   -2.44585276  -54.33892507   17.69331014	188.36587320	0	0.00000000	0.00000000	0.00000000	 0.18149618  0.14376287 -0.04810521	-0.05039941 -0.16293312  0.04128575	  4.03123279 -15.21467433 -20.68192189 -76.82414262  -8.46582978   1.75581470  18.07045411 -37.33343037  -6.58062701 -98.81806540  -0.54118655 -16.02021727	 0.01042340  0.01492563 -0.36173561  0.71934479 -0.38248268 -0.02381505 -0.00524646 -0.02663757 -0.22231980  0.57582557 -0.41777959  0.00467097	
0.00400000	0.42352039	0.00100922	 13.21396732   2.83585095 -13.02239990   0.84472287  -1.73775876  -0.98665571	-103.55489349  -69.73709106 -893.22302246   -8.03901577  -17.12388611   14.40149498	 11.41575257   3.36748605 -37.51106822   0.75150490  -1.27464554  -1.04308163	 -47.91076614  -85.13456600 -923.03823949   -3.14088504  -52.20014069   17.27576698	188.34710480	0	0.00000000	0.00000000	0.00000000	 0.18065729  0.14165891 -0.04963452	-0.10176135 -0.13660656  0.08257305	  4.66948615 -17.53513981 -21.67203513 -77.45454224  -9.08934832   2.00137565  17.86556701 -34.81479494 -10.77228094 -99.05097540   1.64894658 -17.00742620	 0.01052311  0.01543951 -0.36208841  0.71672934 -0.38223726 -0.02366165 -0.00576482 -0.02646116 -0.22044066  0.57582557 -0.41823977  0.00490874	
0.00397600	0.42685154	0.00076235	  6.63356352   2.79842472 -20.04349518   0.86529112  -0.35347399  -0.90443391	-102.27787018  -62.61095810 -890.66198730   -8.48491478  -14.02920818   13.95609283	  9.43586233   2.74868818 -40.27978425   0.71929900  -1.05954065  -0.96031143	 -49.31185483  -80.88734790 -918.30878918   -3.89439124  -49.55436933   16.67225518	188.21895557	0	0.00000000	0.00000000	0.00000000	 0.18016741  0.14289095 -0.05300521	-0.09888905 -0.15506524  0.06291736	  6.07296533 -18.64066224 -21.93605370 -76.65195975 -10.46908244   2.09769319  18.76665786 -32.38813383 -15.92745643 -99.89193748   2.96726040 -17.57782045	 0.01062281  0.01575398 -0.36214212  0.71350801 -0.38204551 -0.02350058 -0.00630675 -0.02625408 -0.21866892  0.57582557 -0.41856959  0.00512349	
0.00401600	0.42993057	0.00061942	  4.40725422  -1.20991886 -16.20346451   0.73634988  -0.43407241  -0.73153007	 -97.18199158  -54.72248459 -889.72595215   -8.90314484  -11.07036972   13.54812813	  5.41570589  -1.18401133 -38.43963726   0.84349421  -0.90798091  -0.67275902	 -49.34841915  -75.49994911 -916.61668691   -4.61328810  -46.81397425   16.06116081	188.09442441	0	0.00000000	0.00000000	0.00000000	 0.18014405  0.14674428 -0.05623272	-0.09888905 -0.15506524  0.06291736	   6.20642848  -19.26167137  -22.90143609  -74.49287522  -11.07472170    2.30494988   18.46206457  -30.70866752  -20.36829694 -100.62708556    3.65532264  -17.59033805	 0.01072252  0.01592272 -0.36195803  0.70966536 -0.38196880 -0.02330883 -0.00688009 -0.02606233 -0.21708892  0.57581794 -0.41878435  0.00527689	
0.00398400	0.43283296	0.00057284	 6.29880381 -1.06522512 -8.93705368  0.73749942 -1.01512706 -0.60356325	 -91.32542419  -47.24654770 -889.79315186   -9.24820423   -8.24723434   13.07431030	  6.44645207  -0.86522955 -34.38163612   0.84195864  -1.01821520  -0.66798258	 -43.99435686  -67.56429463 -915.59364431   -5.56324601  -43.63501352   15.29763152	187.95058267	0	0.00000000	0.00000000	0.00000000	 0.18304044  0.14936116 -0.06046100	-0.09483345 -0.17186350  0.05338718	   7.06254056  -19.85169865  -22.30841084  -71.51403249  -13.19687506    2.33750648   19.16910168  -27.98818354  -24.19069485 -103.27632423    3.08151834  -17.37085629	 0.01082990  0.01597641 -0.36161289  0.70516318 -0.38199180 -0.02308641 -0.00743772 -0.02587825 -0.21573901  0.57581025 -0.41889173  0.00535359	
0.00400000	0.43569246	0.00059155	  2.79780459  -1.93186152 -15.29947662   0.70188004  -0.11502221  -0.73243427	 -80.47650909  -42.31096268 -894.65411377   -9.69483852   -5.58671808   12.77297115	  5.16937068  -0.70325342 -35.28554366   0.84043256  -0.83238034  -0.63799738	 -34.53486355  -61.31191862 -916.51621450   -6.48129687  -40.16274622   14.63268509	187.75675470	0	0.00000000	0.00000000	0.00000000	 0.18478477  0.15099319 -0.06356587	-0.08252097 -0.17570377  0.05946460	   7.92315164  -20.08104109  -22.22431911  -68.74837887  -14.49701902    1.97083855   18.56395835  -25.07169307  -27.84942254 -105.82729473    2.03730430  -17.17554993	 0.01092961  0.01597641 -0.36118338  0.70003968 -0.38216054 -0.02282563 -0.00797964 -0.02572485 -0.21468824  0.57580256 -0.41893005  0.00536893	
0.00400000	0.43857276	0.00068265	  4.76540613  -3.33221006 -13.79144287   0.61302418  -0.58217424  -0.85579181	 -67.25202942  -36.24077988 -898.24035645  -10.27098846   -3.22425723   12.67684460	  3.94913400  -1.22743353 -36.17815640   0.85615449  -0.89047651  -0.68615931	 -23.84718505  -55.31109744 -920.45279818   -7.37423827  -37.14810667   14.12174321	187.54017499	0	0.00000000	0.00000000	0.00000000	 0.18441326  0.15123218 -0.06489285	-0.08252097 -0.17570377  0.05946460	   8.95759025  -20.33103239  -21.55273663  -64.54807692  -16.34445711    1.37532477   18.09591220  -22.51158053  -30.93964804 -108.23150611   -0.12353464  -17.11296353	 0.01104466  0.01593806 -0.36064649  0.69433326 -0.38243666 -0.02252650 -0.00850586 -0.02557912 -0.21394426  0.57578725 -0.41892239  0.00536893	
0.00398400	0.44154543	0.00085379	 16.04774475   1.21940744 -21.55989075   0.46991107  -1.47702432  -0.96271908	 -53.24628830  -37.89220810 -912.01013184  -11.09610081   -1.62115109   12.80822086	  9.93924014  -2.29605096 -39.36092257   0.71648355  -1.13850448  -0.80233287	 -10.28420240  -52.84286943 -929.27595284   -8.26173086  -34.51773366   13.96235362	186.80742884	0	0.00000000	0.00000000	0.00000000	 0.18244051  0.15036612 -0.06875492	-0.08703341 -0.17842632  0.08617414	   9.35471806  -20.26041064  -20.06888173  -59.58147411  -17.53181446    0.67721336   16.97686185  -20.51337342  -33.13517044 -109.40956860   -1.91833366  -17.10063033	 0.01118272  0.01593039 -0.36003289  0.68855780 -0.38280484 -0.02221204 -0.00900851 -0.02543340 -0.21351475  0.57577956 -0.41886103  0.00536893	
0.00400000	0.44471717	0.00101317	  10.54508209   22.41669655 -154.15103149   -0.66466612  -15.55903339   -2.90769815	 -47.42178726  -36.76816559 -918.28411865  -11.51358414    0.05806321   13.21914101	  12.04334419   12.17624605 -115.41907260   -0.51965357  -11.29308928   -2.18129314	   1.93571016  -51.61641179 -937.74394819   -9.02995473  -32.29079591   14.11298579	186.46565280	0	0.00000000	0.00000000	0.00000000	 0.17886935  0.15050544 -0.07060934	-0.08011757 -0.16318539  0.10015659	  10.50283282  -20.14517701  -18.07536969  -54.61226930  -19.56544759   -0.13070260   16.86272492  -19.14231992  -35.68723012 -111.52291777   -5.25560608  -17.09529207	 0.01135146  0.01593806 -0.35936561  0.68208444 -0.38327268 -0.02187456 -0.00950332 -0.02526466 -0.21335368  0.57577956 -0.41881502  0.00536893	
0.00398400	0.44805720	0.00115600	  62.22837067   15.74698639 -292.90844727   -2.49890399  -39.70039368   -5.28561592	 -49.98371506  -42.84858704 -907.58984375  -11.74813843    0.54581434   13.25430202	  47.14458671   18.15231527 -222.05023300   -1.20042300  -29.86198272   -4.34537436	   2.41608099  -55.72588131 -934.89550262   -9.25014976  -30.76464006   14.40284809	185.97330843	0	0.00000000	0.00000000	0.00000000	 0.17416320  0.15238527 -0.07077291	-0.08011757 -0.16318539  0.10015659	  10.30801282  -20.37961331  -15.54225524  -49.69711987  -20.74108004   -1.03606319   15.42843157  -17.43441606  -37.39958857 -111.88199612   -6.19698827  -17.09253091	 0.01158155  0.01598408 -0.35862163  0.67538095 -0.38378656 -0.02153709 -0.01000597 -0.02502689 -0.21339969  0.57577956 -0.41885337  0.00536893	
0.00399200	0.45156038	0.00130497	  81.98309326   20.57975197 -444.58532715   -4.06459379  -52.85891724   -6.90319204	 -30.30560112  -32.64128113 -906.17059326  -11.27398300    0.06462607   12.05593204	  93.48522397   18.52629969 -355.55997882   -2.06163200  -48.62122116   -6.26148658	  15.13559003  -52.48482958 -931.00751368   -9.33592902  -29.81267287   13.71959658	185.65148569	0	0.00000000	0.00000000	0.00000000	 0.16899479  0.15618070 -0.06743965	-0.07878960 -0.12459464  0.07786894	   9.94481176  -20.56591224  -12.94592239  -44.08491147  -22.27028914   -1.83599632   13.72572409  -16.76334910  -38.97230033 -112.48263994   -6.94309673  -17.17714530	 0.01190369  0.01601476 -0.35791600  0.66860074 -0.38407037 -0.02116893 -0.01049292 -0.02474310 -0.21362212  0.57577193 -0.41901442  0.00538427	
0.00399200	0.45522916	0.00142854	 122.51445007   31.35090065 -563.34863281   -5.58541870  -66.25215149   -7.57357597	 -18.02677155  -23.62045860 -886.75982666  -10.93694401    0.96652150   11.33588409	 134.96165723   26.46213865 -505.37949404   -3.17837972  -65.85832617   -7.82189970	  29.23236608  -43.49814499 -921.87000862   -9.53028394  -28.33315375   12.52652122	185.21284472	0	0.00000000	0.00000000	0.00000000	 0.16274397  0.15938608 -0.06148999	-0.09091259 -0.09513919  0.07034076	   8.85507224  -20.48069666  -11.53067468  -40.29934458  -24.75134864   -2.84459758   11.76634219  -15.93628618  -40.74793554 -113.80979678   -9.18300494  -17.23960900	 0.01237922  0.01602243 -0.35715666  0.66214269 -0.38393229 -0.02070874 -0.01099557 -0.02442864 -0.21387523  0.57577193 -0.41926754  0.00539194	
0.00401600	0.45904860	0.00148925	 163.32980347   43.63673782 -646.58898926   -7.44392490  -82.07843781   -8.01815987	   4.05044842  -22.94563484 -853.50469971  -11.48477840    1.90284491   10.16541958	 189.22530672   38.84722991 -593.38908929   -4.74362340  -80.51973925   -9.12621702	  43.85756309  -37.14213101 -896.19202725   -9.98289742  -25.82612614   11.46360624	184.46685683	0	0.00000000	0.00000000	0.00000000	 0.15643293  0.16255626 -0.05374186	-0.09091259 -0.09513919  0.07034076	   8.15249511  -20.46757545  -10.94800444  -37.53295694  -28.29436782   -3.37522621   10.99995800  -16.01057423  -42.31294789 -115.47219065  -11.38650820  -17.18530610	 0.01308485  0.01596107 -0.35636666  0.65663570 -0.38329569 -0.02018718 -0.01148252 -0.02411417 -0.21401328  0.57577193 -0.41961268  0.00539194	
0.00398400	0.46291772	0.00152386	 153.41069031   60.67265320 -716.53552246   -7.84589434  -85.61365509   -8.41617489	  26.22431946  -14.02870750 -820.19494629  -11.37338924    1.27974689    8.35961342	 209.94794102   58.55639535 -678.75149975   -6.61236515  -92.00910063  -10.37648758	  64.65355521  -30.55810912 -861.29004275  -10.41832195  -23.29912480    9.61430757	184.00795006	0	0.00000000	0.00000000	0.00000000	 0.15078698  0.16587925 -0.04606585	-0.09091259 -0.09513919  0.07034076	   6.89062831  -19.49195203  -12.15041807  -36.67719227  -33.09782091   -3.79863078   10.48290555  -15.77928761  -43.90699918 -116.98884065  -12.69522479  -17.17389328	 0.01400524  0.01577699 -0.35550764  0.65248626 -0.38212222 -0.01960427 -0.01200088 -0.02388408 -0.21396726  0.57577193 -0.42008823  0.00539194	
0.00400000	0.46683422	0.00148734	 143.83947754   36.47221375 -680.51702881   -8.29483604  -82.24787140   -8.73518562	  56.25566483    3.54604983 -746.75109863  -10.66862488   -0.22650057    6.44343472	 207.36394637   53.25397848 -699.69906718   -6.63949984  -94.39565651  -10.93104375	  88.88433856  -17.12723306 -803.17651516  -10.84735407  -20.82041942    7.30886759	183.35123397	0	0.00000000	0.00000000	0.00000000	 0.15012291  0.17557664 -0.03685082	-0.01174841 -0.13146335 -0.06511581	   5.36910164  -18.39051372  -14.41639968  -37.63709309  -38.68588719   -3.80149396   10.30190246  -15.46228886  -46.33566967 -117.97833207  -12.80219549  -17.16910726	 0.01506369  0.01543951 -0.35451055  0.64984012 -0.38045785 -0.01899068 -0.01249568 -0.02380738 -0.21373717  0.57577193 -0.42067114  0.00539194	
0.00399200	0.47070566	0.00141855	  71.83192444   26.47624588 -647.13641357   -8.23531532  -71.10005188   -4.41463280	  62.21915817   15.30537796 -703.70208740   -9.94234085    0.43019360    5.33479452	 157.21411111   36.87035550 -673.23141572   -6.26883165  -89.17679015   -7.71214106	 101.67705563   -2.24018325 -746.79801258  -11.01151525  -18.21945895    5.33302971	184.31477007	0	0.00000000	0.00000000	0.00000000	 0.15780932  0.18723973 -0.00361267	 0.04870699 -0.01819928 -0.12366938	  -0.50023221  -16.71405417  -18.33306476  -42.05630309  -44.09634590   -3.80270287    5.63146590  -12.83468629  -48.63729900 -118.15897084  -11.87486335  -16.78917094	 0.01617582  0.01481825 -0.35336775  0.64872032 -0.37839463 -0.01833874 -0.01296692 -0.02393010 -0.21337669  0.57575655 -0.42136142  0.00535359	
0.00398400	0.47449622	0.00132405	 -54.53875732   31.07247543 -613.74194336   -6.52239466  -51.97089386   -1.65457189	  57.22993088   27.95520592 -634.44885254   -9.46434879    2.40388227    4.93386745	  44.44822293   32.72251224 -652.66108812   -5.76677895  -79.30970648   -4.36304212	  98.06805434   12.36473184 -682.04366062  -11.35158660  -14.69057635    4.07223045	184.43134327	0	0.00000000	0.00000000	0.00000000	0.15612571 0.17950911 0.02277094	-0.01517585  0.07246349 -0.10978223	  -5.05428067  -14.64580561  -22.20838510  -48.76589008  -48.94338538   -3.21330399    2.61458339   -8.53175624  -51.74337717 -116.70453693   -8.34964443  -15.69967636	 0.01735699  0.01395922 -0.35209453  0.64888144 -0.37620103 -0.01758709 -0.01337533 -0.02428291 -0.21295483  0.57573354 -0.42214376  0.00521553	
0.00400800	0.47819507	0.00117244	-115.13422394   22.36701584 -504.00305176   -4.28631639  -39.63919449   -1.44951415	  58.57363129   15.09381580 -560.44073486  -10.42238522    1.22852075    3.67850566	 -36.63488862   23.64089999 -582.16901180   -4.02010705  -69.33532274   -3.16523987	  95.91206988    9.88031667 -614.30890219  -11.46906608  -12.87384414    3.31420865	184.69893492	0	0.00000000	0.00000000	0.00000000	0.15089643 0.16880647 0.04313451	-0.08981596  0.11266575 -0.09928548	  -9.32669970  -12.00530209  -25.48511510  -57.65589733  -53.01934037   -2.44423449    0.55505017   -4.17798425  -54.70760404 -114.22847723   -4.21823060  -14.19717264	 0.01849213  0.01292379 -0.35072929  0.64975578 -0.37416852 -0.01682777 -0.01371305 -0.02474310 -0.21255600  0.57569522 -0.42292610  0.00496243	
0.00398400	0.48171210	0.00101643	-133.92372131   18.73599434 -439.27032471   -3.50040555  -29.97714043    0.46851054	  48.29203796   16.27231026 -507.10470581  -10.57332230   -0.06093876    2.45389557	 -80.03449089   17.38621470 -517.61564054   -3.06857822  -60.05725472   -1.48761482	  89.22276520    7.60428301 -565.61078814  -11.64055462  -12.26199201    2.22888500	183.75498553	0	0.00000000	0.00000000	0.00000000	0.14168800 0.16099223 0.06135838	-0.08981596  0.11266575 -0.09928548	 -12.48012237   -9.18784416  -26.41079609  -65.73779611  -55.08477064   -1.35893996   -1.79150705    0.62956345  -56.23923454 -109.77106153    1.86414894  -13.61947667	 0.01942786  0.01176563 -0.34944075  0.65072984 -0.37248114 -0.01609145 -0.01401150 -0.02524932 -0.21229523  0.57561082 -0.42365474  0.00471699	
0.00400000	0.48506463	0.00087260	-105.06674957    6.56204605 -367.19659424   -3.27714396  -25.11797333    0.10179663	  31.45977592   10.49231625 -472.25622559  -10.40766716   -0.89787203    1.82913280	 -87.42597956    8.21714787 -445.16207736   -2.36566252  -50.06467286   -0.26448617	  75.05418764    5.85496629 -518.29065384  -11.40090628  -12.74175341    1.35564156	183.12122621	0	0.00000000	0.00000000	0.00000000	0.12529738 0.15566414 0.07323480	-0.06071683  0.21664561 -0.03101179	 -14.59155672   -6.20686822  -25.32133983  -74.03068738  -55.44236504   -0.44578530   -3.86619422    4.94700901  -56.03213547 -105.43177058    7.11180470  -13.83705613	 0.02012582  0.01057680 -0.34842831  0.65145081 -0.37132299 -0.01538582 -0.01430210 -0.02572485 -0.21222620  0.57535774 -0.42437568  0.00457126	
0.00398400	0.48824838	0.00074065	 -71.64546967   -4.71790457 -322.41699219   -3.24008703  -23.85726357   -0.99167860	  29.46687698    9.97179413 -453.04244995  -10.83409691   -0.84542906    1.41383946	 -64.43151441   -2.52407573 -380.40374829   -1.67183423  -42.53274767   -0.46326820	  62.91075515    1.61496130 -488.66444411  -11.36964155  -12.95340944    0.88088628	180.94788659	0	0.00000000	0.00000000	0.00000000	0.11005695 0.15524226 0.07362297	-0.07641768  0.18189895 -0.09983714	-13.16702650  -3.49075348 -21.52583714 -79.88837118 -54.79876081   0.23816090  -2.16928344   8.11816757 -54.38540726 -99.91573832  12.11535157 -14.28295350	 0.02060136  0.00942631 -0.34784541  0.65178829 -0.37058666 -0.01468019 -0.01460840 -0.02609301 -0.21231824  0.57488221 -0.42497393  0.00454058	
0.00400800	0.49129885	0.00061185	 -47.24144745   10.94661808 -306.30633545   -2.14889073  -23.72869492   -2.11750269	  18.61037827    9.72967434 -432.46932983  -10.44540977   -1.09496725    1.27929640	 -41.68830041    3.03331564 -347.55239392   -1.37539476  -38.53453748   -1.47210068	  53.19401701    1.09284895 -467.74323556  -11.25301435  -13.02440325    0.62533109	179.43597804	0	0.00000000	0.00000000	0.00000000	0.09795492 0.16435341 0.06642940	-0.07641768  0.18189895 -0.09983714	-14.98602401  -0.10149335 -17.16492816 -85.28247837 -53.50052635   0.42987142  -3.60406785  10.14963918 -50.46396023 -95.25251312  14.59997724 -14.62269952	 0.02096184  0.00833718 -0.34767666  0.65169626 -0.37033355 -0.01394388 -0.01490685 -0.02630777 -0.21246396  0.57423794 -0.42541879  0.00457126	
0.00399200	0.49419725	0.00046080	 -24.88877678   18.17346573 -299.48071289   -1.51523364  -26.36589432   -2.94812131	  22.28847504   12.86927700 -420.26983643  -10.01737404   -1.93403089    1.39504063	 -20.62211979   10.18223842 -331.75630261   -1.11062918  -37.44807398   -2.75702697	  48.97447263    2.55271189 -450.48156445  -11.00920339  -13.30212358    0.56142407	177.80656360	0	0.00000000	0.00000000	0.00000000	0.09440840 0.17652638 0.06231978	-0.06699985  0.18023191 -0.20010387	-13.83143793   2.45172313 -12.18488755 -89.10234368 -51.01032914   0.67140587  -1.90554564  11.46289410 -47.75779657 -90.37643730  15.57891834 -15.22291556	 0.02119194  0.00739379 -0.34785309  0.65115172 -0.37047163 -0.01319990 -0.01518174 -0.02636145 -0.21254067  0.57346326 -0.42564890  0.00464796	
0.00399200	0.49692780	0.00027843	 -11.56639481   23.38652420 -310.82495117   -1.70840216  -28.63674927   -2.75177574	  29.03370285   18.90294075 -418.94821167   -9.66532803   -2.39820361    1.48191774	  -1.24212798   17.69403916 -330.42763146   -1.27536967  -38.36965927   -3.22775755	  52.65466991    7.76560105 -441.87941162  -10.99739311  -13.37586351    0.47230782	178.28002679	0	0.00000000	0.00000000	0.00000000	0.09308243 0.18561582 0.05754527	-0.04264828  0.19561663 -0.26672913	-16.06461069   4.75141313  -6.11682825 -91.80411592 -47.79456208   0.67353710  -3.33012677  11.65008484 -41.88677631 -84.67270084  15.44170129 -15.25819723	 0.02124563  0.00663447 -0.34827492  0.65016997 -0.37096250 -0.01247893 -0.01545663 -0.02628476 -0.21250999  0.57259655 -0.42566425  0.00470932	
0.00398400	0.49945119	0.00015173	  -7.51301241   17.72670937 -347.80902100   -2.42555261  -31.34214020   -2.82854748	  37.92629242   28.14060974 -423.86041260   -9.29587936   -2.53677702    1.93394661	  10.63835711   19.04055798 -349.95064111   -1.55508172  -40.48441175   -3.36738398	  58.87545274   14.30206070 -442.10833252  -11.08260964  -13.28274185    0.51495963	178.37815992	0	0.00000000	0.00000000	0.00000000	0.09237776 0.18658104 0.05053890	-0.04264828  0.19561663 -0.26672913	-16.54872098   6.42433429  -1.20636161 -93.23121635 -44.54337709   1.04372161  -3.66419623  10.39490083 -38.16466395 -78.74354126  15.11496707 -15.07663534	 0.02112291  0.00611291 -0.34881181  0.64875871 -0.37165278 -0.01178864 -0.01571581 -0.02600864 -0.21239494  0.57171452 -0.42542648  0.00471699	
0.00400000	0.50184268	0.00003378	 -13.33768177    7.65637875 -394.82403564   -3.99969029  -35.46890259   -2.79720140	  33.76002884   33.01937485 -433.03112793   -9.23929691   -1.54427111    2.20304465	  15.81922900   13.08288622 -385.35860632   -2.02206888  -44.80178947   -3.35272748	  62.47417018   20.62360527 -446.66237111  -11.32973793  -12.93488463    0.61993514	180.20156523	0	0.00000000	0.00000000	0.00000000	0.09114117 0.18516816 0.04511321	-0.04495712  0.20621747 -0.25899508	-16.25998099   7.62001413   3.29878497 -96.60277784 -43.54508997   0.86071093  -3.66070836   8.87149356 -34.22139933 -74.18350969  11.95128271 -14.82616699	 0.02088514  0.00588281 -0.34926435  0.64707899 -0.37246579 -0.01107534 -0.01598285 -0.02571718 -0.21228756  0.57079411 -0.42498162  0.00469398	
0.00399200	0.50409859	0.00000000	 -30.63713264    8.89918804 -457.20108032   -5.30184269  -39.69941711   -2.01172328	  26.24680138   35.13578796 -440.45654297   -9.55100727   -0.29232135    2.57610512	   9.31959963    8.10654494 -441.44491754   -2.96178521  -51.42779675   -2.90260767	  58.47753288   24.47631203 -456.45094724  -11.76222274  -12.46770055    0.86941679	181.96655733	0	0.00000000	0.00000000	0.00000000	0.08750996 0.18248859 0.03864951	-0.05410347  0.23694221 -0.24515807	-15.52086230   7.57215903   6.54367480 -98.01277365 -43.50852395   0.73940161  -1.93567602   7.89078254 -32.05828020 -68.94792146  10.02364103 -14.31394009	 0.02057068  0.00588281 -0.34952512  0.64523053 -0.37329414 -0.01030068 -0.01624203 -0.02545641 -0.21220319  0.56988907 -0.42438337  0.00463262	
0.00400000	0.50632143	0.00000000	 -54.82705688   21.76164436 -526.09844971   -6.30682421  -44.95643997   -1.46656251	  16.74003029   39.46942139 -441.85873413   -9.75032330    0.99149960    2.83008504	  -4.54527781   13.54061979 -506.18595102   -4.34946564  -59.35525733   -2.56983315	  50.41671040   27.08242971 -461.38370717  -12.22913967  -11.91926895    1.04986313	183.93288814	0	0.00000000	0.00000000	0.00000000	0.08321125 0.18053740 0.03369121	-0.06069108  0.23598083 -0.23113535	-14.87522036   7.62210511   9.90159228 -99.28933391 -44.67515657  -0.46843568  -1.21872002   6.70437989 -28.16595343 -63.91770705   6.97957590 -13.99873765	 0.02019485  0.00608990 -0.34953278  0.64326704 -0.37411484 -0.00938796 -0.01646194 -0.02527233 -0.21216483  0.56903005 -0.42367005  0.00455592	
0.00400000	0.50854433	0.00000000	 -72.85802460   32.27227402 -588.86523438   -6.70641088  -48.97586823   -1.99828482	   0.68779647   34.20954895 -452.32324219   -9.88566494    2.32810044    2.51053715	 -20.25555877   24.28640364 -578.98900803   -5.64131907  -68.03661626   -3.11118654	  36.06605884   26.37958153 -469.47387699  -12.35022188  -11.59330558    0.99749085	186.56894904	0	0.00000000	0.00000000	0.00000000	0.08026312 0.17224944 0.03465226	-0.07529913  0.31793420 -0.16628189	-14.07823212   6.95202293  11.57001340 -98.10504987 -45.27792426  -0.58825706  -0.89685051   5.67723614 -26.40428763 -58.91298778   5.32212839 -13.67746062	 0.01975000  0.00644272 -0.34919530  0.64121151 -0.37487414 -0.00836019 -0.01661902 -0.02517262 -0.21217251  0.56814802 -0.42288774  0.00447922	
0.00398400	0.51075822	0.00000000	-103.06136322   46.69167328 -679.00073242   -7.49737740  -54.94166946   -4.71894646	 -16.02153778   34.88318253 -456.78302002  -10.14049530    5.48884964    1.98979223	 -40.15992848   36.21894146 -658.46323168   -6.74120772  -77.29373166   -5.28576302	  20.25913442   25.79559123 -474.99705040  -12.48407101  -10.81207624    0.65901326	187.81889159	0	0.00000000	0.00000000	0.00000000	0.07792434 0.16315586 0.03487063	-0.14867080  0.34429613 -0.15496134	-12.28768970   7.32566478  13.01024248 -96.48319055 -47.40119638  -1.19795448  -0.62138754   4.89478175 -23.94045030 -54.12849985   4.45571682 -13.44006163	 0.01927446  0.00678786 -0.34853572  0.63917130 -0.37554142 -0.00723272 -0.01671327 -0.02514961 -0.21227221  0.56723529 -0.42212841  0.00438718	
0.00399200	0.51297665	0.00000000	-114.33296204   62.53076935 -737.67102051   -7.90114641  -59.73326492   -5.98663759	 -19.26885605   29.95202827 -445.10427856  -11.05316639    6.01678753    1.76965272	 -52.22971032   49.37777163 -722.53915899   -7.70312834  -85.08533313   -7.23311889	  11.18516736   23.31687148 -474.16122695  -12.89368117   -9.74132156    0.46733512	188.53791483	0	0.00000000	0.00000000	0.00000000	0.07658848 0.15837069 0.03218411	-0.14867080  0.34429613 -0.15496134	-11.94801956   8.26635058  14.45262713 -94.13813246 -49.56227097  -1.71469267  -1.47629765   4.35700398 -21.11810127 -48.48407026   5.28744672 -13.17719857	 0.01879893  0.00704864 -0.34762299  0.63722318 -0.37607065 -0.00602854 -0.01676039 -0.02514961 -0.21242562  0.56629193 -0.42149949  0.00430282	
0.00400800	0.51520395	0.00000000	-124.05377960   67.22781372 -775.12048340   -8.40637684  -62.55748749   -6.43482065	 -22.79634857   29.85432434 -442.21102905  -11.12685490    6.70994902    0.96331972	 -61.78105477   59.56712507 -774.43576136   -8.75660242  -91.47171078   -8.57249680	   4.54598022   18.74796848 -471.02933937  -13.12640989   -9.22756504   -0.03904962	189.16452034	0	0.00000000	0.00000000	0.00000000	0.08102721 0.15931393 0.03404041	-0.16203024  0.31801784 -0.21656756	-11.81069376   9.77975712  13.65404338 -92.71929393 -52.14687321  -2.21504294  -2.67083556   4.05548568 -19.59280599 -43.64560696   7.02804574 -13.21395264	 0.01840777  0.00721738 -0.34647250  0.63545144 -0.37646180 -0.00480136 -0.01676825 -0.02521097 -0.21263270  0.56531018 -0.42100862  0.00425680	
0.00398400	0.51741785	0.00000000	-138.02149963   67.86619568 -794.67749023   -8.86393547  -63.73443222   -6.35433245	 -15.32016945   27.30814743 -430.17831421  -11.53763962    6.57975578    0.50589043	 -71.74071068   65.48876590 -810.03383369   -9.44360774  -95.60934640   -9.32107922	   6.79330912   17.55054862 -461.75346680  -13.34962713   -8.25407857   -0.54006491	189.45014654	0	0.00000000	0.00000000	0.00000000	0.08917537 0.15894700 0.03653603	-0.16075791  0.28248575 -0.21607604	-14.87361673  11.31929736  15.20750406 -90.35847810 -53.67313704  -2.29426614  -5.91604259   5.11239884 -14.41101349 -34.17878007  12.20951125 -13.43588891	 0.01810864  0.00724806 -0.34515327  0.63400179 -0.37673792 -0.00354349 -0.01675254 -0.02531068 -0.21283980  0.56429005 -0.42064813  0.00424913	
0.00399200	0.51963627	0.00000000	-144.58627319   66.15699005 -801.72344971   -8.83542728  -63.38055420   -6.07670212	  -5.32666111   28.49910164 -404.33239746  -11.27026272    6.68635321    0.25877586	 -78.93039632   67.93018200 -826.75130894   -9.68920804  -97.36155399   -9.32105368	  13.06933816   17.16902596 -443.62099984  -13.27553942   -7.13618193   -0.94448348	189.74153088	0	0.00000000	0.00000000	0.00000000	0.10124365 0.15584811 0.03765465	-0.16075791  0.28248575 -0.21607604	-16.41321695  13.08861324  14.82090872 -90.36153141 -55.83029599  -2.53558609  -7.74819629   6.27235089 -11.42238553 -27.48042391  16.22865602 -13.52099416	 0.01785553  0.00714068 -0.34368831  0.63269025 -0.37691435 -0.00233165 -0.01674469 -0.02545641 -0.21298552  0.56327760 -0.42037967  0.00426447	
0.00400800	0.52186358	0.00000000	-144.53883362   57.59683609 -787.10516357   -8.58666229  -62.21038437   -6.35863972	   4.48085833   31.09998322 -381.84420776  -10.66362190    6.94488192    0.33663315	 -85.37539319   62.12398115 -827.31837439   -9.52112809  -97.30650762   -9.25143671	  20.76666017   19.08647640 -424.74402040  -13.06054877   -5.71635334   -1.14244811	190.08633791	0	0.00000000	0.00000000	0.00000000	0.11382123 0.15187054 0.04094655	-0.13128337  0.22137091 -0.22385827	-19.07189498  15.20239225  15.26129453 -91.03435160 -58.07501636  -3.05250744  -8.40744266   8.52272404  -7.75759866 -18.65473969  21.84844279 -13.87902530	 0.01763310  0.00689524 -0.34227705  0.63160110 -0.37699872 -0.00101243 -0.01677610 -0.02564815 -0.21297784  0.56237257 -0.42014959  0.00430282	
0.00398400	0.52407748	0.00000000	-144.46217346   55.37701416 -763.38720703   -7.97983599  -59.81390762   -6.36933184	  10.94080067   29.65462685 -346.51782227  -10.04720306    7.10429335    0.27678981	 -88.27664037   56.37459565 -811.44587993   -8.99102628  -95.13273548   -9.13938695	  27.16909845   20.32195438 -392.59556891  -12.47836355   -4.03432548   -1.22263727	190.51319471	0	0.00000000	0.00000000	0.00000000	0.12655674 0.14795712 0.04543276	-0.14132434  0.17569921 -0.26111193	-21.33033501  16.60021088  15.74776606 -92.99572450 -60.18688862  -3.85430573  -8.68733892  10.22989763  -4.24435056 -10.14365589  25.42802802 -13.72035036	 0.01740301  0.00657311 -0.34075841  0.63073444 -0.37703705  0.00036049 -0.01682322 -0.02585524 -0.21274008  0.56166697 -0.41989648  0.00430282	
0.00400000	0.52630031	0.00000000	-137.16171265   51.45059204 -728.48345947   -6.58145237  -56.90092087   -6.88188887	  14.56337452   30.49003029 -310.39682007   -9.71814346    8.43163109    0.01292091	 -88.44210228   53.50317645 -786.09224795   -8.04847781  -91.82786001   -9.26836621	  30.29459534   21.89155084 -359.21528636  -12.02409430   -2.03321225   -1.39178653	190.90290504	0	0.00000000	0.00000000	0.00000000	0.13947097 0.14338556 0.05209544	-0.14132434  0.17569921 -0.26111193	-24.56209315  18.59550913  15.84146452 -96.14762518 -62.01470039  -4.32374293  -8.99336541  12.43540112  -1.00172568  -0.82002919  29.95318031 -13.69457949	 0.01716524  0.00621262 -0.33927047  0.63000578 -0.37707540  0.00177175 -0.01688606 -0.02600097 -0.21227989  0.56122208 -0.41955900  0.00430282	
0.00398400	0.52851427	0.00000000	-129.07682800   48.45634460 -693.72222900   -5.27317381  -53.91442871   -7.47431707	  11.70180225   26.88684082 -277.22982788   -9.23403454   10.26438999   -0.16974582	 -85.12269675   50.76854794 -751.16530676   -6.74163703  -87.53825413   -9.59186383	  28.75016149   22.30132226 -326.50617084  -11.42243319    0.46433644   -1.64292152	191.12168050	0	0.00000000	0.00000000	0.00000000	0.15470848 0.13969504 0.05859740	-0.13564277  0.17798321 -0.24459166	 -26.09344262   19.94893891   15.25960975 -100.45104143  -63.90655971   -5.26512547   -8.21006329   13.42768671    0.94059679    6.43054657   32.22298394  -13.18689322	 0.01691213  0.00589048 -0.33783618  0.62935382 -0.37717512  0.00319068 -0.01695674 -0.02604699 -0.21162795  0.56105334 -0.41911414  0.00424913	
0.00400800	0.53074157	0.00000000	-121.21176147   43.99110794 -665.00976562   -4.32516670  -51.51019669   -7.89118385	  13.73311996   25.60901642 -243.82112122   -8.92980766   12.41258621   -0.45272538	 -80.27644764   48.71942863 -716.46744938   -5.56189897  -82.94381810   -9.97727866	  27.29214491   19.90346340 -290.43553600  -10.89624709    3.55011941   -1.78615739	191.11471423	0	0.00000000	0.00000000	0.00000000	0.16825888 0.13754375 0.06315370	-0.12347005  0.12317832 -0.27164979	 -27.57117209   20.74090992   15.62875507 -104.35274197  -64.83366167   -5.67701112   -7.09883876   13.90925452    2.96480256   14.25322034   35.32586574  -12.86254826	 0.01661301  0.00560670 -0.33646327  0.62864822 -0.37737453  0.00453291 -0.01702743 -0.02600864 -0.21069989  0.56114542 -0.41852355  0.00418010	
0.00399200	0.53295994	0.00000000	-112.74500275   40.51435852 -646.40368652   -3.90916014  -50.33927155   -7.96153450	  11.58677483   22.48809624 -213.01855469   -8.69258785   15.44148064   -0.59360081	 -74.42804740   45.03510022 -691.36852767   -4.64169570  -79.84688050  -10.04723439	  24.73066866   17.93768466 -258.80634033  -10.44546880    6.75775652   -1.94242793	191.07401488	0	0.00000000	0.00000000	0.00000000	0.17694642 0.14036920 0.06099337	-0.12668232  0.08178007 -0.29166083	 -29.49357444   21.65990477   16.09871678 -108.64352774  -65.01512411   -5.86959244   -6.27487452   13.35770476    4.35779409   19.74433574   35.92074529  -12.48727658	 0.01629087  0.00538427 -0.33515939  0.62778920 -0.37772736  0.00575243 -0.01709026 -0.02584757 -0.20954940  0.56151354 -0.41778725  0.00409573	
0.00400000	0.53518283	0.00000000	-106.05949402   39.47017670 -643.90673828   -3.76649237  -50.49401093   -8.31435299	   9.23983765   19.51426125 -191.03913879   -8.34386063   17.85906410   -0.42934459	 -67.32105353   42.45819986 -677.35199590   -4.30969183  -78.02074057  -10.14460330	  20.73053461   15.70773628 -232.22950435   -9.93362629   10.09524022   -1.94804729	190.85951371	0	0.00000000	0.00000000	0.00000000	0.18672759 0.13988862 0.05812696	-0.12005557  0.04690361 -0.30800323	 -31.57861746   23.01139612   17.10785281 -111.52360441  -63.39137115   -5.63743350   -5.16179213   12.30101655    4.85976926   25.51539647   36.73247811  -12.35302248	 0.01589204  0.00520019 -0.33391687  0.62671536 -0.37824124  0.00682621 -0.01713738 -0.02562514 -0.20821483  0.56214249 -0.41691288  0.00401903	
0.00398400	0.53739673	0.00000000	 -99.20298004   40.93788528 -651.90130615   -3.76287127  -51.83732224   -8.93588829	  10.20898247   14.62079048 -175.03231812   -8.11173439   19.71005630    0.46389902	 -59.45991713   41.59149102 -676.89764799   -4.23414919  -78.10649608  -10.52087381	  17.53568149   11.22173490 -209.96497983   -9.28236866   13.01889869   -1.32663434	190.68352347	0	0.00000000	0.00000000	0.00000000	0.19668220 0.13809468 0.05381797	-0.12912910  0.02047151 -0.31486112	 -32.84561780   24.20456787   18.34210524 -114.42939321  -61.22903050   -5.74337775   -3.85268092   11.30111913    4.61609458   29.77711544   35.59727047  -12.10574466	 0.01542417  0.00507748 -0.33266667  0.62543452 -0.37891617  0.00776194 -0.01716095 -0.02536437 -0.20674221  0.56302452 -0.41596180  0.00393466	
0.00400000	0.53961962	0.00000000	 -97.79801941   45.44974136 -677.75939941   -3.96020889  -54.00252533   -9.69332027	   6.77763844   12.89682961 -162.65638733   -7.66860580   21.97825813    1.31164610	 -54.31200878   45.28710038 -689.17199935   -4.45725637  -79.62611811  -11.29263349	  16.13413031    9.85441972 -196.36988726   -8.77910431   15.44711127   -0.61371175	190.59702429	0	0.00000000	0.00000000	0.00000000	0.20710589 0.13465103 0.04677714	-0.12912910  0.02047151 -0.31486112	 -33.78436447   25.45446689   19.44174684 -117.05984983  -58.04105361   -5.66580459   -2.19558027   10.41124551    3.61758569   34.10237262   34.89946772  -11.90927230	 0.01487194  0.00500078 -0.33132443  0.62400025 -0.37969086  0.00856728 -0.01716095 -0.02506524 -0.20518523  0.56412899 -0.41494939  0.00386563	
0.00398400	0.54183352	0.00005848	-100.49189758   48.11894989 -701.87805176   -4.61680269  -56.32976532  -10.24011326	  -4.12794161   16.82528877 -156.07244873   -7.37623692   23.85372543    1.43542743	 -51.48805940   48.20065255 -711.22134833   -5.07908620  -82.28804725  -12.02678993	  10.90594992    8.95449403 -184.80015570   -8.39375128   17.41530299    0.02842135	190.62303784	0	0.00000000	0.00000000	0.00000000	0.21538573 0.13234022 0.04148186	-0.13147495  0.00952051 -0.32128914	 -33.60112776   26.06182557   20.56762141 -118.78935431  -55.72231091   -5.17593179    0.07211325    9.52004847    1.99532329   36.74154926   33.48797298  -11.82582366	 0.01422000  0.00497010 -0.32979813  0.62245095 -0.38050386  0.00924990 -0.01713738 -0.02468175 -0.20358989  0.56542522 -0.41399065  0.00380427	
0.00400800	0.54412585	0.00015670	-101.26430511   48.70458603 -735.39898682   -5.28575897  -58.69153595  -11.15519524	  -7.69007158   14.09139347 -159.18067932   -7.75226784   24.99087143    2.07364821	 -49.73622346   51.72723210 -740.59806843   -6.05131525  -85.62519227  -13.05263057	   1.54841649    8.94643727 -182.09278051   -8.36928480   18.75141969    0.50442385	190.76013997	0	0.00000000	0.00000000	0.00000000	0.22288687 0.12949400 0.03685274	-0.11897093  0.02080840 -0.30603006	 -34.16718561   26.98961899   21.71280145 -120.56184203  -53.15587480   -4.94848913    1.77796422    8.63056803    0.45676504   40.13184540   32.59393859  -11.45502975	 0.01351437  0.00497010 -0.32802638  0.62084025 -0.38123250  0.00981748 -0.01710597 -0.02425223 -0.20200221  0.56686711 -0.41297054  0.00373524	
0.00399200	0.54651839	0.00025078	-100.91535950   61.21409225 -778.06091309   -6.28308010  -61.36444473  -12.48101139	  -5.99018908   12.30288124 -162.06262207   -7.88047981   24.89230728    2.08176994	 -48.76020807   56.01105406 -775.65866305   -6.95181097  -89.17018424  -14.28943440	  -1.32404551    9.08854723 -183.78400380   -8.50071805   19.31415693    0.77464086	190.95637225	0	0.00000000	0.00000000	0.00000000	0.22982758 0.12500386 0.03292657	-0.11897093  0.02080840 -0.30603006	 -34.51554438   26.92323862   22.17595319 -122.00172090  -51.44377932   -3.95445805    4.49406628    7.47493830   -2.49449557   41.20263724   30.65311028  -11.08822419	 0.01279340  0.00497010 -0.32596317  0.61927557 -0.38194579  0.01029301 -0.01706670 -0.02378437 -0.20054494  0.56843948 -0.41200414  0.00365087	
0.00398400	0.54901105	0.00034055	-113.80112457   62.25001144 -820.98425293   -6.67263985  -62.38225937  -13.84009743	  -5.72481012    8.08792686 -169.72685242   -8.05054665   25.19548035    1.74969947	 -49.65166062   62.08171161 -815.58157102   -8.13235491  -92.58595643  -15.70475698	  -2.96237029    6.35241586 -187.47477644   -8.37198573   19.43289115    0.82748329	191.15434493	0	0.00000000	0.00000000	0.00000000	0.23035130 0.12588257 0.03131331	-0.08648362  0.03999176 -0.33362264	 -35.96725151   28.10081526   22.13584520 -123.16422756  -49.24165082   -3.16191663    6.50425800    6.22324716   -5.47629640   43.14073200   29.54571856  -10.73510240	 0.01207243  0.00496243 -0.32356250  0.61783361 -0.38254404  0.01069184 -0.01701958 -0.02327815 -0.19919503  0.57018054 -0.41112211  0.00354349	
0.00400800	0.55161685	0.00043833	-123.23873901   65.53919220 -859.11822510   -6.92718506  -61.19079208  -14.99188137	   6.47399282    3.57130480 -165.14447021   -8.29899216   23.87134743    0.92020726	 -57.91525261   66.71121132 -860.12226141   -9.10043964  -94.91239182  -17.21361859	   1.60629562    2.48683218 -188.82780874   -8.28273244   19.32418831    0.40862149	191.31136009	0	0.00000000	0.00000000	0.00000000	0.23124642 0.12693011 0.02974310	-0.09815339  0.04787524 -0.35553761	 -38.51652418   28.36856049   21.54071210 -123.96877468  -47.84475673   -1.81008715    7.73830299    5.07159238   -8.85113764   43.66234809   28.66018866  -10.36651738	 0.01133612  0.00490107 -0.32083201  0.61649907 -0.38297355  0.01108301 -0.01694104 -0.02273359 -0.19798319  0.57217473 -0.41033211  0.00344379	
0.00397600	0.55431354	0.00054966	-134.68888855   60.38897324 -886.64270020   -7.22115231  -58.56642914  -16.38370705	   7.72496891    8.16984463 -153.61004639   -7.72058105   23.11896133    0.35252771	 -67.21223996   66.75439546 -891.28889734   -9.41276855  -95.10834978  -18.50816563	   6.68747631    1.73856705 -185.21843023   -8.05316265   19.01260824   -0.14837332	191.52226782	0	0.00000000	0.00000000	0.00000000	0.23927758 0.12554951 0.02413906	-0.09815339  0.04787524 -0.35553761	 -40.61484641   29.91246186   21.00678282 -124.68999486  -46.21455204   -1.39641431    8.57040297    3.81623629  -11.68287757   44.03187459   28.37140958  -10.30534212	 0.01059981  0.00480903 -0.31776404  0.61526424 -0.38327268  0.01148951 -0.01683893 -0.02219670 -0.19695543  0.57448334 -0.40960348  0.00337476	
0.00401600	0.55715615	0.00067470	-132.01986694   57.11718750 -898.94171143   -7.22720289  -56.02730560  -18.15116310	   8.27471066   11.06591320 -149.10939026   -7.20472860   22.39363289    0.53471136	 -74.23587999   63.03842019 -914.52171778   -9.45015542  -93.94599308  -19.91003555	   9.07569742    3.84840510 -178.02338499   -7.84323471   18.66245467   -0.38665514	191.77590993	0	0.00000000	0.00000000	0.00000000	0.24819790 0.12256507 0.02219731	-0.11531892 -0.00523108 -0.31269149	 -43.11473970   30.99628013   20.22695860 -124.59830524  -44.47069794   -0.22919078    9.56689642    3.07728835  -15.35950688   43.11663181   28.34993923  -10.43333735	 0.00990184  0.00473233 -0.31438929  0.61414444 -0.38349512  0.01196505 -0.01670542 -0.02169815 -0.19615775  0.57703745 -0.40895152  0.00334408	
0.00397600	0.56011552	0.00082419	-125.60165405   56.49321365 -912.01153564   -6.64247656  -51.99723053  -19.59489441	   4.67426109   17.19206429 -142.62808228   -6.21986246   21.58708382    1.34638548	 -71.83685117   62.70547650 -931.03138506   -9.14952301  -90.95200081  -21.37455145	   9.81286274    8.02222441 -170.13258137   -7.41426171   18.13282071   -0.11524359	191.44464155	0	0.00000000	0.00000000	0.00000000	0.25808154 0.11924767 0.02194604	-0.11531892 -0.00523108 -0.31269149	 -44.33106831   32.42583804   19.45637579 -125.35141418  -42.33449900   -0.22336713   11.61010796    2.59858644  -19.18137325   41.49661674   28.11247286  -10.49438976	 0.00923456  0.00466330 -0.31079212  0.61317033 -0.38366386  0.01251728 -0.01652477 -0.02127631 -0.19566688  0.57982928 -0.40834561  0.00333641	
0.00400000	0.56325436	0.00097767	-121.50715637   58.04193115 -906.22930908   -6.18328762  -48.65037155  -20.82990265	   9.88965702   17.56637383 -139.06692505   -5.87700653   20.82859993    1.66211188	 -69.66928206   61.81553963 -937.35547681   -8.70384676  -87.21847200  -22.75108854	   9.44487806   12.06586009 -164.57463753   -6.99776949   17.52420318    0.32073296	190.99591462	0	0.00000000	0.00000000	0.00000000	0.26827081 0.11592697 0.02170375	-0.11531892 -0.00523108 -0.31269149	 -46.54709059   33.59781908   18.86720489 -125.32369490  -39.82743241    0.63923970   12.58311138    2.91344112  -22.35096628   39.63896384   27.70435456  -10.31000529	 0.00862097  0.00463262 -0.30694950  0.61218858 -0.38378656  0.01316155 -0.01627345 -0.02096184 -0.19550581  0.58282053 -0.40779337  0.00331340	
0.00399200	0.56655937	0.00114499	-123.45325470   47.47080994 -911.74468994   -5.51698875  -43.24346542  -22.88105011	   9.58174324   21.42265892 -130.59082031   -5.13128233   19.62055397    2.34424424	 -68.39365471   55.13211183 -938.90883376   -7.98543291  -82.45457218  -24.14395134	   9.20797356   14.60786362 -158.81639994   -6.48775436   16.76713537    0.93700712	192.27819478	0	0.00000000	0.00000000	0.00000000	0.28092654 0.11147306 0.01704293	-0.10685435 -0.17950532 -0.23775708	 -48.20799845   35.61040490   18.28709177 -125.14220203  -36.40487159    0.74044160   13.24624433    3.06173438  -24.68438876   38.06544346   26.59835525   -9.80968207	 0.00805340  0.00461728 -0.30294579  0.61116850 -0.38387862  0.01387485 -0.01592787 -0.02076242 -0.19568989  0.58603424 -0.40726414  0.00323670	
0.00400000	0.57005477	0.00133974	-108.28299713   50.15646362 -907.75903320   -4.58611298  -38.58332825  -24.81808090	   7.81005859   17.77174950 -128.11697388   -4.85551023   18.65455437    2.44724846	 -62.44436991   53.69972653 -941.71662863   -7.21854736  -77.61033464  -25.74125865	   9.08128030   14.80055873 -152.70534618   -6.04323480   15.97400081    1.20360144	192.18942061	0	0.00000000	0.00000000	0.00000000	0.29500957 0.10746553 0.00752619	-0.08696489 -0.27793531 -0.21532969	 -47.16033949   36.61307478   17.15622521 -126.60951271  -34.40749148    0.74678406   15.35058017    3.33520918  -28.69937267   34.12069111   23.68184692   -9.08957076	 0.00757019  0.00461728 -0.29911086  0.61008704 -0.38397065  0.01464951 -0.01551946 -0.02067806 -0.19624212  0.58945501 -0.40674260  0.00312165	
0.00399200	0.57376218	0.00153372	-109.32610321   51.87622452 -914.69018555   -3.47882128  -33.27602386  -27.03128242	   7.80425549   20.38230705 -114.86213684   -4.38358784   17.51814270    1.51892412	 -60.36357769   54.94066142 -942.08516594   -6.25976548  -72.50210117  -27.74179009	   7.11929607   14.72347221 -145.22766119   -5.65611506   15.08599245    1.01667956	192.10796895	0	0.00000000	0.00000000	0.00000000	 0.31301693  0.10212765 -0.00270896	-0.07651289 -0.28420320 -0.20060313	 -48.22114551   38.58565592   15.65034667 -127.45857779  -31.12252763    0.37763574   16.50755644    3.78870679  -31.91721194   30.83966816   20.44606016   -8.57906183	 0.00721738  0.00461728 -0.29499978  0.60895956 -0.38407037  0.01546252 -0.01504037 -0.02067039 -0.19714718  0.59306753 -0.40625939  0.00297592	
0.00400000	0.57768965	0.00171914	-102.64750671   52.35984802 -911.25451660   -2.64870167  -28.18443489  -27.47124672	  11.72604561   14.18759537 -102.26720428   -4.32050467   16.01857567    1.28061867	 -57.10401104   57.32553098 -940.16849467   -5.46136501  -67.10480042  -29.33172953	   8.08922555   12.89511534 -134.64136195   -5.25642781   14.16167152    0.85400678	192.09773892	0	0.00000000	0.00000000	0.00000000	 0.32702276  0.09361595 -0.00247366	-0.11136555 -0.34639395 -0.14620183	 -49.85394775   40.09858928   15.25018376 -126.86280770  -27.80354921    0.73451609   17.37526340    3.83603630  -35.10058711   27.30472909   16.91391763   -7.97829413	 0.00702563  0.00466330 -0.29087338  0.60770935 -0.38420841  0.01626786 -0.01445132 -0.02076242 -0.19824396  0.59684879 -0.40581453  0.00281485	
0.00398400	0.58181429	0.00192197	 -83.61129761   47.84961700 -910.06481934   -1.81114566  -23.31287003  -27.14189720	 10.49818039  13.99234772 -78.16799164  -3.77528572  14.22650051   1.39131486	 -46.13339166   56.26011307 -936.28191922   -4.51158350  -60.69531746  -29.40544010	  11.02415569   11.30167707 -116.59138449   -4.82858883   13.05633459    0.52257730	192.08562222	0	0.00000000	0.00000000	0.00000000	 0.33984103  0.08466909 -0.00396453	-0.10847634 -0.42600727 -0.09136076	 -49.81970654   42.04947932   14.05395311 -127.71119490  -24.87114043    0.34683761   18.17624544    3.64057822  -39.51021647   24.40913186   11.67081027   -7.28254160	 0.00698728  0.00472466 -0.28669327  0.60632110 -0.38440785  0.01700417 -0.01379159 -0.02098485 -0.19974726  0.60072976 -0.40541568  0.00263845	
0.00399200	0.58616877	0.00207238	 -53.78963470   45.77481461 -924.67956543   -1.41109395  -20.26243591  -27.84595299	 17.18776131  18.66862679 -71.41191101  -2.77001786  12.00709438   1.80042434	 -25.60767577   54.33916173 -940.01321117   -3.73275729  -55.33234213  -29.50104841	  11.83680502   12.62539834 -104.31963146   -4.22076593   11.85843609    0.56796782	192.07969933	0	0.00000000	0.00000000	0.00000000	 0.35372862  0.07412166 -0.01105732	-0.10847634 -0.42600727 -0.09136076	 -48.46437146   43.83445970   13.36302614 -127.90247228  -22.30277439    0.55884512   18.08475867    3.32031594  -44.52456254   21.41065299    5.38084870   -6.48444188	 0.00706398  0.00482437 -0.28245184  0.60483319 -0.38469163  0.01768680 -0.01299048 -0.02131466 -0.20147300  0.60463375 -0.40510124  0.00243136	
0.00400000	0.59069490	0.00209279	 -49.89388657   42.80313873 -945.12322998   -1.24577463  -18.62794685  -28.77463531	 25.40509987  18.90992737 -60.47105789  -2.14898729   8.89647007   1.83179200	  -3.93670732   52.39441073 -953.71977035   -3.33173541  -51.91964118  -30.09623472	 18.81178397  15.00677287 -93.52896066  -3.65627172  10.17183144   0.84785239	192.15379062	0	0.00000000	0.00000000	0.00000000	0.35138382 0.07205314 0.00173759	-0.12740710 -0.36816286 -0.09499025	 -49.27646254   46.39831959   13.76124760 -126.03800068  -18.20377673    1.21227492   16.64248767    3.37696798  -47.67512397   19.88985427    0.01253976   -5.47127867	 0.00717136  0.00495476 -0.27815667  0.60332984 -0.38504443  0.01824670 -0.01209513 -0.02179019 -0.20325240  0.60862207 -0.40490180  0.00219359	
0.00399200	0.59523928	0.00208310	 -62.90601730   42.77463531 -966.17541504   -1.45657539  -15.97106171  -29.30371094	 42.89402008  12.60786724 -61.16050339  -1.58526433   6.10100317   1.91511631	  -4.10962899   50.48498205 -974.43096432   -3.17214247  -50.22646242  -30.66389162	 30.96478387  12.32820132 -88.23940610  -2.79496650   8.16659612   1.07815549	192.19115296	0	0.00000000	0.00000000	0.00000000	0.34286787 0.07268655 0.01561174	-0.12668002 -0.25068110 -0.11329689	 -49.16114781   45.67388697   12.24411838 -124.32797620  -15.30388506    2.28515450   16.22369472    3.73565734  -54.00186697   15.85622072   -3.42642181   -4.06793216	 0.00730175  0.00514650 -0.27383852  0.60177284 -0.38548163  0.01876825 -0.01114480 -0.02234242 -0.20497814  0.61278683 -0.40481743  0.00187146	
0.00399200	0.59977287	0.00204204	 -94.40188599   41.62675095 -993.24462891   -1.73378110  -12.78703117  -29.24659729	 54.37014008  15.12337017 -60.79843140  -0.75339293   2.82047272   1.36732483	 -24.83155765   49.94210008 -997.49024549   -3.20906180  -49.40333177  -31.04246469	 45.76963307  10.92411754 -83.15889975  -2.14506573   6.12448088   1.15838415	192.31692547	0	0.00000000	0.00000000	0.00000000	0.33352977 0.07424932 0.01817858	-0.12668002 -0.25068110 -0.11329689	 -50.13201252   44.79253408   11.85321342 -122.46049261  -11.67172412    3.63138418   14.96626176    4.46369327  -59.23164179   13.61803194   -4.98720649   -2.51204651	 0.00743981  0.00538427 -0.26952803  0.60013920 -0.38594180  0.01925145 -0.01014734 -0.02294835 -0.20653513  0.61721236 -0.40479442  0.00148796	
0.00399200	0.60426080	0.00200130	 -115.55340576    41.26419449 -1010.80316162    -2.01947188   -10.87232780   -28.46138382	 48.58345413  11.29299545 -36.93545151  -0.63431251   1.28164554   1.42440534	  -48.73353052    49.70237770 -1021.54221015    -3.39743135   -49.18853535   -30.78971243	 52.17205251  10.75081339 -75.30734414  -1.65582559   4.57574047   0.86873883	192.31303549	0	0.00000000	0.00000000	0.00000000	0.32222562 0.07647204 0.01725190	-0.08611699 -0.26999137 -0.14667709	 -49.33071807   43.86933914   10.16451909 -120.80339456   -8.54081785    4.88590015   14.07177343    4.49478168  -65.22089902   10.79347762   -5.98658872   -1.28553709	 0.00756252  0.00562971 -0.26537097  0.59842110 -0.38645568  0.01970398 -0.00913418 -0.02350058 -0.20790038  0.62212878 -0.40479442  0.00110447	
0.00400000	0.60870790	0.00189822	 -124.14987946    45.46719360 -1018.26837158    -2.13095522    -9.70555305   -28.24007416	 24.06213570   4.67305803 -13.56302357  -0.56224620   1.70611691   0.87066424	  -66.97446770    52.04125345 -1039.67392553    -3.75486829   -49.19210642   -30.26992555	 38.01422243   5.74417198 -54.85795170  -1.11594027   3.40554544   0.53395482	192.34684914	0	0.00000000	0.00000000	0.00000000	0.31227025 0.07437073 0.01866349	-0.07507829 -0.25537329 -0.12842254	 -49.80420116   43.56550426    8.12492457 -120.28054081   -4.73158554    5.82508213   12.67600895    4.38653698  -70.99410622    8.81951235   -6.75684185   -0.12658411	 0.00766990  0.00579078 -0.26143628  0.59658033 -0.38703862  0.02017951 -0.00812887 -0.02393777 -0.20914289  0.62742102 -0.40484813  0.00073631	
0.00399200	0.61303604	0.00176982	 -129.82820129    53.84497070 -1021.42468262    -1.53343630    -8.31651402   -28.86186600	19.62316322 -1.02606988 -4.63274479 -0.68340993  1.22671068  0.26709646	  -76.46232159    57.87370740 -1045.83813293    -3.92047451   -48.49591402   -30.63976450	 24.64352926   0.97541813 -38.17826427  -0.76648618   2.67105795   0.44668756	192.32835449	0	0.00000000	0.00000000	0.00000000	0.30233512 0.06815953 0.01965035	-0.07507829 -0.25537329 -0.12842254	 -48.05123072   43.37210070    6.39952433 -117.74229915    0.52177053    5.38486933   11.85759235    3.39405136  -76.49875497    6.55533737   -6.91759556    0.49308274	 0.00779262  0.00582146 -0.25778541  0.59455550 -0.38773656  0.02070874 -0.00713927 -0.02425990 -0.21037775  0.63297403 -0.40495551  0.00041417	
0.00399200	0.61722147	0.00160806	 -108.67107391    65.38800049 -1018.22351074    -0.55946112    -7.22865343   -30.15013504	16.70687294  3.12093139 -4.85379982 -0.22664788  0.34354192  0.64450836	  -69.35081220    67.01186914 -1045.08593599    -3.82306545   -46.66007988   -31.85014141	 19.41395855   0.76086464 -29.46166553  -0.56671086   1.80311111   0.42544888	192.33416953	0	0.00000000	0.00000000	0.00000000	0.29833126 0.06697060 0.02546415	-0.00511190 -0.18865126 -0.09226224	 -47.81318708   42.01643682    5.34367908 -116.59265961    3.39148700    4.50131427   10.48666217    3.01895241  -78.40742790    4.45647007   -6.48668886    0.87535064	 0.00790767  0.00566039 -0.25441834  0.59233886 -0.38847288  0.02126097 -0.00618894 -0.02446699 -0.21175067  0.63863444 -0.40513191  0.00015340	
0.00400000	0.62123150	0.00148561	  -87.05963135    85.16195679 -1032.92822266     0.41599238    -8.16222095   -30.27990723	13.15345192  8.66572666 -3.19179296  0.31475425 -0.01870504  0.61855048	  -48.81758423    79.85791407 -1048.17862633    -3.79319781   -45.39154834   -32.90526896	 16.21099565   3.90629442 -26.70896963  -0.36001678   0.93783709   0.45049662	192.19118374	0	0.00000000	0.00000000	0.00000000	0.29186675 0.07266385 0.02167039	 0.06883150 -0.22855129 -0.15419828	 -45.18741908   41.35668639    2.44122732 -115.77182846    5.28837414    2.31131211    9.97163813    2.41408661  -80.70083815    0.26628849   -5.58557519    1.13532959	 0.00803806  0.00530757 -0.25124300  0.59010696 -0.38920918  0.02179019 -0.00530144 -0.02456670 -0.21343805  0.64429480 -0.40537736 -0.00002301	
0.00400000	0.62510550	0.00131529	  -64.29138947    85.71977997 -1028.23718262     0.65467870    -7.88247061   -29.04994774	19.77949142  4.50433779 -7.09777164  0.32239479 -0.75805503  0.62969941	  -29.31646030    89.61139889 -1050.71907578    -3.87283696   -44.36995928   -32.80286670	 17.50871006   4.97631885 -28.86507975  -0.16776521   0.39640131   0.49820079	192.00005912	0	0.00000000	0.00000000	0.00000000	0.28572449 0.07380318 0.01649249	 0.06883150 -0.22855129 -0.15419828	 -47.10106049   40.03428934    0.50484324 -115.01710522    6.22207873    1.13775355    7.85302367    2.18214059  -80.34791403   -2.62084047   -4.86628258    0.92689235	 0.00816845  0.00479369 -0.24815969  0.58795172 -0.38987648  0.02221204 -0.00446891 -0.02458204 -0.21558562  0.65000123 -0.40564579 -0.00012272	
0.00398400	0.62878126	0.00121113	  -61.98445892    78.76403809 -1026.43664551     0.14974466    -7.13588572   -27.06138992	17.19348526 -2.57216239 -2.38050938 -0.07873680 -1.04079473  0.13781589	  -13.90500620    92.12428876 -1050.35623846    -3.95458016   -43.10864826   -31.58203856	 18.89514817   1.50535782 -27.06039188   0.01151839  -0.08305114   0.36526763	191.61736121	0	0.00000000	0.00000000	0.00000000	0.28367894 0.06258372 0.01642913	 0.04587973 -0.25050396 -0.08261216	 -46.02563947   39.66840545   -1.57583403 -113.87114853    6.02365559   -0.57003856    7.15826198    1.35944169  -79.87715706   -6.10735898   -3.37582429    0.68820501	 0.00830650  0.00412641 -0.24507639  0.58596522 -0.39045173  0.02243446 -0.00369922 -0.02455903 -0.21819338  0.65529346 -0.40593725 -0.00014573	
0.00400000	0.63235021	0.00106939	  -66.91667175    64.32189178 -1006.99462891    -0.85333407    -5.35750294   -25.54752350	11.93263054 -6.29838467 -2.25774217 -0.30986932 -0.23833115 -0.01580315	  -12.01961163    82.34988358 -1041.88210705    -4.05409362   -41.54583148   -29.39523081	 14.34923413  -4.18596879 -25.85176584   0.08335598  -0.03899463   0.29160468	190.64115750	0	0.00000000	0.00000000	0.00000000	0.28345080 0.04839028 0.01807351	 0.00204305 -0.22241998  0.04982153	 -43.54946458   38.28478858   -4.37248312 -114.06944930    2.70174529   -0.54248645    7.47665172    0.61924449  -80.14130585  -10.27518178   -2.33847856   -0.02730484	 0.00843689  0.00336709 -0.24201609  0.58414745 -0.39091191  0.02247281 -0.00295310 -0.02445932 -0.22123066  0.66087711 -0.40622103 -0.00010738	
0.00400000	0.63576156	0.00099875	 -72.33367920   47.24469757 -990.06787109   -1.76520276   -3.76143336  -25.11793518	21.79473305 -0.12000052 -0.01049300  0.00377163 -1.86147475  0.35636395	  -18.36482709    66.33824905 -1028.40325413    -3.99397645   -39.95722402   -27.89250271	 17.30757574  -4.40976114 -25.13710969   0.10676176  -0.23208816   0.25542530	189.44648582	0	0.00000000	0.00000000	0.00000000	0.28386036 0.03712999 0.02375258	 0.00204305 -0.22241998  0.04982153	 -37.80071840   38.49100073   -5.74299053 -113.21975075    0.14906076   -1.56758688    8.98037179   -1.00041311  -79.59172143  -14.66448165   -0.51724944   -0.50688851	 0.00856728  0.00255408 -0.23897882  0.58244473 -0.39123404  0.02236544 -0.00225409 -0.02429058 -0.22464377  0.66641480 -0.40646648 -0.00000767	
0.00398400	0.63908553	0.00089588	 -74.78909302   38.04429245 -970.44366455   -2.29614830   -2.42211795  -24.62592506	 15.38953876   1.38095367 -12.52361679   0.07718978  -0.39776704   0.00056889	  -23.82664323    52.21837609 -1010.45928177    -3.86869464   -38.30133486   -26.92904074	 21.18711288  -2.40445553 -26.16877162   0.09274039  -0.14024163   0.18057653	190.08268343	0	0.00000000	0.00000000	0.00000000	0.27592112 0.04186217 0.02628601	 0.01786601 -0.17035995  0.03665542	 -37.24127801   37.87007849   -6.90252463 -112.69877985   -3.18775410   -0.84798368    8.89698331   -1.71006874  -77.81863431  -18.42772821    0.65171683   -0.71882326	 0.00871301  0.00168738 -0.23599522  0.58076501 -0.39152551  0.02219670 -0.00155509 -0.02412184 -0.22840202  0.67169172 -0.40664288  0.00008437	
0.00399200	0.64229965	0.00087356	 -71.49539948   34.64910889 -960.74676514   -2.75773358   -1.14008248  -23.09327507	27.42558861  1.07621109 -9.36372185  0.05776258 -1.61232805  0.17586251	 -23.26870519   42.63166233 -993.93954676   -3.95137401  -36.28710537  -25.62972935	 20.80281312  -0.69032408 -33.77629322   0.03604709  -0.17127570   0.22172362	189.69686850	0	0.00000000	0.00000000	0.00000000	0.26602729 0.04907112 0.02647343	 0.06929219 -0.15564105 -0.01273882	 -35.82926068   38.06058476   -8.88042281 -111.50401689   -4.26378379   -1.72904811    9.02326448   -2.85416131  -76.43009248  -21.90515641    1.83064095   -0.50026170	 0.00888942  0.00077466 -0.23313434  0.57903159 -0.39184764  0.02203563 -0.00087179 -0.02400680 -0.23245174  0.67683053 -0.40675792  0.00011505	
0.00400800	0.64549780	0.00080058	 -63.50747299   44.39412308 -950.26086426   -2.73530364   -1.38053679  -21.27674103	32.02235031 -0.27352852 -6.99406624 -0.01392999 -2.10828638  0.04317474	 -19.06299523   44.46073782 -982.09194526   -4.37711146  -35.00875292  -24.12045774	 29.41538508  -0.52115571 -32.54584443   0.00073336  -0.53783005   0.07800913	189.74752937	0	0.00000000	0.00000000	0.00000000	0.25873709 0.05153192 0.02620318	 0.06929219 -0.15564105 -0.01273882	 -37.60103015   38.59865318  -10.66515286 -111.18545776   -6.05299407   -1.17663368    8.29340288   -3.33329831  -74.12425553  -24.77424190    2.37255160   -0.30716424	 0.00908116 -0.00016874 -0.23044989  0.57723683 -0.39227715  0.02191291 -0.00018064 -0.02396845 -0.23670086  0.68183899 -0.40680394  0.00011505	
0.00398400	0.64860153	0.00083302	 -58.36950302   55.86385345 -952.74005127   -2.52526021   -1.48826826  -20.92987823	 21.52515602  -4.86580992 -11.13225555  -0.28964362  -0.71904409  -0.02068071	 -12.99670597   53.03543161 -977.27581908   -4.98470231  -34.50821246  -23.25611427	 25.14594355  -3.77981166 -34.19887216   0.05836881  -0.21931989   0.11660280	189.95340510	0	0.00000000	0.00000000	0.00000000	0.25174425 0.04819238 0.02985016	 0.07662711 -0.09762136  0.03706652	 -36.46043372   40.65385039  -11.91376902 -110.93618326   -6.47286196   -2.49507224    7.78263652   -4.20724780  -71.30737321  -27.17471537    2.76292759   -0.05669593	 0.00930359 -0.00107379 -0.22791114  0.57536536 -0.39276803  0.02182854  0.00051836 -0.02399912 -0.24106503  0.68668634 -0.40677327  0.00009971	
0.00399200	0.65174580	0.00079947	 -56.97641373   60.70949173 -948.09375000   -2.50686336   -1.87730598  -20.27608871	21.66698074 -0.78029722 -3.94461846  0.01142891 -1.30265713  0.13526475	  -9.13311156   59.96090142 -972.76156053   -5.40579107  -34.38296933  -22.77871632	 21.92334224  -1.22415218 -31.53455682  -0.01342968  -0.18155590   0.03443633	190.15365963	0	0.00000000	0.00000000	0.00000000	0.24621333 0.04418096 0.03660556	 0.06654028 -0.07060565  0.05408284	 -34.81711800   42.45459129  -12.92048786 -111.71889875   -8.50622074   -1.41949263    8.44275442   -3.94347829  -69.52232376  -29.31675557    2.86105042   -0.12419105	 0.00953369 -0.00190214 -0.22558717  0.57340193 -0.39333561  0.02175184  0.00120951 -0.02412951 -0.24548289  0.69140333 -0.40666589  0.00009204	
0.00400000	0.65485716	0.00086095	 -59.64526749   62.41880417 -945.23931885   -3.01967287   -2.96297789  -19.17044830	18.92097473  1.72647429 -0.45556763  0.15552144 -1.13392496  0.00172896	  -9.49029109   63.70568195 -970.94443613   -6.01676583  -35.15867411  -22.02696818	 21.20361890  -0.26167750 -24.97868056   0.06154321  -0.23335880   0.04357315	189.95070469	0	0.00000000	0.00000000	0.00000000	0.23896540 0.04135060 0.04295650	 0.06654028 -0.07060565  0.05408284	 -32.61354377   44.41012629  -13.14861524 -111.80572787   -8.68606024   -1.87403078    8.64130322   -4.20466433  -66.96415587  -29.91018000    2.98598653   -0.16855377	 0.00973311 -0.00261544 -0.22347027  0.57147676 -0.39400288  0.02165213  0.00190852 -0.02431359 -0.24991609  0.69590557 -0.40652785  0.00009204	
0.00400000	0.65803689	0.00085829	 -63.20050049   63.83272171 -953.29125977   -3.79514456   -4.60095882  -17.45597458	13.22642517  1.90225363 -4.46434641  0.07974841 -0.39400125  0.31976685	 -11.48206144   65.47420941 -974.61701845   -6.82246112  -36.82712962  -20.64879070	 15.84281352   0.79243414 -27.04650378   0.01204400  -0.02195214   0.17449133	190.37565829	0	0.00000000	0.00000000	0.00000000	0.22728755 0.04609922 0.04546148	 0.13425266  0.03311517 -0.00851710	 -31.35825205   46.38285462  -13.26213644 -113.06581878   -9.91678913   -0.44881359    8.78908581   -3.61402128  -64.88475390  -30.77990361    2.78964925   -0.17904619	 0.00987116 -0.00324437 -0.22155280  0.56938285 -0.39474687  0.02156777  0.00259181 -0.02454369 -0.25447968  0.70013934 -0.40635142  0.00009204	
0.00398400	0.66120476	0.00090840	 -66.93976593   71.99833679 -976.74945068   -4.55540037   -7.61996984  -15.17931557	21.84682465  2.66304517 -5.74307728  0.23401767 -1.57370615  0.46675193	 -12.28124676   70.02238278 -989.95556501   -7.88070681  -39.62644204  -19.06653048	 19.83355811   1.83067871 -27.68327500   0.03385971  -0.32963824   0.28235558	189.68209781	0	0.00000000	0.00000000	0.00000000	0.21540951 0.04995347 0.04384853	 0.18889505  0.04079869 -0.00159490	 -31.84395244   47.76346179  -13.57936960 -112.65415122   -9.59990211   -0.74125157    7.52321844   -3.29922173  -61.59657619  -31.00308958    2.92967033   -0.18383221	 0.00997087 -0.00380427 -0.21975037  0.56728131 -0.39559054  0.02149107  0.00327511 -0.02484281 -0.25931939  0.70406634 -0.40616736  0.00009204	
0.00400800	0.66444165	0.00090127	 -76.81841278   81.21998596 -996.19726562   -5.05445957   -9.28575706  -13.17579079	 15.96298790  -1.30260909 -10.01755142  -0.06899863  -0.46565187   0.35340238	  -16.08357248    76.97764198 -1007.42506533    -9.01451643   -42.58720476   -17.50291510	 18.32357698   2.11812532 -31.62540824   0.00114501  -0.36823183   0.22587491	189.24647297	0	0.00000000	0.00000000	0.00000000	0.20358423 0.04521155 0.04145348	 0.18889505  0.04079869 -0.00159490	 -30.71595282   49.11537408  -13.32855024 -112.83071279  -10.02061299   -0.07508082    6.89716905   -2.69346898  -59.01645361  -31.16483015    2.76173895   -0.18659338	 0.01000922 -0.00434116 -0.21814737  0.56524110 -0.39651862  0.02146806  0.00392699 -0.02518029 -0.26449659  0.70771724 -0.40595260  0.00009204	
0.00399200	0.66766173	0.00093815	  -76.83637238    87.29269409 -1002.28076172    -5.14058399   -11.77062130   -11.77745438	16.98267746 -1.08224154 -9.54556179 -0.02412359 -0.79474217  0.17437367	  -19.95518431    86.50623368 -1021.10384569    -9.93440835   -44.98392707   -16.17599463	 14.84864216  -0.77920556 -33.40088120   0.06397109  -0.30325512   0.25100637	190.02614796	0	0.00000000	0.00000000	0.00000000	0.19856416 0.03424569 0.04346729	0.14314971 0.06863482 0.08234141	 -29.46660303   50.09834955  -13.85720485 -113.38293680  -10.42572298   -1.07722547    5.71561189   -2.81222207  -55.54981418  -31.06957864    2.84881803   -0.18825008	 0.00999388 -0.00486272 -0.21648300  0.56327760 -0.39749268  0.02146806  0.00454745 -0.02554077 -0.27000359  0.71101528 -0.40571481  0.00009204	
0.00398400	0.67091835	0.00094364	  -77.07701874    83.49558258 -1008.64196777    -5.36696053   -14.00112820   -10.46366882	19.68044662 -1.70563185 -4.15601778 -0.07924079 -1.22764802  0.06070088	  -19.45800541    89.92978797 -1031.27025557   -10.42364555   -48.01132047   -14.81966315	 17.78867671  -0.48155224 -29.53930944   0.00692943  -0.43111843   0.15347974	190.11014370	0	0.00000000	0.00000000	0.00000000	0.19587258 0.02345143 0.04669916	0.09831276 0.09028940 0.11546265	 -24.31133602   51.29362910  -13.62691625 -113.10205524  -13.13881007   -0.69872379    5.73552455   -3.08635051  -52.50298716  -31.31829723    3.35274603   -0.18953862	 0.00994786 -0.00534592 -0.21486464  0.56142151 -0.39845142  0.02150641  0.00516006 -0.02593961 -0.27544922  0.71396822 -0.40546173  0.00009204	
0.00400800	0.67419446	0.00107433	  -82.21875000    89.07625580 -1001.56750488    -5.73017931   -16.30967903    -9.46633816	13.89436531 -2.62886357 -4.76462603  0.04321798 -0.43824849  0.11452919	  -20.20506017    89.52326359 -1029.86696841   -10.81348968   -50.37023063   -13.67769357	 16.45175848  -1.38967027 -28.60202883   0.05649507  -0.23285299   0.11426620	190.16925961	0	0.00000000	0.00000000	0.00000000	0.19597847 0.01759761 0.04980355	0.09831276 0.09028940 0.11546265	 -21.43244673   51.97083502  -14.23819287 -112.53405658  -13.28314471   -2.34522916    4.64235732   -3.44698929  -47.86032789  -30.68221480    4.38678011   -0.19045901	 0.00992485 -0.00579845 -0.21328464  0.55974180 -0.39941785  0.02153709  0.00569414 -0.02633077 -0.28139338  0.71654528 -0.40520093  0.00009204	
0.00397600	0.67759794	0.00113834	 -92.09998322   91.71522522 -992.93884277   -5.77612209  -17.99514580   -9.13196373	18.41732407 -1.65585589 -2.69702220  0.01826178 -1.05630338  0.03076371	  -26.36650269    91.51040238 -1024.66817437   -11.21631875   -52.63930650   -12.97887621	 15.38571622  -2.04138667 -25.73358759   0.07344387  -0.23383668   0.20845070	190.35100600	0	0.00000000	0.00000000	0.00000000	0.19344582 0.01828853 0.05274643	0.11354559 0.13783609 0.08739585	 -18.73346972   53.06785739  -14.92099120 -112.24435961  -16.03759430   -2.03517544    3.72166206   -3.63136424  -43.49973908  -29.66604208    5.61293522   -0.19119532	 0.00995553 -0.00624330 -0.21177368  0.55820781 -0.40038425  0.02156010  0.00624391 -0.02663757 -0.28732222  0.71876955 -0.40494785  0.00009204	
0.00400000	0.68108600	0.00135738	-104.73778534   93.64669800 -980.91534424   -5.69183016  -19.44572258   -9.44764519	16.08170319 -0.32357115 -4.09599638  0.00101771 -0.94169086  0.16511343	  -38.93763653    94.76574196 -1015.50927698   -11.40550291   -54.96298041   -12.97574319	 16.57899441  -1.95874550 -26.46178654   0.12022883  -0.32561439   0.13562070	190.48872972	0	0.00000000	0.00000000	0.00000000	0.19049217 0.02047946 0.05530322	0.13528278 0.17012487 0.02785844	 -18.43599902   53.58708717  -16.22081118 -111.51422451  -16.55295105   -3.40327774    2.08596969   -3.60235949  -38.14301863  -28.40022189    6.69204408   -0.19156347	 0.01001689 -0.00675718 -0.21036240  0.55679655 -0.40134299  0.02156777  0.00676228 -0.02692136 -0.29315901  0.72066402 -0.40467939  0.00009204	
0.00400000	0.68481743	0.00151639	-114.07696533   95.96185303 -963.27160645   -5.49577188  -20.55006218   -9.05985737	13.28396797 -0.58685684 -8.23995018  0.01091742 -0.62314659  0.04272103	  -49.45878161    97.19035858 -1002.60303637   -11.47436987   -56.61675458   -13.01168244	 14.96848803  -1.06340357 -29.27940331   0.06314161  -0.23793460   0.09652826	190.55176303	0	0.00000000	0.00000000	0.00000000	0.18569764 0.02181929 0.05985121	0.13528278 0.17012487 0.02785844	 -18.98717209   55.34947878  -17.70084561 -111.62356361  -19.05741282   -2.87976678    0.63901089   -3.48956714  -33.72653250  -26.68048239    7.67310910   -0.19211571	 0.01009359 -0.00727874 -0.20907387  0.55552334 -0.40233240  0.02155242  0.00722566 -0.02716679 -0.29884240  0.72224402 -0.40437260  0.00009204	
0.00399200	0.68872118	0.00176319	-113.14067078   99.76021576 -945.42901611   -5.25828600  -21.51045799   -8.40678883	14.00028324 -2.34291959 -5.58729553 -0.05316072 -0.90156615  0.08764966	 -55.43325492  100.08210757 -987.29237993  -11.48860086  -57.48813714  -12.64203050	 14.59142694  -1.57584562 -28.88248688   0.07499573  -0.31737257   0.08364100	190.70401034	0	0.00000000	0.00000000	0.00000000	0.18333698 0.01909718 0.05843477	 0.13698337  0.16528865 -0.00111558	 -17.74157762   56.63746776  -19.61024874 -113.03254264  -21.03119265   -3.36167033    0.20877499   -3.27470531  -29.92358106  -24.65631502    8.60941941   -0.19248386	 0.01017029 -0.00784631 -0.20793872  0.55431920 -0.40331414  0.02147573  0.00764192 -0.02738155 -0.30435705  0.72347122 -0.40401211  0.00009204	
0.00400000	0.69290364	0.00193053	-103.40838623  103.34058380 -924.69781494   -5.07182741  -23.44394112   -8.09561729	11.14505386 -2.34429026 -6.31759882 -0.10861272 -0.51490867  0.02346156	 -52.21573094  103.75691299 -967.23860210  -11.51541226  -58.13356955  -12.25258930	 12.24210876  -2.41379941 -29.34982930   0.04720678  -0.36584693   0.07685127	190.67118121	0	0.00000000	0.00000000	0.00000000	0.18214036 0.01361006 0.05660721	0.12027872 0.15853478 0.02048529	 -17.24778962   59.25562834  -20.27461818 -113.20591035  -23.46366711   -2.41618827   -0.26269967   -3.08266073  -25.58941489  -22.15880109    9.59752705   -0.19285202	 0.01025466 -0.00843689 -0.20699532  0.55314571 -0.40433425  0.02135301  0.00801106 -0.02755029 -0.30972600  0.72449130 -0.40362093  0.00009204	
0.00399200	0.69726771	0.00222097	 -98.18878174  105.16722107 -907.21319580   -5.07825518  -25.40172195   -7.44995213	10.49757099 -1.60264289 -4.40757656 -0.03841708 -0.59083748  0.17015824	 -45.74339644  105.12982259 -948.14001416  -11.54457642  -58.96070848  -11.83269948	 11.58207720  -2.10162357 -27.61468901   0.03418830  -0.22178330   0.17387351	190.65946979	0	0.00000000	0.00000000	0.00000000	0.18110603 0.00458664 0.05639606	0.12027872 0.15853478 0.02048529	 -14.64228823   60.93432995  -21.12207232 -114.58627021  -25.62458685   -3.22935940    0.23783113   -3.36415156  -21.32377511  -19.17186767   10.30713285   -0.19303610	 0.01033903 -0.00901214 -0.20627436  0.55198753 -0.40531600  0.02119194  0.00831736 -0.02765767 -0.31493387  0.72524297 -0.40316075  0.00009204	
0.00400000	0.70195895	0.00243587	 -98.19764709  104.48715210 -897.64929199   -5.07206535  -26.25255966   -6.62754345	11.96010303  2.88613248 -4.88483047  0.18434528 -0.76636976  0.15731859	 -42.04531463  106.06566300 -934.19322783  -11.60944920  -59.74162268  -11.14584704	 11.11292009   0.10372505 -27.85170962   0.03623684  -0.39622600   0.15424968	190.58468826	0	0.00000000	0.00000000	0.00000000	 0.17976320 -0.00435272  0.05618167	0.12027872 0.15853478 0.02048529	 -13.58433024   63.69521540  -21.71809773 -116.41027677  -27.72963475   -3.18271853    0.50700600   -3.81272125  -17.58204149  -16.37685730   10.55857694   -0.19322017	 0.01043107 -0.00957971 -0.20569144  0.55085236 -0.40640512  0.02096951  0.00852942 -0.02770369 -0.32005736  0.72573382 -0.40262386  0.00009204	
0.00398400	0.70688015	0.00275894	 -95.23525238  107.08777618 -892.29766846   -5.12391949  -27.86289024   -6.09246206	 4.42759752 -0.33415756 -5.46128130  0.07736883 -0.18217292  0.16559993	 -40.16236339  108.08197532 -924.75660445  -11.78891656  -60.78379033  -10.54253725	  6.72014913  -0.91155785 -28.30248344   0.08865786  -0.39906425   0.20501212	190.54746880	0	0.00000000	0.00000000	0.00000000	 0.17888070 -0.01254612  0.05587458	0.13198324 0.18241464 0.03401065	 -11.98829610   65.15156767  -22.84347095 -118.06328013  -30.11622753   -4.08675570    0.96740841   -4.25035536  -13.28138414  -13.47184991   10.82045706   -0.19340425	 0.01053845 -0.01011660 -0.20524658  0.54975557 -0.40750960  0.02068573  0.00866294 -0.02771136 -0.32513484  0.72596395 -0.40199491  0.00009204	
0.00400000	0.71216935	0.00303309	 -89.85183716  109.04810333 -891.16284180   -5.28326416  -29.32035446   -5.57970667	 2.09755325 -0.94693160 -6.24171066 -0.06100158 -0.25204650  0.17380039	 -35.58918324  109.42130509 -919.99703997  -12.02365473  -61.93172832  -10.03138872	  3.86100763  -0.72061874 -28.31136015   0.02547531  -0.52721387   0.19701607	190.07651833	0	0.00000000	0.00000000	0.00000000	 0.18028656 -0.01862148  0.05317627	0.13495361 0.18649259 0.03530426	 -10.74751935   66.95367568  -23.00765925 -119.88470331  -32.08068744   -3.98550539    1.79678317   -4.73888431   -9.19424427  -10.49540272   10.80708348   -0.19358833	 0.01066883 -0.01056146 -0.20485543  0.54869711 -0.40866005  0.02032524  0.00873363 -0.02771136 -0.33012792  0.72597927 -0.40128928  0.00009204	
0.00399200	0.71775877	0.00336161	 -85.40071106  109.26145172 -895.70318604   -5.73081446  -31.35444260   -4.53562737	-3.27036262 -1.70516479 -6.83725786 -0.11249039  1.19901764  0.17341053	 -30.21498112  109.89417857 -920.41655558  -12.41336222  -63.53623346   -9.22636903	 -0.77554123  -1.42182026 -28.49149605   0.02156349  -0.04755544   0.17444321	189.57206877	0	0.00000000	0.00000000	0.00000000	 0.18194014 -0.02611155  0.04919097	0.12520015 0.17493597 0.04023265	  -9.61755653   68.05681071  -23.68529595 -121.09491733  -33.68624426   -4.26693328    2.57856387   -4.98205202   -4.92045327   -7.55546432   10.91009915   -0.19377241	 0.01081456 -0.01091427 -0.20444125  0.54767704 -0.40985656  0.01988806  0.00875719 -0.02771136 -0.33512872  0.72577220 -0.40053764  0.00009204	
0.00398400	0.72370887	0.00364262	 -80.00626373  106.57926178 -903.39465332   -6.46840715  -33.77228165   -2.87058759	 3.71616960  3.59646702 -2.44994259  0.24883187 -0.61237651  0.31861702	 -22.45505299  109.22075160 -924.68029733  -12.93535015  -65.29120082   -7.94614328	  0.17753694   1.16764095 -27.71808122  -0.00333725  -0.32414168   0.20995607	189.34707004	0	0.00000000	0.00000000	0.00000000	 0.18392275 -0.03452837  0.04644744	0.09074303 0.19584843 0.05629136	  -8.85837125   69.28083823  -23.42141114 -121.50219170  -34.79380221   -3.46908969    3.50152229   -5.21370733   -0.86209771   -4.74524125   11.29477667   -0.19395648	 0.01098330 -0.01116738 -0.20396571  0.54674900 -0.41107610  0.01937417  0.00875719 -0.02775738 -0.34006813  0.72540402 -0.39977831  0.00009204	
0.00400800	0.72998464	0.00398077	 -81.16244507  105.74209595 -910.39837646   -6.84278202  -34.98318481   -2.12312603	0.14153266 0.98382521 1.39996564 0.13361792 0.25781104 0.11878736	 -19.98637849  107.38260151 -931.32280947  -13.41663476  -67.11449247   -6.85060192	  0.98317248   1.73907854 -23.27284433   0.02515307  -0.37335357   0.17625046	189.09586961	0	0.00000000	0.00000000	0.00000000	 0.18570893 -0.04337222  0.04435642	0.09074303 0.19584843 0.05629136	  -7.64349009   69.75906838  -23.73428660 -121.39868633  -35.26851709   -2.68701941    4.42246644   -5.04587727    2.60073479   -2.25332270   11.63348924   -0.19414056	 0.01115204 -0.01129777 -0.20342882  0.54603571 -0.41230327  0.01881427  0.00874933 -0.02785709 -0.34487715  0.72479808 -0.39896530  0.00009204	
0.00398400	0.73662287	0.00421076	 -96.69264221  108.28067017 -920.14099121   -7.25605869  -36.03047562   -1.28087926	-3.26138282 -3.06580067 -3.26729965 -0.07992987  0.61155641  0.11425868	 -25.32555706  106.91578622 -940.21706524  -13.70378520  -69.07946430   -5.99191447	 -4.77344847  -1.28381553 -24.99991340   0.05994254  -0.01349713   0.25196788	189.33880267	0	0.00000000	0.00000000	0.00000000	 0.18656259 -0.05030869  0.04373273	0.06683269 0.22188572 0.05428715	  -6.93353159   69.89024688  -24.36389956 -122.16955663  -35.85530940   -1.56439437    5.13231678   -4.86382023    5.55302227   -0.28542568   12.04073218   -0.16959688	 0.01130544 -0.01131311 -0.20283057  0.54542977 -0.41352278  0.01827738  0.00874933 -0.02798747 -0.34949443  0.72405410 -0.39810628  0.00008437	
0.00399200	0.74352121	0.00450030	-105.24677277  109.21689606 -926.75384521   -7.53082514  -36.45687103   -1.01757574	 1.01592875 -0.58678055 -1.17567801 -0.01337772 -0.51120740  0.19892213	 -36.04243331  108.09976762 -948.94890138  -14.17675373  -70.85704594   -5.44882216	 -0.77608726  -0.96338627 -22.69201941   0.03571797  -0.44429278   0.19420675	188.80019536	0	0.00000000	0.00000000	0.00000000	 0.18738339 -0.05480800  0.04213759	0.10180626 0.24565806 0.02566115	  -5.97605779   70.25232964  -24.94178281 -121.46810539  -35.06348467   -1.46539536    5.60845805   -4.35269640    8.84848832    2.23175927   12.22994463   -0.16959688	 0.01142815 -0.01128243 -0.20217863  0.54499257 -0.41474998  0.01778650  0.00876504 -0.02812553 -0.35389698  0.72319508 -0.39720124  0.00008437	
0.00400000	0.75074577	0.00469434	-110.96279144  116.60628510 -936.80737305   -7.41396856  -36.64558792   -1.24040246	-3.63991737 -3.58039236 -5.21686459 -0.15108453  0.74441260  0.22103156	 -43.67421070  111.78015243 -958.14043696  -14.50770730  -72.07839150   -5.52640015	 -1.84979007  -2.16120682 -25.63615953   0.06106362  -0.34801454   0.26017245	189.10927403	0	0.00000000	0.00000000	0.00000000	 0.18678967 -0.05638129  0.03567390	0.10180626 0.24565806 0.02566115	  -6.03151234   70.23822521  -25.77354995 -121.60575410  -34.41657540   -0.91798249    5.64784664   -3.79108257   11.74001540    4.37214869   12.36138361   -0.16959688	 0.01152786 -0.01127476 -0.20155737  0.54469347 -0.41599250  0.01736466  0.00878860 -0.02822524 -0.35801572  0.72225171 -0.39623481  0.00008437	
0.00400000	0.75818598	0.00494245	-115.28326416  122.93516541 -936.83618164   -7.19326878  -36.38537598   -0.97241426	-1.01907563 -1.44655263  1.14561951 -0.07799561 -0.05140723  0.07130616	 -50.66814897  118.33525658 -962.40859237  -14.80321976  -72.63466548   -5.73399184	 -4.44649742  -2.87359139 -25.28036678   0.05882116  -0.25463306   0.20698838	188.96472612	0	0.00000000	0.00000000	0.00000000	 0.18867337 -0.06004729  0.02830885	 0.09512906  0.21288442 -0.00046208	  -4.87156889   70.97785673  -26.93327141 -121.79205285  -32.94682908   -1.25720120    5.75065765   -3.65382000   13.57650540    6.38152670   12.14982983   -0.16959688	 0.01162757 -0.01127476 -0.20091309  0.54450935 -0.41722736  0.01701184  0.00882787 -0.02824825 -0.36183530  0.72123927 -0.39521474  0.00008437	
0.00399200	0.76589751	0.00511826	-113.27015686  125.79145813 -936.12750244   -6.89563179  -36.23712540   -0.69853914	-4.89002943  2.30585742  0.29882655  0.16654238  0.60411984  0.30672011	 -52.45235271  123.59403016 -964.00170324  -14.88822293  -72.66983896   -5.61296721	 -3.10494283  -0.68071424 -23.69988738   0.03055084  -0.41221123   0.19471478	189.06858121	0	0.00000000	0.00000000	0.00000000	 0.19193599 -0.06532941  0.02074744	0.10270491 0.21238568 0.00752415	  -5.07772578   71.81423712  -26.90620881 -122.18050262  -31.75328283   -0.98522367    5.22953267   -3.50921746   16.02900613    8.33271369   11.64734106   -0.16959688	 0.01171961 -0.01127476 -0.20032251  0.54440969 -0.41847754  0.01670505  0.00887500 -0.02824058 -0.36513337  0.72019619 -0.39414862  0.00008437	
0.00398400	0.77380002	0.00537378	-109.79175568  125.22479248 -934.76605225   -6.70650291  -35.78799057   -0.61369103	-9.46308517 -0.03250052 -4.57266760  0.12057649  1.24295723  0.62301505	 -49.20963502  124.72023593 -963.38338480  -14.75398435  -72.18285663   -5.45943444	 -6.92322257   0.36503254 -25.69254815   0.05885801  -0.05431969   0.37753724	189.12580451	0	0.00000000	0.00000000	0.00000000	 0.19755354 -0.07469602  0.01505872	0.10270491 0.21238568 0.00752415	  -3.80551954   72.83276855  -27.20744304 -121.85811715  -29.73410115   -1.29543765    5.34349955   -3.43139551   17.70171909    9.94831360   11.30868228   -0.16959688	 0.01182699 -0.01127476 -0.19979328  0.54437131 -0.41971239  0.01642893  0.00893783 -0.02814854 -0.36835474  0.71912235 -0.39303648  0.00008437	
0.00400800	0.78199983	0.00549863	-107.96529388  122.61554718 -928.37359619   -6.48931551  -34.73767471    0.06209071	-2.65019488 -6.19024754  3.72798586 -0.25232163 -0.25447419 -0.23403327	 -46.22468783  123.33903166 -959.88999403  -14.48806592  -71.12674542   -4.98844650	 -4.90134606  -3.35257761 -23.65456920   0.10671485  -0.47067253   0.20212513	188.78474905	0	0.00000000	0.00000000	0.00000000	 0.20491199 -0.08239629  0.00865363	0.10999240 0.23376045 0.01310309	  -3.38073290   74.07013569  -27.39083009 -123.01170636  -28.42124244   -1.14297812    5.14921445   -3.97702901   19.04113327   10.99989627   10.89475018   -0.16959688	 0.01193437 -0.01127476 -0.19931775  0.54436368 -0.42092425  0.01616815  0.00901637 -0.02799514 -0.37126929  0.71804094 -0.39190134  0.00008437	
0.00398400	0.79032505	0.00564557	 -98.61495972  113.82736969 -929.89459229   -6.76582289  -33.01842499    1.51531863	-13.91492271  -7.13060141  -1.39183879  -0.35828015   1.06253707   0.12863110	 -41.86289460  119.71768131 -956.23552171  -14.18324056  -69.37694016   -3.86605741	 -7.34483611  -8.10264152 -22.77592305   0.10711392  -0.46463387   0.30993793	188.57597638	0	0.00000000	0.00000000	0.00000000	 0.21213129 -0.08847433  0.00377386	0.10256943 0.20747573 0.01183698	  -2.04020315   75.36849988  -27.14866567 -122.58989178  -26.30342314   -1.35733033    5.13077282   -4.32292095   20.00864613   12.35519058   10.54163245   -0.16959688	 0.01204175 -0.01127476 -0.19886523  0.54436368 -0.42210540  0.01593806  0.00912633 -0.02776505 -0.37386173  0.71695948 -0.39070481  0.00008437	
0.00400000	0.79882252	0.00571041	 -84.28845978  119.24671173 -930.38781738   -6.23569584  -32.00539780    2.53354883	-13.45735168   0.24012406   0.57826620   0.10277133   0.66608381   0.42710954	 -31.39035354  119.35116055 -954.58867608  -14.07743105  -67.49437609   -2.65173281	-10.64414766  -5.69108534 -25.60950097   0.11779645  -0.31325301   0.24100601	188.16410351	0	0.00000000	0.00000000	0.00000000	 0.21944553 -0.09491403 -0.00196224	0.12174484 0.17558291 0.01093333	  -1.72001139   76.49097047  -26.50617645 -122.84780060  -24.71927972   -1.39661775    4.91384198   -4.97138618   21.19601432   13.24466645    9.80473668   -0.16959688	 0.01211845 -0.01127476 -0.19837436  0.54436368 -0.42323288  0.01572330  0.00925984 -0.02745058 -0.37635443  0.71587032 -0.38948530  0.00008437	
0.00399200	0.80738759	0.00577279	 -72.77009583  120.84069061 -931.58312988   -5.85671520  -31.29642105    2.34674120	-14.70260525  -0.96575564  -3.79544830   0.00959500   0.69395179   0.51346511	 -18.27088363  120.81061939 -956.65462250  -13.82477145  -65.67464894   -2.33629156	-12.57299130  -1.39108207 -24.45286141   0.09496484  -0.52890897   0.31079363	187.98794022	0	0.00000000	0.00000000	0.00000000	 0.22945581 -0.10332774 -0.00857390	0.13731576 0.13607416 0.06721494	  -0.64253581   76.53230536  -26.15350500 -121.96698960  -23.01618741   -1.44244375    4.67705976   -5.51997260   21.94960988   13.63828919    9.28404326   -0.16959688	 0.01219514 -0.01127476 -0.19779912  0.54436368 -0.42430666  0.01552388  0.00940907 -0.02701340 -0.37871677  0.71471983 -0.38827348  0.00008437	
0.00399200	0.81602198	0.00575852	 -61.70866776  123.69987488 -940.47460938   -5.70209360  -28.58724976    3.27930164	-20.02330208 -14.22835827  -6.55716228  -0.80273950   1.44803035  -0.47651449	  -7.20454986  123.54304530 -962.12219726  -13.76943241  -63.36409283   -1.98828035	-17.48887552  -7.85144660 -26.41807444   0.17948962  -0.38772614   0.16290854	188.14319631	0	0.00000000	0.00000000	0.00000000	 0.23821867 -0.10993869 -0.01197355	0.09192939 0.07718151 0.06025116	   1.59752028   76.43811751  -25.29402607 -121.12851068  -21.66610713   -1.78822214    5.12143297   -6.44312556   22.63225816   13.22837924    8.70049901   -0.16959688	 0.01226417 -0.01127476 -0.19706281  0.54436368 -0.42529610  0.01531679  0.00958971 -0.02641514 -0.38103309  0.71347731 -0.38711530  0.00008437	
0.00399200	0.82464045	0.00575312	 -54.33413696  125.76226044 -946.40844727   -5.88483429  -26.90189552    4.60712433	-13.04186630 -13.02534389  -1.23645437  -0.79387313   0.34474960  -0.24286824	   1.65332100  125.49582185 -967.77742748  -13.97826616  -60.93301418   -0.93382469	-15.70734023 -12.35235680 -25.67273699   0.13691275  -0.67898855   0.18095047	188.32333729	0	0.00000000	0.00000000	0.00000000	 0.25273015 -0.11791888 -0.02190734	0.09192939 0.07718151 0.06025116	   2.26611607   75.30694031  -25.15960121 -119.28500736  -20.31090285   -1.98925923    4.68967782   -6.96407200   23.47760152   11.91040516    8.39687172   -0.23617164	 0.01231786 -0.01127476 -0.19614241  0.54436368 -0.42617047  0.01509437  0.00980177 -0.02564815 -0.38334173  0.71211976 -0.38591880  0.00009971	
0.00400800	0.83326191	0.00568657	 -49.60566711  127.27040100 -957.02856445   -5.62798452  -23.35549736    5.97473574	-22.95417976  -3.69884706  -5.96247768  -0.09868053   1.55691755   0.65329981	   6.96009754  127.62963375 -977.02486370  -14.02718093  -58.32320767    0.29229895	-17.06370413  -8.04540689 -27.41924210   0.18097367  -0.75957470   0.40618101	188.19661809	0	0.00000000	0.00000000	0.00000000	 0.26385706 -0.12602207 -0.02500150	0.11000751 0.04110000 0.09427656	   2.94274544   73.48161240  -25.18667265 -117.49877567  -18.79653584   -2.12483612    4.66522096   -7.57147201   23.83172122    9.96314771    8.22141536   -0.46111454	 0.01236388 -0.01127476 -0.19493824  0.54436368 -0.42701414  0.01484126  0.00999812 -0.02475077 -0.38571939  0.71063948 -0.38472998  0.00012272	
0.00397600	0.84179157	0.00563173	 -44.15026093  124.43331909 -967.70654297   -5.64203262  -20.37327194    6.92908859	-20.56500435  -1.32299125  -0.99944103   0.03393798   1.28948498   0.40814975	  12.40901538  129.04554358 -985.90363746  -14.02530329  -55.30345623    1.28276127	-21.15622650  -3.60693115 -27.70953468   0.14324288  -0.55016544   0.47282768	188.02228767	0	0.00000000	0.00000000	0.00000000	 0.27637244 -0.13452857 -0.02692239	0.09067865 0.01988985 0.12795218	   4.19540482   70.66241459  -25.26600804 -114.18001877  -17.02927714   -2.03284170    4.95888305   -8.23797150   23.99514589    7.16780869    7.94596931   -0.39969393	 0.01240990 -0.01127476 -0.19342726  0.54437131 -0.42781180  0.01452679  0.01016305 -0.02376903 -0.38818911  0.70899045 -0.38356414  0.00013039	
0.00400000	0.85027361	0.00549913	 -40.33494949  123.04648590 -973.58538818   -5.48428535  -17.19797516    7.76664495	-17.71276093  -4.24374056   0.47129911  -0.17684446   0.61665201   0.20457560	  17.14952475  126.81077606 -993.40012849  -13.93921296  -51.94248643    2.37600651	-18.97938159  -3.10227885 -24.09582340   0.10629056  -0.75513770   0.42793830	187.68804510	0	0.00000000	0.00000000	0.00000000	 0.29205812 -0.13890986 -0.02343769	0.09067865 0.01988985 0.12795218	   5.35192655   67.70828416  -25.69692076 -110.88810627  -15.25792465   -1.87992224    5.76677247   -8.90390986   23.59891531    3.85746010    7.93223231   -0.34796811	 0.01243291 -0.01127476 -0.19158649  0.54438668 -0.42854813  0.01415864  0.01028871 -0.02274893 -0.39078918  0.70712662 -0.38243666  0.00013039	
0.00399200	0.85860384	0.00538565	 -36.41027069  115.33553314 -982.02655029   -5.60840416  -12.48186302    9.21026611	-16.94013405  -6.81103992  -3.42455792  -0.37131485   1.48331249  -0.09956234	  19.78706901  122.27258056 -999.36712305  -13.66380152  -48.05689083    3.75087612	-18.58924147  -4.91080215 -25.68584943   0.04831067  -0.51653168   0.12853352	186.59331885	0	0.00000000	0.00000000	0.00000000	 0.30655186 -0.14400536 -0.02169166	0.08255535 0.03455146 0.15226748	   5.30391531   63.66374473  -26.51696246 -106.28955358  -13.24026921   -1.51367127    6.29464494   -8.86965151   23.36403157   -0.20063085    7.83921714   -0.33673937	 0.01244825 -0.01128243 -0.18943125  0.54440200 -0.42927676  0.01374447  0.01041438 -0.02176718 -0.39346600  0.70503277 -0.38133222  0.00013039	
0.00399200	0.86680800	0.00519198	 -36.52559662  109.37848663 -985.58380127   -5.71146584   -8.86799145   10.00164890	-7.06948566 -0.21833515 -4.89843464  0.03123361  0.20779642  0.05395374	   21.29524297   115.76763787 -1005.09027113   -13.40423316   -44.19581091     5.00029396	-13.18417927  -4.28827552 -26.82339968   0.09649120  -0.52203876   0.12738429	184.88964366	0	0.00000000	0.00000000	0.00000000	 0.32081092 -0.14810900 -0.01955634	0.07343985 0.02546821 0.14017100	   6.11266478   60.36218806  -27.39986880 -101.64084027  -10.49419260   -1.16645976    7.06481436   -8.69591269   22.66300480   -4.20544500    7.79900249   -0.33176927	 0.01244825 -0.01129777 -0.18695387  0.54443270 -0.43000540  0.01331495  0.01057931 -0.02086980 -0.39622715  0.70286220 -0.38025075  0.00013039	
0.00400000	0.87480128	0.00499600	 -39.26223373  104.48986053 -986.21832275   -5.68235445   -5.77317905   10.40150738	-8.83412075  1.34558964 -5.15665960  0.14715602  0.27562219  0.17473233	   18.01750661   109.40567127 -1008.56833398   -13.10725999   -40.78648525     5.95287116	 -8.28297048  -0.36727735 -27.65070006   0.04517059  -0.75936113   0.12025070	183.35000071	0	0.00000000	0.00000000	0.00000000	 0.33280697 -0.15166232 -0.01893794	0.07343985 0.02546821 0.14017100	  5.17777572  56.26610504 -28.31071902 -96.04059556  -7.29397794  -0.66640365   7.17704708  -7.56827896  22.25259151  -8.71970711   7.26610948  -0.32900811	 0.01242524 -0.01132845 -0.18420038  0.54447103 -0.43075705  0.01290845  0.01079137 -0.02010281 -0.39895764  0.70035410 -0.37919229  0.00013039	
0.00400800	0.88258123	0.00475135	 -54.70817184   95.10459900 -984.36474609   -5.58984423   -1.51626110   10.56229305	-6.93782949  0.31547230 -9.14046764  0.02731878  0.81054860  0.10735022	    6.19616031   100.99197376 -1008.84496856   -12.53774805   -37.26184382     6.66149152	 -6.76664990  -0.05652382 -31.44398084   0.02724131  -0.46198048   0.09371788	183.44837575	0	0.00000000	0.00000000	0.00000000	 0.34222291 -0.15550416 -0.02164235	 0.05862650 -0.02405647  0.14663273	  5.40335362  53.09298764 -29.27518537 -90.37729450  -2.69578590  -0.21648772   7.50857836  -6.09317209  20.85168135 -12.85690610   6.55487005  -0.29286756	 0.01238689 -0.01135913 -0.18125513  0.54450172 -0.43155473  0.01254796  0.01105840 -0.01947388 -0.40154240  0.69766968 -0.37811086  0.00012272	
0.00399200	0.89008033	0.00451286	 -69.06779480   88.05558777 -968.97857666   -5.03986168    3.10456777   10.08201790	-6.69495249 -6.05680752 -2.68580842 -0.10233754  0.03784544  0.04105702	   -8.75984128    93.59800562 -1001.28611949   -11.74436630   -33.61890328     6.87896877	 -3.64673863  -2.72503148 -27.84485841   0.08616881  -0.56270927   0.15459961	183.89741758	0	0.00000000	0.00000000	0.00000000	 0.35061832 -0.15887931 -0.02457270	 0.05038814 -0.05120081  0.12498658	  5.65869274  49.50945572 -30.08949052 -84.29703330   1.94686792  -0.23309510   7.70620300  -4.12678715  20.00701975 -18.06108355   5.04748494  -0.29286756	 0.01234854 -0.01138981 -0.17822552  0.54452473 -0.43240610  0.01227951  0.01134900 -0.01899068 -0.40388939  0.69479346 -0.37703705  0.00012272	
0.00400000	0.89731890	0.00425032	 -70.84094238   85.48218536 -953.59783936   -4.51490116    4.70485640    9.59853172	 -4.99593163  -1.97734189 -13.22184181  -0.07221892   0.66637087   0.15223861	 -18.83013973   88.82699395 -988.15405354  -10.94495301  -30.75503931    6.66590484	 -2.85260003  -3.15264177 -31.10507171   0.08439675  -0.50293907   0.18292552	184.31015712	0	0.00000000	0.00000000	0.00000000	 0.35883074 -0.15847986 -0.02734823	 0.06350789 -0.00957362  0.11141126	  5.66717407  46.93683869 -31.62928804 -79.19735533   7.65549938  -0.79183630   7.40262124  -2.05894119  18.60661461 -23.11357575   2.76487018  -0.29268348	 0.01231019 -0.01142048 -0.17525727  0.54455543 -0.43325743  0.01212612  0.01165531 -0.01864553 -0.40591425  0.69171780 -0.37597862  0.00012272	
0.00398400	0.90425670	0.00401236	 -92.81182098   75.97878265 -932.95922852   -3.64672136   10.36310196    8.59667873	 2.54923320  4.04499769 -5.49183321  0.25838405 -0.28745493  0.45806360	 -35.77274870   82.54877165 -976.78085703   -9.87262962  -27.49385290    6.25172929	 -0.05349694   2.24283988 -30.53533831  -0.11413541  -0.36946049   0.11453924	184.58940787	0	0.00000000	0.00000000	0.00000000	 0.36416177 -0.15781794 -0.03147032	 0.09044068 -0.04965402  0.06607475	  6.04817652  43.81204326 -32.35642087 -74.75639957  12.32593008  -1.57298320   7.17217851   0.15809996  18.01067087 -27.51776030   0.25560794  -0.29286756	 0.01227184 -0.01145883 -0.17244242  0.54459375 -0.43422386  0.01205709  0.01196161 -0.01838476 -0.40760162  0.68841976 -0.37493551  0.00012272	
0.00399200	0.91093451	0.00381118	 -84.52233887   76.53800964 -909.27563477   -2.77530098   14.33756065    8.18655968	 0.12336681  0.75411451 -5.26122761  0.07551765 -0.12861377  0.07633082	 -41.60613523   79.89159362 -953.73949201   -8.89446992  -22.88057346    5.69329692	  1.61734226   1.85118981 -28.16753332  -0.00128631  -0.60038576   0.20250220	185.23612639	0	0.00000000	0.00000000	0.00000000	 0.36873728 -0.15789334 -0.03677145	 0.11537295 -0.10427562  0.04488436	  5.65529342  41.40587452 -33.69095924 -70.72763738  19.30772439  -2.70260253   6.40141289   2.96191784  17.09242690 -30.99922864  -2.57310120  -0.26409007	 0.01224883 -0.01150485 -0.16984999  0.54463977 -0.43525928  0.01204942  0.01228363 -0.01818534 -0.40896687  0.68489158 -0.37393841  0.00011505	
0.00399200	0.91738874	0.00358566	 -73.27576447   69.30763245 -897.84918213   -1.94328892   17.08233261    8.01038456	-1.04675388 -1.42181051 -6.97265196 -0.15682402  0.45370251  0.20163077	 -36.09532474   75.32030567 -933.39140859   -7.72464052  -18.17569259    5.58197547	 -0.08635862  -0.35767239 -28.51163894  -0.01687384  -0.38962289   0.16409495	185.77198733	0	0.00000000	0.00000000	0.00000000	 0.37461465 -0.16001816 -0.04381936	 0.11537295 -0.10427562  0.04488436	  6.38013867  38.75581168 -34.67544791 -67.75034646  25.60719180  -3.48905873   6.25337348   6.34982916  19.00043016 -33.45265879  -6.22412575  -0.25985628	 0.01224116 -0.01158155 -0.16745698  0.54470110 -0.43630239  0.01204942  0.01262135 -0.01806262 -0.41000998  0.68103361 -0.37300268  0.00011505	
0.00399200	0.92359233	0.00340537	 -41.66405106   70.26457977 -869.07128906   -1.31476903   20.81661987    8.12699318	 -3.27202201   7.89812899 -34.68186569  -0.85777926  -2.85430717   0.05638004	 -17.82548006   72.86801526 -910.41110715   -6.87276297  -12.98435791    5.77714240	 -0.77521855   1.14891145 -33.85930717  -0.25713961  -1.19451837   0.00784619	186.58926994	0	0.00000000	0.00000000	0.00000000	 0.37842561 -0.16490573 -0.04693622	 0.13177171 -0.11047351  0.06592196	  7.85281840  36.11520434 -35.34386146 -63.94697623  33.92621403  -4.61247552   6.07588653   9.55360161  20.78174818 -34.81112515  -9.36411086  -0.25985628	 0.01224116 -0.01168126 -0.16527873  0.54477018 -0.43733785  0.01203408  0.01298263 -0.01793223 -0.41073093  0.67679220 -0.37216666  0.00011505	
0.00399200	0.92959547	0.00324710	 -32.48502731   75.99828339 -824.46258545   -0.94948697   22.18856812    7.47193146	  7.00475025  12.72379875 -95.93338013  -2.99190187 -10.53926659  -0.77691513	  -2.96735659   75.09432379 -878.56993117   -6.43541738   -8.12964714    5.43654218	  6.54547593   9.75721097 -78.85479904  -2.12770050  -7.49999583  -0.61605284	187.19398473	0	0.00000000	0.00000000	0.00000000	 0.38031819 -0.16898853 -0.04892278	 0.16025578 -0.10041361  0.05336438	 10.23722070  33.90221741 -36.26392739 -61.91558717  38.86132986  -5.33280118   5.94248147  11.80778494  22.78505137 -36.74118438 -12.27990481  -0.25985628	 0.01227184 -0.01183466 -0.16328456  0.54487753 -0.43828124  0.01194971  0.01334391 -0.01770213 -0.41112977  0.67215955 -0.37146872  0.00011505	
0.00400000	0.93542725	0.00310410	 -16.28246689   77.68376923 -799.33587646   -0.94798630   22.81469536    6.68349552	  13.85168457    5.29488897 -156.81890869   -4.62204552  -16.07863617   -1.92105114	   8.37617161   78.31408341 -842.44423588   -6.40238406   -4.81120978    4.63020624	  20.88667372    6.56309818 -134.21827953   -3.65282840  -15.27806339   -1.62528985	188.07327482	0	0.00000000	0.00000000	0.00000000	 0.37967885 -0.16734591 -0.05243026	 0.16025578 -0.10041361  0.05336438	 11.24663343  31.32309315 -37.09875763 -59.87792709  44.08868063  -5.37148649   5.53775286  13.33002526  24.58290705 -38.47832200 -14.91976301  -0.25985628	 0.01231786 -0.01206476 -0.16143611  0.54504627 -0.43907124  0.01174262  0.01368163 -0.01733398 -0.41119879  0.66726619 -0.37090880  0.00011505	
0.00399200	0.94109559	0.00297848	  -6.10459137   80.53007507 -794.44165039   -1.07692742   24.21972084    6.43025494	  41.39643478    0.42369282 -204.07847595   -5.70634174  -22.82251930   -2.10740161	  21.93809852   81.63960855 -823.63947143   -6.61968971   -1.78994629    3.97112766	  48.59515895    0.83767170 -197.25682964   -4.71322531  -23.32204247   -2.23447060	188.97515398	0	0.00000000	0.00000000	0.00000000	 0.37485093 -0.16661083 -0.05192732	 0.16251190 -0.05532692  0.01886493	 12.40329831  28.91977959 -37.60425185 -59.28986107  45.48217229  -5.20195495   5.64124900  13.79243111  27.09529799 -39.79359476 -17.55006637  -1.32627953	 0.01238689 -0.01236388 -0.15981776  0.54529172 -0.43964648  0.01138981  0.01401935 -0.01682010 -0.41086900  0.66215032 -0.37037960  0.00021476	
0.00400000	0.94662875	0.00287683	  -2.44829035   69.17076111 -772.91320801   -1.84128249   27.79548454    7.03552866	  57.47096252   17.46415329 -310.13772583   -6.08895063  -35.84254837   -2.22424960	  27.07281206   75.49292669 -805.10411947   -6.68942209    1.67359780    4.38213813	  82.32270282   10.84973474 -269.94462324   -5.80555987  -34.67331810   -2.95019356	189.59403842	0	0.00000000	0.00000000	0.00000000	 0.36826206 -0.16742392 -0.04948136	0.12603941 0.00842542 0.02339493	 12.52521880  26.64501141 -38.43829019 -58.87642475  47.08920125  -4.60102349   4.99616464  14.47227113  29.81073824 -41.08885055 -20.84299775  -2.63298544	 0.01246359 -0.01270903 -0.15820707  0.54556781 -0.43997627  0.01089893  0.01436493 -0.01614514 -0.41017103  0.65714186 -0.36971998  0.00042184	
0.00399200	0.95204455	0.00278717	  -2.30709195   53.40832520 -739.50122070   -3.00329399   30.52299118    7.95712137	  48.89576340   28.82454872 -390.53909302   -6.63402033  -39.98895645   -2.66762280	  27.74778317   62.78789699 -781.21134981   -6.80235002    5.33598359    5.38439156	  89.00127415   20.42591666 -355.11174698   -6.98511447  -43.40778744   -3.68038483	189.80360816	0	0.00000000	0.00000000	0.00000000	 0.36146776 -0.17353741 -0.04602808	0.12603941 0.00842542 0.02339493	 13.65821337  24.07258985 -39.00719619 -58.45781659  45.95552301  -3.53893330   5.23420497  14.09693907  31.74299242 -42.63980893 -24.02326309  -3.98436088	 0.01254029 -0.01301582 -0.15667309  0.54585928 -0.44007599  0.01032369  0.01469480 -0.01527078 -0.40908960  0.65255529 -0.36885327  0.00071330	
0.00400000	0.95736510	0.00271586	   7.15315437   39.52387238 -727.79931641   -3.56306434   32.69654846    8.73316288	  72.87831116   19.59955215 -413.68850708   -8.00399399  -48.25429916   -2.55258346	  32.22962875   48.31198969 -758.14168357   -6.75388043    9.15190361    6.72544213	 110.16728961   19.03744101 -409.23989998   -7.74189923  -52.28073411   -3.89863609	189.97401446	0	0.00000000	0.00000000	0.00000000	 0.35903974 -0.18092778 -0.04521467	0.05970269 0.01815304 0.08907672	 13.92671922  20.62193166 -39.94298731 -56.73763028  46.43760589  -2.29000155   6.19892369  13.26902447  32.85618259 -43.24005637 -27.17800706  -5.67897960	 0.01258631 -0.01322291 -0.15520814  0.54610473 -0.44002229  0.00974845  0.01496183 -0.01412796 -0.40748656  0.64839822 -0.36782551  0.00109680	
0.00398400	0.96259749	0.00260178	  26.46924019   21.17600441 -694.62854004   -4.42077017   37.50597763    8.37958527	  65.12737274    2.89885950 -509.11801147  -10.51339912  -54.52218246   -4.37065887	  42.27536363   31.93276789 -733.08030101   -6.53255305   14.46451904    7.35860464	 123.34721376    8.02441654 -477.56247530   -8.59990852  -61.14217972   -4.86924230	190.08717322	0	0.00000000	0.00000000	0.00000000	 0.35823472 -0.18785052 -0.04580152	0.05970269 0.01815304 0.08907672	 16.74773620  17.56309325 -39.61467587 -55.54223243  44.66771311  -1.32329889   9.13136739  11.43472954  32.74372797 -44.55558161 -30.12582409  -7.91711861	 0.01259398 -0.01329194 -0.15380456  0.54631948 -0.43983054  0.00928058  0.01522887 -0.01284709 -0.40542337  0.64467829 -0.36655998  0.00158767	
0.00400000	0.96771199	0.00244341	  43.57643127   14.51228523 -682.32012939   -4.38973761   41.53281784    8.40678596	  93.83628082   19.65610504 -543.11657715   -9.93905067  -60.66753387   -1.50020695	  56.60041723   20.56909088 -710.65421219   -6.20071442   19.97912143    7.58088352	 139.67548519   11.21797777 -529.34688136   -9.41580734  -67.28272874   -4.15320082	190.25631879	0	0.00000000	0.00000000	0.00000000	 0.35769195 -0.19518649 -0.04629262	0.05970269 0.01815304 0.08907672	 16.62498531  13.73444639 -39.63875880 -52.85075097  46.21432218  -0.99938973  10.32628462   9.63818541  33.24303903 -44.63335304 -33.28421394 -10.63103652	 0.01257097 -0.01327660 -0.15244699  0.54649585 -0.43963879  0.00900447  0.01551946 -0.01123641 -0.40304568  0.64153361 -0.36506435  0.00218592	
0.00400000	0.97265047	0.00227843	  57.37850189   10.04382706 -670.03472900   -4.07295275   44.66595840    9.09045410	  93.53311920   15.89322472 -558.84796143   -9.74702930  -61.98189163   -2.37890172	  71.39376922   15.81659535 -697.23849940   -5.78829021   25.06299532    8.15542046	 154.40066586   18.53556094 -553.31173694   -9.49472134  -71.15503905   -3.84918390	190.16195596	0	0.00000000	0.00000000	0.00000000	 0.35478331 -0.19496043 -0.03695697	0.07773341 0.08389838 0.05357877	 17.74100912  10.80895239 -38.03737788 -49.37978735  47.88276314  -1.22900820  11.18135727   6.75922520  33.18865354 -44.38127285 -36.36885277 -13.29187956	 0.01253262 -0.01313854 -0.15108174  0.54664159 -0.43949306  0.00894311  0.01588860 -0.00944165 -0.40029988  0.63915598 -0.36331561  0.00289922	
0.00400000	0.97740561	0.00212398	  82.01932526   13.02462196 -653.67712402   -3.09965491   47.72925949   10.14444923	  40.27561951   -6.08252573 -564.99316406   -9.87287807  -57.69766235   -3.30988050	  88.82191949   15.96151648 -683.64627311   -5.26429702   30.00417497    8.97354802	 133.01638754    8.44577835 -571.08099103   -8.56671105  -72.22044750   -4.49001519	189.70680311	0	0.00000000	0.00000000	0.00000000	 0.35691395 -0.20195625 -0.04013411	0.04487330 0.01138674 0.09653171	 16.42983559   7.02140266 -36.82838044 -44.48588071  52.87642637  -0.94205636  10.20211262   3.45409777  33.71816911 -44.31469096 -40.25351540 -15.41312930	 0.01248660 -0.01293145 -0.14970115  0.54677969 -0.43943173  0.00908883  0.01639126 -0.00759320 -0.39721656  0.63765270 -0.36132911  0.00361252	
0.00398400	0.98198020	0.00207074	  94.67378235   16.46662140 -631.19897461   -2.31828165   50.47329712   11.27208805	 -53.38636017   15.34595680 -554.91949463   -8.31694603  -48.38409424    0.26255530	 105.02395527   18.16391198 -663.03362914   -4.60328830   34.59940171   10.13047461	  63.63402915   12.11713661 -579.45770123   -8.10089165  -71.13349934   -3.30570979	189.43675045	0	0.00000000	0.00000000	0.00000000	 0.36320701 -0.21490738 -0.02781086	 0.01637437 -0.04421414  0.13245787	 17.81824575   5.57678410 -35.65790083 -39.62861671  57.73462939  -2.31690183  10.34094523  -0.47516967  32.86932570 -45.14568428 -44.94032838 -16.99447787	 0.01244058 -0.01267068 -0.14824387  0.54693305 -0.43942404  0.00936495  0.01704314 -0.00577544 -0.39388016  0.63690102 -0.35919687  0.00424913	
0.00401600	0.98651338	0.00201613	  97.75839996   18.45921135 -607.73028564   -1.69840181   52.82744217   11.22837353	-127.43011475   39.13669586 -567.25720215   -6.35069418  -40.18579483    0.33742252	 112.26903416   21.92326281 -637.71488694   -4.09779695   38.99521424   10.64758810	 -31.19375983   33.77872709 -593.58742950   -7.76158842  -67.96376062   -2.45993204	188.51858153	0	0.00000000	0.00000000	0.00000000	 0.37292642 -0.22550759 -0.01422355	 0.01362590 -0.03107495  0.26706057	 18.48678302   3.52685375 -34.97436923 -32.85091088  65.14862924  -3.33492449   9.26057983  -5.23712258  32.05577396 -46.95254883 -49.82057191 -17.25893718	 0.01237922 -0.01236388 -0.14667921  0.54713249 -0.43942404  0.00971777  0.01792278 -0.00405738 -0.39035201  0.63651752 -0.35724103  0.00472466	
0.00396800	0.99095923	0.00195570	  98.06386566   16.49220467 -579.02777100   -0.42400557   58.25487900   10.08659172	-172.54882812   42.61832428 -537.97631836   -4.65301847  -33.94309998   -0.96058625	 114.20606174   23.70617580 -613.05318706   -3.23856810   44.21805915   10.20380695	 -95.65888428   42.93747719 -584.10035871   -6.64159855  -64.47347326   -3.20660218	186.88833202	0	0.00000000	0.00000000	0.00000000	 0.38077179 -0.23106922 -0.00146010	0.06663994 0.08041142 0.24934918	 22.66136116   2.78637017 -33.47476670 -25.05226100  71.69289675  -4.76296426  10.94498837  -8.71522540  29.89616638 -49.25538782 -52.21343101 -16.08495174	 0.01234087 -0.01201107 -0.14498417  0.54739326 -0.43940872  0.01004757  0.01893594 -0.00256175 -0.38670880  0.63633347 -0.35544628  0.00489340	
0.00399200	0.99535120	0.00187887	  91.45696259   10.34948635 -556.21862793    0.07919732   62.07070541    8.24172783	-172.19364929   41.23918915 -515.97064209   -4.12111855  -31.70790100   -0.58977640	 108.08959077   19.32971799 -590.96021981   -2.28371561   48.38393765    9.18233095	-119.24420503   44.43145724 -563.98524063   -5.79348981  -61.47969332   -3.26086474	187.40374128	0	0.00000000	0.00000000	0.00000000	 0.37941642 -0.22945504  0.00870519	0.04429103 0.00722093 0.24286536	 21.85047190   0.39003417 -34.34594230 -15.69158863  80.56299415  -5.43637885   9.29986510 -12.27505735  30.68455037 -53.38862765 -54.73806509 -13.64935869	 0.01232553 -0.01161990 -0.14318174  0.54774606 -0.43933201  0.01027767  0.02001194 -0.00140359 -0.38303491  0.63618004 -0.35405803  0.00475534	
0.00399200	0.99965781	0.00183262	  86.05762482    9.41801643 -539.56542969    0.66465318   64.77391052    6.54850292	-167.04003906   33.99769592 -509.35549927   -4.25501823  -30.65076447    0.14844054	 100.44692202   16.42682807 -569.20528695   -1.43941130   52.35379716    7.46176056	-123.96684637   39.68477847 -549.69487177   -5.18938782  -58.95697042   -2.49317927	187.79797886	0	0.00000000	0.00000000	0.00000000	 0.37412435 -0.22075783  0.01939321	0.06846274 0.01270588 0.16407792	 22.54798163  -1.34655656 -35.94132521  -5.54941820  89.08183079  -6.64254794   8.98087292 -14.98288782  30.41970002 -58.43859265 -55.61129664 -11.22192591	 0.01235621 -0.01120573 -0.14129494  0.54822159 -0.43920928  0.01038505  0.02111150 -0.00065194 -0.37946841  0.63597298 -0.35310698  0.00433349	
0.00400000	0.00391746	0.00177727	  83.62277985   10.22312927 -509.62982178    1.59873223   68.43670654    4.38318872	-132.83073425   24.54323578 -491.84536743   -4.52532101  -32.30912018    1.69022918	  94.02761470   15.12274528 -547.82524563   -0.56333650   56.17195302    5.61857028	-107.30040221   31.96319541 -531.85931191   -4.85714619  -57.32310717   -1.02822026	189.36238105	0	0.00000000	0.00000000	0.00000000	 0.36896662 -0.21278160  0.02755645	0.10301455 0.02462744 0.14511429	 20.03952755  -3.50933248 -40.29405613   4.61485211  96.33326118  -6.50445600   6.30563556 -16.73854477  31.69481076 -65.07518964 -55.72517043  -8.23759806	 0.01240990 -0.01082990 -0.13937746  0.54885054 -0.43901753  0.01036971  0.02217964 -0.00040650 -0.37607065  0.63560480 -0.35260075  0.00374291	
0.00400800	0.00812004	0.00179907	  71.87834930   -0.24553601 -510.32803345    1.31611001   70.00822449    3.33119583	 -97.35981750   13.44122601 -483.92770386   -4.72292089  -34.72865677    1.80176306	  84.84775190    9.69986717 -538.45161415    0.02037630   58.22710770    4.41409182	 -80.09607049   23.24978977 -520.02019865   -4.44805251  -56.67410350   -0.08098661	191.06205685	0	0.00000000	0.00000000	0.00000000	 0.36860712 -0.22069611  0.03281113	0.07507994 0.01817059 0.16217799	 19.43331314  -4.76639208 -43.69912946  13.85129185 100.59327061  -7.01894127   6.07992805 -15.81052305  31.09846993 -70.77949593 -53.35217450  -5.52214569	 0.01250194 -0.01050777 -0.13750601  0.54965585 -0.43874142  0.01018563  0.02319280 -0.00063660 -0.37295666  0.63502955 -0.35247803  0.00302194	
0.00398400	0.01233351	0.00184538	  66.84814453   -2.11595392 -513.93225098    1.53080618   71.08603668    3.22055745	 -80.35610962    8.86681652 -480.08032227   -4.93977690  -36.02885056    2.10717702	  76.45112593    5.27700691 -536.53361305    0.33783807   59.40443266    3.94025103	 -54.22290944   14.94938721 -511.04727685   -4.06072420  -56.52665375    0.59530608	191.85587193	0	0.00000000	0.00000000	0.00000000	 0.37355198 -0.23094788  0.02918491	 0.03774338 -0.02643339  0.23218309	 18.18717873  -6.43587456 -46.65739358  21.11417143 102.23336413  -5.00203669   5.97565897 -12.83685957  32.02538775 -76.98301075 -51.14841740  -3.61688071	 0.01259398 -0.01027000 -0.13577262  0.55061460 -0.43835792  0.00987116  0.02410387 -0.00131922 -0.37011880  0.63418585 -0.35263142  0.00233932	
0.00399200	0.01660290	0.00195058	  65.87597656   -5.78955555 -511.77371216    1.38826144   71.89459229    2.77731109	 -73.70312500    6.92747688 -495.38137817   -4.98770714  -36.82525253    3.19365573	  71.70376554    0.89493954 -535.70954422    0.54014294   60.27092467    3.69606582	 -40.44812624   10.16227747 -515.60908076   -3.86704899  -56.94132395    1.64636652	191.50936877	0	0.00000000	0.00000000	0.00000000	 0.38112764 -0.24178472  0.02375246	 0.04238239 -0.11816509  0.27385851	 19.97244920  -6.62483721 -47.29369745  27.15350411 101.40799890  -4.85693604   8.45431102  -8.79156530  31.78390953 -82.54133454 -48.02110449  -2.44013312	 0.01269369 -0.01003223 -0.13422330  0.55191851 -0.43791306  0.00946466  0.02491282 -0.00230864 -0.36755705  0.63308907 -0.35298425  0.00176408	
0.00399200	0.02098921	0.00202796	  67.31930542  -19.01458740 -502.51623535    0.74012399   70.87046051    2.24232197	 -77.92336273    9.25250816 -507.61175537   -4.47092104  -37.26064682    3.08865476	  70.83482396   -4.96174019 -531.74624090    0.70542333   60.35190631    3.30413703	 -38.15160912   11.39763652 -526.79253934   -3.67492227  -57.62091972    1.92970385	190.97473055	0	0.00000000	0.00000000	0.00000000	 0.38786206 -0.25203739  0.02153856	 0.04238239 -0.11816509  0.27385851	 20.29278727  -7.28638793 -48.18262954  31.25670210  99.62737985  -2.74273878  10.31066424  -4.54821752  33.16169537 -87.96891127 -46.97710767  -2.16818948	 0.01280107 -0.00980214 -0.13295008  0.55359054 -0.43742219  0.00905048  0.02562754 -0.00351282 -0.36516404  0.63176221 -0.35344443  0.00134223	
0.00400800	0.02547042	0.00216711	  70.63066864  -16.80220032 -498.12649536    0.67543650   69.85015869    1.66977620	 -81.82121277    2.43451262 -523.34918213   -4.86841631  -38.57074738    2.86456108	  71.40821792   -9.29517011 -525.31859160    0.47133878   59.77642775    2.87782910	 -40.69445381    7.28369633 -541.47357240   -3.20343281  -59.33746121    1.94329652	189.27890053	0	0.00000000	0.00000000	0.00000000	 0.39611474 -0.26168524  0.01747334	 0.04553853 -0.13414029  0.40924777	 19.72724317  -7.14538762 -48.32318403  34.03732615  96.58489251  -2.40737084  11.81952880  -1.50150505  34.51673658 -91.11896912 -45.26436479  -2.46608838	 0.01293145 -0.00961806 -0.13200669  0.55570745 -0.43683162  0.00867466  0.02628727 -0.00465563 -0.36284775  0.63026655 -0.35398901  0.00112748	
0.00398400	0.03009293	0.00227396	  75.14183044  -18.16562271 -478.62298584    0.47653469   67.42671204    1.34251046	 -90.86271667   -0.15078492 -552.67987061   -5.52544832  -39.99689484    3.92034602	  71.80483074  -11.37529268 -514.75179320    0.41481657   58.67937847    2.52322130	 -44.54115633    1.81083192 -562.77890032   -3.20298604  -61.62404456    2.67181044	188.01649854	0	0.00000000	0.00000000	0.00000000	 0.40253347 -0.25887544  0.01682125	 0.09691426 -0.15017584  0.42534312	 21.78136834  -8.38118386 -48.65157634  35.78227912  90.01223559  -0.71101620  16.85562084  -0.66366750  33.82338703 -94.96742426 -43.46815715  -3.20957792	 0.01309252 -0.00952602 -0.13127038  0.55833054 -0.43615666  0.00841388  0.02692344 -0.00554534 -0.36045474  0.62858683 -0.35457191  0.00108913	
0.00400000	0.03484309	0.00245822	  76.39498138  -16.28339767 -469.67001343    0.49018520   65.59773254    0.94778359	 -88.37595367   -4.68420219 -579.62963867   -5.85831022  -42.47924423    4.85908127	  72.75492049  -10.35725762 -502.77478256    0.17563258   57.24839371    2.11645802	 -44.41383355   -1.65470354 -587.79009235   -3.24055291  -64.46436818    3.77654465	186.60081193	0	0.00000000	0.00000000	0.00000000	 0.40346888 -0.25255213  0.01979239	 0.15096926 -0.12528739  0.41755046	 20.36816865  -8.38114285 -48.60777526  35.87459145  83.74622561  -1.55699753  19.18141985  -1.19396412  34.41438985 -97.49926773 -40.90734151  -5.00844636	 0.01335330 -0.00951835 -0.13085620  0.56145984 -0.43540502  0.00826048  0.02759889 -0.00614359 -0.35803872  0.62672305 -0.35517785  0.00124252	
0.00399200	0.03979360	0.00256421	  73.62112427  -13.44670105 -459.25100708    0.69665909   63.92090225    1.06527674	 -86.05334473   -9.46973419 -600.65032959   -5.76609087  -43.51358795    4.05248785	  70.49080144   -7.84165757 -489.46991298    0.00702256   55.53548751    2.01941259	 -40.00261424   -5.55710943 -615.35295385   -2.69039444  -66.93892438    3.66368491	186.01391963	0	0.00000000	0.00000000	0.00000000	 0.39794861 -0.24385688  0.02601245	 0.19209585 -0.10171681  0.38868872	  18.39537549   -9.75589876  -49.46777289   35.00642890   76.54630663   -1.50155925   20.96385448   -3.56971428   34.27667743 -100.99044403  -39.19139491   -6.84253454	 0.01372913 -0.00967175 -0.13077183  0.56514144 -0.43456131  0.00821447  0.02831360 -0.00641971 -0.35519317  0.62472123 -0.35574540  0.00154932	
0.00398400	0.04485746	0.00271008	  71.53978729   -8.84148884 -433.66372681    1.14490187   61.18521881    2.01957512	 -78.69283295   -6.80658674 -636.81762695   -5.58629751  -45.79498291    4.03904152	  67.44026123   -4.13375536 -468.92954493    0.03461744   53.76879958    2.44965375	 -33.15843391   -5.20823718 -646.78410943   -2.27760517  -69.44927010    3.36468045	186.23402762	0	0.00000000	0.00000000	0.00000000	 0.38966446 -0.23573879  0.03631985	 0.21056103 -0.08723004  0.37916359	  15.72776353  -10.02661954  -50.49310236   32.93723229   70.83918809   -3.79233758   20.13218993   -5.32539540   34.34067217 -102.09541508  -35.73463817   -8.33871791	 0.01418165 -0.00992485 -0.13108630  0.56933683 -0.43369463  0.00822981  0.02920110 -0.00643505 -0.35203317  0.62264270 -0.35624397  0.00194049	
0.00400000	0.05009234	0.00275876	  64.66244507   -4.31023455 -410.53283691    1.41534030   58.87890625    2.25521612	 -82.27821350   -7.40404510 -662.71435547   -5.21883726  -45.76528168    2.95716190	  62.26451582   -0.72351696 -447.69596374    0.02683771   52.01726496    2.72975427	 -30.29671840   -2.78248925 -672.36658315   -1.87700516  -71.05185625    2.80721010	186.15963100	0	0.00000000	0.00000000	0.00000000	 0.38593165 -0.23338408  0.04337132	 0.20044155 -0.03813692  0.38514991	  13.60756408  -10.70361235  -51.65276710   29.35735363   63.57607485   -4.52383875   19.40193461   -7.92987908   33.71622359 -102.13026553  -33.91403625   -9.60676753	 0.01466485 -0.01017796 -0.13176893  0.57401550 -0.43284327  0.00830650  0.03021426 -0.00621262 -0.34857404  0.62047976 -0.35660443  0.00232398	
0.00400000	0.05538132	0.00289685	  65.89116669   -7.44815207 -396.21881104    1.44352269   56.90968704    2.62098050	 -93.98860168  -16.32092667 -682.14996338   -5.15490913  -44.94395447    2.11284208	  59.13205247    0.00262866 -428.81732260    0.13872099   50.08427386    3.17671886	 -36.78434390   -7.66364567 -698.70822530   -0.91228374  -71.95879391    1.85806704	187.02128712	0	0.00000000	0.00000000	0.00000000	 0.38449135 -0.23209711  0.04844386	 0.14213352 -0.02619920  0.38867576	  12.70787337   -9.81160740  -53.41695359   26.35238918   58.16269523   -7.25245775   17.80192590  -11.81067815   33.41292483 -101.27091309  -31.28019551  -10.46015146	 0.01508670 -0.01043874 -0.13283505  0.57914668 -0.43206862  0.00835252  0.03134523 -0.00584447 -0.34479278  0.61827081 -0.35681152  0.00269214	
0.00399200	0.06081934	0.00299345	  55.67568207   -8.01066780 -368.28784180    1.82398057   52.83948517    2.70148468	-102.64788818  -24.35596848 -714.09930420   -5.99959469  -43.88431931    2.85646701	  51.44551905   -1.67539925 -405.94031970    0.44314157   47.27007228    3.51523051	 -44.26451235  -13.89342124 -726.90233500   -0.60965167  -72.60324065    1.96331033	187.56372894	0	0.00000000	0.00000000	0.00000000	 0.38438349 -0.23113350  0.05422289	 0.11193603 -0.04037268  0.40161918	 12.33961087  -8.02143000 -55.62339349  23.05777889  49.22353164  -8.38390017  17.03054497 -17.24336291  34.08423190 -99.68699233 -30.10230989 -11.45128673	 0.01540116 -0.01066116 -0.13426931  0.58462298 -0.43137065  0.00835252  0.03257046 -0.00535359 -0.34071240  0.61600822 -0.35690355  0.00301427	
0.00399200	0.06636471	0.00311085	  52.49098206   -4.42794466 -328.36874390    1.55376422   49.47129059    2.26484919	-109.33869934  -39.77847672 -735.67376709   -6.49379826  -43.41670609    5.24476004	  45.42916584    0.18611588 -376.05931756    0.40367006   44.61082627    3.17178516	 -50.15535054  -22.99747875 -749.63341641   -0.35669802  -73.07579268    3.52633554	188.47199262	0	0.00000000	0.00000000	0.00000000	 0.38663908 -0.23160190  0.05199794	 0.11706689 -0.01671457  0.40665247	 12.33724667  -5.95994898 -58.24483322  21.19005327  41.61141990 -10.87194011  17.30978908 -25.19153631  34.25087997 -96.43006285 -28.39763282 -12.35547617	 0.01560825 -0.01078388 -0.13605639  0.59030634 -0.43078005  0.00820680  0.03377997 -0.00485505 -0.33637890  0.61371493 -0.35690355  0.00332874	
0.00400000	0.07204501	0.00322559	  48.92823410   -9.54466057 -313.93182373    1.42766464   46.57173157    1.40685654	-107.40207672  -49.08777237 -748.39312744   -7.38052464  -43.26133728    8.40255451	  39.72539437   -2.79840785 -350.00867641    0.44422594   41.52864476    2.46070732	 -51.23021909  -36.25375229 -769.26669523   -0.22680271  -73.51266997    6.87191232	189.27111089	0	0.00000000	0.00000000	0.00000000	 0.38740429 -0.23063435  0.05019994	 0.11769019 -0.04510383  0.41424494	 13.60942425  -4.09936865 -61.63100188  19.59951849  32.71858672 -11.16100607  19.25620954 -31.33792493  34.05066702 -93.53604876 -26.72330103 -12.96906891	 0.01575398 -0.01076087 -0.13811193  0.59611249 -0.43033522  0.00793835  0.03480884 -0.00445621 -0.33183834  0.61143696 -0.35680386  0.00362019	
0.00398400	0.07784396	0.00332532	  60.46730804  -14.96504116 -278.23541260    0.88281620   39.76002502   -0.48469868	-107.94954681  -68.67722321 -774.41467285   -8.30946827  -42.22479248   13.98230839	  45.39382002   -6.31266066 -321.14004904    0.37608283   37.67731635    1.19294296	 -50.12576966  -53.21700233 -790.56964599   -0.10178181  -73.52961220   11.95158969	190.52294271	0	0.00000000	0.00000000	0.00000000	 0.38647038 -0.22879227  0.04915458	 0.08648288 -0.07434671  0.41321172	 14.57619703  -2.20992063 -65.29671714  19.99980969  24.10944222 -12.76035299  23.60222181 -38.36854632  33.31687539 -91.41969117 -25.12785371 -13.96087915	 0.01586136 -0.01050777 -0.14036688  0.60205668 -0.43006676  0.00753951  0.03553141 -0.00427981 -0.32718268  0.60923570 -0.35665047  0.00389631	
0.00400800	0.08376706	0.00337761	  71.98514557  -26.92008972 -241.43142700    0.10762511   33.23906708   -1.50237858	-120.23488617  -56.34950638 -796.00598145   -6.69606543  -40.85104370   15.38540840	  55.11455448  -15.11931541 -290.73066023    0.52126783   33.56157687    0.19150456	 -58.43796339  -53.38706364 -812.45575533    0.29678228  -73.68249752   14.62027168	190.69631988	0	0.00000000	0.00000000	0.00000000	 0.38246796 -0.22530641  0.04880943	 0.08648288 -0.07434671  0.41321172	 14.64363840  -1.79877345 -69.59961370  20.65888388  15.51062647 -12.65212942  28.17809326 -44.04371642  32.70564534 -89.61285007 -21.78683599 -15.31170148	 0.01593806 -0.01003990 -0.14275989  0.60810822 -0.42994404  0.00701029  0.03603406 -0.00429515 -0.32251939  0.60714948 -0.35645103  0.00423379	
0.00400000	0.08974385	0.00342999	  70.95479584  -30.12428856 -209.82235718   -0.34484428   27.65393257   -2.35676646	-131.69418335  -30.66928864 -820.67303467   -4.50066423  -39.34029388   15.41982269	  59.57005205  -21.52267438 -257.24296627    0.44772108   28.64630886   -0.62067936	 -70.52739938  -35.26149261 -833.78029343    1.16098238  -73.64552378   15.03107509	191.14259066	0	0.00000000	0.00000000	0.00000000	 0.38257488 -0.22602763  0.04730607	 0.04753086 -0.08868936  0.37390682	 13.69297051  -0.41593837 -73.07694786  20.50258908   9.66329797 -12.53558447  31.18209618 -48.17710258  31.73510956 -87.00191820 -21.23611666 -16.32431334	 0.01596107 -0.00934961 -0.14520659  0.61452025 -0.42995939  0.00638136  0.03644247 -0.00458660 -0.31792513  0.60520899 -0.35620561  0.00457126	
0.00398400	0.09576996	0.00345618	  62.24103546  -23.95554543 -164.76487732   -0.39229247   21.78753662   -3.07082629	-147.73989868  -19.52390480 -832.51507568   -2.74729586  -36.81216431   15.81070232	  58.48045621  -21.08165090 -217.63293979    0.29572754   23.89853746   -1.59049203	 -86.03937357  -20.35481567 -851.57270090    1.98192135  -73.14501101   14.98931741	190.97069884	0	0.00000000	0.00000000	0.00000000	 0.38514043 -0.23053170  0.04826995	 0.05303642 -0.09828064  0.43184171	 11.84872388  -0.03129562 -78.76482516  18.77370051   2.70655488 -11.08468564  31.64826707 -49.98259428  30.37722848 -84.77931301 -19.47190621 -16.19552079	 0.01593806 -0.00849825 -0.14772232  0.62133110 -0.43012813  0.00568340  0.03681946 -0.00509282 -0.31346890  0.60337585 -0.35590649  0.00478602	
0.00399200	0.10182962	0.00352236	  54.07729721  -16.88458824 -134.16210938    0.11864778   17.23657417   -3.65722370	-149.60086060  -27.53473854 -847.48596191   -3.39094305  -34.99380112   17.55875587	  52.42715598  -15.48400414 -181.72547586    0.21997992   19.56808889   -2.57387439	 -95.90079906  -18.01959674 -866.73272827    2.38168348  -72.13468620   16.01246340	191.02824967	0	0.00000000	0.00000000	0.00000000	 0.38670251 -0.23304863  0.04999822	 0.07739703 -0.07729698  0.45514202	 11.30815892   1.19584909 -80.77924147  17.47734844  -2.47113976  -9.86925832  34.91467775 -52.04440378  28.59361793 -82.19125379 -19.22622589 -15.37373686	 0.01594573 -0.00750883 -0.15026873  0.62856382 -0.43040425  0.00490874  0.03713362 -0.00580612 -0.30921212  0.60164249 -0.35559967  0.00480903	
0.00400000	0.10796727	0.00352204	  55.86513138   -9.59863663 -124.12065125    0.33157492   13.90323544   -3.80439591	-151.23394775  -46.16100311 -850.54785156   -4.38286638  -33.60333633   19.32177353	  50.02709100   -8.15084960 -158.44405678    0.08356931   15.49214035   -3.07272068	 -99.50258635  -33.82743912 -877.57563126    2.67868138  -70.77633654   18.46822582	191.02204163	0	0.00000000	0.00000000	0.00000000	 0.38532608 -0.23109691  0.04861463	 0.08964430 -0.09705230  0.47052090	 10.67018726   1.80178068 -83.91937407  13.13623022  -7.71566873  -9.16292253  36.28433262 -51.91677697  26.67410609 -80.76839183 -18.03182745 -13.83251574	 0.01604544 -0.00649641 -0.15292251  0.63623375 -0.43077239  0.00404971  0.03729855 -0.00658845 -0.30523911  0.60009319 -0.35529289  0.00465563	
0.00398400	0.11409569	0.00357563	 56.22338486  -7.33586931 -81.49536133   0.32967892   7.88922024  -2.97422290	-138.41598511  -80.52661133 -853.50549316   -6.67612171  -31.67209625   22.32966805	  49.68812876   -5.65707363 -125.93824819    0.13594877   11.30909954   -2.78006268	 -92.43293610  -60.21996326 -880.92160926    2.60527254  -68.73712624   21.91166051	191.24421228	0	0.00000000	0.00000000	0.00000000	 0.38166640 -0.22846343  0.04547561	 0.08149883 -0.13697992  0.50046374	 10.70237310   2.65048181 -83.94132915  10.32846495  -8.86604558  -8.78690601  39.02830212 -52.06267511  25.07466845 -81.64306483 -19.07066478 -13.85386850	 0.01624485 -0.00547631 -0.15572970  0.64429480 -0.43123260  0.00312165  0.03731426 -0.00738612 -0.30157289  0.59853619 -0.35503212  0.00453291	
0.00400800	0.12029700	0.00357069	 31.14484406  -1.03541851 -50.55042648   0.72262305   5.26147461  -2.28964543	-127.23357391  -90.20200348 -858.70025635   -7.10638857  -30.45157051   22.53277588	 40.39124587  -1.38656391 -96.18917848   0.17558039   7.87521695  -2.44519184	 -81.51343697  -76.45577687 -885.18534671    2.59610102  -66.84363956   23.58233603	191.01265348	0	0.00000000	0.00000000	0.00000000	 0.38296082 -0.23053669  0.03890085	 0.08661787 -0.14565976  0.51833598	 10.68658841   3.26489180 -84.03110353   7.36219026  -8.95035225  -8.16316383  40.91954427 -50.84436047  23.61390721 -82.53341403 -18.68580813 -14.28074453	 0.01653631 -0.00445621 -0.15874396  0.65263200 -0.43176949  0.00216291  0.03722787 -0.00805340 -0.29822880  0.59705585 -0.35480967  0.00452524	
0.00399200	0.12648393	0.00362467	 17.66425705   5.03485203 -35.63251495   0.97235900   4.21149111  -1.27243900	-123.05066681 -100.32600403 -864.03326416   -7.18740559  -29.36392975   22.81097412	 22.93707617   3.57240309 -70.50178065   0.23512427   5.11286916  -1.67362625	 -73.37333241  -87.93747623 -890.50306543    3.12482256  -65.12066589   24.48012684	191.15263851	0	0.00000000	0.00000000	0.00000000	 0.38449987 -0.22690603  0.03429575	 0.08524000 -0.15684182  0.51398383	 10.37825297   4.25775688 -82.04162580   5.43862729  -8.61710825  -7.90541664  43.51009577 -51.37010493  22.78540104 -84.71943224 -19.38898467 -16.14379483	 0.01692748 -0.00364320 -0.16198833  0.66099221 -0.43240610  0.00115049  0.03714147 -0.00850592 -0.29517618  0.59567529 -0.35461792  0.00470932	
0.00399200	0.13273086	0.00357131	 15.93239117  11.15776348 -15.78323650   1.02220428   0.54987699  -0.52263159	-108.67359924  -90.73007202 -856.48321533   -6.40648127  -27.67574501   23.95640182	 15.61279443   8.97112758 -51.27237926   0.26648578   2.31781957  -1.11197864	 -64.36710093  -85.98245129 -887.93492450    3.27747752  -62.89586151   25.17211884	191.27447761	0	0.00000000	0.00000000	0.00000000	 0.38596185 -0.22021202  0.02910493	 0.07133489 -0.16359168  0.45655230	 10.11474468   5.96809946 -80.09534562   3.39082249  -6.97411746  -7.57055383  43.65863900 -51.25621404  21.54831065 -87.35897147 -19.77738444 -17.49412620	 0.01737233 -0.00294524 -0.16550115  0.66920668 -0.43311173  0.00003835  0.03707078 -0.00865932 -0.29239202  0.59443277 -0.35446453  0.00498544	
0.00399200	0.13891847	0.00360947	19.29055786  6.61802483 -4.28080750  1.04759061 -0.93723881 -0.27093485	-104.00178528  -94.70626831 -859.80938721   -5.97270918  -26.22230339   23.98665428	 15.84235101   9.64708890 -38.23119015   0.38628898   0.67029057  -0.70878048	 -58.63832450  -85.62823151 -887.33541736    3.64030255  -61.06297333   25.79304929	191.30074645	0	0.00000000	0.00000000	0.00000000	 0.38582224 -0.21746491  0.01962847	 0.07732646 -0.14281070  0.45378437	  8.50351079   7.59241890 -76.95936426   2.16405244  -4.73046466  -7.47084318  43.23795153 -53.71356571  21.98194488 -90.85085886 -20.96889469 -18.17337328	 0.01783252 -0.00237767 -0.16921338  0.67737508 -0.43388638 -0.00117350  0.03700795 -0.00859029 -0.28981492  0.59330529 -0.35434949  0.00526155	
0.00400800	0.14515740	0.00359611	17.00054741  8.62356663 -5.07013035  0.96560216 -1.60846841 -0.74308568	 -99.53504944  -96.89382172 -855.71710205   -5.93593216  -25.27746773   24.05890656	 16.09017987  10.00517129 -31.29007300   0.36494968  -0.61732134  -0.97700492	 -52.32802350  -87.26591078 -885.39486387    4.09418562  -59.22819173   25.99030557	191.51197799	0	0.00000000	0.00000000	0.00000000	 0.38372519 -0.21704369  0.01262324	 0.05684277 -0.16527829  0.46364724	  8.04467268   9.52890724 -74.13816063  -0.38632509  -3.58692049  -7.05018768  43.25700641 -54.33415543  21.52310194 -94.63942505 -20.94279854 -18.57349720	 0.01828505 -0.00190981 -0.17304833  0.68562025 -0.43459967 -0.00249272  0.03697654 -0.00836019 -0.28739890  0.59224683 -0.35428813  0.00546864	
0.00397600	0.15136369	0.00361903	  4.44175291   4.77905655 -17.90328026   0.75423729   0.47780859  -1.14922595	 -93.51102448  -98.45690918 -858.81231689   -5.82219362  -23.81659698   24.41034889	  5.71030638   6.70905692 -36.89926829   0.33363584  -0.42025001  -1.08393566	 -46.53589294  -87.54092470 -885.26957448    4.29856588  -57.57799263   26.27220161	191.51533265	0	0.00000000	0.00000000	0.00000000	 0.38090361 -0.21506739  0.00838065	 0.05200910 -0.13130469  0.43540931	  7.65312827  11.23057775 -71.32045815  -2.51612804  -2.65367573  -6.65376908  43.95236507 -55.84708829  21.18376829 -98.90802153 -21.50816689 -18.66878834	 0.01876058 -0.00148029 -0.17701368  0.69408011 -0.43526697 -0.00388097  0.03696869 -0.00808408 -0.28512096  0.59121907 -0.35428047  0.00561437	
0.00399200	0.15760434	0.00358345	 11.35269451   3.06304288 -10.44635868   0.55025429  -1.14431143  -0.83736026	 -87.66107178 -100.17153168 -857.36138916   -5.73368120  -23.10578537   24.29470062	  6.63399013   4.25640343 -37.10664157   0.37117262  -0.75492854  -1.01420649	 -42.03086078  -88.97365189 -885.32547499    4.44178658  -56.23026159   26.35191099	191.83640187	0	0.00000000	0.00000000	0.00000000	 0.37808276 -0.21080697  0.00928136	 0.05200910 -0.13130469  0.43540931	   6.69452848   12.49646369  -69.66400696   -5.96484215   -1.82833050   -5.94582034   43.28433770  -56.42308191   21.62438492 -101.43811413  -20.29251613  -18.51238239	 0.01924378 -0.00105845 -0.18114775  0.70214885 -0.43589589 -0.00523854  0.03697654 -0.00778495 -0.28292736  0.59022200 -0.35434180  0.00570641	
0.00399200	0.16380545	0.00364425	 9.92180347  6.67659664 -7.63262272  0.82581538 -0.91859382 -0.87947220	 -81.33650208  -99.79462433 -865.50079346   -5.53636312  -22.37811279   24.45781136	  9.02021146   5.49136303 -32.66161054   0.38820768  -0.99090282  -0.99596622	 -35.48811232  -88.73161637 -888.91845902    4.74724005  -55.15260141   26.48857429	191.69086198	0	0.00000000	0.00000000	0.00000000	 0.37359705 -0.21075317  0.00575828	 0.06978759 -0.13988899  0.47826776	   6.88382006   13.52187713  -68.09536686   -8.78770131   -1.03620836   -5.56201549   43.74363901  -57.13710631   21.79963018 -104.34422042  -19.36902878  -18.45384579	 0.01971932 -0.00061359 -0.18544289  0.71086186 -0.43646348 -0.00671116  0.03697654 -0.00753184 -0.28074142  0.58921725 -0.35444918  0.00574476	
0.00400000	0.17007859	0.00366177	 -6.38689947   9.24107742 -12.36715221   1.06488824   1.02538097  -0.48021731	 -79.05634308  -94.74045563 -878.86614990   -5.01798391  -21.54092216   24.09106445	 -0.55605290   7.88477004 -32.26817541   0.38616192  -0.52661515  -0.84378341	 -31.96474224  -84.92166898 -898.21725450    5.00521600  -54.36409395   26.26891178	191.67801678	0	0.00000000	0.00000000	0.00000000	 0.37013084 -0.20939588  0.00318239	 0.07861947 -0.09679141  0.45876463	   7.87308869   14.06470880  -67.12639014  -13.73743133   -0.31191400   -4.93694987   44.79780959  -56.42912707   20.48496156 -107.00455592  -18.55339818  -18.33161822	 0.02017951 -0.00013039 -0.18964601  0.71938318 -0.43696967 -0.00822981  0.03696869 -0.00731709 -0.27852485  0.58818179 -0.35457191  0.00574476	
0.00400000	0.17637119	0.00371160	  1.85147893   8.09434986 -13.83359241   0.90505677  -0.01301463  -0.52628189	 -77.35832977  -91.32039642 -884.84906006   -4.33262444  -20.91209793   24.26231575	 -3.33652031   8.73622804 -34.53161367   0.35641786  -0.51731432  -0.87684618	 -30.42084899  -80.45149523 -906.69883304    5.32043295  -53.73466553   26.06555716	191.79048211	0	0.00000000	0.00000000	0.00000000	 0.36770922 -0.20379506 -0.00037714	 0.07074075 -0.13174635  0.44728553	   8.35926625   14.57165715  -66.04292345  -16.95566877    1.05647104   -4.44694272   44.10082877  -56.32093136   19.50369457 -108.61497760  -17.66357333  -18.30824036	 0.02065505  0.00044485 -0.19442436  0.72755927 -0.43742988 -0.00977913  0.03697654 -0.00714835 -0.27623922  0.58713871 -0.35469463  0.00574476	
0.00398400	0.18271029	0.00376373	 10.04968548   5.48155451 -10.72664070   0.70146227  -1.21444428  -0.73471284	 -73.53491974  -94.31668854 -892.27001953   -4.51755905  -20.51590919   24.56327057	  4.39716533   7.01633719 -33.69380211   0.34445456  -1.02898317  -0.89911328	 -26.17273012  -79.99092109 -915.47840761    5.58946500  -53.14225555   26.33334637	191.73544254	0	0.00000000	0.00000000	0.00000000	 0.36421761 -0.20105885 -0.00454537	 0.06389562 -0.12274259  0.43743976	   9.19460793   15.04393110  -64.04766412  -21.31209271    3.16233323   -4.05406221   43.63602799  -54.93644067   17.45110538 -109.61705219  -16.89460923  -18.25792579	 0.02113058  0.00108146 -0.19950183  0.73524451 -0.43781337 -0.01134379  0.03697654 -0.00702563 -0.27400726  0.58603424 -0.35480967  0.00573709	
0.00400000	0.18911621	0.00381130	 5.36209869  6.43254042 -8.51322460  0.85016984 -0.13186494 -0.84450883	 -63.85398102  -96.22407532 -913.96777344   -4.39272690  -20.28623390   24.97585297	  5.82210869   6.39091513 -32.97740536   0.34954349  -0.83205245  -1.08739091	 -19.75455985  -79.18349616 -928.87535697    5.81397868  -52.80159532   26.68989473	191.65302658	0	0.00000000	0.00000000	0.00000000	 0.36108840 -0.19807255 -0.01010896	 0.08371578 -0.12410037  0.42534985	  10.13937513   15.63725916  -61.82205182  -25.09298508    5.46327687   -3.56037896   42.94159107  -53.20756672   15.64123279 -110.55730295  -15.85378703  -18.17097976	 0.02161378  0.00177942 -0.20478639  0.74258459 -0.43812016 -0.01289311  0.03696083 -0.00694893 -0.27149922  0.58490676 -0.35491705  0.00572942	
0.00399200	0.19557056	0.00383035	 1.58540976 11.66053391 -9.43921089  1.10299909  0.16852136 -0.59773839	 -59.01526260 -100.61930847 -925.51318359   -4.52248049  -20.24628258   25.48008537	  1.50950819   9.34249355 -32.95795207   0.28138288  -0.54097641  -1.03219936	 -14.20419019  -81.24059742 -944.24378567    6.07167352  -52.71047163   27.08636828	191.91218090	0	0.00000000	0.00000000	0.00000000	 0.36070620 -0.18881154 -0.01289403	 0.08232238 -0.13886245  0.39661215	  10.84443895   15.90363051  -60.40593601  -29.69241246    7.42146162   -3.58242889   41.78477398  -51.78923470   13.49312746 -111.13152891  -14.76676271  -18.20540228	 0.02211233  0.00251573 -0.21011697  0.74964094 -0.43832725 -0.01441942  0.03695298 -0.00687990 -0.26886076  0.58378696 -0.35500911  0.00572942	
0.00400000	0.20205054	0.00383922	  8.12233067  14.44289589 -17.96642113   1.35402191  -0.60246754  -0.37386769	 -55.66233826 -103.62354279 -937.95214844   -4.71931601  -20.08527946   26.07360077	  3.04225500  12.82285301 -39.35160722   0.34932792  -0.77167145  -0.86296050	  -8.39914188  -84.55359969 -957.67299903    6.29032737  -52.62629144   27.88268167	191.72775023	0	0.00000000	0.00000000	0.00000000	 0.35541188 -0.18463578 -0.00761932	 0.08110901 -0.04444496  0.34518589	  11.00384560   15.71443059  -59.30399309  -33.13907584    8.91400032   -3.39152865   40.22958064  -49.91333754   11.28928922 -112.35142276  -13.64696731  -18.21718325	 0.02266456  0.00322903 -0.21545523  0.75659752 -0.43842697 -0.01593806  0.03693727 -0.00674951 -0.26614562  0.58272082 -0.35506278  0.00572942	
0.00400000	0.20854037	0.00382721	 13.34957504   9.32176495 -16.61094284   1.32695186  -1.46664345  -0.79959548	 -60.46644974 -109.07268524 -957.68505859   -5.10105753  -18.88494110   26.40463066	 10.16354917  12.62176763 -40.65693274   0.42844527  -1.09403580  -0.92677200	 -10.18636205  -90.72569181 -972.84191377    6.47601727  -52.46738200   28.55589751	191.81534327	0	0.00000000	0.00000000	0.00000000	 0.34685789 -0.18391729 -0.00112919	 0.06759465 -0.00819731  0.36158732	  10.25582814   15.53999296  -59.32057596  -37.59306332   10.33836882   -3.19691591   37.90713347  -48.27614714    8.74524693 -113.09728180  -12.76092033  -18.22270558	 0.02324747  0.00398068 -0.22078581  0.76330101 -0.43841928 -0.01747971  0.03690585 -0.00651942 -0.26336142  0.58170074 -0.35509348  0.00572942	
0.00399200	0.21501239	0.00384928	  9.95406818   6.11336279 -21.16900826   0.76551855  -0.67398387  -0.64652520	 -67.20709991 -116.85051727 -968.65972900   -5.47651100  -17.85737228   26.40561104	  9.70132619   9.73080559 -44.44843668   0.36459786  -1.08341793  -1.03545123	 -15.08439861  -97.30571169 -987.17427066    6.64430723  -52.28306098   28.86151880	191.52093908	0	0.00000000	0.00000000	0.00000000	 0.34032202 -0.18266658 -0.00839104	0.06014707 0.00031684 0.36975835	  10.06216437   15.47956060  -58.22921066  -40.58673878   11.43518855   -2.97484380   38.13785594  -46.82872394    6.00779349 -113.38957265  -11.42832742  -18.22565082	 0.02389942  0.00471699 -0.22620076  0.76977444 -0.43821219 -0.01899835  0.03685087 -0.00613592 -0.26056191  0.58071131 -0.35509348  0.00572942	
0.00399200	0.22150895	0.00383718	  6.80726576   5.95326138 -12.68485165   0.75042003  -0.58267081  -1.34637725	 -70.94614410 -120.84559631 -978.24096680   -5.41451168  -16.97885704   26.59680939	  6.39153798   7.30273811 -39.31082726   0.26589542  -0.94221096  -1.38949563	 -20.56738571 -100.45772615 -999.97667523    6.91186156  -51.92912323   29.04988638	190.77383808	0	0.00000000	0.00000000	0.00000000	 0.33698443 -0.17535691 -0.00948695	 0.04219087 -0.07139473  0.28415789	   9.53973755   15.65098496  -56.93600859  -44.64262842   11.90678254   -2.89622814   38.27968310  -46.64036539    3.15737115 -114.55252750  -10.59197018  -18.22767568	 0.02462806  0.00541495 -0.23174609  0.77591032 -0.43788239 -0.02046330  0.03677233 -0.00557602 -0.25778541  0.57981396 -0.35509348  0.00572942	
0.00400000	0.22799650	0.00381947	 0.61116379 12.24749756 -6.45872116  1.27135861 -0.01684393 -0.45493653	 -76.23651123 -114.58014679 -990.16394043   -4.70490837  -15.38242722   26.81637001	  2.25025340   9.58885195 -31.61540964   0.28321552  -0.68479171  -1.00432423	  -27.30457322   -97.06084139 -1011.23352075     7.14421923   -51.34656765    29.10085499	190.63931515	0	0.00000000	0.00000000	0.00000000	 0.33677763 -0.16733497 -0.00436716	 0.05716317 -0.03504331  0.24851365	   7.72535164   16.04845907  -55.46023897  -47.59495100   13.01010018   -2.70540132   35.78115176  -46.90904922    1.04128112 -116.14716099  -10.14531116  -18.25663724	 0.02541806  0.00606689 -0.23736046  0.78144801 -0.43742988 -0.02188223  0.03666238 -0.00483971 -0.25510097  0.57890123 -0.35509348  0.00573709	
0.00398400	0.23445548	0.00380235	  5.55881786  15.58016777 -13.65987492   1.48196518  -0.45251226  -0.09289610	 -73.84944916 -108.73294067 -999.75000000   -3.93256831  -14.61658859   27.14474106	  0.87222381  13.81721921 -33.84977319   0.36135433  -0.64349995  -0.77485300	  -30.04296024   -91.95686285 -1021.08572713     7.44197180   -50.72243590    29.23887334	190.09020144	0	0.00000000	0.00000000	0.00000000	 0.34038965 -0.16572311 -0.00170286	 0.05542516 -0.02906171  0.25239330	   6.17454444   16.55904646  -52.60228933  -49.62113845   13.17744707   -2.43454080   35.56717345  -48.16846123   -0.26413211 -117.54655700   -9.87304600  -18.26234365	 0.02620806  0.00670349 -0.24296717  0.78633374 -0.43686229 -0.02325514  0.03651315 -0.00395767 -0.25252387  0.57801151 -0.35509348  0.00573709	
0.00400000	0.24090432	0.00374050	 12.45598984  10.82191467 -20.70691681   1.28460586  -1.25924218  -0.55407822	  -68.37788391  -103.13670349 -1006.83795166    -3.50045538   -14.25914097    27.22925377	  6.50588953  14.44234665 -38.92643552   0.49884402  -0.98545972  -0.67355926	  -28.66577159   -85.36195502 -1028.89557966     7.67306765   -50.09575926    29.21329674	189.64125334	0	0.00000000	0.00000000	0.00000000	 0.34376437 -0.16430781  0.00092694	 0.05542516 -0.02906171  0.25239330	   4.79084211   16.74048566  -49.70270379  -50.42073046   13.06394330   -2.22267923   35.91737197  -50.55749536   -2.01633774 -119.07567540   -9.60323848  -18.26215957	 0.02695971  0.00735544 -0.24843581  0.79056752 -0.43611830 -0.02462039  0.03630110 -0.00289155 -0.25014618  0.57716018 -0.35511649  0.00573709	
0.00399200	0.24727999	0.00368941	 12.11527443   4.20123720 -27.54033852   0.76289606  -0.55540329  -1.08085680	  -64.15324402  -103.27587891 -1007.16699219    -3.00961375   -13.60634518    26.57874680	  9.15767832  10.40798045 -46.54864372   0.42562669  -0.96713858  -0.95154975	  -25.37991571   -80.78714483 -1033.58903623     8.00587486   -49.36916094    28.84266762	189.00055688	0	0.00000000	0.00000000	0.00000000	 0.34493270 -0.16493378  0.00362229	0.04169206 0.00728020 0.24895935	   3.20122479   16.54700848  -46.18656863  -50.60005701   12.85210126   -1.74062464   36.79536804  -52.75193704   -2.84869217 -120.53969617   -9.14933169  -18.26234365	 0.02768835  0.00808408 -0.25377405  0.79421836 -0.43526697 -0.02597029  0.03602621 -0.00171806 -0.24792959  0.57635480 -0.35515484  0.00573709	
0.00399200	0.25359887	0.00363024	 12.76999474  -1.33407807 -19.67747116   0.29647082  -1.03922355  -1.32673514	  -63.86901855  -100.72298431 -1009.64941406    -2.85622549   -12.59145355    26.60438919	 10.17385320   3.40463856 -45.78554444   0.35208605  -1.02000879  -1.25227657	  -24.47748685   -77.41233185 -1035.56538507     8.22455775   -48.45278603    28.48021005	188.82259091	0	0.00000000	0.00000000	0.00000000	 0.33896544 -0.16670535  0.00174068	-0.00737170 -0.02776087  0.24281124	   1.95685023   16.62683166  -43.32000574  -49.40910323   12.51312992   -1.15942071   37.55945878  -54.91393753   -3.90245897 -121.93635078   -8.82233896  -18.01365470	 0.02840165  0.00890476 -0.25905097  0.79737836 -0.43428522 -0.02726650  0.03571205 -0.00051388 -0.24588174  0.57558018 -0.35520086  0.00571408	
0.00399200	0.25985196	0.00357628	10.98245144 10.92292786 -3.89938307  1.00551832 -0.69519091 -0.81494486	  -66.72675323   -97.64986420 -1008.32843018    -2.40418172   -11.07669926    26.54267120	  9.48189629   4.83671509 -37.82539311   0.29941693  -0.89440374  -1.31201949	  -26.56349971   -73.87030646 -1036.00892834     8.33519067   -47.29540431    28.34005466	188.67074938	0	0.00000000	0.00000000	0.00000000	 0.34013200 -0.16142082  0.00230216	 0.01260412 -0.04903502  0.19091120	   0.88605466   16.29374472  -40.26207776  -48.81169136   12.21653059   -0.77680754   38.00067458  -56.05289907   -5.11003224 -123.26638628   -8.80262553  -17.84344564	 0.02911495  0.00980981 -0.26421279  0.80005521 -0.43315774 -0.02844767  0.03535076  0.00062126 -0.24397959  0.57481319 -0.35525453  0.00567573	
0.00399200	0.26604512	0.00349989	  2.89870286  17.78140068 -14.58413219   1.65820205   0.05983420  -0.30971497	  -63.04886246   -91.35952759 -1005.26824951    -1.68855536    -9.56665039    25.88294029	  3.11869806  11.97429685 -34.81307897   0.38252139  -0.61469498  -0.98748811	  -27.31485092   -68.24141512 -1033.85893363     8.44478497   -45.75655681    27.81480679	188.44184259	0	0.00000000	0.00000000	0.00000000	 0.34383438 -0.15847499  0.01068953	 0.02193854 -0.00937550  0.19679543	  -0.69240876   15.69979673  -38.81227965  -47.87866426   11.72262259   -0.28371832   37.05737587  -57.10680924   -5.42572604 -125.08263145   -8.81759170  -17.53910380	 0.02980524  0.01081456 -0.26917523  0.80218744 -0.43191522 -0.02952912  0.03495021  0.00163369 -0.24220784  0.57409984 -0.35533124  0.00561437	
0.00399200	0.27215338	0.00341795	 5.14795160 14.56926918 -8.30845165  1.41913056 -0.69095069 -0.01809164	 -50.01710510  -89.63925934 -998.73284912   -1.38495874   -9.13103867   25.32151413	  1.92769721  15.47930297 -33.68377479   0.41764052  -0.70834901  -0.73176033	  -21.08091890   -63.76704279 -1028.59380342     8.58349153   -44.13992433    27.22095010	187.45882978	0	0.00000000	0.00000000	0.00000000	 0.34582699 -0.16170556  0.01657450	-0.00056739 -0.01001027  0.20173597	  -1.46737282   14.54801235  -36.33569381  -46.96564507   11.13636545    0.15015733   37.30881362  -57.25049377   -6.08933227 -126.39454271   -8.46045019  -16.84065162	 0.03044951  0.01193437 -0.27388453  0.80369073 -0.43058830 -0.03055689  0.03457322  0.00253874 -0.24055882  0.57340956 -0.35543862  0.00550699	
0.00400000	0.27817500	0.00331391	  8.08772659   8.53983974 -10.55251694   1.02868092  -0.98529768  -0.72979057	 -43.08116913  -96.17383575 -992.96478271   -1.63818681   -8.82214737   25.09696770	  4.99188926  11.57769274 -33.88576303   0.43535317  -0.96141417  -0.84640986	  -12.35503591   -64.82032963 -1022.14162690     8.69372340   -42.74463989    26.90033316	187.35498470	0	0.00000000	0.00000000	0.00000000	 0.34079423 -0.16450778  0.02382945	-0.05872622  0.05447116  0.19540249	  -1.67003735   13.64203362  -35.17702905  -45.34419345   10.81744584    0.66286310   37.16636427  -56.57570961   -6.66342220 -128.85533248   -8.13731644  -16.03046417	 0.03099408  0.01316922 -0.27837911  0.80477220 -0.42917705 -0.03152330  0.03418052  0.00334408 -0.23901717  0.57281899 -0.35556135  0.00535359	
0.00399200	0.28407651	0.00321041	  2.37500715   1.14434111 -16.34983063   0.52277052  -0.31481373  -1.13531470	 -39.48970795 -106.23657227 -984.85638428   -2.28312302   -7.52010584   23.77105904	  2.94912904   4.02863886 -38.25713621   0.38640195  -0.94448584  -1.16896211	   -6.44662012   -70.80898632 -1014.78161897     8.64333762   -41.22994375    26.27385972	186.79724716	0	0.00000000	0.00000000	0.00000000	 0.33264001 -0.16501529  0.03050246	-0.06228852  0.06048216  0.17717791	  -1.61282780   12.44579097  -33.18790746  -43.17762515   10.23492240    1.15723753   37.01220176  -55.27318416   -7.49339349 -130.57342536   -7.80783106  -15.42227131	 0.03144660  0.01449612 -0.28246716  0.80534744 -0.42768142 -0.03240534  0.03379568  0.00407272 -0.23761357  0.57225907 -0.35568404  0.00516951	
0.00399200	0.28986302	0.00312528	  2.95409536   6.76242447 -15.70802021   0.79947227  -0.52135062  -1.24385488	 -43.51616669 -110.06685638 -979.02691650   -2.60121965   -5.96090889   22.74281693	  1.26373099   3.93056017 -39.89426713   0.36309509  -1.02774993  -1.41974411	   -7.81861488   -78.22257561 -1009.65519685     8.60504217   -39.86854517    25.53973447	187.01987729	0	0.00000000	0.00000000	0.00000000	 0.32873191 -0.15628135  0.03008913	-0.06244170  0.04416504  0.15598914	  -1.62123667   11.46298636  -31.70956992  -40.99060377   10.53601224    1.66547211   36.11116381  -53.53608930   -7.76237102 -132.95262018   -7.32433387  -15.04890007	 0.03186077  0.01588437 -0.28680834  0.80547780 -0.42611676 -0.03314932  0.03339512  0.00474767 -0.23632503  0.57170683 -0.35582212  0.00500845	
0.00399200	0.29555491	0.00301122	 -0.51743913  15.67226028 -14.52412605   1.34689677  -0.29491583  -0.65386683	 -48.01744843 -112.85597992 -970.21844482   -2.46924019   -4.61828470   22.24680138	 -1.51099101  11.22308277 -37.23015048   0.28404614  -1.08175088  -1.23829937	  -11.35032500   -81.90412530 -1000.84127433     8.61585948   -38.20774573    24.84183466	186.46170651	0	0.00000000	0.00000000	0.00000000	 0.32907923 -0.14884430  0.03063220	-0.02888607  0.01268296  0.08124533	  -1.56946192   10.64049987  -29.45566387  -39.22462062   10.24741205    1.96938164   35.24229689  -51.60680785   -7.92186308 -135.63888579   -7.00553897  -15.26058921	 0.03223660  0.01725728 -0.29119551  0.80514032 -0.42448306 -0.03376291  0.03301813  0.00539194 -0.23500581  0.57113159 -0.35596785  0.00493175	
0.00400000	0.30112448	0.00286901	 -3.91592669  20.96792603 -11.19168854   1.83504152   0.09560887  -0.25906953	 -35.97671127 -109.71710968 -963.40411377   -1.91352832   -3.45225048   20.96437836	 -6.93440528  15.61566475 -35.63825188   0.47041048  -0.91565601  -0.95661713	  -6.99009238  -79.86837115 -993.37358400    8.67309495  -36.38166989   23.89011402	186.34189717	0	0.00000000	0.00000000	0.00000000	 0.33203530 -0.14409653  0.03289827	-0.03282318  0.00372926  0.07565964	  -2.62489700    9.71982985  -27.78073902  -37.57667270   10.89499915    2.23742848   31.97436544  -49.82264259   -7.30300126 -137.75783397   -6.34918496  -15.58303189	 0.03258941  0.01857650 -0.29565939  0.80435032 -0.42278802 -0.03429213  0.03265685  0.00607456 -0.23379396  0.57049501 -0.35615960  0.00492408	
0.00399200	0.30653155	0.00273368	-0.99537015 10.34358311 -2.83892202  0.99392402 -0.47001597 -0.61200202	 -15.91941071 -107.43466187 -953.14263916   -1.66314268   -3.74806738   20.09280968	 -4.80516234  14.61606517 -30.71083792   0.37501718  -0.93703080  -0.88284068	   5.97538455  -75.94156389 -985.47029206    8.71572967  -34.79574309   22.99123067	185.18925018	0	0.00000000	0.00000000	0.00000000	 0.33811088 -0.14447793  0.03141110	-0.04060498  0.00389260  0.07999603	  -2.62569260    8.82958618  -24.34813395  -36.32069361   10.85108781    2.41925604   31.41870413  -47.39972370   -7.57184261 -139.21619774   -5.51464802  -15.93535656	 0.03288854  0.01981903 -0.30014628  0.80313849 -0.42103928 -0.03476767  0.03227200  0.00684922 -0.23242871  0.56978935 -0.35636666  0.00494709	
0.00400000	0.31179267	0.00259790	 -3.32237792   2.47761989 -10.61538696   0.50632334   0.11651470  -0.88412696	   4.48678541 -110.25154877 -944.51586914   -1.90192485   -4.33052349   19.16775894	 -3.89281708   7.02996267 -31.08594037   0.40595191  -0.86444382  -0.90147452	  23.40862111  -75.08610566 -975.08946661    8.71991894  -33.57342184   22.11820611	184.43015126	0	0.00000000	0.00000000	0.00000000	 0.33983679 -0.14316654  0.03080200	-0.04286874 -0.00688687  0.07716121	  -2.79917339    7.91023681  -21.78398889  -35.28545104   11.32459727    2.64469076   30.54145835  -45.45427790   -8.34937791 -139.76313347   -4.32975104  -15.78275619	 0.03313398  0.02087747 -0.30460250  0.80151248 -0.41924453 -0.03513582  0.03187145  0.00783864 -0.23096377  0.56910676 -0.35658911  0.00494709	
0.00399200	0.31689841	0.00245440	 -4.14078188   4.12378025 -14.05099297   0.68738544   0.01100019  -1.20778894	   9.32269573 -115.50166321 -937.81304932   -1.99521160   -3.84645748   18.14586067	 -3.95008735   4.39658137 -34.01111711   0.35719091  -0.81022263  -1.20192526	  34.64581531  -76.30369497 -968.01630256    8.77171433  -32.50264727   21.19427807	183.94618721	0	0.00000000	0.00000000	0.00000000	 0.33978659 -0.14057450  0.03176442	-0.06712725  0.02091027  0.02793512	  -2.68657813    7.32009544  -18.49677323  -34.49858573   11.28274528    2.69540571   30.34342527  -44.99193156   -9.31011694 -139.80446221   -3.44987698  -15.75716940	 0.03331039  0.02187456 -0.30892834  0.79953361 -0.41738841 -0.03540427  0.03147090  0.00903514 -0.22936076  0.56843948 -0.35678086  0.00494709	
0.00399200	0.32184467	0.00232005	 -5.73844814   9.05572319 -10.79189110   1.14312577  -0.31744879  -0.87141556	   2.68482471 -116.01725769 -934.69604492   -2.02309299   -2.72142386   17.56259346	 -5.01929789   6.87125672 -34.28360259   0.47015511  -1.11096637  -1.20882145	  33.61460184  -78.00450232 -963.14344029    8.79200141  -31.45707751   20.41269793	182.67211570	0	0.00000000	0.00000000	0.00000000	 0.33447783 -0.14052957  0.03569732	-0.06255094  0.08024071  0.02059245	  -3.23587135    6.95666132  -16.05107582  -33.88638648   11.26234958    2.81110571   28.21958938  -44.78058218  -10.14679094 -139.14691841   -2.51020518  -15.74851775	 0.03343311  0.02277194 -0.31310841  0.79721731 -0.41547093 -0.03555767  0.03105464  0.01043874 -0.22765037  0.56778753 -0.35695726  0.00494709	
0.00400000	0.32664606	0.00216358	 -1.97248912  13.92495918 -14.74569511   1.33906996  -0.20956022  -0.80888379	 -12.31615162 -111.76087952 -933.76104736   -1.74532199   -0.59380573   16.76377869	 -3.87879295  12.14297049 -35.76242395   0.40177681  -1.10765840  -1.26308202	  20.95339427  -76.59504616 -961.73331049    8.74669669  -30.33811430   19.51618795	182.06485855	0	0.00000000	0.00000000	0.00000000	 0.33152854 -0.14025891  0.03534016	-0.06773092  0.09174072  0.00077785	  -3.22402765    6.45646364  -13.50185174  -33.37459655   10.64979925    2.66127073   28.18023916  -45.83453073  -12.32620062 -138.24104315   -1.49793489  -15.74428397	 0.03354048  0.02360796 -0.31715813  0.79463255 -0.41349211 -0.03561903  0.03062267  0.01201874 -0.22581726  0.56709725 -0.35713366  0.00494709	
0.00398400	0.33126464	0.00201103	-10.05570126   8.32510757 -11.34572411   1.16193402   0.42516422  -0.69065130	 -22.95243073 -104.60983276 -933.45806885   -0.90500277    0.99926788   15.51951218	 -8.32986193  10.42050727 -35.71014187   0.44713021  -1.02233037  -1.05376534	   7.01517997  -73.52404858 -961.34241408    8.95402413  -29.47008157   18.46353112	180.56016808	0	0.00000000	0.00000000	0.00000000	 0.33080128 -0.13890730  0.03368251	-0.05988435  0.09932215 -0.02655145	  -3.83269691    5.95758534  -11.25195372  -33.18330273   10.20902846    2.74834993   26.93682023  -46.94563464  -13.88746320 -136.68030116   -0.49672570  -15.74189096	 0.03363252  0.02443631 -0.32113880  0.79173332 -0.41145191 -0.03561903  0.03018285  0.01372913 -0.22392280  0.56629193 -0.35730240  0.00494709	
0.00400000	0.33572260	0.00185296	-8.00472450 -1.10092568 -8.89419270  0.28283247  0.13558231 -0.42495844	 -16.69769287  -92.22344971 -932.61779785    0.12528321    1.17161071   14.41220856	-10.43178074   3.20022338 -35.93520457   0.48224148  -1.02707370  -0.80161528	   5.25462577  -62.46208324 -959.17604825    9.08341959  -28.62482744   17.12875194	179.85035595	0	0.00000000	0.00000000	0.00000000	 0.33258984 -0.13580667  0.03632432	-0.06469659  0.09474002 -0.03520205	  -4.12742853    5.57035720   -8.63886666  -32.43249497    9.97532605    2.71017408   26.01464194  -47.96795035  -16.11073943 -134.75414829    0.52193101  -15.74023426	 0.03367854  0.02528767 -0.32503513  0.78847361 -0.40951142 -0.03558068  0.02978229  0.01548553 -0.22196697  0.56534082 -0.35750180  0.00494709	
0.00400000	0.34000483	0.00168537	-10.05535793   1.00341153  -6.69868994   0.53915334   0.19162717  -1.09203529	  -9.05130291  -85.97931671 -932.31597900    0.82186228    0.99835855   13.44814587	 -9.65089380   0.72087217 -30.25907244   0.47393688  -0.94634800  -0.96479556	   9.53396217  -50.99214064 -958.39547858    9.27342917  -28.04830919   15.68555020	179.14622318	0	0.00000000	0.00000000	0.00000000	 0.33560717 -0.13192694  0.03551065	-0.07572595  0.08550613 -0.06849128	  -3.93115182    4.81707728   -6.90335956  -31.51794173    9.84012428    2.61572782   24.96197295  -48.88610681  -17.50065171 -132.16672670    1.74323246  -15.16063648	 0.03365553  0.02616971 -0.32880872  0.78479207 -0.40743288 -0.03545029  0.02940530  0.01719592 -0.21998814  0.56422102 -0.35769355  0.00489340	
0.00399200	0.34409639	0.00149797	-8.36630249  5.80317020 -8.63883781  0.87581420  0.23432212 -0.64728940	  -3.14792061  -79.29463959 -934.21008301    1.55905759    1.23813069   11.75207520	 -8.47741712   2.18846455 -30.42153560   0.43709046  -0.83681941  -0.78615148	  14.74787434  -42.16302221 -960.47767081    9.52595970  -27.51721494   14.11339553	179.18415443	0	0.00000000	0.00000000	0.00000000	 0.33878582 -0.12825076  0.03412537	-0.09800197  0.07649790 -0.09000620	  -3.66775266    4.52667578   -4.72102025  -30.03400857    9.63847799    2.64303036   23.28606031  -49.66207016  -18.66630281 -130.16382945    2.08008885  -14.14931360	 0.03358650  0.02712844 -0.33243659  0.78068101 -0.40533134 -0.03527388  0.02906758  0.01880660 -0.21801697  0.56302452 -0.35786229  0.00474767	
0.00400000	0.34798411	0.00130561	 -1.26986718   5.42825651 -10.40684986   0.98125964  -0.44467428  -0.54352427	  -6.45209980  -85.01861572 -942.58526611    1.15721238    1.82909453   10.85967636	 -5.18093336   4.30991489 -31.79319557   0.51348295  -0.95765053  -0.73334503	  14.73404730  -40.30440923 -964.53271704    9.61228262  -27.17285494   12.91091468	178.83025994	0	0.00000000	0.00000000	0.00000000	 0.33935304 -0.13114128  0.03243449	-0.11372517  0.09079683 -0.09085905	  -2.97898667    3.87053892   -3.15317932  -28.61479867    9.60481859    2.61121997   21.40940917  -49.71787585  -19.98807875 -127.75545800    2.16353653  -13.02852562	 0.03349447  0.02815621 -0.33587268  0.77622479 -0.40322211 -0.03508213  0.02876128  0.02029456 -0.21606115  0.56180501 -0.35799268  0.00451757	
0.00399200	0.35165358	0.00109372	 -2.27874088   5.29647350 -10.30348015   0.89415580  -0.36581913  -0.78083682	 -15.21562576  -90.82434082 -946.63787842    0.75492030    2.77968431   10.35169029	 -3.76555723   4.94535104 -33.16899445   0.58914306  -1.12147758  -0.87288780	   8.13628305  -45.83077740 -969.80218516    9.59547867  -26.84966691   12.26713061	179.32534911	0	0.00000000	0.00000000	0.00000000	 0.33924543 -0.13259090  0.03072459	-0.12688313  0.10029486 -0.07237672	  -2.01601524    3.08448905   -1.16951888  -26.86194104    9.06698723    2.90118455   20.71511088  -48.61331022  -21.56285855 -126.50387819    1.34577363  -11.80219972	 0.03341777  0.02924534 -0.33906338  0.77145410 -0.40105152 -0.03488272  0.02851780  0.02162145 -0.21411300  0.56053948 -0.35813075  0.00423379	
0.00399200	0.35508755	0.00086252	 -8.59690189   0.38924912 -12.28897095   0.60705829   0.37195885  -1.05827475	 -16.68608475 -101.45124817 -953.24249268    0.06080084    3.52199721    9.18314266	 -6.08292308   1.99795485 -35.36336043   0.57030379  -0.91728581  -1.03125868	   4.02577449  -54.14056118 -974.62595623    9.61834190  -26.48322468   11.64326391	179.10658363	0	0.00000000	0.00000000	0.00000000	 0.33885350 -0.13151017  0.02960387	-0.13155396  0.07972864 -0.08647663	  -1.03320279    1.42807864    0.89981316  -24.90607834    8.87041322    3.11739345   19.64702070  -46.79459765  -22.46141626 -124.11682260    1.52771881  -10.85456890	 0.03337175  0.03048019 -0.34202397  0.76644570 -0.39884260 -0.03466796  0.02833716  0.02281796 -0.21221852  0.55929697 -0.35826880  0.00393466	
0.00398400	0.35826012	0.00071299	-7.59665680 -1.42179370 -6.33420467  0.48145777  0.04652819 -0.83378494	 -15.16094780  -99.27719116 -955.86022949    0.37274528    3.78466439    8.22274113	 -7.07721918  -0.51926925 -31.89852834   0.53258356  -0.90037046  -1.02780329	   2.28153970  -56.51687330 -979.41007309    9.64031191  -26.18909738   10.80863263	179.27781634	0	0.00000000	0.00000000	0.00000000	 0.33925981 -0.12445309  0.02757921	-0.11621355  0.10799601 -0.09616166	  -0.82305177   -0.27845049    2.87450040  -22.74211769    8.51948732    3.58446413   17.91943829  -44.47864807  -23.70335047 -122.13988412    1.79294011  -10.41075718	 0.03337175  0.03181475 -0.34476978  0.76123780 -0.39660299 -0.03441485  0.02821150  0.02393010 -0.21038543  0.55790871 -0.35843754  0.00368922	
0.00400000	0.36127540	0.00059028	-13.38113689   4.28825998 -10.79573917   0.86762685   0.63557601  -0.79864305	 -11.76276016  -99.57148743 -962.25262451    0.68421328    4.00623941    6.94656610	-10.56779092   1.06046339 -31.89384039   0.58126422  -0.97242764  -0.91026510	   4.58294705  -56.34440074 -984.93994264    9.84200701  -25.78898472    9.68195739	179.42906117	0	0.00000000	0.00000000	0.00000000	 0.33944865 -0.11935067  0.02702140	-0.13351606  0.07891214 -0.11862004	  -0.42167010   -1.80585167    4.65815706  -20.70438521    8.42841622    3.69161269   15.65526071  -42.22813572  -24.49657369 -119.66860637    2.71784490   -9.98682666	 0.03338708  0.03316466 -0.34734687  0.75576150 -0.39434803 -0.03412339  0.02812510  0.02501922 -0.20860600  0.55648977 -0.35865229  0.00348981	
0.00400800	0.36415872	0.00049133	-12.54229641   6.57363510 -10.16386700   1.02112639   0.61039782  -0.51356608	   2.33279037  -96.68205261 -965.00103760    0.90992212    3.64324546    5.96042490	-14.10089820   3.33094381 -32.34968889   0.59777995  -0.87398818  -0.76577976	  12.16528310  -52.87575586 -988.17416970    9.92673368  -25.36451420    8.57488743	179.39266438	0	0.00000000	0.00000000	0.00000000	 0.33965799 -0.11592037  0.02705597	-0.13158745  0.12001437 -0.11543410	  -0.26479863   -2.98199009    6.15038876  -18.83580051    8.25105335    3.69777972   13.08676759  -41.74179763  -24.87831661 -117.46428561    3.29612511   -9.69150439	 0.03338708  0.03449922 -0.34979355  0.75010109 -0.39208540 -0.03378592  0.02805442  0.02614670 -0.20685726  0.55507851 -0.35890540  0.00332107	
0.00399200	0.36692318	0.00041152	-8.67288589  5.79889154 -4.40836430  0.88223636 -0.07973062 -0.78742057	   6.09088659  -98.84762573 -967.72833252    0.88411683    3.61564088    5.01324129	-11.62528191   4.52540351 -29.62016308   0.58546133  -1.05388122  -0.79491632	  18.41635477  -50.49940002 -992.22538250    9.98475240  -25.08774227    7.50708147	179.66567804	0	0.00000000	0.00000000	0.00000000	 0.33961479 -0.11288277  0.02279806	-0.14734547  0.09522040 -0.13159809	   0.30932092   -4.21213187    7.50412059  -16.79652954    8.21601279    3.79672697   11.84500718  -41.22286061  -25.04901446 -115.32641328    4.72493858   -9.58743891	 0.03337941  0.03581077 -0.35212523  0.74428731 -0.38983047 -0.03344077  0.02799944  0.02735854 -0.20514688  0.55373627 -0.35915852  0.00320602	
0.00398400	0.36959451	0.00036751	-9.66308784  4.06037188 -4.64985418  0.66736221  0.34400678 -0.71509975	   6.67404938 -100.71642303 -965.55804443    0.77218366    3.90037489    4.33340502	-10.69939487   3.60090613 -28.95175472   0.51282274  -0.97951707  -0.87407961	  21.93497750  -52.43664447 -992.35337157   10.03606889  -24.63664375    6.68742115	179.94216105	0	0.00000000	0.00000000	0.00000000	 0.34168783 -0.10840165  0.01853644	-0.15496487  0.08061516 -0.15999185	   0.34123222   -5.14416028    8.31023288  -14.67620605    7.68444886    3.87270582   10.53421838  -42.45538553  -25.12470636 -113.72790759    5.79073752   -9.87975490	 0.03338708  0.03703796 -0.35434949  0.73828179 -0.38758317 -0.03306495  0.02793661  0.02871612 -0.20344415  0.55251676 -0.35938093  0.00317534	
0.00401600	0.37223470	0.00034051	-17.19287109   2.05645418  -5.82051325   0.60059631   0.80579597  -0.95237321	  -3.75396299 -105.55772400 -970.26757812    0.45522878    5.32401800    3.11633992	-14.93006114   0.26515064 -29.56891977   0.52995013  -0.86588504  -0.96616884	  17.33118623  -56.02321989 -994.53616347   10.02612491  -24.16564115    5.86515777	180.16176137	0	0.00000000	0.00000000	0.00000000	 0.34553186 -0.10320161  0.01474985	-0.14531630  0.08108200 -0.17868047	   0.12047558   -5.81075057    9.85249015  -12.70561207    7.59158494    4.00705273    9.26157198  -43.63728932  -24.74256684 -111.90530561    6.84003728  -10.42517704	 0.03339475  0.03817311 -0.35642803  0.73210752 -0.38531289 -0.03265077  0.02788163  0.03021942 -0.20170309  0.55145061 -0.35958037  0.00320602	
0.00397600	0.37482268	0.00032504	-16.37275314   4.85726690  -6.62363958   0.76118517   0.75438476  -0.63596487	  -5.69778967 -108.06443024 -965.77679443    0.24773486    6.23093462    2.52288294	-16.37459496   1.24382542 -28.09658556   0.54656294  -0.87832900  -0.91940885	  11.88314767  -57.96853496 -994.47952409    9.92536707  -23.50876275    5.14825748	180.13847292	0	0.00000000	0.00000000	0.00000000	 0.35016475 -0.09957782  0.01276711	-0.14086668  0.07454281 -0.18424661	  -0.30972719   -6.36206930   10.44144744  -10.49297609    7.17462862    3.99850951    8.19989541  -46.14901627  -24.95760005 -110.09946661    8.17875311  -11.00041915	 0.03339475  0.03919320 -0.35838386  0.72558045 -0.38308093 -0.03220592  0.02783450  0.03181475 -0.19992368  0.55053794 -0.35974142  0.00330573	
0.00400000	0.37740675	0.00033883	-15.79119587   7.00053453  -5.86492252   1.06532025   0.67237413  -0.56636345	  -4.62820148 -104.85093689 -964.96368408    0.29936543    6.70069933    2.01129603	-16.44168182   3.95328179 -28.88118019   0.60765019  -0.89230133  -0.81746507	   9.21907547  -56.51805256 -992.95906948    9.73026015  -22.72703367    4.41318052	180.51340338	0	0.00000000	0.00000000	0.00000000	 0.35283988 -0.09735617  0.01243845	-0.14987473  0.08320441 -0.19509240	  -0.31197943   -6.75260402   11.84749098   -8.46561351    7.47384310    3.99182124    7.90673462  -48.07034131  -25.09580229 -108.32732401    8.73998802  -11.21100417	 0.03339475  0.04011359 -0.36023229  0.71912235 -0.38087967 -0.03169971  0.02778738  0.03345611 -0.19810590  0.54975557 -0.35989484  0.00339777	
0.00398400	0.37999728	0.00036721	-12.11654472   4.31929970  -7.48587751   0.82841271   0.18263084  -0.80729610	   1.15171206  -99.61368561 -957.01147461    0.44133604    7.29028893    1.03236496	-13.52259452   4.58011010 -30.53597832   0.60991140  -0.99189138  -0.80940533	   9.98391910  -53.54556342 -988.04855179    9.51625353  -21.84451859    3.58191808	180.48944768	0	0.00000000	0.00000000	0.00000000	 0.35319991 -0.09708479  0.01309547	-0.17320112  0.12604129 -0.17817022	  -0.57418429   -7.06793872   11.73836321   -5.97001908    7.54276718    3.86044478    7.12694349  -51.30604646  -25.53074487 -106.43759870    9.79496268  -11.14406136	 0.03339475  0.04094194 -0.36197338  0.71198934 -0.37870911 -0.03122417  0.02775596  0.03511281 -0.19624212  0.54914200 -0.36002523  0.00343612	
0.00399200	0.38262379	0.00038448	-14.13121319  -2.10049629  -1.79099929   0.44511059   0.29997447  -0.92617112	   0.92725581  -97.83042908 -948.14770508    0.32687762    8.03254795    0.09629927	-12.38625685   0.67013636 -28.49386798   0.61970065  -1.03232235  -0.89050973	  10.77348418  -48.75977957 -980.81935815    9.17776165  -20.82883624    2.66914153	180.80308801	0	0.00000000	0.00000000	0.00000000	 0.35111035 -0.09808679  0.01404461	-0.17790671  0.11150766 -0.17294063	  -0.12594097   -6.94713331   12.26436450   -3.27680676    7.78065179    3.78410012    7.47764525  -53.75246236  -26.22690487 -104.93160155    9.74851657  -10.94231226	 0.03339475  0.04170893 -0.36346900  0.70470297 -0.37658453 -0.03069495  0.02774811  0.03671582 -0.19438601  0.54872018 -0.36014026  0.00343612	
0.00400000	0.38527396	0.00041323	-18.59440231  -3.15414023  -3.24312282   0.28115419   0.91852105  -1.04928255	   1.06859171  -93.66735840 -941.08630371    0.17300273    8.83992100   -0.44057125	-16.35798792  -3.75209383 -27.52712368   0.63112882  -0.89996801  -0.90993836	   8.69777211  -45.59434408 -971.80402874    8.68297600  -19.65303452    1.79224106	181.27636229	0	0.00000000	0.00000000	0.00000000	 0.35373930 -0.09575781  0.01418617	-0.18751052  0.08722577 -0.21701135	   0.17388645   -6.96512746   11.24153547   -0.51651363    7.88376267    3.66451795    6.92279750  -55.83911316  -26.66552199 -103.66301188   10.36031544  -10.48052270	 0.03339475  0.04246058 -0.36492628  0.69738585 -0.37447530 -0.03012738  0.02776382  0.03821145 -0.19255289  0.54845172 -0.36026299  0.00339010	
0.00399200	0.38795161	0.00043371	 -28.94057083  -33.14824677 -143.95486450    4.00026131  -11.71131039    0.22167629	 -16.36400604  -94.74905396 -885.71405029    0.15651567   10.64404774   -1.39669418	-21.77654051 -18.31700104 -89.71387153   3.92183147  -7.52081245   0.07970655	   0.24680658  -45.21425007 -953.37895623    8.41052984  -18.23966670    0.94859816	181.62919996	0	0.00000000	0.00000000	0.00000000	 0.35932913 -0.09220180  0.01442148	-0.17842693  0.11031042 -0.21888676	   0.05152077   -6.70285251   10.76568670    1.75685246    7.96276693    3.73313630    5.20705150  -57.75331652  -26.38520679 -102.93307751    9.80058816  -10.29509503	 0.03339475  0.04321990 -0.36626086  0.69006878 -0.37243512 -0.02950612  0.02778738  0.03958436 -0.19075046  0.54831368 -0.36037037  0.00334408	
0.00399200	0.39065206	0.00047506	  19.06770134  -20.45712280 -267.81753540    6.37104082  -32.08715057    3.05898690	  -5.26703835  -90.38397980 -801.95147705    0.10295795    9.67743015   -1.60550404	   2.88787261  -19.89964309 -201.47142473    8.65307073  -24.01692817    1.57414692	  -4.54492319  -46.37879722 -878.78367319    7.86675974  -15.77292816    0.51854471	181.98343562	0	0.00000000	0.00000000	0.00000000	 0.36526178 -0.09140355  0.01319393	-0.18966373  0.10041956 -0.21412953	   0.30860123   -6.93033683    9.59181015    4.67048421    7.96765188    3.48672826    4.47761472  -58.17463838  -26.70960410 -102.16967730    9.96294730  -10.38694974	 0.03337941  0.04402524 -0.36748803  0.68281305 -0.37037960 -0.02887718  0.02780309  0.04077320 -0.18910144  0.54828298 -0.36049309  0.00332107	
0.00400000	0.39340287	0.00049817	  50.10998535   -4.56067085 -348.64108276    7.33725643  -42.44792175    4.92425728	   8.55785942  -90.38804626 -768.66040039    0.07844104    8.46062183   -1.90520227	  47.44612724    0.46671780 -315.74877358   11.10682147  -41.02521354    3.37008237	   5.36599438  -47.67255454 -821.82181329    7.63668635  -14.41403940    0.19159564	182.74804965	0	0.00000000	0.00000000	0.00000000	 0.36962772 -0.08796802  0.00973134	-0.18696627  0.06324718 -0.21250460	   0.71239312   -7.33449385    9.16237055    6.74675759    7.08429733    3.60910430    3.98428356  -58.64978883  -26.94341088 -102.11018719    8.92044591  -10.48800837	 0.03335641  0.04487660 -0.36865386  0.67574906 -0.36816299 -0.02834796  0.02779523  0.04170893 -0.18737571  0.54828298 -0.36060047  0.00332107	
0.00400000	0.39617941	0.00051478	  71.20645905   -4.24195862 -493.72122192    7.34561062  -50.62352753    4.32397556	  21.04855347  -98.34207153 -733.84545898   -0.95326519    7.97317028   -2.57566142	  87.67816400   15.11039201 -431.90126584   12.38473863  -52.53758950    3.76142618	  16.36881433  -51.74285057 -784.89977776    7.27522616  -13.20811217   -0.11069490	182.96898268	0	0.00000000	0.00000000	0.00000000	 0.37265375 -0.08288398  0.00578706	-0.18696627  0.06324718 -0.21250460	   1.20672464   -8.11197697    8.33710169    8.24858730    5.26032742    4.05282854    3.60677215  -58.60255835  -27.59287104 -101.84889365    8.16528465  -10.50752061	 0.03326437  0.04568961 -0.36979666  0.66912228 -0.36542484 -0.02804116  0.02778738  0.04245291 -0.18570368  0.54817557 -0.36067715  0.00332107	
0.00398400	0.39896548	0.00053512	 112.18266296  -28.83491135 -546.09960938    6.65280485  -58.73704147    1.82338190	  22.78403091  -98.84341431 -712.32849121   -1.25831175    8.12316608   -2.59811425	 124.94854610    6.68292400 -524.56366890   13.92529175  -61.51788134    2.29693555	  21.09987217  -55.51391447 -755.29413328    6.80894749  -12.09148202   -0.31971483	183.64947173	0	0.00000000	0.00000000	0.00000000	 0.37498555 -0.07739536  0.00199727	-0.18696627  0.06324718 -0.21250460	   2.13476036   -8.30354302    7.66465574    8.58225978    1.60031190    5.19547142    2.89130395  -56.82006599  -28.01368861 -102.88949891    6.94893421  -10.55415363	 0.03311864  0.04650262 -0.37091649  0.66359228 -0.36217278 -0.02794912  0.02778738  0.04289776 -0.18404698  0.54799920 -0.36071551  0.00333641	
0.00400800	0.40178752	0.00059030	 108.28806305  -38.35303879 -590.96337891    6.31395912  -65.99884033    3.12467360	  27.20590019  -95.36584473 -668.86724854   -1.35294819    8.13176918   -2.43939114	 153.95429867   -6.79700821 -573.28861885   15.13239653  -70.52539389    2.41095747	  24.36140902  -56.60854216 -721.41286093    6.30022215  -10.77442233   -0.30453923	183.85416085	0	0.00000000	0.00000000	0.00000000	 0.37948386 -0.06107734 -0.00510541	-0.03008937 -0.00075800 -0.29128094	   2.55515395   -8.26719416    6.75674243    8.14777831   -2.94960766    6.32244601    1.36523937  -54.43643080  -28.49244196 -102.88322863    7.11102309  -11.02576067	 0.03299592  0.04718524 -0.37191355  0.65956557 -0.35829180 -0.02793378  0.02778738  0.04302815 -0.18234426  0.54776144 -0.36073086  0.00337476	
0.00398400	0.40465754	0.00065274	  92.77555847  -10.22686577 -601.71594238    6.89379549  -64.13680267    6.47508383	  41.78180695  -66.64604950 -645.17071533    0.08728707    7.99856853   -1.99825549	 141.02804797   -0.96581199 -614.15172881   14.99898000  -74.39363977    3.79144558	  30.68819415  -44.69812243 -691.43217636    5.77360920   -9.57191387   -0.28554239	183.86994596	0	0.00000000	0.00000000	0.00000000	 0.40080780 -0.02251186 -0.01448549	 0.16816568 -0.15526973 -0.54809644	   1.26337895   -8.50138787    5.43654480    4.99104850   -8.99412677    7.68805523   -3.03709614  -51.96593030  -28.43799079 -103.32418308    7.58156375  -11.01753860	 0.03290388  0.04766077 -0.37271890  0.65694249 -0.35377425 -0.02792612  0.02777953  0.04285941 -0.18058018  0.54746228 -0.36073852  0.00340544	
0.00399200	0.40760142	0.00072230	 125.69855499    7.21761751 -541.14923096    7.25792789  -62.09111786    5.94109678	  51.45618439  -57.93275452 -667.51312256    0.80303454    8.65024376   -1.46319175	 144.98335958   22.52807190 -591.67256871   13.60081796  -73.07249424    4.85474778	  39.58441712  -27.78892452 -686.77162890    5.50772244   -8.53974831   -0.16727025	183.12354550	0	0.00000000	0.00000000	0.00000000	 0.41589933 -0.02132882  0.01722586	 0.18054117 -0.12179238 -0.56881135	  -3.17191272   -8.42324135    2.20537383    1.09394641  -14.50922732    9.08633103  -13.24197847  -48.71534223  -27.09293491 -103.89600595   10.57654440  -10.73099102	 0.03278116  0.04779116 -0.37307173  0.65562326 -0.34871212 -0.02791844  0.02777167  0.04246825 -0.17870872  0.54704046 -0.36073852  0.00338243	
0.00399200	0.41062257	0.00071660	 115.01794434   -4.67223024 -501.52050781    6.88302660  -52.83811951    4.16675758	  64.40128326  -54.47916412 -679.66198730    0.35725611    9.10638237   -1.46131623	 145.56319515   24.92224769 -541.66987912   12.55334247  -64.85227379    3.76575371	  50.77432471  -16.90259036 -700.25802042    4.99472242   -7.49062248   -0.26205324	183.43542255	0	0.00000000	0.00000000	0.00000000	 0.41313615 -0.02821423  0.03535255	 0.05299770  0.01475734 -0.40847984	  -5.34255455   -8.11822480   -0.45048384   -5.26374888  -22.28602130   10.49529117  -18.35663717  -45.29210650  -27.84793286 -102.74719808   15.53569596   -9.29592129	 0.03254339  0.04762242 -0.37307173  0.65555423 -0.34358093 -0.02796446  0.02772455  0.04207708 -0.17670688  0.54654956 -0.36069250  0.00323670	
0.00399200	0.41363743	0.00072746	  92.64515686  -20.93273926 -368.87918091    5.46978331  -40.59559631    0.10717426	  70.19087219  -68.96900177 -709.84991455   -0.90480888    9.57167149   -2.28799820	 122.08583788    8.26873169 -462.81464390   11.66443364  -53.39085294    1.21563383	  58.34111993  -19.11909058 -721.87327337    4.65112600   -7.11205604   -0.33532185	183.50598990	0	0.00000000	0.00000000	0.00000000	 0.39698985 -0.03300069  0.04850561	-0.02349005  0.00746232 -0.43957762	 -4.74883875  -8.44759215  -3.36520195 -11.26316158 -29.69326460  11.51384119 -17.90773717 -41.34135242 -30.92636729 -99.90774817  22.53909559  -8.62833342	 0.03222893  0.04723126 -0.37271124  0.65661269 -0.33780551 -0.02799514  0.02755962  0.04177796 -0.17455931  0.54618144 -0.36059278  0.00305262	
0.00400800	0.41667321	0.00069908	  50.10365295  -13.44765186 -276.51318359    4.90120745  -29.89535332    1.11470139	  54.71021652  -85.43813324 -722.38470459   -2.54208946   11.29083252   -3.83258414	  92.06325173   -2.07000112 -371.97099498   10.25299152  -43.23392646    0.56723688	  57.13360889  -29.90849970 -737.78695859    4.15100307   -6.82323294   -0.97776422	184.99062183	0	0.00000000	0.00000000	0.00000000	 0.39470175 -0.01133282  0.04947295	-0.01488152 -0.03344488 -0.49954357	 -6.35344928  -8.20508297  -5.92520885 -17.61900760 -37.05282888  12.40580366 -20.72933002 -38.43828181 -31.71767702 -96.57815040  29.87327515  -8.90150447	 0.03189912  0.04670971 -0.37203628  0.65839207 -0.33179998 -0.02793378  0.02723760  0.04167058 -0.17231970  0.54595900 -0.36039338  0.00295291	
0.00398400	0.41966414	0.00061740	  12.52939224    0.33086649 -243.77395630    5.48182297  -19.77453423    1.87195909	  29.86931801  -91.46578979 -729.49835205   -3.30566335   14.54406643   -4.26980305	  45.21493034    4.06166491 -296.07786672    8.28784997  -31.68970655    1.08315679	  34.64207671  -44.53039624 -750.26511777    3.62024677   -5.83323807   -1.56775263	184.32251269	0	0.00000000	0.00000000	0.00000000	 0.39559824 -0.00449029  0.06503932	 0.06207607  0.00563685 -0.51310343	 -7.89517055  -9.06576025  -7.89350391 -24.15511985 -43.66880348  12.93352886 -23.35195031 -36.34507438 -32.40605868 -92.75046659  37.17651897  -9.33371879	 0.03160000  0.04609611 -0.37119260  0.66050130 -0.32583278 -0.02770369  0.02679778  0.04171660 -0.17010309  0.54575956 -0.36006355  0.00297592	
0.00400800	0.42257759	0.00047681	 -19.03752136    2.24404192 -146.14953613    5.31001949   -9.40441990    0.63614261	  -7.79667568  -92.09040070 -754.08850098   -3.39646482   19.22119904   -5.90945292	   3.46852061    5.00342814 -223.46584848    7.13759722  -21.52366857    0.85546062	   2.26846478  -49.30208707 -767.78026434    3.20685451   -4.56525463   -2.68339516	183.78353093	0	0.00000000	0.00000000	0.00000000	 0.39732535 -0.01098328  0.08686973	 0.08350000  0.17073468 -0.40860385	 -9.25717719  -9.40031090  -8.12865916 -29.60102453 -47.95543370  13.50778198 -25.44068611 -34.71176788 -31.34770970 -89.15592045  44.34571479 -11.61824566	 0.03127019  0.04546718 -0.37028754  0.66264886 -0.32017240 -0.02739689  0.02622444  0.04190068 -0.16792484  0.54552180 -0.35964173  0.00319835	
0.00398400	0.42532149	0.00026610	 -24.45051003   -1.69601059 -102.83746338    4.22513485   -5.03693438   -1.31196439	 -10.34970284  -79.32076263 -758.56829834   -2.68088555   20.34406471   -6.43987751	 -15.33558576    2.98409432 -164.48453910    6.03714378  -14.47978793   -0.31519471	 -17.25243639  -45.58356191 -778.63984510    2.98482284   -3.65239210   -3.55150607	184.08467754	0	0.00000000	0.00000000	0.00000000	 0.39343723 -0.01441392  0.07581135	 0.04259453  0.07311615 -0.37417442	 -9.14550944 -10.36023541  -7.51342394 -34.47683746 -50.36086545  13.33111308 -23.68343466 -31.72131367 -31.27463467 -85.10275560  50.37049859 -13.05233314	 0.03087903  0.04485359 -0.36938250  0.66459703 -0.31508726 -0.02701340  0.02548617  0.04215378 -0.16583863  0.54524571 -0.35909715  0.00351282	
0.00400000	0.42784008	0.00002531	-24.19458961  -5.04608536 -75.85988617   3.28190351  -2.90499902  -2.12035799	  -5.52955580  -74.86424255 -759.22424316   -2.29867244   20.43351936   -6.80263281	 -21.51815030   -2.47650673 -120.46011694    4.76948742   -9.24282007   -1.59471926	 -23.06601548  -37.26078215 -783.59223915    2.89696513   -2.90871972   -4.37870609	184.62720489	0	0.00000000	0.00000000	0.00000000	 0.38937192 -0.00890300  0.07270504	-0.05164705  0.07012394 -0.45213660	 -9.69882003 -10.04884000  -6.12736715 -38.32362601 -49.52292110  13.32944973 -22.31257170 -29.92628712 -29.64657410 -81.42880463  52.98464467 -13.27488279	 0.03048019  0.04431669 -0.36847743  0.66612333 -0.31075376 -0.02646116  0.02459867  0.04252194 -0.16386746  0.54497725 -0.35839918  0.00377359	
0.00399200	0.43008661	0.00000000	-12.83778095 -14.64676285 -55.62349701   1.23521221  -1.71088016  -1.78517008	   7.30935812  -73.31252289 -754.71331787   -2.49241042   20.15814972   -7.62752151	-17.78391691  -8.58385989 -93.29606933   3.43674251  -6.06028308  -1.78816739	 -18.25151296  -32.40688228 -782.71836896    2.69657807   -2.34491550   -5.16167330	185.15820862	0	0.00000000	0.00000000	0.00000000	0.38522992 0.00136597 0.07327999	-0.07175966  0.07954996 -0.47888163	-10.96302421  -8.82511609  -3.63054213 -40.82013686 -47.03444529  13.15501790 -22.54417048 -26.83504252 -26.05699612 -77.36634390  54.89981796 -13.25764125	 0.03012738  0.04391786 -0.36754939  0.66735053 -0.30717191 -0.02570184  0.02356979  0.04310485 -0.16205737  0.54473948 -0.35750949  0.00393466	
0.00400000	0.43230945	0.00000000	 -6.13075686 -23.57793999 -45.28852463   0.26270965  -1.72060978  -0.36657766	   8.62680435  -75.73862457 -754.20495605   -2.92701626   20.75715637   -7.90154839	 -9.94994175 -14.97907403 -79.08297209   2.46794280  -4.49007391  -0.75339921	 -14.75899857  -33.45549619 -779.93477989    2.42043046   -1.59339587   -5.50956936	185.45795736	0	0.00000000	0.00000000	0.00000000	0.38132098 0.00971805 0.06640109	-0.07175966  0.07954996 -0.47888163	-11.97821819  -8.17981470  -1.11245030 -42.98786169 -44.04063298  12.86449215 -20.96989452 -26.98660446 -23.29315008 -74.16917701  52.82513571 -12.92752875	 0.02979757  0.04368776 -0.36666736  0.66812521 -0.30421901 -0.02466641  0.02242311  0.04385650 -0.16040067  0.54455543 -0.35638201  0.00398835	
0.00398400	0.43452337	0.00000000	  0.84651786 -13.23671436 -44.38407135   0.67107785  -1.75710797   0.54264063	  10.38401508  -73.57809448 -747.88842773   -3.13825536   21.71226501   -8.04291725	 -3.52406713 -12.06951213 -73.41344207   1.92517388  -3.79692158   0.05170289	 -16.71156051  -32.48878607 -778.36183692    1.94153237   -0.80587371   -5.73614597	185.80595281	0	0.00000000	0.00000000	0.00000000	0.37850974 0.01227059 0.05917114	-0.04745183  0.10332837 -0.38180933	-13.03803950  -7.72381862   1.33873144 -45.16717882 -41.15327378  12.26770652 -19.18760654 -27.44471724 -20.72347535 -70.70914537  50.29143746 -12.71903014	 0.02943709  0.04362641 -0.36571628  0.66841668 -0.30185667 -0.02332417  0.02115862  0.04476922 -0.15885901  0.54443270 -0.35500142  0.00398835	
0.00400000	0.43674624	0.00000000	  5.07768202   0.65064782 -49.50050354   1.79806542  -2.52993941   0.22339243	  11.71821022  -67.66808319 -742.75366211   -2.82906485   22.10043716   -7.99274349	  0.18376423  -3.79974524 -72.22291829   1.80706030  -3.71353164   0.19646706	 -15.58350495  -27.86037373 -772.62989862    1.63418329    0.04007189   -5.85654566	184.95890257	0	0.00000000	0.00000000	0.00000000	0.37891864 0.00927655 0.04751207	-0.00431058  0.05852581 -0.32536003	-12.14016613  -8.04635440   4.85472087 -46.49389850 -37.69391595  11.38714851 -13.18966433 -30.09449698 -19.62429712 -68.76641293  42.93000301 -12.68939364	 0.02901524  0.04368776 -0.36472687  0.66826326 -0.30004659 -0.02173650  0.01981559  0.04574330 -0.15740940  0.54440969 -0.35342911  0.00398835	
0.00398400	0.43896016	0.00000000	  9.41180992  -1.91558361 -63.60801697   2.09219503  -3.63263941   0.79046834	   8.33463764  -55.30915451 -738.84747314   -2.22243619   23.10403252   -8.74135208	  3.43471154   1.36086477 -77.24040413   2.12634979  -4.47951021   0.20000275	 -19.07126660  -20.74628022 -767.97573693    1.41671408    0.88419558   -6.43181347	184.91828582	0	0.00000000	0.00000000	0.00000000	0.38158805 0.01603990 0.04014211	-0.00173933  0.07070702 -0.36409997	-11.82211835  -8.30391669   7.36968621 -47.28694653 -34.65261772  10.23123750  -9.16779031 -31.47036814 -18.78314195 -66.81617691  37.20725100 -12.59704798	 0.02858573  0.04385650 -0.36363775  0.66766500 -0.29870436 -0.01997242  0.01847256  0.04674039 -0.15614387  0.54441732 -0.35170338  0.00397301	
0.00400800	0.44118747	0.00000000	 10.44983387 -13.54251575 -77.67302704   1.93635178  -4.66610622   0.75351161	   6.12287092  -50.24764252 -734.19317627   -1.85535288   23.55679131   -9.47478390	  8.50169987  -3.72915813 -93.59870851   2.80999902  -5.75930014   0.57136058	 -24.73897076  -12.00118025 -761.41172849    1.22468058    1.71868364   -7.28820939	184.42336408	0	0.00000000	0.00000000	0.00000000	0.38647770 0.01561712 0.03753397	-0.05848041  0.09170393 -0.37604042	-12.97758202  -7.04201592   8.53737014 -47.39831170 -31.12007863   9.29741706  -8.68608408 -33.42188271 -16.30937338 -66.15875388  30.63769055 -12.12820210	 0.02811786  0.04406359 -0.36236453  0.66669858 -0.29781464 -0.01810864  0.01737300  0.04760708 -0.15487067  0.54443270 -0.34994698  0.00391932	
0.00398400	0.44340140	0.00000000	  15.49581909  -26.38054466 -113.08172607    2.34194279   -7.32961321    1.83021796	  18.67636108  -44.35099030 -721.74346924   -1.53533399   23.23263168  -10.63474274	  12.59725049  -13.26873845 -118.50179840    3.86713412   -8.00896736    1.22821913	 -22.29732876   -6.44559409 -752.49515490    1.03016185    2.60074640   -8.43391647	183.89902658	0	0.00000000	0.00000000	0.00000000	0.39198132 0.00618877 0.03667644	-0.04744048  0.11812455 -0.26728848	-14.21127865  -5.52095665   8.20363476 -46.51974710 -27.04803694   8.31256274  -9.34341942 -34.20467301 -14.64208335 -66.10532604  25.34654303 -11.37784001	 0.02758864  0.04424767 -0.36088425  0.66541773 -0.29727775 -0.01610680  0.01642267  0.04841242 -0.15365115  0.54444033 -0.34817523  0.00381194	
0.00399200	0.44561979	0.00000000	  22.75053978  -22.80352783 -145.42675781    3.10170889   -9.98263264    2.34235597	  31.08844948  -40.87142944 -712.10589600   -1.08476055   22.20346260  -11.26041508	  17.47486938  -15.81849474 -145.38682522    4.77115123  -10.63874641    1.92426673	 -14.39891654   -1.21321871 -742.49408420    0.97866391    3.05129749   -9.29812632	183.29117927	0	0.00000000	0.00000000	0.00000000	 0.39155160 -0.00311262  0.03186768	-0.05230930  0.12626632 -0.23608872	-13.52321269  -4.37162319   8.40611467 -45.35050514 -24.25851527   6.85948682  -7.36640272 -35.01938279 -13.98799141 -66.59393117  20.96850204 -10.51862660	 0.02693670  0.04443941 -0.35919687  0.66386074 -0.29703230 -0.01414330  0.01566869  0.04902602 -0.15244699  0.54444802 -0.34649551  0.00365087	
0.00400000	0.44784266	0.00000000	  27.61613846  -18.80751610 -168.29943848    4.07102680  -12.35689068    2.97118568	  39.74640274  -41.92960739 -702.62994385   -1.11048830   21.61631203  -11.54630375	  22.92200394  -12.84837027 -176.21685113    5.81707877  -13.92759709    2.58407069	  -4.30739385    0.66609557 -732.91700544    0.97962569    3.36019673   -9.89578100	182.98751582	0	0.00000000	0.00000000	0.00000000	 0.39219583 -0.00817388  0.02469693	-0.06516155  0.12129434 -0.20430613	-13.80800836  -2.20879685   8.35249984 -43.23955590 -22.63801017   5.55967392  -8.73667803 -33.37060638 -11.74738656 -63.06604255  20.42180918  -9.05649808	 0.02620806  0.04460815 -0.35728705  0.66207361 -0.29697096 -0.01200340  0.01505608  0.04944786 -0.15125048  0.54444802 -0.34489250  0.00338243	
0.00399200	0.45006102	0.00000000	  36.96673965  -27.13205528 -216.75337219    5.30389071  -16.85165215    3.11145353	  43.98330688  -46.43259811 -694.97369385   -1.42315185   21.68384933  -11.89606380	  30.98376115  -12.01695986 -212.91685089    7.20425328  -17.81794851    2.85617087	   1.46990422   -0.67815342 -724.79934102    0.86757818    3.82295958  -10.22526303	182.83613207	0	0.00000000	0.00000000	0.00000000	 0.39342179 -0.00919875  0.01949937	-0.08911611  0.08823192 -0.21381363	-12.68795328   0.29186913   7.18694241 -38.57004835 -20.67886093   4.61954686  -9.53302812 -32.05685086 -10.94074743 -60.06488376  21.72589836  -8.04450053	 0.02545641  0.04476922 -0.35518551  0.66017151 -0.29702464 -0.00990951  0.01453772  0.04966262 -0.15006164  0.54444802 -0.34340453  0.00307563	
0.00399200	0.45227942	0.00000000	  45.83229446  -32.27581406 -254.54852295    5.96055079  -20.12219429    3.10871744	  43.06038284  -47.27072906 -691.25451660   -1.63631880   22.30956268  -12.36082172	  38.01619043  -14.88536868 -250.68269624    8.59572326  -21.55833592    2.88913125	   0.99363080   -2.75820316 -720.41457838    0.75082392    4.28288217  -10.53873839	182.32597363	0	0.00000000	0.00000000	0.00000000	 0.39539051 -0.00912711  0.01654873	-0.07916202  0.15270102 -0.21842033	-13.53126451   2.07626750   4.93491196 -34.56169980 -19.00981159   3.73479286 -11.63218001 -28.83585151 -10.82626494 -57.20309197  24.96175841  -7.48901576	 0.02462806  0.04496864 -0.35286152  0.65825403 -0.29712436 -0.00790000  0.01411360  0.04974699 -0.14882678  0.54447871 -0.34210065  0.00280718	
0.00400000	0.45450228	0.00000000	  43.94100952  -37.38495255 -277.54159546    6.07908106  -21.58144569    3.73101997	  43.74629974  -47.34241486 -687.30895996   -1.69339764   22.52705383  -12.56885338	  40.49904560  -19.79804604 -286.05526934    9.67296116  -25.23323792    3.17253261	  -0.28131099   -5.73397519 -715.05515075    0.62643769    4.92667270  -10.76241988	182.24816285	0	0.00000000	0.00000000	0.00000000	 0.39843887 -0.00786585  0.01121949	-0.04913667  0.15821656 -0.20338403	-13.05352181   3.01142571   3.70996076 -31.23046815 -17.90767296   3.36792672 -13.86179614 -26.89786833 -10.80197886 -53.35614053  29.71512266  -7.31180996	 0.02370000  0.04519873 -0.35036114  0.65645158 -0.29715502 -0.00601320  0.01383871  0.04976233 -0.14753824  0.54454005 -0.34081978  0.00261544	
0.00399200	0.45672065	0.00000000	  18.55970764  -40.94012833 -317.62133789    6.61256218  -22.08917809    2.97729111	  39.57988739  -50.72844315 -685.08734131   -1.81222796   23.39153290  -13.13581944	  29.73416957  -22.26136848 -318.81470787   10.43492315  -28.19260031    2.99705699	  -4.04409103   -8.24634723 -711.86736316    0.61721368    5.48628199  -11.12735349	182.15323628	0	0.00000000	0.00000000	0.00000000	 0.40267672 -0.00440007  0.00433184	-0.04336989  0.11288505 -0.22080169	-12.38920528   3.16836404   3.20898104 -29.17934657 -17.16722246   3.18108278 -16.12279589 -24.77328346 -10.60917863 -48.85161218  34.74831550  -7.44876346	 0.02269524  0.04544417 -0.34768435  0.65490997 -0.29713202 -0.00425680  0.01373661  0.04976233 -0.14619601  0.54462445 -0.33960027  0.00251573	
0.00399200	0.45893905	0.00000000	  -8.12521553  -38.53242874 -345.27438354    7.68310404  -21.47993279    0.90135694	  36.59962082  -53.23248672 -684.70739746   -2.02334023   24.29681778  -13.32663918	   5.73142687  -23.20125960 -348.52794105   11.31093982  -30.68277093    1.56104149	  -8.82767556  -11.45494285 -710.91671902    0.57487279    6.08978794  -11.33108750	182.32525592	0	0.00000000	0.00000000	0.00000000	0.40696026 0.00003484 0.00328650	-0.04336989  0.11288505 -0.22080169	-11.50990831   4.04273034   1.79860743 -28.98952630 -17.54245200   3.70806203 -19.31254545 -23.82538705 -12.08105725 -45.41734759  39.76135777  -7.80937155	 0.02151408  0.04570495 -0.34483880  0.65368277 -0.29699397 -0.00263845  0.01377588  0.04980835 -0.14479242  0.54473948 -0.33841142  0.00250039	
0.00400000	0.46116191	0.00000000	 -42.78134155  -35.49528885 -370.55191040    8.89878082  -20.24691772   -1.30308723	  30.22006416  -57.25148773 -687.38989258   -2.15880132   25.49500275  -13.43799686	 -28.03219354  -22.04281352 -377.18230958   12.29274910  -32.78757051   -0.80302467	 -16.75741362  -15.16283400 -711.47898725    0.55090950    6.74875294  -11.34195246	182.10261756	0	0.00000000	0.00000000	0.00000000	0.41119948 0.00242674 0.00349811	 0.00078310  0.15681704 -0.22797518	-10.11742942   4.09403796   0.38843629 -30.23823060 -18.64105394   4.40397922 -21.97078990 -22.73073282 -14.73733947 -41.88889743  45.91992912  -8.33178399	 0.02027155  0.04592738 -0.34186289  0.65280074 -0.29684824 -0.00118116  0.01384657  0.04991572 -0.14335048  0.54489285 -0.33721492  0.00253874	
0.00399200	0.46338031	0.00000000	 -68.48832703  -22.65728951 -392.61636353   10.28565121  -19.40010452   -2.34123421	  27.19069290  -53.61918259 -691.32800293   -1.87466717   26.45818710  -13.16896915	 -56.91695534  -13.44156297 -397.85675940   12.93109784  -34.29688198   -2.60984699	 -24.17322443  -16.17774062 -713.61415067    0.55635457    7.40234085  -11.29149060	182.79270433	0	0.00000000	0.00000000	0.00000000	0.41343681 0.00180155 0.00099373	-0.00542857  0.12757451 -0.19396158	 -9.60194876   4.75686708  -0.36419721 -30.25062302 -18.26691393   5.30850355 -24.45897865 -22.48746713 -15.27347401 -37.13897736  51.86534484  -9.05637517	 0.01903670  0.04608077 -0.33878726  0.65214878 -0.29673317  0.00009971  0.01386227  0.05006145 -0.14190853  0.54509997 -0.33595705  0.00263845	
0.00399200	0.46559867	0.00000000	 -75.30307007  -15.54361629 -400.26348877   11.08265114  -19.48870850   -3.22059131	  26.79900360  -50.09637833 -697.01275635   -1.45661032   27.52361679  -13.01236534	 -76.87026812   -3.45379466 -411.97966296   13.29476513  -35.44845727   -4.13627719	 -27.53232364  -11.56500703 -716.35589118    0.51278693    8.17588295  -11.19083486	182.71732886	0	0.00000000	0.00000000	0.00000000	 0.41547708 -0.00076789 -0.00473053	 0.00451774  0.13133245 -0.17902348	 -7.42456579   4.45469142  -0.86636365 -31.43965857 -18.34406370   6.64965152 -24.75096309 -22.01839077 -16.81047138 -32.61983160  57.20300470  -9.32512881	 0.01783252  0.04614980 -0.33571929  0.65165025 -0.29670250  0.00108146  0.01380730  0.05025320 -0.14049727  0.54534543 -0.33462250  0.00274583	
0.00399200	0.46781707	0.00000000	 -72.36263275  -12.67353821 -406.71401978   11.37565041  -19.77647018   -4.06743526	  26.57228279  -50.78449631 -698.35314941   -1.43649316   28.45536804  -13.03211784	 -84.73648949    3.01276865 -422.46604345   13.53102200  -36.20445047   -5.46231999	 -31.80178773  -10.44839068 -720.69357818    0.62118120    9.17928086  -11.10502331	183.19949384	0	0.00000000	0.00000000	0.00000000	 0.41954401 -0.00384937 -0.00836317	-0.00892554  0.08806539 -0.16069116	 -5.65747019   4.89925295  -0.97940218 -33.25735264 -18.12684167   8.55451016 -24.60808951 -21.72014524 -17.17791199 -29.37709351  60.10834592  -9.29561519	 0.01667437  0.04614980 -0.33270502  0.65125906 -0.29674852  0.00175641  0.01372876  0.05048330 -0.13910136  0.54565984 -0.33311918  0.00283019	
0.00399200	0.47003546	0.00000000	 -59.81970215  -20.47552299 -414.12948608   10.73271751  -20.76281929   -4.42179489	  28.13377380  -49.21092606 -701.48199463   -1.24114871   29.61181641  -13.01704502	 -81.71922568    1.88724577 -431.29116073   13.52207084  -36.69187290   -6.19612190	 -34.10888535   -9.40367222 -723.13452300    0.65472666   10.19159668  -11.03430944	182.92244833	0	0.00000000	0.00000000	0.00000000	 0.42615143 -0.00643117 -0.01241728	 0.00061248  0.08791270 -0.15695771	 -4.20640347   5.51978198  -0.81748135 -34.89557497 -17.37849775  10.59880512 -24.66565063 -21.94667752 -17.09557776 -26.10947486  63.16944963  -9.29003084	 0.01558524  0.04608844 -0.32983649  0.65099061 -0.29686356  0.00211689  0.01366592  0.05076708 -0.13774377  0.54612005 -0.33143950  0.00286854	
0.00400800	0.47226277	0.00000000	 -49.54164886  -24.65283394 -414.15283203   10.06524944  -21.32585716   -4.13401604	  29.27879715  -52.30404663 -700.01000977   -1.30986369   30.52616310  -13.12427902	 -74.08863232   -2.20968514 -434.63898672   13.36579810  -36.89689467   -6.13121718	 -36.03662719   -9.61059045 -723.84768335    0.68810450   11.13843514  -11.01377147	183.35504591	0	0.00000000	0.00000000	0.00000000	 0.43388684 -0.00777776 -0.01073553	-0.00179403  0.05046215 -0.15153355	 -3.46020729   7.26284909   0.25768261 -37.08538097 -16.38538065  12.52269695 -24.39877872 -22.28139673 -16.16394286 -24.29619024  63.42458789  -9.13657144	 0.01458815  0.04598873 -0.32718268  0.65082955 -0.29699397  0.00229330  0.01361880  0.05110456 -0.13642456  0.54674900 -0.32956803  0.00286854	
0.00398400	0.47447670	0.00000000	 -44.33364105  -23.25269508 -412.38232422   10.04049015  -21.70643997   -4.33287621	  32.16759109  -52.66177368 -697.54705811   -1.16648531   31.36154175  -13.16530609	 -65.88465572   -3.04053568 -433.66258728   12.97144545  -36.87966439   -6.07782231	 -37.35081277  -10.48081476 -722.40167411    0.75136551   12.35614654  -11.02960390	182.95146307	0	0.00000000	0.00000000	0.00000000	 0.44130240 -0.00939540 -0.01055604	 0.00378246  0.02884958 -0.11182537	 -3.26566459   8.65201971   1.15895415 -39.29700436 -15.80362779  14.21692112 -24.48126863 -23.25939420 -15.64702374 -21.97100818  63.56599609  -9.10638270	 0.01370612  0.04590436 -0.32472065  0.65075284 -0.29708600  0.00240068  0.01355597  0.05147272 -0.13512067  0.54756200 -0.32747415  0.00286854	
0.00400000	0.47669956	0.00000000	 -41.58378983  -24.08811951 -408.54766846    9.83175755  -21.10424995   -4.47746754	  39.75048447  -51.42829514 -695.61865234   -0.92880744   32.07865524  -13.16556263	 -62.07871536   -5.13486360 -432.49942971   12.80847793  -36.45381691   -6.10441316	 -34.69825769  -11.57073216 -720.73954434    0.83407476   13.52389280  -10.98391246	183.30954537	0	0.00000000	0.00000000	0.00000000	 0.44673936 -0.01064413 -0.01493946	-0.02324298 -0.05112943 -0.14434859	 -2.76850462   9.99685555   2.91634872 -42.97374261 -16.50359302  14.99100995 -22.75123494 -24.33070075 -14.03449750 -20.68714859  61.02250558  -9.05459550	 0.01296213  0.04588136 -0.32241967  0.65073752 -0.29712436  0.00250806  0.01348528  0.05185621 -0.13379377  0.54855907 -0.32518086  0.00286087	
0.00398400	0.47891349	0.00000000	 -42.34588242  -20.79638481 -404.43368530    9.85632324  -20.56624794   -3.98466301	  49.12680054  -51.08085251 -684.64697266   -0.65623748   32.53488159  -12.85690784	 -60.12398559   -3.41322904 -428.72832473   12.48153852  -35.76715756   -5.96176333	 -30.59583188  -11.33928533 -716.93123214    0.90922164   14.73177279  -10.75207976	182.36671187	0	0.00000000	0.00000000	0.00000000	 0.45558532 -0.00929765 -0.00834368	-0.00610879  0.00382185 -0.15266107	 -4.35486404  11.24160742   3.84485136 -46.73707188 -17.27769655  15.82674549 -21.69644889 -25.14666685 -12.76704384 -18.64384031  57.67608362  -8.95586850	 0.01233320  0.04593505 -0.32024911  0.65074521 -0.29711667  0.00265379  0.01339889  0.05222436 -0.13244388  0.54978627 -0.32268047  0.00285320	
0.00400000	0.48113632	0.00000000	 -33.29426956  -21.66822243 -399.51354980    9.59901714  -20.35639381   -3.74281836	  56.86885834  -49.24605942 -680.13519287   -0.41054279   32.83995056  -12.57044601	 -55.78004501   -1.77921390 -423.49548138   12.16785726  -34.87395433   -5.68684666	 -24.91435634   -9.09187987 -709.86270123    1.03889222   16.01537066  -10.50405146	182.07152666	0	0.00000000	0.00000000	0.00000000	 0.46379989 -0.01046030 -0.00199265	-0.01585669  0.02148824 -0.13109416	 -5.66057105  12.07738319   4.96421328 -50.41560158 -17.84209302  16.48327269 -19.63567214 -25.06316635 -10.73464155 -16.54476257  53.59768650  -8.97844868	 0.01176563  0.04608077 -0.31812453  0.65076053 -0.29704764  0.00285320  0.01330464  0.05256184 -0.13104028  0.55125123 -0.31999600  0.00284553	
0.00400000	0.48335919	0.00000000	 -19.34029007  -23.30658531 -394.07534790    9.33358288  -21.06289482   -4.00544357	  64.99816132  -47.83003235 -668.82623291    0.02065569   33.44665909  -12.03376961	 -47.18260639   -2.04004771 -419.16071001   11.97472191  -34.20207576   -5.71913452	 -19.32855893   -7.26989988 -701.56105467    1.18121834   17.30416811  -10.14609498	181.65148166	0	0.00000000	0.00000000	0.00000000	 0.47260723 -0.01342015  0.00179442	-0.03822718 -0.03993462 -0.12064492	 -6.74595039  12.17801099   5.08794582 -54.29156692 -19.08916629  16.69481031 -17.06275550 -24.73707857  -9.81486550 -14.52354209  50.01827764  -8.85481058	 0.01124408  0.04629553 -0.31598464  0.65076053 -0.29697096  0.00311398  0.01321039  0.05285330 -0.12958300  0.55294627 -0.31718114  0.00283019	
0.00398400	0.48557311	0.00000000	  -9.60161495  -23.11591339 -393.33636475    9.22872543  -21.17492867   -3.89827967	  65.58429718  -46.41007996 -654.69677734    0.30037555   34.32043076  -11.42295074	 -37.60179956   -2.24113777 -415.31746016   11.80202719  -33.74482966   -5.76380320	 -18.42594514   -6.80875535 -691.20075318    1.36474595   18.49503687   -9.58298636	180.39064255	0	0.00000000	0.00000000	0.00000000	 0.47360487 -0.01720507  0.01002027	-0.01610522  0.01478382 -0.10654523	 -7.43859194  12.21259839   4.99292314 -58.47352526 -19.89487739  17.03613126 -14.44624537 -24.01526832  -8.70172949 -13.22032237  45.52457811  -8.60587616	 0.01079155  0.04662533 -0.31379104  0.65072984 -0.29690960  0.00339777  0.01312400  0.05309873 -0.12807202  0.55489445 -0.31423590  0.00278417	
0.00400000	0.48779595	0.00002424	  -4.60090780  -18.08692551 -390.39587402    9.32256794  -21.18729210   -3.51476979	  60.72095871  -45.57253647 -642.21954346    0.49253571   35.44414139  -11.01355743	 -29.80522515    0.20353900 -412.75404388   11.56632645  -33.23051960   -5.57276244	 -22.91961487   -5.77377971 -678.15673925    1.47536929   19.79410570   -9.11294598	179.66155034	0	0.00000000	0.00000000	0.00000000	 0.47444300 -0.02130271  0.01898399	-0.01610522  0.01478382 -0.10654523	 -8.82007639  11.97280790   4.37377551 -61.33433516 -20.56418260  17.65314213 -11.84442274 -23.40994873  -8.23903490 -10.88890636  43.25634074  -8.14089587	 0.01042340  0.04705485 -0.31137502  0.65066850 -0.29686356  0.00376592  0.01305331  0.05329815 -0.12655339  0.55706501 -0.31122163  0.00271515	
0.00399200	0.49004129	0.00010032	  -0.70841736  -10.89057922 -388.40280151    9.81894493  -21.16405869   -3.49573469	  53.23107529  -45.25404358 -625.51098633    0.61179000   36.89983749  -10.54702759	 -24.75660041    6.13026829 -410.18474575   11.41340763  -32.81735651   -5.52569543	 -31.02280547   -6.78538750 -662.24003826    1.57371385   21.18493613   -8.57813549	179.60145997	0	0.00000000	0.00000000	0.00000000	 0.47540297 -0.02500189  0.02700245	-0.04879669 -0.02947456 -0.08205584	-10.61192747  12.29768345   3.10860607 -63.44740871 -20.47984698  18.34863518 -10.08716073 -22.48990450  -7.99589241  -9.35849619  40.39611588  -7.68616250	 0.01013194  0.04755339 -0.30898201  0.65057647 -0.29684055  0.00420311  0.01301404  0.05345155 -0.12503475  0.55944270 -0.30822268  0.00261544	
0.00400800	0.49238008	0.00017787	  -3.08243060   -8.69851112 -392.25857544   10.13143826  -20.64122581   -3.57656646	  50.59773254  -44.51817322 -606.60748291    0.67739952   37.63068771  -10.05086517	 -25.62074371   10.94927425 -410.23752363   11.42326994  -32.52085150   -5.74975144	 -37.17193947   -7.52809360 -646.22277729    1.63599918   22.25356090   -8.13730440	178.88970714	0	0.00000000	0.00000000	0.00000000	 0.48047742 -0.02707363  0.02634914	-0.02956161 -0.00808477 -0.04560937	-11.82075794  12.57569883   2.07022806 -64.97935360 -20.23826602  19.02958122  -8.15795951 -22.78650314  -8.43619927  -7.21975573  39.02863834  -7.16534522	 0.00987116  0.04808262 -0.30624387  0.65044606 -0.29683289  0.00470165  0.01302190  0.05355126 -0.12353912  0.56201208 -0.30529279  0.00249272	
0.00399200	0.49479616	0.00026181	  -5.38228607   -6.13578701 -392.13659668   10.44911194  -20.49293900   -3.80427122	  50.55376816  -42.89823151 -586.95562744    0.70737666   37.47573471   -9.43376637	 -28.38224258   14.52070174 -412.77603086   11.47452544  -32.40496565   -6.02838633	 -40.26665489   -8.22411364 -626.61423201    1.59416225   23.10466878   -7.60901952	179.31020585	0	0.00000000	0.00000000	0.00000000	 0.48665005 -0.02506378  0.02599558	-0.04046990 -0.04420775 -0.04925214	-12.50595841  13.30714885   0.64354040 -66.03569250 -20.01913568  19.54913477  -6.12937050 -22.30898497  -9.41671385  -6.26516247  37.38255826  -6.68600750	 0.00961039  0.04861184 -0.30332929  0.65026969 -0.29683289  0.00525388  0.01306117  0.05363563 -0.12218922  0.56478095 -0.30248562  0.00235466	
0.00398400	0.49730107	0.00033672	  -7.04958010   -6.23126030 -397.92694092   10.61733150  -20.34512520   -3.86712074	  52.88008118  -44.97259903 -561.42010498    0.45954818   37.12441635   -8.86820030	 -31.77047206   16.66004155 -415.88077768   11.53807068  -32.46729302   -6.31838934	 -39.74723363  -10.15364303 -605.49684287    1.55215352   23.67549057   -7.04045930	179.60249267	0	0.00000000	0.00000000	0.00000000	 0.49357871 -0.02224524  0.01670486	-0.05915262 -0.08599054 -0.04464032	-13.70060049  14.38943841  -1.08803539 -66.17845551 -18.97645047  19.98287285  -5.17297465 -22.45641694 -10.54206790  -4.46403843  37.70266708  -6.31300452	 0.00938029  0.04911805 -0.30026901  0.65006256 -0.29685590  0.00585981  0.01310044  0.05372000 -0.12082397  0.56773382 -0.29981649  0.00223194	
0.00399200	0.49989370	0.00041295	 -10.83098316   -5.14632988 -406.23980713   10.88392353  -20.22289467   -3.66545773	  57.66387558  -45.56070709 -538.56823730    0.22044630   36.23088837   -8.43638515	 -36.41741089   18.01885307 -421.65550124   11.71951404  -32.66144297   -6.42829427	 -37.53377277  -12.46451855 -582.58178017    1.43172743   24.03059206   -6.46137672	179.73088086	0	0.00000000	0.00000000	0.00000000	 0.49693814 -0.02655207  0.00537740	-0.04990562 -0.09580146 -0.03179606	-14.91260231  15.89491909  -2.90629642 -67.13789128 -18.53702764  20.16163653  -4.19395914 -22.39450594 -12.26322903  -3.43935262  37.38031338  -6.06394724	 0.00918087  0.04958592 -0.29710901  0.64982480 -0.29687890  0.00652709  0.01313185  0.05382738 -0.11956611  0.57088619 -0.29728541  0.00212456	
0.00399200	0.50257105	0.00050137	 -10.68456459   -2.75698733 -411.03573608   11.12672424  -20.44923973   -3.70747137	  61.23512268  -47.18018723 -517.95172119   -0.02272509   35.41586685   -7.93798113	 -39.22149188   19.91697197 -427.78944941   11.88034317  -33.00251187   -6.45281563	 -32.62847777  -14.87942548 -558.06978964    1.27432694   24.08132383   -5.83389493	180.16529791	0	0.00000000	0.00000000	0.00000000	 0.50152480 -0.03042956 -0.00195817	-0.05651823 -0.12034206 -0.00368537	-15.85572598  17.68344933  -4.75819258 -67.09884141 -18.04785945  20.26118212  -3.51137671 -22.68713330 -14.07376597  -2.68471936  38.45520941  -6.01786704	 0.00902748  0.05000009 -0.29384163  0.64957935 -0.29687890  0.00724039  0.01313971  0.05397310 -0.11845397  0.57423025 -0.29490009  0.00204786	
0.00402400	0.50536448	0.00059144	  -8.12148857   -3.56894612 -417.49801636   11.36850643  -20.72086334   -3.23862791	  63.67813492  -48.38481140 -489.11984253   -0.51959342   34.09247589   -7.02659845	 -40.54294602   20.17775642 -433.67297049   12.14772689  -33.32163088   -6.27830159	 -27.83707386  -17.27240233 -533.12288949    1.08245397   23.96467089   -5.05866275	179.72632344	0	0.00000000	0.00000000	0.00000000	 0.50742094 -0.03350479 -0.00984912	-0.03976011 -0.09729619  0.02905224	-15.65269386  19.64029067  -5.76504810 -66.56765014 -16.47931520  20.38307746  -2.01981137 -22.76065313 -17.00859651  -3.88323617  38.62689985  -5.96509801	 0.00888175  0.05039893 -0.29051289  0.64934927 -0.29687890  0.00795369  0.01313185  0.05414951 -0.11753359  0.57776606 -0.29264513  0.00199417	
0.00396800	0.50822687	0.00068968	  -2.26986241   -3.95095372 -426.46636963   11.33966255  -21.19989586   -3.08576536	  70.14521790  -48.03403473 -463.72149658   -0.74839586   32.73150253   -6.44657230	 -38.96841622   22.01265694 -439.67321167   12.23850706  -33.63732271   -6.17088286	 -23.02839914  -18.08261965 -511.60190324    0.86446479   23.78505416   -4.43922451	180.41314596	0	0.00000000	0.00000000	0.00000000	 0.51396204 -0.03529133 -0.01584671	-0.04879232 -0.15071641  0.03365094	-14.95028721  22.09104836  -6.35883519 -66.48199542 -15.39652293  20.54408315  -0.38619813 -22.96927677 -19.33769808  -4.67701090  39.26077855  -6.08824592	 0.00873602  0.05075941 -0.28710747  0.64912683 -0.29686356  0.00864398  0.01310829  0.05434126 -0.11681261  0.58126354 -0.29047453  0.00197116	
0.00400000	0.51121622	0.00080435	   3.74754214   -4.64509344 -427.31420898   11.30271435  -21.79700279   -2.82348275	  71.01380920  -46.29783249 -451.77478027   -0.87299448   31.89732933   -6.15582991	 -33.64534644   22.66267362 -445.74556841   12.28994505  -33.91438443   -5.94984800	 -18.21107412  -19.27867069 -491.06672856    0.68076400   23.37756056   -3.89457231	180.04436899	0	0.00000000	0.00000000	0.00000000	 0.51988094 -0.03755525 -0.02036124	-0.04481721 -0.14816732  0.05054570	-15.15606557  24.46890123  -6.78258849 -65.22030608 -14.01866977  21.18107913   0.77552847 -23.20086058 -22.06195403  -6.58190121  39.12093643  -6.16997640	 0.00861330  0.05110456 -0.28364065  0.64894277 -0.29681754  0.00930359  0.01310044  0.05455602 -0.11632941  0.58516753 -0.28851873  0.00197116	
0.00400000	0.51433307	0.00092671	   5.54875994   -3.99947286 -437.60235596   11.68890953  -22.00873756   -2.59362602	  68.31678772  -50.53619766 -420.92337036   -1.34387493   30.71522713   -5.47363663	 -31.38300647   23.45934919 -451.96690368   12.40637670  -34.24598297   -5.79974676	 -15.52658841  -21.77448179 -467.66438481    0.53586504   22.99284233   -3.30981911	179.83071634	0	0.00000000	0.00000000	0.00000000	 0.52486206 -0.04007130 -0.02469782	-0.02929495 -0.11714150  0.05762115	-14.99469329  27.32944928  -6.60206965 -65.24987120 -13.69195971  21.71391550   2.30797751 -23.55893392 -25.35436345  -8.85525496  38.86337017  -6.18838416	 0.00850592  0.05146505 -0.28008950  0.64882004 -0.29674086  0.00994786  0.01310829  0.05480912 -0.11608397  0.58919424 -0.28647086  0.00197116	
0.00398400	0.51757699	0.00105586	   7.13503504    3.22821784 -438.22470093   11.88328266  -22.15347099   -2.37508059	  65.36384583  -49.32821655 -400.41876221   -1.56431556   29.89743614   -5.34349394	 -31.23365148   25.49266874 -455.41353913   12.48631889  -34.45277368   -5.70380226	 -15.50718143  -23.40728536 -446.94516721    0.35289426   22.61733080   -2.94558328	179.86296307	0	0.00000000	0.00000000	0.00000000	 0.53013217 -0.04262373 -0.02946849	-0.04090966 -0.14298928  0.08268251	-15.32254136  29.33045468  -6.22408343 -64.20173755 -12.95541316  22.67387735   3.56092314 -24.09996479 -28.56957614 -11.83047310  38.11047478  -6.38823117	 0.00841388  0.05184087 -0.27646929  0.64878172 -0.29661047  0.01057680  0.01312400  0.05510058 -0.11606096  0.59328997 -0.28444600  0.00198650	
0.00400000	0.52097332	0.00119039	  -1.75361347    1.61305034 -449.76477051   12.11219406  -21.43651199   -2.58885407	  63.48573685  -49.48250961 -393.18823242   -1.65904033   29.26342773   -5.32130051	 -38.26925053   28.67689943 -463.05748341   12.59069301  -34.63905643   -5.90168079	 -17.93559937  -24.41798328 -429.85079766    0.22224738   22.06035318   -2.82065217	179.72650694	0	0.00000000	0.00000000	0.00000000	 0.53390133 -0.04342461 -0.03820621	-0.02753133 -0.13872362  0.08248203	-14.65346970  31.22870154  -5.42199836 -63.40381860 -12.61937196  23.45399746   5.31963941 -24.71255665 -31.88446756 -15.33153169  36.56064411  -6.53702733	 0.00833718  0.05221669 -0.27278009  0.64876634 -0.29643404  0.01122107  0.01314756  0.05539970 -0.11629106  0.59744704 -0.28242880  0.00201718	
0.00400800	0.52452362	0.00132544	 -14.17663670    7.60702562 -458.27764893   12.55102539  -20.50676155   -2.97183466	  65.06598663  -50.37228012 -371.69677734   -1.67719650   27.88349724   -5.18888617	 -50.03315593   34.05304802 -470.65742723   12.59483559  -34.78315429   -6.39362193	 -17.20696937  -25.44573061 -414.30351730    0.17437670   21.47382415   -2.73383981	179.85948688	0	0.00000000	0.00000000	0.00000000	 0.53679339 -0.04308783 -0.04869563	-0.01877564 -0.15645556  0.07167741	-14.96219088  32.42259992  -4.18965487 -63.06868893 -12.89841542  24.26573315   6.65270004 -25.38244189 -34.18505538 -19.11066611  33.89033390  -6.67735593	 0.00827582  0.05262320 -0.26907551  0.64876634 -0.29621929  0.01187301  0.01316327  0.05572951 -0.11672057  0.60158110 -0.28043464  0.00204786	
0.00398400	0.52821070	0.00145675	 -20.90573502   10.17136478 -465.56015015   12.86665535  -20.09409714   -3.09109831	  66.73064423  -51.70315933 -363.60211182   -1.80468571   26.86711502   -5.31952906	 -61.15573193   38.44248024 -478.08421796   12.70580157  -34.98058862   -6.82000024	 -14.08028684  -27.74803540 -400.88881358    0.17144772   20.83864540   -2.73890929	179.87485419	0	0.00000000	0.00000000	0.00000000	 0.53852782 -0.03953177 -0.05670783	-0.00234557 -0.15943240  0.04037051	-15.10964467  34.19987540  -3.68984841 -62.71703342 -13.09766691  24.93581967   7.62711316 -26.17172777 -37.07627409 -22.71072227  31.24854955  -6.77872068	 0.00821447  0.05306038 -0.26540163  0.64876634 -0.29598922  0.01255563  0.01320254  0.05606699 -0.11733416  0.60566151 -0.27845579  0.00208621	
0.00400000	0.53205258	0.00160243	 -26.29993439   12.19009876 -478.36804199   13.26875401  -19.96510887   -3.09436321	  82.80403900  -53.21110916 -345.54547119   -1.81669295   24.64128876   -5.07522011	 -70.50106194   42.58661016 -487.99145171   12.88502801  -35.43374073   -7.13014772	  -3.72561659  -29.67755361 -387.77677991    0.26319630   20.08113107   -2.63244514	179.91146063	0	0.00000000	0.00000000	0.00000000	 0.54037887 -0.03793682 -0.06351087	-0.00329780 -0.15261115  0.01849326	-16.85342118  35.96368614  -2.67658975 -62.77559357 -13.47838157  25.61133138   8.18738472 -26.35642255 -38.27296441 -25.75066791  28.53530299  -7.05336464	 0.00816845  0.05350524 -0.26176611  0.64875871 -0.29574376  0.01323825  0.01325752  0.05638912 -0.11805514  0.60968053 -0.27650765  0.00213223	
0.00399200	0.53605193	0.00175304	 -28.56729698   17.44236183 -496.26022339   13.72883606  -20.37878418   -3.06078243	  99.41046906  -50.57180786 -328.36398315   -1.86998987   21.31362534   -4.70551252	 -76.65220509   47.29130095 -500.17904485   13.00722463  -36.10325360   -7.34347749	  10.34538043  -29.42478540 -376.79725990    0.25625969   19.00171783   -2.45321528	179.86314527	0	0.00000000	0.00000000	0.00000000	 0.54253068 -0.03877620 -0.06855536	-0.00604869 -0.15478356  0.01966772	-18.05404803  38.32628353  -2.56031600 -63.44083100 -13.68555325  26.19953490   9.20563130 -26.69946359 -41.11222489 -28.27488520  25.43073275  -7.33027889	 0.00811476  0.05392708 -0.25816125  0.64875102 -0.29546764  0.01392854  0.01332820  0.05670359 -0.11879912  0.61369193 -0.27456716  0.00220126	
0.00399200	0.54021871	0.00190752	 -27.71936226   16.49962616 -512.88427734   14.12600231  -21.30066490   -2.96088386	 100.41954041  -46.30890656 -311.51071167   -1.93869841   19.78437996   -4.04432106	 -79.43909321   51.39277581 -513.72681557   13.28129729  -37.02791358   -7.49623134	  21.47087707  -27.07118645 -364.05238080    0.09146621   17.88826768   -2.10204429	179.14952415	0	0.00000000	0.00000000	0.00000000	 0.54341512 -0.04040961 -0.07056740	 0.00055267 -0.10072998  0.02321917	-18.60685644  40.45878945  -1.23559624 -64.97237257 -14.18784879  26.86309666  10.74633528 -26.69397230 -42.99889700 -30.27255092  21.44494260  -7.55289031	 0.00805340  0.05433359 -0.25461775  0.64873570 -0.29519153  0.01460349  0.01341460  0.05700272 -0.11947407  0.61771095 -0.27261135  0.00227796	
0.00400000	0.54456162	0.00205427	 -21.07331848   15.51841164 -526.99749756   14.25723171  -22.10568619   -2.81295562	 102.34558105  -42.56919098 -296.23461914   -1.80411398   18.61554718   -3.50764203	 -80.49911166   52.13307583 -531.79793567   13.63736883  -38.27021679   -7.61260707	  27.17852660  -23.43636247 -346.71148713   -0.00667867   16.97527085   -1.61689473	178.75870633	0	0.00000000	0.00000000	0.00000000	 0.54342210 -0.04299178 -0.07347006	-0.01494309 -0.06417808  0.03674797	-18.76302594  44.13113917  -0.63094119 -66.35301199 -13.78576267  27.63806868  11.62062951 -27.04580549 -46.45389147 -30.50428038  17.01941030  -7.82409818	 0.00798437  0.05477844 -0.25115097  0.64872801 -0.29493076  0.01524777  0.01352455  0.05731718 -0.11993426  0.62173760 -0.27063251  0.00234699	
0.00399200	0.54906315	0.00221844	 -17.56847382   16.96710205 -556.53094482   14.83017635  -23.47747993   -2.93256450	  97.07458496  -40.33079910 -270.84521484   -1.88876963   16.59904099   -3.10857749	 -80.37652682   53.33230048 -553.52935513   14.00240072  -39.62053941   -7.82552579	  28.49509693  -20.85754217 -326.31857308   -0.08154554   15.74163881   -1.26071300	178.64578384	0	0.00000000	0.00000000	0.00000000	 0.54321361 -0.04559167 -0.07727985	-0.02595724 -0.07630285  0.02980770	-18.69998036  47.41049641   0.13623342 -68.33654411 -13.78078840  28.74479446  12.58541179 -27.34765806 -49.97124252 -29.87025630  11.68516148  -7.84330373	 0.00792301  0.05523097 -0.24794494  0.64872801 -0.29466999  0.01590738  0.01367378  0.05761630 -0.12021038  0.62579501 -0.26864600  0.00240068	
0.00400000	0.55375159	0.00239556	 -22.58203888   19.54621887 -580.13781738   15.51673412  -24.24729538   -2.95809722	  92.96066284  -37.69414902 -255.64927673   -1.90366769   15.35358810   -2.90903449	 -85.29373403   57.23918273 -575.43311371   14.45831003  -41.19066083   -8.17572748	  28.39591837  -19.10318322 -307.42724781   -0.23670481   14.70077243   -1.12450794	178.46130514	0	0.00000000	0.00000000	0.00000000	 0.53934613 -0.04454577 -0.07965241	-0.00900517 -0.01986350  0.01493323	-19.56756124  51.50824018   0.79542067 -70.51121870 -13.02583268  29.82639620  12.93770510 -27.80380949 -54.06815329 -27.65689798   6.56633554  -7.82974341	 0.00789233  0.05569883 -0.24462387  0.64872801 -0.29440153  0.01657466  0.01387013  0.05786174 -0.12035611  0.62987536 -0.26671317  0.00242369	
0.00398400	0.55862802	0.00263960	 -28.25520515   22.65299416 -598.86987305   16.15771484  -24.30215645   -3.19329810	  92.11996460  -35.81224442 -238.12393188   -1.94393420   13.96166515   -2.81345510	 -95.57333933   62.84044443 -598.79351959   14.96146291  -42.82324954   -8.69576149	  28.74659168  -18.77798203 -288.46941156   -0.35227732   13.46752391   -1.00027683	178.68688125	0	0.00000000	0.00000000	0.00000000	 0.53560584 -0.04152080 -0.08449952	 0.01248705  0.00602833 -0.04378027	-20.57514295  55.60786718   1.68141169 -73.52592355 -12.93953246  31.08240437  13.15507390 -28.14529985 -57.69305039 -25.06846605  -0.00992416  -7.69665526	 0.00788466  0.05620505 -0.24141784  0.64872801 -0.29409474  0.01724961  0.01412146  0.05802281 -0.12047116  0.63394809 -0.26485705  0.00242369	
0.00400000	0.56378460	0.00286821	 -38.34846115   27.77402687 -639.99237061   17.16133690  -24.81746292   -3.53914809	  89.16007233  -34.11335373 -223.64979553   -1.85055459   12.35582352   -2.41883898	-108.84357000   69.35149860 -626.35515115   15.41343600  -44.46346098   -9.32658141	  29.37530239  -17.58954037 -274.13965015   -0.39651845   12.34539798   -0.84977913	179.71894809	0	0.00000000	0.00000000	0.00000000	 0.53291589 -0.03774845 -0.09148177	 0.00817477 -0.03014060 -0.05267455	-23.50733183  61.20445057   1.96698943 -75.79780788 -11.59380001  33.09885766  11.97135983 -28.30834139 -61.33104788 -20.78339649  -7.02076652  -7.63989797	 0.00788466  0.05676495 -0.23832688  0.64871269 -0.29371890  0.01790922  0.01438849  0.05806116 -0.12066291  0.63798249 -0.26311600  0.00241602	
0.00398400	0.56918633	0.00313684	 -39.89872360   29.30933571 -664.25897217   17.80817223  -25.93056679   -3.68338490	  90.89974213  -31.92566681 -209.94786072   -1.68488586   10.91237926   -2.38611913	-119.57005140   75.73629567 -654.67721517   15.95318345  -46.38737640  -10.02827678	  32.80712538  -17.11774381 -262.21704659   -0.33135343   11.45414366   -0.75916415	180.60946556	0	0.00000000	0.00000000	0.00000000	 0.53361221 -0.03476088 -0.10412525	 0.00982425 -0.05969168 -0.09369309	-24.17517210  66.92316592   3.84388869 -79.44722465 -11.90196770  34.46274108  12.02042684 -27.78623471 -64.72865730 -16.25507186 -14.58387008  -7.46987154	 0.00786932  0.05737087 -0.23535095  0.64869732 -0.29332009  0.01851514  0.01469480  0.05803815 -0.12101572  0.64207822 -0.26154366  0.00240068	
0.00400000	0.57489550	0.00342927	 -38.96019745   31.30226326 -690.81188965   18.29743958  -26.76422501   -3.43509483	  94.86576080  -34.99330902 -198.73333740   -1.69368804    9.51372147   -2.14946723	-126.46192912   78.02059395 -678.19656340   16.50647283  -48.17378157  -10.29871738	  35.56306110  -18.29493281 -250.91838586   -0.12314263   10.43931250   -0.67680250	181.05757451	0	0.00000000	0.00000000	0.00000000	 0.53554346 -0.03761271 -0.11124733	-0.00258245 -0.04453873 -0.08819350	-26.67067622  72.92341183   4.95161406 -82.31176564 -11.42224837  36.53401826  11.21345577 -27.62138449 -67.78622410 -11.13443588 -21.20970690  -7.41047579	 0.00784631  0.05802281 -0.23251309  0.64867431 -0.29288289  0.01902136  0.01497754  0.05793844 -0.12156028  0.64625061 -0.26020911  0.00238534	
0.00398400	0.58092082	0.00372833	 -32.46185303   32.54201508 -715.78796387   18.69208145  -27.87934113   -3.52618694	  90.27949524  -35.52982330 -189.59526062   -1.62313688    7.91886139   -1.93125272	-128.68756026   83.98635939 -704.25815278   16.83006359  -49.72268622  -10.56255854	  36.37788198  -20.30582183 -239.60267846    0.03808709    9.56227693   -0.53549753	180.93703133	0	0.00000000	0.00000000	0.00000000	 0.53885687 -0.04505048 -0.11515393	-0.01271891 -0.03257510 -0.07557020	-26.47212872  77.87915091   7.73519096 -85.49774077 -12.92458220  38.25639868  12.29911658 -26.89160852 -69.94702415  -6.25233980 -27.23543779  -7.43821014	 0.00782330  0.05883582 -0.22974426  0.64865130 -0.29237667  0.01951223  0.01523672  0.05786174 -0.12226591  0.65053809 -0.25915065  0.00237767	
0.00400000	0.58728737	0.00401787	 -28.87572098   37.00052261 -744.47412109   19.40969086  -28.85255814   -3.72183180	  95.55280304  -37.46344757 -167.45222473   -1.50064695    6.50770044   -1.92574084	-131.62116786   90.22767363 -729.84190075   17.13690779  -51.36986593  -11.09222957	  43.92810976  -20.87216098 -225.58317028    0.22963398    9.16311291   -0.40384033	180.53121419	0	0.00000000	0.00000000	0.00000000	 0.54530724 -0.05003209 -0.12097989	-0.00916242 -0.04886591 -0.06296205	-27.19716476  82.43648177  10.51307990 -87.80106900 -13.48801790  40.21736086  12.81898371 -27.02019674 -72.13315842  -2.55849929 -32.39198835  -7.48257286	 0.00781563  0.05977155 -0.22698309  0.64862829 -0.29177842  0.01996476  0.01548019  0.05785407 -0.12310193  0.65496361 -0.25845271  0.00237767	
0.00399200	0.59397131	0.00428521	 -20.31024742   47.71723175 -764.59436035   20.04425430  -29.98585892   -3.94827414	  80.63817596  -35.95364380 -159.26342773   -1.41370666    7.22791576   -1.78151107	-131.77958447  101.23749518 -758.59928973   17.27165014  -52.90260433  -11.84314921	  38.47329355  -23.13466343 -209.07012023    0.47751005    8.30625484   -0.37873848	179.69200947	0	0.00000000	0.00000000	0.00000000	 0.54836977 -0.05172894 -0.12307202	 0.00563604 -0.01753388 -0.09974705	-26.83237655  85.44679030  13.44010156 -89.71988924 -14.88380029  41.97263546  13.30591605 -27.31306074 -74.69122019   0.88609506 -36.36475432  -7.49306529	 0.00783097  0.06083766 -0.22422193  0.64862829 -0.29111880  0.02042495  0.01573152  0.05787708 -0.12405300  0.65961158 -0.25814590  0.00237767	
0.00399200	0.60095239	0.00450540	 -14.86040974   54.64392471 -794.02398682   21.36554718  -31.49448013   -4.13309240	  75.36373138  -32.01399994 -145.62303162   -0.90182388    5.89375162   -1.21506059	-130.70649220  112.98957571 -783.04398554   17.65299025  -54.36210461  -12.53788857	  33.86403437  -22.16739933 -195.39268639    0.72924563    7.48946384   -0.27326913	179.33671073	0	0.00000000	0.00000000	0.00000000	 0.54917181 -0.05121703 -0.12366968	 0.00563604 -0.01753388 -0.09974705	-29.60537162  88.27570973  16.45191879 -90.79092162 -15.15773769  43.72574889  12.23161958 -27.31524571 -76.73218114   2.58780535 -38.66894905  -7.49785130	 0.00784631  0.06198048 -0.22139174  0.64864361 -0.29041317  0.02087747  0.01600641  0.05794611 -0.12516513  0.66446668 -0.25820726  0.00237767	
0.00400000	0.60818261	0.00472830	  -8.82889366   65.02078247 -834.24676514   22.82969284  -33.60216141   -4.79730511	  65.25852203  -34.89281464 -127.33646393   -0.97193438    5.44240093   -1.34257734	-130.22370879  127.32118494 -811.55473502   18.11232117  -56.31069076  -13.77564368	  32.81955696  -22.65477753 -178.79230544    0.94869377    6.57255019   -0.22183311	178.60732305	0	0.00000000	0.00000000	0.00000000	 0.54675030 -0.05014096 -0.12811736	 0.01491569  0.01896465 -0.15986269	-29.98746671  90.08049927  19.23238315 -91.52780714 -15.78457494  45.45692811  12.52826200 -27.08753114 -79.73120561   3.36743822 -40.47639286  -7.43403769	 0.00787699  0.06311563 -0.21846950  0.64865130 -0.28956950  0.02126097  0.01628130  0.05799213 -0.12649970  0.66946745 -0.25872114  0.00236233	
0.00400000	0.61566055	0.00488089	  -9.32997513   71.54325867 -858.81671143   23.70499992  -34.28330994   -4.99151945	  63.28373718  -35.48283768 -121.58749390   -0.94122005    4.74094200   -1.14847171	-137.02836201  138.15642009 -843.28699543   18.59555258  -58.39297306  -14.76738139	  28.57890657  -24.48314374 -166.28790997    1.06950038    5.79686662   -0.20750405	178.84306989	0	0.00000000	0.00000000	0.00000000	 0.54525953 -0.05194130 -0.13182579	-0.01130412  0.02012455 -0.18450255	-34.14038336  93.63158151  21.46602502 -91.39003724 -15.78124379  47.49003186  11.11522987 -26.50245730 -81.69998743   2.76875510 -42.26127778  -7.28530290	 0.00790000  0.06415106 -0.21537852  0.64866668 -0.28860310  0.02155242  0.01654834  0.05801514 -0.12811038  0.67461395 -0.25967988  0.00233932	
0.00400800	0.62331259	0.00509211	 -20.99937630   74.76430511 -892.73004150   24.56357574  -34.56521225   -5.41819239	  80.67636108  -32.77884674 -102.01451111   -0.88605130    0.59402233   -1.05815256	-151.56547091  146.45871688 -873.17553837   19.07066263  -60.40054623  -15.65834102	  41.43363562  -24.06351099 -152.50061910    1.07231320    4.47145641   -0.18675593	178.81789443	0	0.00000000	0.00000000	0.00000000	 0.54490748 -0.05656964 -0.13502395	-0.01351536  0.02717811 -0.19086097	-36.51146680  96.22172423  23.69187542 -91.29870867 -16.43604868  49.36717779  10.79299874 -25.42760537 -83.94045945   1.24930187 -43.10080757  -7.22572306	 0.00791534  0.06504077 -0.21213415  0.64867431 -0.28755230  0.02173650  0.01680752  0.05801514 -0.13002019  0.67992151 -0.26106048  0.00231631	
0.00397600	0.63118154	0.00528924	 -41.19073105   72.70035553 -933.26452637   24.76416588  -33.88813019   -6.14042234	 65.40473938 -33.99929810 -90.44876099  -1.14468062   1.92180359  -0.94120932	-174.84303075  150.68127684 -904.22642865   19.48652459  -62.07284911  -16.59704385	  45.26799451  -24.56156063 -141.02258414    1.08164589    3.67647089   -0.09893457	178.85873128	0	0.00000000	0.00000000	0.00000000	 0.54884379 -0.06479483 -0.13980615	-0.01917896  0.02991253 -0.18302418	-39.66407523 100.43772481  25.88944187 -91.31389608 -17.39606685  51.43838216  10.22532294 -24.58073769 -85.41079346  -0.42913867 -43.98910813  -7.13092302	 0.00791534  0.06581543 -0.20873639  0.64867431 -0.28638649  0.02179786  0.01705884  0.05803048 -0.13224445  0.68539780 -0.26275551  0.00230097	
0.00399200	0.63927853	0.00547913	 -49.85464096   69.23822021 -953.19476318   24.81327438  -33.29275131   -6.33774662	 66.60449982 -31.38600731 -79.71604156  -0.95736814   0.91925132  -0.75089055	-197.33020404  150.47519632 -930.93322194   19.66409866  -63.36244972  -17.23109793	  41.17944898  -24.27011364 -128.48056048    1.05821946    3.32115431    0.00881026	178.82567129	0	0.00000000	0.00000000	0.00000000	 0.55532374 -0.07002912 -0.14248021	-0.03605065  0.01028374 -0.18991927	-41.44979067 104.06696480  27.71026340 -90.14100245 -18.11961804  53.58287874  10.30042610 -23.64431341 -87.60662891  -3.35264824 -44.34223260  -7.16233893	 0.00790000  0.06649038 -0.20526193  0.64867431 -0.28513628  0.02179786  0.01731017  0.05808417 -0.13469882  0.69074374 -0.26479572  0.00229330	
0.00399200	0.64758652	0.00561159	 -60.80057526   67.64463043 -975.51971436   24.57571030  -32.53284073   -6.73856020	 65.85433960 -30.70528793 -55.62432480  -0.94449210  -0.82391649  -0.80106360	-217.42079109  150.32211403 -952.63074505   19.62814989  -64.15487115  -17.72546785	  47.95228268  -23.76274427 -110.94566515    1.07091622    2.50656180   -0.03597639	178.28315230	0	0.00000000	0.00000000	0.00000000	 0.56293724 -0.07299281 -0.14305567	-0.03605065  0.01028374 -0.18991927	-44.68837945 107.70031738  29.07369908 -89.44251597 -18.44337811  55.25776850   9.48140429 -23.73505384 -89.35798629  -6.11061266 -43.70052322  -7.16135717	 0.00789233  0.06710397 -0.20175678  0.64867431 -0.28383240  0.02180553  0.01755365  0.05816087 -0.13732961  0.69668794 -0.26718873  0.00228563	
0.00399200	0.65604174	0.00572481	 -62.86476135   70.69813538 -989.83270264   24.58528328  -32.21063995   -7.39730358	 56.44209290 -32.31542969 -66.33853149  -0.96251565   0.84096974  -0.56328446	-230.43043715  152.76786179 -967.45809523   19.24807528  -64.56097274  -18.47148038	  42.36350885  -24.82280279 -106.77068257    1.09014066    2.65520703    0.05250820	177.89435568	0	0.00000000	0.00000000	0.00000000	 0.57019262 -0.07245986 -0.14100327	-0.01239226  0.02281769 -0.22475134	-46.11632710 109.16586463  29.65763183 -88.07519226 -18.72521546  56.78424621   9.10457026 -23.98622285 -91.17854856 -10.97259436 -40.36572943  -7.05318083	 0.00789233  0.06762553 -0.19827464  0.64867431 -0.28252086  0.02185155  0.01778141  0.05826058 -0.14011377  0.70280081 -0.26988086  0.00227029	
0.00399200	0.66462284	0.00577463	  -58.29559326    76.29711914 -1002.47912598    24.66799736   -32.04229736    -7.45848417	 76.29170227 -25.77057076 -63.56267166  -0.67920142  -1.97922730  -0.36323425	-236.94739377  158.14723088 -981.21748328   18.79680224  -64.71625802  -18.92546509	  48.85249404  -20.80674391 -107.93307924    1.08473730    1.89015026    0.12003901	177.15688789	0	0.00000000	0.00000000	0.00000000	 0.57522430 -0.06701753 -0.13840854	 0.01675635  0.02681001 -0.34119288	-49.71083213 111.47766844  29.55221077 -87.72901221 -18.73148730  57.52057882   7.33786227 -24.30048593 -91.11425901 -16.34006153 -37.29507830  -7.05729187	 0.00788466  0.06805504 -0.19486155  0.64867431 -0.28120163  0.02195126  0.01797776  0.05833728 -0.14303601  0.70911318 -0.27290279  0.00225495	
0.00400800	0.67326814	0.00582625	  -50.23017120    82.46369171 -1010.61907959    24.74446297   -32.07794189    -7.54409981	 79.46527100 -24.13339043 -65.66858673  -0.71284044  -1.91381872  -0.42935988	-238.52452928  165.90552010 -990.37162272   18.37330249  -64.55277522  -19.30819290	  57.21023512  -17.40480301 -109.90040235    1.00768628    1.45540025    0.05184160	176.62661693	0	0.00000000	0.00000000	0.00000000	 0.57841519 -0.05907441 -0.12973800	 0.01675635  0.02681001 -0.34119288	-54.71159265 113.51932697  28.94608250 -86.37482611 -17.64022934  58.42910260   4.21430805 -24.59022196 -90.68026414 -22.08965823 -34.66757390  -6.71116446	 0.00786165  0.06840786 -0.19149445  0.64868200 -0.27985939  0.02212000  0.01815055  0.05836796 -0.14605027  0.71558654 -0.27616251  0.00221660	
0.00398400	0.68195748	0.00588347	  -38.44250107    82.95692444 -1012.51007080    24.60571289   -32.34219742    -7.88893509	 63.75508881 -25.91444778 -65.06832123  -0.76117176  -0.64923710  -0.53381890	-234.17251887  170.00358123 -995.67090202   18.01066097  -64.12134595  -19.64646293	  49.28803169  -18.46246763 -107.53513390    0.95576345    1.61936556    0.13030067	175.99604103	0	0.00000000	0.00000000	0.00000000	 0.58151834 -0.05120668 -0.12117290	 0.01675635  0.02681001 -0.34119288	-56.25680052 115.38980680  28.50125348 -87.01269101 -17.33483976  58.41589316   2.61926143 -24.88764530 -90.46387691 -26.88149688 -32.12935695  -6.49886145	 0.00780029  0.06874534 -0.18819639  0.64870501 -0.27850950  0.02236544  0.01829192  0.05836796 -0.14905688  0.72215968 -0.27962929  0.00216291	
0.00399200	0.69071490	0.00597181	  -31.48507500    79.60535431 -1012.42333984    23.74903297   -31.71099281    -8.13442802	 59.73440933 -27.05076790 -49.86724091  -0.92113805  -0.95917952  -0.51707989	-231.34396164  170.89287903 -997.54210730   17.28342526  -63.44759917  -19.90035650	 45.86495346 -19.05324314 -97.83803959   0.89512450   1.38839845   0.06331869	176.01521451	0	0.00000000	0.00000000	0.00000000	 0.58733631 -0.04961222 -0.11624486	-0.01319009 -0.04666869 -0.38214840	-57.56273469 117.28909454  28.13446009 -87.75982802 -16.84489211  58.74314476   1.30979550 -24.96464200 -90.50345242 -31.93631087 -30.16853419  -6.17875029	 0.00771592  0.06911349 -0.18491368  0.64872801 -0.27711356  0.02266456  0.01839402  0.05836796 -0.15197912  0.72874045 -0.28328016  0.00209388	
0.00400800	0.69957936	0.00607663	  -32.88843536    74.02955627 -1014.85772705    22.86884499   -30.79305077    -8.16256809	 56.79519272 -20.83446693 -54.66674805  -0.74773955  -0.27152464  -0.56934613	-232.90540214  167.97806103 -998.95773318   16.65160519  -62.71055359  -19.86263055	 40.84972905 -17.88568518 -92.71430668   0.78396283   1.42299940  -0.01685138	174.60978943	0	0.00000000	0.00000000	0.00000000	 0.59806694 -0.05847918 -0.10955598	-0.03320282 -0.02013613 -0.37128244	-59.97872969 119.73819733  27.47395495 -88.46589878 -15.80092640  58.68745351  -0.26084594 -25.06890137 -90.32134189 -35.49797897 -28.59671346  -5.72874236	 0.00764689  0.06957369 -0.18163095  0.64876634 -0.27567163  0.02300971  0.01844900  0.05833728 -0.15483232  0.73508346 -0.28711513  0.00200951	
0.00399200	0.70855147	0.00615011	  -29.50757408    73.89421844 -1013.69763184    22.27970505   -30.18174744    -7.48332596	 68.08518982 -15.54259586 -57.98637772  -0.37340325  -2.10700679   0.00810009	-235.07290189  166.68805912 -998.08651327   15.93907913  -61.84789147  -19.48636523	 41.10649614 -13.87169165 -94.70955485   0.72371798   1.01744562   0.05793162	174.15181828	0	0.00000000	0.00000000	0.00000000	 0.60136823 -0.05742517 -0.10498877	-0.03940069  0.00936230 -0.43309772	-60.48076769 120.49791216  26.42111299 -89.34255359 -15.52065918  58.97445642  -0.93526494 -25.27038543 -90.32499759 -39.41728953 -26.91912650  -5.37543578	 0.00759320  0.07011825 -0.17831756  0.64879704 -0.27418366  0.02347757  0.01847256  0.05826825 -0.15772387  0.74114269 -0.29113415  0.00190214	
0.00398400	0.71760076	0.00621474	  -23.07476425    77.16083527 -1008.43426514    22.02021599   -29.78983688    -7.17737627	 66.19410706  -7.42046261 -51.62739944   0.02494732  -2.92883372  -0.08352755	-233.29433319  169.21513184 -994.44139305   15.17305475  -60.90469611  -18.96240375	 46.84252149  -6.73934951 -94.03513587   0.66343124   0.15103579   0.04401743	174.00472512	0	0.00000000	0.00000000	0.00000000	 0.60325657 -0.05658641 -0.10622834	-0.00353071 -0.04392641 -0.48287489	-63.82226363 120.97816788  25.01941229 -89.40501649 -14.12110447  58.54833603  -3.23557006 -25.00012636 -89.59016149 -42.07580118 -25.89320253  -4.66692094	 0.00747048  0.07077019 -0.17498882  0.64884305 -0.27263436  0.02406815  0.01845685  0.05813786 -0.16075349  0.74694878 -0.29529890  0.00175641	
0.00400000	0.72673076	0.00619106	 -16.68599319   79.89357758 -999.55645752   21.95402336  -29.45437241   -7.59355402	 50.87618637 -14.59365368 -50.15045929  -0.36487806  -1.25654054  -0.19394392	-231.22988945  172.35268654 -987.44146870   14.68430606  -59.89570865  -19.04253279	 40.58420199  -7.48592170 -90.36522516   0.66149884   0.12917338   0.11040515	173.74940630	0	0.00000000	0.00000000	0.00000000	 0.60586884 -0.06064257 -0.11132719	-0.00353071 -0.04392641 -0.48287489	-65.76182378 120.78449531  24.07256066 -90.17980955 -13.47879899  58.12906417  -5.00061657 -24.46023308 -88.62768214 -45.01886705 -24.98983065  -3.96497114	 0.00727874  0.07154485 -0.17166008  0.64888906 -0.27103135  0.02489650  0.01842544  0.05794611 -0.16395950  0.75252479 -0.29954803  0.00158767	
0.00398400	0.73582560	0.00615851	 -11.36321163   82.17460632 -990.87500000   21.76168823  -28.63969040   -7.90575409	 45.05913925 -18.88232231 -35.20564651  -0.70037651  -1.37149584  -0.46177438	-227.92003367  176.98528297 -979.52699772   13.97986714  -58.70559628  -19.36704661	 34.81680038 -12.73676879 -78.83195899   0.63178203   0.30579766   0.03072646	173.06909488	0	0.00000000	0.00000000	0.00000000	 0.61802649 -0.07371918 -0.10556571	-0.07534148 -0.05929116 -0.45946158	-66.47939144 119.47422386  23.37067834 -91.40652641 -13.10316023  56.77391351  -6.05329005 -23.72510204 -87.57020960 -46.99957800 -24.34468116  -3.81286177	 0.00703330  0.07249591 -0.16853844  0.64890444 -0.26935929  0.02594728  0.01838617  0.05775436 -0.16724989  0.75790906 -0.30387387  0.00144961	
0.00400000	0.74489313	0.00603052	 -11.40189743   88.99872589 -983.57910156   21.50085449  -27.48672867   -7.91313982	 42.28155518 -16.09197807 -29.72854042  -0.71473372  -1.57349932  -0.53951889	-227.91785022  183.14277846 -969.72494531   13.10667969  -57.27298210  -19.44232557	 33.37125015 -14.26108008 -68.61247665   0.49821390   0.14118601  -0.05967579	172.08259027	0	0.00000000	0.00000000	0.00000000	 0.62849768 -0.08370720 -0.10037597	-0.12734297 -0.03227367 -0.45856744	-65.81641922 117.59429610  22.06626703 -92.60031820 -13.57906856  55.22016572  -6.46268611 -23.09796886 -86.51704318 -49.18350347 -23.72793269  -4.12254199	 0.00676485  0.07359271 -0.16518669  0.64891207 -0.26762590  0.02722815  0.01833119  0.05758563 -0.17061698  0.76297885 -0.30828404  0.00139592	
0.00400000	0.75381839	0.00590245	  -6.59890890   93.72943878 -968.54656982   21.30746651  -26.86691284   -7.18585968	 48.04055023 -10.55600357 -34.12892151  -0.26279828  -1.95197546   0.09062384	-227.42600356  189.13458918 -957.32029672   12.56315738  -55.90089259  -19.13357897	 34.22138603 -10.43097704 -67.41244140   0.47055081  -0.01204681   0.09665287	171.11812572	0	0.00000000	0.00000000	0.00000000	 0.63575861 -0.09063478 -0.09689834	-0.12734297 -0.03227367 -0.45856744	-66.45038151 114.51085442  21.23635300 -94.76129099 -13.75410874  52.84995442  -7.18649687 -21.62826463 -84.19550277 -51.17081730 -22.68379212  -4.31723477	 0.00647340  0.07472786 -0.16180426  0.64891207 -0.26583114  0.02870077  0.01826050  0.05743990 -0.17379232  0.76769584 -0.31277862  0.00139592	
0.00400000	0.76260132	0.00573538	   1.54576468   96.33502960 -959.23358154   21.22044373  -26.78873634   -6.70684052	 52.49784470  -9.91934109 -32.31996155  -0.01513630  -2.97565913   0.23461758	-222.17059561  194.99053861 -946.01886478   11.94428283  -54.76227907  -18.71886172	 38.22395606  -7.30602702 -68.39473277   0.65005693  -0.48227270   0.22840994	171.24709400	0	0.00000000	0.00000000	0.00000000	 0.63483822 -0.08806462 -0.10132238	-0.07810207 -0.03583612 -0.53300715	-66.21386248 111.33575090  20.80510302 -96.01269119 -13.84523780  50.90261334  -7.49247856 -20.32387726 -82.03909977 -53.00779212 -21.52605165  -4.65538548	 0.00614359  0.07580165 -0.15835281  0.64891207 -0.26398271  0.03025777  0.01817411  0.05728650 -0.17724377  0.77212137 -0.31731153  0.00141893	
0.00397600	0.77118528	0.00557867	  13.46632481   96.18634033 -946.38977051   20.98496819  -26.97506714   -6.47094154	 48.88125992  -9.62660217 -27.15662384  -0.16927935  -2.92806697   0.15468928	-212.98854637  197.28735351 -935.42147224   11.48255864  -53.70944003  -18.46616267	 40.12747569  -6.53879691 -64.99223479   0.63161583  -0.76525944   0.27055828	171.26145512	0	0.00000000	0.00000000	0.00000000	 0.63580156 -0.09124012 -0.10252406	-0.11409393 -0.03716441 -0.55446532	-68.78636773 107.61814703  19.66159498 -98.25996496 -13.80100100  48.66667164  -8.98480032 -18.30307167 -79.40114772 -54.82856141 -20.18195676  -4.53708454	 0.00582146  0.07676806 -0.15480931  0.64891207 -0.26207289  0.03182242  0.01803274  0.05718679 -0.18071824  0.77624011 -0.32181376  0.00142660	
0.00400800	0.77961278	0.00545077	  17.43205833   87.60693359 -932.82525635   20.24775314  -26.52870369   -6.29603195	 32.11489105 -12.84465599 -18.87223053  -0.47557750  -1.54351294  -0.05535082	-208.66416737  193.92768387 -923.45758878   11.25301952  -52.72192045  -18.15967666	 32.40947994  -9.19258483 -56.75320487   0.56146131  -0.50010880   0.20663742	171.46848292	0	0.00000000	0.00000000	0.00000000	 0.63915469 -0.10385433 -0.09881614	-0.11409393 -0.03716441 -0.55446532	-69.56604496 104.30045231  18.32136340 -99.84395686 -14.01877589  46.45266583  -9.75750613 -16.64654175 -77.09081613 -56.88064264 -18.48636984  -4.49585114	 0.00547631  0.07761941 -0.15113543  0.64891207 -0.26009405  0.03332572  0.01785210  0.05715611 -0.18416969  0.78001374 -0.32630065  0.00142660	
0.00399200	0.78788924	0.00535954	  14.47678947   77.74533844 -917.77575684   18.99998665  -25.37377739   -6.19175768	 28.18142509 -11.61867905  -8.58027649  -0.46024802  -1.63352442  -0.14586617	-209.76969303  185.42904794 -908.55636417   10.87689165  -51.53212240  -17.73929741	 26.07594145 -10.70519595 -46.36468646   0.48579366  -0.34324727   0.19235631	171.85517400	0	0.00000000	0.00000000	0.00000000	 0.64417272 -0.12026681 -0.09443132	-0.15222756 -0.03172147 -0.53951502	 -70.29531601  100.10496662   15.87626406 -101.11448353  -13.88875063   44.62367703  -10.38446278  -15.09646449  -75.54098025  -59.01237088  -16.39600066   -4.48462241	 0.00513116  0.07847844 -0.14734650  0.64888906 -0.25803852  0.03476767  0.01761648  0.05724815 -0.18752144  0.78336549 -0.33078754  0.00142660	
0.00399200	0.79606438	0.00518556	   4.81682444   68.33496857 -906.76605225   17.87397003  -23.98759651   -5.87719774	23.88688850 -8.96199799 -4.95564318 -0.32846150 -1.46242404  0.08855146	-216.19194517  176.68819865 -894.83908083   10.26028539  -50.42284653  -17.16495690	 23.55683770  -9.45034136 -37.81536902   0.39176437  -0.39756371   0.21470291	172.10192054	0	0.00000000	0.00000000	0.00000000	 0.64997769 -0.13147866 -0.09117039	-0.22352115  0.02398434 -0.50751618	 -69.75008955   97.07187722   13.92290844 -101.39835007  -14.01666722   42.92150192  -10.44572197  -14.24432299  -73.80355478  -61.64539433  -14.34827960   -4.47965231	 0.00474767  0.07928378 -0.14349620  0.64886606 -0.25595230  0.03614825  0.01733373  0.05743990 -0.19085784  0.78605759 -0.33527443  0.00142660	
0.00399200	0.80404609	0.00501820	   0.21955381   64.09336090 -894.49078369   17.22771454  -22.63351822   -5.86655188	22.54307938 -6.07388639 -9.06398201 -0.17175496 -0.97959101  0.14226153	-224.19241108  169.71952726 -882.32575674    9.84763760  -49.23881841  -16.57756901	 19.97122325  -6.50339358 -36.98166218   0.32355331  -0.35484778   0.22700896	172.48202126	0	0.00000000	0.00000000	0.00000000	 0.65264005 -0.13130427 -0.09493256	-0.21337009  0.01106225 -0.53900460	 -68.38160305   90.62738163   11.40150632 -102.11255466  -13.58609072   40.67641878  -10.10941715  -12.62906017  -71.60399443  -63.79678595  -11.94702041   -4.47689114	 0.00431048  0.07998941 -0.13964592  0.64884305 -0.25385842  0.03755951  0.01700387  0.05763932 -0.19425562  0.78837395 -0.33975366  0.00142660	
0.00400800	0.81185073	0.00483873	  -1.40113962   61.10277939 -881.08074951   16.83584785  -22.03294373   -5.28134155	25.53356743 -1.00179684 -5.39512682  0.05819944 -1.44249737  0.18200274	-229.27266533  166.18995577 -866.53469546    9.33086444  -48.17657417  -15.97006715	 22.40429967  -2.63843483 -35.52809295   0.21703025  -0.29250665   0.19821133	172.54158447	0	0.00000000	0.00000000	0.00000000	 0.65423636 -0.13021458 -0.10336560	-0.15838781 -0.02253405 -0.61566086	 -68.62585432   86.72843795    9.06289900 -102.10292337  -13.39125261   38.06393238  -10.89515674  -10.92612443  -67.69651689  -66.39300212   -9.27392537   -4.47505037	 0.00378893  0.08058766 -0.13583396  0.64882004 -0.25175688  0.03899378  0.01665044  0.05783106 -0.19776843  0.79011500 -0.34400278  0.00142660	
0.00398400	0.81944251	0.00472493	   4.61410427   56.05169296 -853.46423340   16.03422928  -21.58426476   -5.42476225	 25.34852409  -7.89532566 -11.56363106  -0.37374640  -1.34816074  -0.05453586	-225.72556460  162.40991586 -846.48788489    8.77345006  -46.86984881  -15.77444424	 22.00054632  -5.74625057 -38.53648600   0.23632083  -0.32880100   0.16527137	173.67728578	0	0.00000000	0.00000000	0.00000000	 0.65954592 -0.13319702 -0.11168457	-0.18090673 -0.06072622 -0.63166254	 -69.92477354   80.46730886    6.13343683 -102.39817544  -12.50336124   35.33892781  -12.52186257   -8.83362203  -63.19552758  -68.89042113   -6.58187785   -4.47376182	 0.00318301  0.08111688 -0.13206038  0.64878172 -0.24981639  0.04035136  0.01624203  0.05801514 -0.20140396  0.79130381 -0.34850502  0.00142660	
0.00400000	0.82691675	0.00462537	  13.91153431   46.03783035 -831.62200928   15.30612087  -21.40484238   -5.04013014	27.87150002 -6.15283203 -8.92466068 -0.39309767 -1.74160337 -0.12067243	-217.84629693  154.61517714 -826.82907594    8.57290278  -45.47269395  -15.30136429	 23.09281427  -6.67451421 -39.67948533   0.17663735  -0.34796376   0.12201096	173.06789856	0	0.00000000	0.00000000	0.00000000	 0.66778676 -0.14122899 -0.11764760	-0.18090673 -0.06072622 -0.63166254	 -69.17474643   76.83447194    4.06726973 -102.46774323  -12.54587053   32.52152317  -13.39891545   -7.53110993  -58.36124453  -70.82665391   -4.13704110   -4.47284144	 0.00245437  0.08163077 -0.12834814  0.64872801 -0.24775319  0.04161689  0.01578650  0.05821456 -0.20507784  0.79194808 -0.35296124  0.00142660	
0.00398400	0.83427143	0.00454785	  25.43914223   42.75120926 -812.73516846   14.43298912  -21.40846062   -4.88002062	 25.82356834  -4.09477520 -10.03055763  -0.17188808  -1.69741845   0.12701003	-207.31018605  145.98393082 -810.68420620    8.15927470  -44.21463275  -14.57545970	 24.04422805  -5.68656162 -40.09953630   0.17638679  -0.49440078   0.16511232	172.91337755	0	0.00000000	0.00000000	0.00000000	 0.67856162 -0.14713087 -0.11998617	-0.21293325 -0.04271112 -0.62333682	 -67.85460984   71.13793835    1.30442242 -101.71484877  -11.47456391   29.97819700  -13.75330540   -5.76483202  -52.94592285  -72.28891771   -1.25307114   -4.47228920	 0.00158767  0.08215232 -0.12467426  0.64868200 -0.24572833  0.04283641  0.01529170  0.05843699 -0.20873639  0.79208618 -0.35737911  0.00142660	
0.00400800	0.84155327	0.00454588	  31.82919884   34.31742859 -791.96655273   13.69288731  -21.10068893   -4.52458048	 20.13361549  -4.27874994 -12.82001114  -0.24756426  -1.10338819   0.14164050	-196.52741798  137.34339372 -792.09494729    7.76089427  -42.85718851  -13.88829081	 19.92901691  -3.69450234 -40.75828417   0.14736536  -0.44211484   0.18649294	170.92777217	0	0.00000000	0.00000000	0.00000000	 0.68662739 -0.15242420 -0.12285587	-0.19449118 -0.01264144 -0.61982772	 -65.30668584   66.00453376   -1.14180370 -100.95939919   -9.92556874   27.02806809  -13.61178344   -4.55709969  -47.66803301  -73.54286025    1.55488551   -4.47173697	 0.00055990  0.08270456 -0.12099271  0.64867431 -0.24365745  0.04401757  0.01474192  0.05869009 -0.21231057  0.79174870 -0.36167425  0.00142660	
0.00399200	0.84882402	0.00456729	  37.51687241   29.15872765 -773.66052246   13.32862473  -20.86573410   -4.33166790	 20.77495003  -5.23449469 -11.83537292  -0.19419365  -1.44703305   0.11473697	-189.71361058  131.56283394 -775.65535064    7.61886042  -41.67438045  -13.56890555	 18.95536672  -3.93682347 -39.24302391   0.17673020  -0.47849682   0.21459589	170.29365710	0	0.00000000	0.00000000	0.00000000	 0.69128839 -0.16022877 -0.12652568	-0.19449118 -0.01264144 -0.61982772	-62.63546247  59.13461606  -4.32498892 -99.97456442  -9.02861200  24.62777241 -13.67924133  -3.53869409 -42.57138388 -74.43402833   4.19536506  -4.47118474	-0.00061359  0.08327213 -0.11728815  0.64868969 -0.24154824  0.04516039  0.01410575  0.05900456 -0.21569300  0.79094332 -0.36580831  0.00142660	
0.00399200	0.85611862	0.00462792	  38.74632263   27.45295715 -753.12109375   13.10660076  -20.65794182   -4.29898739	 19.60669899  -5.49639940 -15.15736008  -0.10937084  -1.33241951   0.03761060	-184.17926730  126.85285818 -757.68295834    7.36125775  -40.70973823  -13.22226083	 18.04723957  -4.84044275 -40.72657286   0.26920952  -0.62412748   0.18753314	168.96524047	0	0.00000000	0.00000000	0.00000000	 0.69359845 -0.16027937 -0.13348283	-0.18263137 -0.00312809 -0.62929139	-60.30654181  53.93238312  -6.67233614 -99.42948677  -8.28169795  21.89335296 -13.97727752  -3.03788339 -37.93955796 -75.10120796   6.51239370  -4.47081658	-0.00187146  0.08380903 -0.11361426  0.64868969 -0.23937765  0.04621116  0.01343816  0.05935737 -0.21887600  0.78961647 -0.36977366  0.00142660	
0.00398400	0.86347616	0.00472557	  33.89440155   25.56325912 -732.53094482   12.84361267  -19.47124481   -3.94495010	 16.57949066  -6.93262815 -22.25897408   0.23894572  -1.47685158   0.34131417	-182.37053814  122.88703004 -735.50200279    7.13284354  -39.48123970  -12.77593948	 14.12291994  -5.54915457 -45.99576994   0.53176795  -1.00833358   0.27881526	168.58282386	0	0.00000000	0.00000000	0.00000000	 0.69589391 -0.15856343 -0.14204143	-0.19723104 -0.00438886 -0.67242400	-58.55818911  46.52636715  -9.89543972 -98.92649010  -8.69389150  19.59666857 -14.66131571  -2.45348914 -33.83566585 -74.14132540   8.87805140  -4.47044843	-0.00322903  0.08434591 -0.10997106  0.64868200 -0.23712270  0.04718524  0.01272345  0.05974087 -0.22185193  0.78778332 -0.37353191  0.00142660	
0.00400800	0.87095553	0.00482527	  32.48788452   22.10702705 -717.11608887   12.28362751  -18.65296555   -3.65898514	 20.03984833 -10.00905323 -50.88275146   1.24686122  -3.46325421   1.25392580	-184.29727048  120.33006398 -718.25832858    6.94958374  -38.31568401  -12.40382831	 12.77025497  -5.98181967 -60.22093056   1.24640600  -2.39128648   0.60514859	168.20632772	0	0.00000000	0.00000000	0.00000000	 0.69769582 -0.15844636 -0.15248762	-0.19723104 -0.00438886 -0.67242400	-57.80062412  41.01699036 -12.98837871 -98.63921643  -9.29440126  17.10906935 -15.80744880  -1.79408322 -29.66442947 -73.65094243  10.94417513  -4.47026435	-0.00470165  0.08482912 -0.10640456  0.64868200 -0.23480639  0.04802126  0.01196947  0.06010902 -0.22468212  0.78541332 -0.37704474  0.00142660	
0.00399200	0.87853682	0.00489758	  32.23315048   21.12238884 -662.42327881   11.53137398  -17.43175888   -4.29352140	  36.62408829  -32.22998428 -144.83125305    4.02486134  -12.07343388    3.63498139	-177.52153800  114.71834417 -684.93788810    6.33553724  -36.44006804  -12.14318580	  10.56875003  -16.97361363 -122.48742806    4.12709271   -8.71925337    1.78562523	168.43035120	0	0.00000000	0.00000000	0.00000000	 0.70128319 -0.15554886 -0.16410247	-0.21228700 -0.03255494 -0.69988719	-55.29314502  33.84964085 -16.58380240 -98.96256830 -10.91390621  15.32349402 -15.95608776  -0.43741649 -25.75187435 -73.18734109  12.47393061  -4.27017227	-0.00630466  0.08522795 -0.10309882  0.64868200 -0.23242871  0.04868854  0.01116051  0.06046184 -0.22742794  0.78248346 -0.38026610  0.00140359	
0.00398400	0.88619405	0.00499111	  29.63710785   23.11660576 -588.97058105   10.57323933  -14.79212856   -4.98275089	  70.31333923  -45.85091400 -295.96585083    8.75680447  -28.89962387    7.20289850	-162.62396271  106.49980814 -622.27458601    5.23182604  -32.45813107  -11.93569273	  16.27313010  -26.26312659 -246.19288649    8.87663698  -23.93073916    3.63040366	167.47841773	0	0.00000000	0.00000000	0.00000000	 0.70386267 -0.15555237 -0.17177324	-0.21877625  0.00380326 -0.70573908	 -53.76999512   27.48312640  -21.19765562 -100.19441387  -12.63824423   13.34825800  -16.92217550    0.44549529  -20.18326511  -72.47053628   13.93490189   -3.47471122	-0.00804573  0.08555009 -0.09957067  0.64868200 -0.23001270  0.04917941  0.01029657  0.06080699 -0.23009707  0.77904731 -0.38309628  0.00131155	
0.00400800	0.89396852	0.00512703	  35.44628906   18.04157066 -504.71115112    9.00128174  -13.30085373   -4.13471365	 135.71336365  -58.85149002 -472.19073486   15.57219028  -49.53629303   12.13850307	-142.66810302   95.63218007 -553.06493043    4.38325385  -28.34883521  -11.12462959	  37.07489765  -33.68769788 -400.11053297   15.04617575  -42.67603204    5.95521137	167.51749916	0	0.00000000	0.00000000	0.00000000	 0.70671409 -0.15787146 -0.18489461	-0.22993595 -0.02976087 -0.70128131	 -51.01727359   20.15668346  -25.59706767 -101.15027555  -14.67440665   12.32828940  -17.63081228    1.81782569  -14.26333958  -71.42819791   14.83473928   -1.23282930	-0.00987883  0.08579553 -0.09604251  0.64867431 -0.22758134  0.04947087  0.00933053  0.06112145 -0.23255911  0.77527374 -0.38533589  0.00102010	
0.00398400	0.90188074	0.00535550	  48.39598465    6.50842190 -458.51330566    7.96685505  -13.63148880   -2.35545611	 188.85504150  -63.96714783 -613.36199951   20.13496399  -63.81839371   15.28483295	-117.79211354   81.86476870 -496.30782898    4.12014216  -25.48571562   -9.24195716	  72.08561962  -36.13976664 -559.75696951   20.67540166  -60.93542536    8.53496034	167.00936714	0	0.00000000	0.00000000	0.00000000	 0.70727510 -0.16130602 -0.19243208	-0.25256073 -0.03042904 -0.67532961	 -48.76672552   14.39883434  -29.46594518 -102.16052713  -16.04272084   11.54991641  -17.49363184    2.83786876   -9.02759324  -70.12341570   14.03224327    3.44697700	-0.01182699  0.08602563 -0.09246834  0.64859760 -0.22518833  0.04960126  0.00835663  0.06142825 -0.23513620  0.77169955 -0.38667813  0.00034515	
0.00400800	0.91006023	0.00557327	  77.08177948  -12.92089653 -445.33224487    6.68360090  -14.85828304   -0.50147343	 202.62774658  -69.00288391 -682.86962891   22.16433525  -72.96740723   14.96823215	 -88.59443613   58.45738789 -466.44755134    4.73934469  -24.01018015   -6.71818518	  93.50004020  -40.91199565 -681.53876588   24.15803858  -74.95546460    9.82793891	166.03837534	0	0.00000000	0.00000000	0.00000000	 0.70792353 -0.17124159 -0.19540831	-0.33834905  0.00471891 -0.52066097	 -43.88175522    8.51832628  -33.39976592 -103.11039478  -16.37002141   12.29648643  -15.56317942    2.34317003   -5.92705204  -68.76299917   10.58869685    9.84023941	-0.01396689  0.08631708 -0.08883281  0.64833683 -0.22286436  0.04963194  0.00718639  0.06170436 -0.23742950  0.76919919 -0.38685453 -0.00080534	
0.00398400	0.91846842	0.00585501	 108.63430786  -40.88615036 -431.13906860    5.67043638  -12.89014816   -0.39850613	 222.37634277  -84.49770355 -704.99542236   20.08612633  -77.45127869   13.81102562	 -62.82594396   33.69480467 -465.71454311    5.81040600  -21.57624642   -5.01518421	 104.76483143  -49.32902088 -730.31614566   24.43312003  -82.38511775    9.04081699	167.49042699	0	0.00000000	0.00000000	0.00000000	 0.71105520 -0.19226089 -0.19444777	-0.33834905  0.00471891 -0.52066097	 -33.93499106    2.48361834  -35.56673458 -101.06611568  -14.30249815   13.27490366  -10.54628568    0.41193753   -5.76725468  -70.04904749    4.42130789   16.33075646	-0.01642893  0.08674660 -0.08512825  0.64785361 -0.22057872  0.04968563  0.00589048  0.06215689 -0.23924726  0.76838619 -0.38585743 -0.00226262	
0.00399200	0.92719418	0.00590468	 130.87173462  -68.01850891 -461.43823242    4.99995852   -7.31414652   -1.00532115	 213.64675903  -88.09147644 -669.23205566   20.55615044  -79.85569000   16.44381332	 -47.27227247   10.03548582 -483.87404742    7.02715761  -17.05731407   -4.29611813	 109.23207404  -64.12984841 -726.88497968   24.21637515  -86.15501856   10.09056815	164.42342630	0	0.00000000	0.00000000	0.00000000	 0.73149395 -0.21267017 -0.18646624	-0.49780805  0.02303254 -0.21505897	-25.26623493  -3.16268709 -39.42504045 -97.39713987 -10.55839757  15.63276089  -8.03226115  -4.02321362  -4.93270850 -75.22953539  -5.85841610  22.55865502	-0.01916709  0.08736786 -0.08137766  0.64719403 -0.21835445  0.04990039  0.00446891  0.06281650 -0.24045911  0.76901507 -0.38385561 -0.00397301	
0.00400800	0.93598408	0.00601391	 196.55702209 -108.84124756 -571.90014648    6.39455366    2.96321177   -6.33035994	 171.26564026  -48.41570282 -634.82110596   21.14377975  -73.14999390   19.63141632	 -28.84205245  -19.34175776 -562.44982597    9.63990728   -8.09936670   -5.86846853	  87.92150327  -41.40963934 -697.32001078   23.38569810  -85.02282865   12.27340242	164.53213431	0	0.00000000	0.00000000	0.00000000	 0.74888195 -0.20921752 -0.18700049	-0.46155250  0.01231866 -0.35361228	 -6.61287630 -10.51486551 -36.77337933 -90.61780163  -2.96318475  16.01464622   0.28351776  -9.68034966  -8.26665419 -81.31522214 -17.04360875  27.98563296	-0.02199728  0.08835728 -0.07762709  0.64645773 -0.21616852  0.05039126  0.00271748  0.06358349 -0.24095765  0.77028829 -0.38100240 -0.00569874	
0.00397600	0.94487756	0.00600368	 259.90161133 -122.61395264 -712.33605957   11.29697323   26.57182503  -14.14985180	 166.07458496  -81.65512848 -579.06817627   14.33773422  -66.02319336   19.93441010	 -17.17893334  -30.89087099 -697.99009933   13.89522535    9.26340660  -10.20383379	  72.24814866  -44.77493453 -655.83127759   21.01770920  -78.22405250   15.04890395	162.26014404	0	0.00000000	0.00000000	0.00000000	 0.76210948 -0.17915757 -0.20017940	-0.46155250  0.01231866 -0.35361228	 -4.14965840 -18.90394464 -43.23846634 -87.55131930   1.91252571  16.83497552   1.87319168 -14.60823224  -6.03929158 -88.96319597 -25.85736011  32.81233359	-0.02469709  0.08933135 -0.07386883  0.64587480 -0.21403630  0.05125029  0.00026704  0.06430446 -0.24083494  0.77199101 -0.37744355 -0.00735544	
0.00400800	0.95377743	0.00611913	 332.68475342 -146.71771240 -878.21527100   16.98238945   49.59818649  -23.41599846	 163.00320435 -111.38013458 -509.93917847    9.95369244  -63.83053970   16.07200050	 -15.48107071  -35.67559265 -852.04080338   19.14319983   30.94161323  -17.20686152	  73.91377851  -79.41180394 -594.93143283   18.02450277  -72.88652750   14.88802786	159.97463158	0	0.00000000	0.00000000	0.00000000	 0.76322465 -0.13733925 -0.19470713	-0.20535718  0.06613780 -0.60728927	 -0.62518106 -27.27532797 -47.54262286 -80.01849610  11.26091124  15.59040293   9.23257864 -17.42244939  -8.30271245 -92.74058226 -32.65101785  34.37742156	-0.02695971  0.09012903 -0.06994184  0.64565235 -0.21198843  0.05246213 -0.00290597  0.06483369 -0.24025969  0.77403885 -0.37359327 -0.00865932	
0.00398400	0.96279234	0.00618695	  393.99191284  -167.84046936 -1010.50567627    23.27956200    76.36997223   -29.48991966	  99.01161194  -95.57399750 -459.30435181    8.36203861  -51.53034592   15.62180424	  -13.58764455   -35.37102115 -1031.83155341    27.39036707    57.94749984   -23.39429037	  35.59486727  -87.11171989 -536.06790459   15.25150906  -65.12836655   13.84375412	155.93995439	0	0.00000000	0.00000000	0.00000000	 0.76995581 -0.11911478 -0.18419171	-0.26872415  0.05580311 -0.86673664	-10.34621535 -36.47210768 -59.62434831 -78.00352625  18.37051656  13.53953866   9.08602643 -21.57063157  -6.79707244 -98.42306499 -39.98066539  32.10277546	-0.02868544  0.09072728 -0.06585378  0.64588249 -0.21053882  0.05388106 -0.00642456  0.06514815 -0.23935464  0.77619410 -0.36912173 -0.00924990	
0.00400000	0.97189146	0.00623696	  421.38824463  -161.58775330 -1095.54797363    27.82428741    93.44807434   -29.17362404	 100.85530090  -50.63323975 -370.03341675    8.90241241  -47.21920013   12.47207737	  -17.90367344   -25.51281112 -1151.93494601    33.70349600    77.54117046   -25.61207333	  25.59329604  -58.45408377 -459.95439020   12.54777281  -57.57192173   11.71911671	153.48187532	0	0.00000000	0.00000000	0.00000000	 0.78387942 -0.14460615 -0.14591740	-0.26872415  0.05580311 -0.86673664	 -18.73616587  -40.75412177  -69.24819126  -64.73134836   38.77458528    8.86933048    8.99803253  -25.63670191   -4.15342834 -102.35268555  -47.28743737   27.86874229	-0.02991262  0.09098805 -0.06171203  0.64654207 -0.20955707  0.05533068 -0.00992743  0.06527854 -0.23818882  0.77813458 -0.36448142 -0.00916553	
0.00400000	0.98104620	0.00616649	  409.91491699  -129.82737732 -1088.37304688    30.92475510   100.22125244   -28.62008095	  85.23090363  -46.98217010 -325.34912109    7.38639069  -38.36126709    8.06192493	  -24.41109833    -7.04671648 -1196.73693714    37.96298755    89.41715665   -25.98175756	  28.38890819  -41.91002968 -394.87563269   10.05059380  -49.42749904    8.56791041	146.36883318	0	0.00000000	0.00000000	0.00000000	 0.79889093 -0.17079861 -0.12187119	-0.16882519  0.16418953 -0.47579250	 -24.59984802  -45.12147915  -77.83161100  -57.24986254   55.05994278    4.10006236   10.00094855  -29.60615784   -1.34716248 -107.81388361  -53.60119755   23.28042311	-0.03087136  0.09090368 -0.05757796  0.64755452 -0.20931163  0.05660388 -0.01327323  0.06514815 -0.23675455  0.77967626 -0.35981813 -0.00853660	
0.00400000	0.99012256	0.00610941	  351.96386719   -93.12555695 -1024.43640137    31.39943886    99.58058929   -25.86059761	  93.74471283  -38.03798294 -268.00280762    6.28108120  -33.39723206    5.52363682	  -50.10480971    26.98634589 -1149.63032424    37.92894873    92.35179094   -25.33747447	  27.41559782  -36.95831938 -344.43923696    8.22616032  -40.90073733    5.24010838	141.82238541	0	0.00000000	0.00000000	0.00000000	 0.81455323 -0.20040049 -0.09758748	-0.16882519  0.16418953 -0.47579250	 -20.39781167  -48.79470650  -81.73455730  -40.79355420   79.39083715    0.36621698   18.76100224  -33.98312218   -2.09312750 -106.68514288  -56.37897651   17.84835404	-0.03140058  0.09045883 -0.05357427  0.64889675 -0.20963377  0.05743990 -0.01642267  0.06461126 -0.23502882  0.78071934 -0.35530055 -0.00749349	
0.00398400	0.99912667	0.00605631	 318.64300537  -83.57376099 -928.66308594   29.31762886   95.05661011  -21.28733444	  89.78976440  -18.06681252 -226.36132812    6.50702238  -29.67674637    5.15127182	  -60.52091706    39.95872397 -1072.67308143    36.85849052    90.41644791   -22.77216184	  41.07416339  -25.24097135 -291.09716435    6.84782515  -35.24995621    3.67462408	135.02957735	0	0.00000000	0.00000000	0.00000000	 0.82995931 -0.22867433 -0.07358794	-0.16882519  0.16418953 -0.47579250	 -27.06885972  -51.53403615  -89.68003485  -30.56831314   95.23291797   -2.11830205   18.92664322  -37.67372889    1.36476063 -108.07890416  -57.14953112   11.75121105	-0.03150029  0.08969184 -0.04989272  0.65059179 -0.21019368  0.05763165 -0.01934435  0.06359116 -0.23297328  0.78122556 -0.35109746 -0.00614359	
0.00400000	0.00808059	0.00609267	 310.50256348  -93.47031403 -855.27667236   26.45556831   91.10644531  -18.95858574	  63.91831970   -8.05144024 -217.20370483    6.44150972  -23.97498894    5.23675585	 -56.32286303   30.14230437 -989.08886803   35.86724427   87.16281809  -19.50196590	  27.37354805  -10.52428362 -262.12015258    5.84589287  -30.23864200    3.07460206	130.43594647	0	0.00000000	0.00000000	0.00000000	 0.83052392 -0.20609534 -0.05189019	 0.22294371  0.18432547 -0.41706291	 -29.37794861  -52.57825081  -93.23772477  -16.30737790  109.00637128   -3.70402757   20.25775861  -39.31847615    4.14605183 -107.17116825  -55.77116094    6.33810073	-0.03132388  0.08861038 -0.04676339  0.65272403 -0.21061552  0.05716378 -0.02201471  0.06195747 -0.23048824  0.78130227 -0.34724715 -0.00463262	
0.00399200	0.01707049	0.00592300	 274.03308105  -94.61187744 -753.53515625   22.95802498   85.88694000  -17.83007050	  64.66501617   -9.51514816 -189.60417175    5.82529259  -22.54248047    4.08483791	 -51.58052663   14.48917279 -894.94925009   33.52845999   83.35499838  -17.09994805	  19.65140213   -4.31319111 -238.21164541    5.22367368  -26.67627798    2.56665008	127.07961307	0	0.00000000	0.00000000	0.00000000	 0.82851763 -0.19556297 -0.03395884	 0.20978673  0.14933820 -0.27153900	 -32.91559891  -54.08321673  -98.64010949  -10.93950758  111.23318671   -3.06530230   20.99845605  -39.95490766    8.24211707 -108.68777613  -55.42126598    2.18837616	-0.03123184  0.08722213 -0.04434738  0.65523976 -0.21069989  0.05621272 -0.02446515  0.05960281 -0.22754300  0.78088808 -0.34379572 -0.00316767	
0.00399200	0.02587183	0.00573627	 230.16889954  -90.30551910 -658.57238770   19.29169464   79.82157898  -17.68150139	  65.24494934  -31.75139236 -176.37426758    4.45499897  -22.34553719    2.84102201	 -53.24160791    1.74735799 -791.57640077   29.79124413   78.38265900  -15.95055121	  22.32455043  -16.14220172 -219.33064513    4.83610451  -25.04072771    1.77788556	121.78769097	0	0.00000000	0.00000000	0.00000000	 0.82418785 -0.17714497 -0.03699309	 0.23539980  0.19402509 -0.28686378	 -32.36246786  -53.19957915 -101.59056504   -3.04160957  109.98715836   -3.07110742   25.17042158  -35.78030198   10.09137472 -105.71508304  -51.12632977   -1.16361603	-0.03134689  0.08555009 -0.04273669  0.65812361 -0.21036240  0.05487815 -0.02664070  0.05655019 -0.22413756  0.78001374 -0.34076610 -0.00185612	
0.00399200	0.03446563	0.00547722	 221.68751526  -96.24116516 -598.86761475   16.73744392   74.62056732  -19.11296844	  55.57380676  -33.19162369 -175.61602783    3.89198303  -20.11064339    3.83968067	 -50.81801567  -12.68235335 -710.80350760   26.51005285   73.80994764  -15.85706300	  14.81948176  -26.43384700 -213.87732526    4.75310679  -23.84777940    2.03479893	118.16461934	0	0.00000000	0.00000000	0.00000000	 0.81529965 -0.15587488 -0.02806310	 0.26992818  0.26450750 -0.43834512	 -37.90728601  -49.16145341 -107.22321401   -4.79409625   99.77309932   -1.07324995   24.98760429  -33.10519377   15.10693252 -101.93472908  -49.56613182   -4.25691879	-0.03160767  0.08368631 -0.04193136  0.66131431 -0.20974882  0.05329048 -0.02849424  0.05289932 -0.22034095  0.77863312 -0.33815065 -0.00066728	
0.00400000	0.04277596	0.00527704	 235.29959106 -108.68981171 -565.28997803   14.64679623   70.62923431  -19.70714569	  53.90850449  -29.56253815 -175.49478149    4.22407341  -20.35102844    4.67670822	 -35.77853657  -28.04130224 -662.83025936   23.93932936   70.56466478  -16.22480117	  11.40452225  -25.61096737 -207.31539951    4.74083000  -23.04091851    2.92429618	114.92734243	0	0.00000000	0.00000000	0.00000000	 0.80407791 -0.13998891 -0.02915759	 0.33838957  0.29374171 -0.44975314	 -43.81232589  -42.74431922 -109.75061000   -2.93484641   90.19496264    0.00733851   23.01731276  -27.42259213   23.66868419  -93.29654071  -41.96948196   -6.45965315	-0.03196048  0.08176883 -0.04182398  0.66488081 -0.20888980  0.05156475 -0.02998650  0.04880359 -0.21623756  0.77672333 -0.33588803  0.00035282	
0.00398400	0.05085492	0.00509745	 270.68457031 -125.42061615 -555.44219971   12.74219036   67.98076630  -19.64917374	  50.96980667  -38.85039139 -185.29376221    4.27395487  -21.43899345    5.70851564	 -10.43126676  -48.77260082 -651.02411957   22.75515011   69.60390915  -16.01918078	   6.22348990  -29.26326806 -212.08047196    5.21063789  -23.87495824    3.71323693	113.47984669	0	0.00000000	0.00000000	0.00000000	 0.79236595 -0.13151115 -0.03656588	 0.33838957  0.29374171 -0.44975314	 -47.38561313  -38.31980756 -113.24625881   -9.33717142   75.43693524    1.71525413   19.66781187  -20.50971892   30.41915931  -83.95567720  -34.69572829   -7.28125320	-0.03247437  0.07999709 -0.04233019  0.66883850 -0.20780067  0.04980835 -0.03114888  0.04432436 -0.21181202  0.77425361 -0.33397055  0.00110447	
0.00400800	0.05874761	0.00494503	 274.46942139 -137.57437134 -520.92681885   10.49195004   64.38815308  -20.33436394	  52.01110840  -45.71292877 -203.73175049    4.44393826  -23.26813126    7.38525486	   8.20372180  -68.16583772 -636.80085791   21.61510234   68.36338736  -16.01760502	   0.43413229  -35.95787229 -223.60151376    5.87675911  -25.57050395    5.00061025	111.83628161	0	0.00000000	0.00000000	0.00000000	 0.78098713 -0.11493100 -0.03347864	 0.29402964  0.33355570 -0.40254969	 -48.74458636  -33.87296416 -115.02527774  -13.65377788   59.99397760    1.39127732   17.22853964  -14.89292852   40.20131613  -69.69078459  -20.92265259   -7.20394045	-0.03324903  0.07851679 -0.04327359  0.67323333 -0.20651980  0.04818233 -0.03209136  0.03960738 -0.20702600  0.77130836 -0.33228317  0.00156466	
0.00398400	0.06645756	0.00465677	 260.75134277 -136.88793945 -481.14407349    8.62404728   60.58983231  -19.91328430	  46.67397690  -67.11779785 -231.29109192    4.31617022  -25.76779175    9.26594639	  14.38974241  -79.00161696 -602.84127586   19.82067207   65.47708716  -15.44682325	  -9.06703131  -50.31214683 -245.41541724    7.02052763  -28.94071877    6.98510073	109.80701597	0	0.00000000	0.00000000	0.00000000	 0.77123955 -0.09068371 -0.03192990	 0.32561656  0.43663283 -0.41720160	 -47.61189831  -30.77421894 -117.62649645  -20.16980241   38.35271298    3.08750928   13.32560338  -11.21022129   50.55495814  -52.58496505   -3.00230514   -6.29263343	-0.03435349  0.07734329 -0.04460815  0.67805773 -0.20514688  0.04680941 -0.03295530  0.03492106 -0.20183349  0.76807934 -0.33073387  0.00175641	
0.00399200	0.07385158	0.00453006	 227.17089844 -112.50353241 -427.28738403    8.13687706   55.53794098  -18.65876198	  30.34470558  -88.04994202 -269.70095825    4.45822334  -28.18124580   11.04858303	  12.90414672  -73.07768964 -553.00680951   17.47041013   61.25239430  -15.18163242	 -29.50476517  -67.81889388 -274.35642927    8.41325665  -33.02883989    8.93358481	108.43960879	0	0.00000000	0.00000000	0.00000000	 0.76588711 -0.06226354 -0.04124071	 0.32561656  0.43663283 -0.41720160	 -45.73642562  -29.48137597 -118.36800393  -21.62927743   22.39838363    1.00120041    8.46112650   -9.90696887   61.48046584  -33.73900270   18.31141437   -5.17816591	-0.03577242  0.07643057 -0.04634922  0.68289745 -0.20378931  0.04582000 -0.03387422  0.03034980 -0.19610406  0.76485801 -0.32912317  0.00172573	
0.00399200	0.08110477	0.00443125	 221.39607239  -95.94101715 -401.25210571    8.03261948   51.84518051  -15.69447327	  14.45764446 -101.61965942 -300.28939819    4.83439350  -29.70284653   11.24376106	  12.37972368  -57.70815513 -508.44115613   16.16928024   56.51539775  -13.17817073	 -60.41615997  -82.15524531 -304.67343963    9.72824162  -37.64676531    9.92285317	106.03162678	0	0.00000000	0.00000000	0.00000000	 0.76302857 -0.04156994 -0.04499320	 0.42511845  0.48811248 -0.44952603	 -41.69302106  -28.75542058 -124.66504113  -21.30013593    4.48928023   -1.72545505    6.73325684  -12.91249164   67.14002189  -20.07433927   36.48542749   -3.76039982	-0.03739844  0.07567893 -0.04848912  0.68835074 -0.20263882  0.04506835 -0.03496592  0.02597796 -0.18991445  0.76189744 -0.32727474  0.00155699	
0.00400800	0.08825704	0.00454414	 216.85394287  -66.82623291 -352.36645508    7.69585752   42.90307236  -10.72137547	 -36.43872833 -110.85601807 -339.47991943    6.34032249  -30.03497505    9.79047871	  26.02324338  -38.13979382 -465.66923412   14.78872330   50.37550480  -10.51920879	-109.37021837  -90.53444376 -329.01061594   11.02819619  -42.33707566    9.30067207	104.94344425	0	0.00000000	0.00000000	0.00000000	 0.76167871 -0.03191046 -0.05108099	 0.43244694  0.49190795 -0.42887656	 -36.97679406  -28.21994380 -126.44529322  -19.77270596   -8.46527239   -3.73791946    7.23314350  -13.61297576   71.94327045   -8.13398542   49.75768311   -3.24866395	-0.03909349  0.07495795 -0.05081310  0.69413382 -0.20181814  0.04448543 -0.03630110  0.02194359 -0.18320328  0.75928968 -0.32495841  0.00137291	
0.00398400	0.09552143	0.00458706	 220.16419983  -49.58785629 -306.83871460    7.25301838   34.93204498   -4.27275372	 -76.36577606 -115.13714600 -373.64300537    7.73272610  -29.46509552    7.21912050	  42.65827658  -28.60968070 -429.40427557   14.58899921   44.06154794   -6.21457843	-157.23090215  -91.67732460 -348.38866021   11.81038759  -45.81146978    7.51163444	103.40567890	0	0.00000000	0.00000000	0.00000000	 0.75925052 -0.02628800 -0.05744482	 0.43244694  0.49190795 -0.42887656	 -31.10169348  -26.75441962 -129.59421737  -22.62471829  -23.70075804   -5.19548265   10.67836497  -17.46397767   71.55241774    0.59735192   56.61988315   -3.09655420	-0.04085757  0.07408359 -0.05372000  0.70023143 -0.20139630  0.04395621 -0.03787975  0.01836175 -0.17596290  0.75701171 -0.32202852  0.00123485	
0.00399200	0.10283797	0.00468106	 220.08563232  -29.85862160 -263.30499268    7.09546089   27.52077103    0.61903530	 -93.77710724 -102.50087738 -376.49566650    9.14086437  -29.03015518    5.04552841	  62.07451169  -14.95619113 -388.31986343   14.31910663   37.01614238   -1.92596488	-194.73491386  -80.88498454 -357.07205611   11.72660149  -48.09919175    4.52683392	101.26708244	0	0.00000000	0.00000000	0.00000000	 0.75636395 -0.01580916 -0.06014648	 0.44882581  0.62536966 -0.41232091	 -26.00878180  -24.34920678 -129.44619698  -23.81875678  -34.80801692   -7.56861022   12.47505218  -21.42825072   73.06712680    6.74469607   59.85394888   -2.56254500	-0.04270602  0.07283339 -0.05693369  0.70668179 -0.20138095  0.04341165 -0.03965475  0.01523243 -0.16895261  0.75504822 -0.31837764  0.00109680	
0.00400000	0.11026344	0.00482412	 198.27867126   -1.13097167 -208.78961182    7.40668106   20.17483902    6.18581295	-116.37574005  -87.43662262 -376.96865845    9.95144081  -25.78922462    3.77131009	  75.07087873    2.10539642 -332.90185566   13.96170017   29.51421505    2.28278747	-219.00542309  -65.83974718 -346.83864555   11.23943415  -47.81230862    2.03498885	101.15506989	0	0.00000000	0.00000000	0.00000000	 0.75987739 -0.00818984 -0.07615875	 0.53503354  0.59623000 -0.36889478	 -21.66331711  -19.94472705 -129.75357033  -24.22553506  -45.66862191   -8.29571502   13.91930727  -26.73901316   74.08100477    8.88146134   59.30093018   -1.18582819	-0.04470019  0.07111534 -0.06030077  0.71346200 -0.20187183  0.04272903 -0.04146116  0.01247893 -0.16146678  0.75334549 -0.31395212  0.00087437	
0.00400000	0.11784790	0.00504333	 188.91859436   26.11825752 -170.55258179    8.20974827   13.79112625    7.85842752	-103.67015076  -79.74684143 -392.35256958   10.47100353  -18.92397118    0.71901476	  88.33039904   21.31497359 -286.88403876   13.14817901   23.13617867    4.74695762	-230.81774930  -52.05323669 -352.06904417   10.82601354  -44.16778586   -0.29453673	100.03225717	0	0.00000000	0.00000000	0.00000000	 0.77790612 -0.02351640 -0.09275688	 0.53283336  0.51353388 -0.30987836	 -19.12617382  -15.30216027 -129.13289193  -24.59165497  -51.07100814   -7.52715357   15.24961060  -31.39987449   75.11811081    7.78948621   53.73482357    0.69121169	-0.04669436  0.06895242 -0.06363718  0.72053361 -0.20284590  0.04180097 -0.04347178  0.01017796 -0.15426475  0.75183451 -0.30872890  0.00050621	
0.00398400	0.12566711	0.00524775	 175.12055969   27.03457069 -137.23422241    7.38631248   11.56067848    8.69460201	 -82.54335022  -85.85742950 -445.11596680    9.99190331   -6.96064997   -2.55999017	  93.28198442   30.68398692 -245.08456358   11.99481223   18.63044089    5.74794093	-231.52880655  -49.62873413 -393.12845614   11.00512613  -33.60407127   -3.80118336	100.10299669	0	0.00000000	0.00000000	0.00000000	 0.80042040 -0.04750480 -0.10544511	 0.50555041  0.39482742 -0.06451175	 -15.69406410   -8.76228802 -126.66464815  -23.38934270  -56.36404551   -4.34599194   17.63552282  -36.33019378   75.37990506    1.12433649   44.63944829    3.19841052	-0.04884961  0.06664378 -0.06692757  0.72778934 -0.20434153  0.04053544 -0.04545883  0.00789233 -0.14763795  0.75045395 -0.30276173  0.00001534	
0.00399200	0.13371795	0.00551921	 151.13394165   12.98526764 -112.23040771    4.94885921    5.24970388    6.76869774	  46.75373840  -84.82697296 -756.78918457    9.41362953   48.53599167   -7.23324585	  89.60129162   21.47511006 -207.86590799    9.73807544   13.21659193    5.24309385	-229.83908711  -51.32330054 -589.85815330   14.23017900    0.44332177   -7.48462587	97.36819525	0	0.00000000	0.00000000	0.00000000	 0.81858672 -0.05652835 -0.11877240	 0.44621932  0.38204889 -0.08946008	  -9.08205046   -3.11809625 -121.52023639  -21.13062380  -57.90259382   -2.84312520   26.52383344  -38.06965960   72.39783261   -7.61590621   33.80552178    5.27419307	-0.05098951  0.06408970 -0.06999553  0.73518312 -0.20627436  0.03896311 -0.04730452  0.00562971 -0.14178582  0.74900430 -0.29644173 -0.00057524	
0.00400800	0.14207940	0.00589732	136.39279175   0.70870811 -84.18654633   3.25210762   2.40545011   4.89493561	  212.24063110   -99.03849792 -1224.23449707     8.27746296   130.94209290   -14.27621651	  84.20767809    8.20317382 -181.35306889    7.72795344    9.67780952    4.33547285	-225.29779744  -57.51047333 -954.49154204   20.88673863   61.36479631  -11.98140604	94.01827918	0	0.00000000	0.00000000	0.00000000	 0.83458565 -0.04899317 -0.14440683	 0.44621932  0.38204889 -0.08946008	  -8.16866515    4.89472268 -120.97637779  -18.14181973  -57.60133395    0.47330058   26.37417491  -42.06035719   76.38437882  -18.14835326   25.68951273    6.82971051	-0.05315242  0.06155864 -0.07262631  0.74288374 -0.20869805  0.03727572 -0.04893029  0.00323670 -0.13679270  0.74747032 -0.29048222 -0.00114282	
0.00399200	0.15085219	0.00626494	122.24079132   2.47685838 -61.26069260   2.68616509   0.32310268   2.66717577	  327.34561157   -79.04341125 -1859.98852539     6.63617086   160.28462219   -15.56842232	  81.85879292    1.69017817 -149.65220412    5.60454807    7.03155691    2.59155703	 -302.60223423   -36.82066753 -1546.37411964    24.41911015   107.80936533   -15.04641106	90.04237309	0	0.00000000	0.00000000	0.00000000	 0.84980220 -0.05628178 -0.15825333	0.52922141 0.32012810 0.09511400	  -7.35090079   10.83236818 -120.97477377  -12.19309849  -57.73789455    3.17490171   28.63042771  -45.41641230   78.58610520  -27.08909003   23.41449507    7.15282822	-0.05534602  0.05922699 -0.07475854  0.75102919 -0.21155892  0.03559602 -0.05020264  0.00067495 -0.13265096  0.74587500 -0.28609502 -0.00156466	
0.00398400	0.16002911	0.00663360	   91.03302765   -11.20202923 -1037.44897461     1.53458750    -1.26964223    20.08441734	  421.16876221    -1.81974828 -2178.73437500     6.02404690   165.24870300   -33.44205856	-215.86873399   94.85726026 -649.70652516    6.32551116  -15.69027773    9.55720281	 -364.20328059    26.81353374 -1970.38418948    17.41778783   121.93819555   -25.91378137	86.40937591	0	0.00000000	0.00000000	0.00000000	 0.86315365 -0.07207754 -0.15010158	0.29565877 0.39525586 0.16457959	  -6.24266421   15.09769737 -122.80672138   -4.48496883  -59.77856057    5.29263868   32.22566797  -48.80209230   83.04669383  -30.04321362   37.28785018    5.95748925	-0.05754728  0.05745524 -0.07652262  0.75959647 -0.21485697  0.03401602 -0.05101945 -0.00187146 -0.12926853  0.74417228 -0.28423890 -0.00169505	
0.00400800	0.16962911	0.00692645	   64.63513947   -26.44313049 -1010.80847168    -0.50477070    -2.77872729    20.05675316	  586.71661377    53.14662552 -2428.38159180     0.09424099   167.56376648   -33.09361267	-365.51935121  127.42485597 -870.71255756    6.30971146  -27.26424973   13.26572660	 -339.25854100    73.39858293 -2327.11274913     9.04474811   130.60000959   -29.62982928	85.42582358	0	0.00000000	0.00000000	0.00000000	 0.87618222 -0.09226841 -0.11770851	0.29565877 0.39525586 0.16457959	  -5.76088824   17.30532600 -126.33542389    2.46610109  -61.19254377    7.23572535   30.84256818  -54.31118592   88.87488416  -28.52497074   57.35312561    3.71542356	-0.05974854  0.05652718 -0.07814097  0.76837850 -0.21837746  0.03263544 -0.05135718 -0.00412641 -0.12649202  0.74273032 -0.28492922 -0.00154165	
0.00398400	0.17954126	0.00714995	   51.31445694   -30.93121529 -1000.91064453    -0.48174000    -3.37669110    18.94318962	  634.51531982    37.24372482 -2431.85375977    -0.07353427   166.91404724   -29.66903305	-411.67438298  129.13220751 -905.32881761    5.86976609  -31.39231975   13.73632716	 -294.39527107    80.32651236 -2468.58598848     6.90513842   135.46306844   -28.54571139	86.18707124	0	0.00000000	0.00000000	0.00000000	 0.88824553 -0.11318217 -0.08300662	0.04349806 0.25822385 0.29914238	  -6.17762673   17.69604714 -133.18496300    8.23734020  -62.53396499    8.21018224   26.44557891  -62.02901082   97.07170833  -23.93150421   86.97932417    1.39187274	-0.06208786  0.05641213 -0.07994339  0.77722186 -0.22268027  0.03161534 -0.05134932 -0.00597485 -0.12403766  0.74174857 -0.28755230 -0.00115816	
0.00400000	0.18971069	0.00724791	    9.38118553   -34.87276077 -1012.39123535    -0.30774707     0.19588526    19.43245506	  623.95086670    33.42596817 -2424.08886719     0.18539119   166.89186096   -27.36791801	-451.50992378  132.54347156 -906.35071294    6.09731733  -32.46587632   14.01539286	 -270.74846241    79.25905224 -2506.24565451     7.14941700   137.07558041   -26.46561789	83.57171418	0	0.00000000	0.00000000	0.00000000	 0.90576593 -0.12915296 -0.06095316	0.09984303 0.30501932 0.46465705	  -2.65849324   16.87651911 -136.01800974   14.74234562  -63.22698274    7.79286897   27.99689049  -67.55698505  102.88775799  -19.98169767  117.24366216   -1.11446749	-0.06461126  0.05698738 -0.08221368  0.78592724 -0.22760436  0.03102476 -0.05122366 -0.00748582 -0.12148359  0.74134976 -0.29174009 -0.00062126	
0.00399200	0.19998455	0.00729175	   35.81321716    19.13107300 -1005.70697021     1.55327094    -1.44673026    20.01136589	  493.66928101    28.05172729 -1812.02038574     4.87647009   157.15332031   -24.56452942	-452.44809211  163.03118472 -910.52512655    4.92773940  -32.63784333   13.45510093	 -224.01719959    61.49891470 -2237.12923185    11.44206661   136.44697088   -25.94484496	81.43483921	0	0.00000000	0.00000000	0.00000000	 0.93158586 -0.13593335 -0.05124178	0.09984303 0.30501932 0.46465705	   1.04410223   12.82018022 -141.51918602   18.39189598  -63.69677311    5.91247007   31.05668944  -75.76569508  106.24725517  -11.65046420  151.86187988   -3.81856821	-0.06717300  0.05799980 -0.08521262  0.79418772 -0.23312669  0.03079466 -0.05112156 -0.00876670 -0.11856902  0.74151850 -0.29713202  0.00003835	
0.00400000	0.21031159	0.00720146	14.65341187 33.09455490 10.54096317  2.57454538 -2.42061901 -0.37930766	  398.65823364   -21.54063606 -1782.51611328     3.70884681   157.64599609    -4.61452818	-192.17147910   94.41004262 -418.40399161    1.72760445  -15.79698157    5.51134696	 -236.01608533    36.80758580 -1958.41164532    17.41712355   132.41866194   -14.07151951	79.89123826	0	0.00000000	0.00000000	0.00000000	 0.94829933 -0.13029370 -0.02343401	0.22556585 0.24484410 0.31722840	   3.21413664    9.78278947 -144.58467209   24.36124571  -60.81115577    4.35620431   31.93239197  -83.02559489  112.38669307   -3.32804197  185.61782693   -6.20734412	-0.06952766  0.05928835 -0.08904757  0.80221808 -0.23923193  0.03075631 -0.05106658 -0.00997087 -0.11501785  0.74208605 -0.30313754  0.00074398	
0.00399200	0.22053382	0.00713643	10.51552963 23.99538040 -4.20197535  1.86662376 -1.45669627 -0.26908657	  289.03512573   -40.19658661 -1038.58178711     2.54791665   144.98770142    -2.44648981	 -37.32119072   42.17411460 -125.33962589    0.11011357   -4.88597091    0.68088639	 -172.01620167     1.33393014 -1470.98167295    21.41921795   131.06466165    -6.23151808	77.99345435	0	0.00000000	0.00000000	0.00000000	 0.95581028 -0.12548800  0.00756581	0.20101411 0.18183342 0.35006033	   1.67252398    5.93970754 -148.57846112   24.65779749  -55.69296640    2.63739437   26.88977517  -87.87307713  118.54740747    8.97243498  218.66660211   -7.97798683	-0.07149883  0.06035446 -0.09378757  0.81037122 -0.24585871  0.03075631 -0.05109014 -0.01135146 -0.11068436  0.74287605 -0.30905873  0.00141126	
0.00399200	0.23068379	0.00698223	19.34403419 14.69521523 -3.55402255  1.08568096 -1.96839058 -0.79242098	 217.52174377  -36.29091644 -814.28259277    2.72293973  123.36818695   -2.85473442	  3.31466514  22.53856189 -57.47296569  -0.31281322  -1.83573773  -0.50785702	 -110.15862120   -18.09572404 -1052.84144823    21.28860250   121.78143564    -3.83125951	74.84053336	0	0.00000000	0.00000000	0.00000000	 0.95350655 -0.14225265  0.00997968	0.21938614 0.17512616 0.41935966	   2.85513635    7.33733751 -148.11345482   22.54062155  -50.71857788    1.59873147   28.37456648  -89.34273290  119.09561422   18.82154669  222.00000000   -8.95648250	-0.07304815  0.06099106 -0.09949397  0.81838626 -0.25306076  0.03077932 -0.05115297 -0.01305417 -0.10549184  0.74385011 -0.31418988  0.00195583	
0.00398400	0.24065791	0.00683946	 12.08332157  15.04025459 -10.98791122   1.08049846  -1.63507402   0.58907157	 185.46752930  -40.10385895 -739.13226318    2.23276925  112.63520813   -3.71640825	  9.29650421  16.15090571 -42.05947234  -0.19709220  -1.56386079  -0.24273502	-101.44326754  -23.25444607 -854.98161505   18.71753901  107.42920066   -3.85914705	72.46982952	0	0.00000000	0.00000000	0.00000000	 0.94771871 -0.14072106  0.01808357	0.25804532 0.19797441 0.45188463	   3.39425138    9.18904932 -146.44514195   14.38073934  -45.26686638    1.34530843   28.63301120  -86.06646363  116.81113778   29.33448768  222.00000000   -9.05938184	-0.07419097  0.06102174 -0.10608242  0.82745206 -0.26092240  0.03081000 -0.05120795 -0.01514039 -0.09944028  0.74503899 -0.31797114  0.00232398	
0.00400000	0.25048226	0.00668697	22.77548599 31.04609108 -1.99644053  2.04935670 -1.60364878  1.19723654	 142.78408813  -69.41802979 -701.88214111    0.49614754  109.02925110   -8.14786339	 16.90790680  24.84648051 -36.86910576  -0.04133833  -0.88792992  -0.10798969	-119.72998319  -40.53900075 -762.75105148   16.67886742   99.15078034   -5.76556032	69.18638686	0	0.00000000	0.00000000	0.00000000	 0.94435081 -0.14190206  0.02300779	0.32051610 0.24861357 0.47304873	   3.81360185   14.88582870 -140.68169007    5.87210831  -39.02878508    2.87455003   29.45858129  -78.62009175  112.37678298   35.19289923  222.00000000   -8.89340490	-0.07493494  0.06035446 -0.11281659  0.83709311 -0.26912922  0.03081767 -0.05117653 -0.01756408 -0.09272912  0.74647325 -0.32027978  0.00252340	
0.00399200	0.26013270	0.00662012	25.90481949 30.51752663  7.65394020  2.31451464 -2.41012073  0.34963584	 119.16254425 -102.29228210 -745.06561279   -0.61506611  118.36459351  -13.02021122	 26.92158051  26.72321673 -29.74573853  -0.07062838  -0.96036802  -0.21026210	-154.25263148  -62.89787744 -748.41065191   16.05176654  100.15855798   -9.30351256	68.96489595	0	0.00000000	0.00000000	0.00000000	 0.94493743 -0.15431804  0.01932462	0.32051610 0.24861357 0.47304873	   4.28833490   21.38435685 -133.96294056   -7.70255790  -34.32650002    5.05088257   28.26382393  -69.05127577  106.92824025   42.50464239  222.00000000   -9.05981134	-0.07530310  0.05914262 -0.12031009  0.84705633 -0.27752775  0.03077932 -0.05112156 -0.02012582 -0.08567281  0.74800724 -0.32115415  0.00266146	
0.00399200	0.26970881	0.00661237	19.82126427 21.99597549  6.09095526  1.66139400 -1.75912559 -0.00633778	 122.44105530 -110.91622925 -792.94097900   -0.72133607  129.38581848  -16.67395592	 24.80456228  21.94874564 -27.00906202  -0.16944898  -0.70301860  -0.57898493	-189.55951063  -79.67483877 -779.58229899   15.88033004  108.20813709  -13.20161579	68.23037273	0	0.00000000	0.00000000	0.00000000	 0.94367014 -0.17603168  0.00702770	0.34224882 0.28722005 0.67189827	   4.32410616   29.33064970 -124.92992216  -20.65941037  -27.87593371    8.14351651   28.73816848  -61.00788792  101.81435736   47.02846607  222.00000000  -10.22845936	-0.07530310  0.05760864 -0.12787262  0.85695821 -0.28601834  0.03071796 -0.05109799 -0.02257252 -0.07915339  0.74947983 -0.32086268  0.00285320	
0.00399200	0.27927634	0.00667733	18.51203156  7.92797089 -2.87222528  0.77103841 -0.67322069 -0.84103322	  134.95896912  -110.70269012 -1012.79278564    -0.09573304   146.76524353   -19.72493553	 17.26648822  11.76972229 -31.39225268  -0.21852825  -0.11437482  -0.93951914	-248.48935490  -80.91469615 -895.96357961   15.94015398  119.31745308  -16.53540870	69.09770500	0	0.00000000	0.00000000	0.00000000	 0.93850924 -0.19092510 -0.01666655	0.39589110 0.20696172 0.80572106	   9.20146818   36.16636014 -113.86051747  -32.29159274  -22.05008047    9.65320596   35.54251627  -52.43738774   95.69248592   48.41818514  222.00000000  -12.01536232	-0.07498863  0.05602864 -0.13555786  0.86664528 -0.29470065  0.03072563 -0.05109799 -0.02472777 -0.07268766  0.75082207 -0.31994998  0.00316767	
0.00400000	0.28892049	0.00670919	33.05040741 12.59657574  3.39895320  1.14036167 -2.63814378  0.03071589	  170.90615845   -89.61251068 -1366.25549316     1.38982368   153.01017761   -19.07880592	 22.95064400   5.59781922 -31.31656935  -0.09808772  -0.52799604  -0.78441867	 -337.41779437   -60.55278304 -1142.48913715    15.82812550   121.93985809   -18.11190048	67.33382733	0	0.00000000	0.00000000	0.00000000	 0.93289388 -0.19251766 -0.05567345	0.39589110 0.20696172 0.80572106	  12.41073992   41.58907605 -104.99155813  -39.45104389  -16.95668512   10.79123560   40.67268339  -47.59074822   91.30759339   45.96661950  222.00000000  -13.52756044	-0.07446709  0.05462505 -0.14298999  0.87629402 -0.30338299  0.03093272 -0.05102731 -0.02636912 -0.06688922  0.75203395 -0.31889153  0.00355883	
0.00400000	0.29860005	0.00679222	28.24060822 17.62714386 -4.63336039  1.54089189 -2.11709142  0.78788108	  220.50994873   -70.62960052 -1637.50097656     2.93773723   157.47885132   -16.29956818	 26.58652042  10.41597630 -34.94875458   0.16639327  -0.90177172  -0.30272716	 -424.74836217   -30.74733806 -1433.92024812    15.71051291   122.19235169   -17.01003780	68.49627433	0	0.00000000	0.00000000	0.00000000	 0.94327567 -0.19931848 -0.07228965	0.51144022 0.06045699 0.87608305	 13.73781840  44.06907108 -95.69404147 -45.42841129 -13.06583746  10.90431624  41.19641724 -46.03818214  88.95370371  43.02055678 222.00000000 -13.96486735	-0.07381514  0.05362029 -0.15006164  0.88598877 -0.31200397  0.03131621 -0.05072886 -0.02768068 -0.06188844  0.75323808 -0.31794047  0.00385796	
0.00399200	0.30836746	0.00687510	22.24551773 20.47131348 -9.61116028  1.77743196 -1.32606018  0.24710856	  245.14106750   -55.53218079 -1728.08129883     3.76607943   158.85298157   -14.03514194	 20.89455772  16.58447910 -37.56873414   0.31596418  -0.68661864  -0.27605472	 -476.84583098    -4.39569022 -1617.80537798    15.55148635   122.35928595   -15.05982152	65.78484951	0	0.00000000	0.00000000	0.00000000	 0.95441612 -0.21114687 -0.07961600	0.48175316 0.08263396 1.00108255	 16.12645955  46.20729083 -87.17001997 -50.68647335  -9.91316467  10.58596802  43.42077208 -46.92673709  85.36447282  36.72501245 222.00000000 -13.84761029	-0.07307883  0.05304505 -0.15673445  0.89561450 -0.32083967  0.03185311 -0.05011624 -0.02855505 -0.05773902  0.75445759 -0.31734222  0.00404971	
0.00400000	0.31823140	0.00695645	16.56254387  4.58906746 -1.18716931  0.76918602 -1.61376584 -0.88751137	  250.61190796   -50.53826141 -1604.55310059     4.18505192   156.40965271   -11.30610943	 15.90879966  11.02261705 -34.93614495   0.03912906  -0.60857858  -0.74238976	 -473.97792532     3.97750769 -1634.27963518    16.34742937   123.07376581   -13.17772602	65.14445542	0	0.00000000	0.00000000	0.00000000	 0.96965796 -0.22167347 -0.08627048	0.48175316 0.08263396 1.00108255	 19.00407999  47.29373096 -79.55355433 -55.88671269  -6.73257623   9.30394715  46.87815216 -49.72378980  80.11603929  32.04866474 222.00000000 -13.06343961	-0.07225048  0.05304505 -0.16312349  0.90498710 -0.32969075  0.03252039 -0.04918162 -0.02907660 -0.05429524  0.75566947 -0.31716579  0.00408039	
0.00400000	0.32818580	0.00700588	11.44915867  4.24901438 -4.20577908  0.62937248 -1.18798172 -1.51381147	  247.66006470   -48.86023331 -1325.89587402     4.38387108   151.12472534    -8.01882553	 12.30242632   3.74442781 -33.80502049  -0.18577359  -0.72520677  -1.23922315	 -409.34376067    -1.05620162 -1488.79109322    17.54567746   124.93340420   -10.96469705	61.79822230	0	0.00000000	0.00000000	0.00000000	 0.98369802 -0.23220075 -0.09257355	0.48175316 0.08263396 1.00108255	 18.87131007  46.89910560 -74.25152752 -61.68968056  -4.33857903   8.19291745  46.08423027 -52.41822691  76.89300794  26.71026573 222.00000000 -11.37231797	-0.07123806  0.05374300 -0.16932076  0.91374612 -0.33833474  0.03334874 -0.04800352 -0.02938340 -0.05136533  0.75691199 -0.31720415  0.00394233	
0.00399200	0.33819064	0.00704669	 10.28367519   6.84997034 -18.69897842   0.88936394  -0.62432718   0.05198755	  247.16961670   -47.66527939 -1053.15087891     4.19933748   145.91056824    -4.85857296	  6.37928018   5.89720391 -37.70615591  -0.08111629  -0.75338143  -1.01066779	 -304.20058757   -10.55365928 -1246.34601184    18.19736428   127.70369722    -7.65404048	64.54801666	0	0.00000000	0.00000000	0.00000000	 0.99819999 -0.24263346 -0.10283954	 0.39470476 -0.13793470  1.03573721	 18.95221503  45.72165131 -68.33051600 -67.22987486  -0.55517462   6.54169372  47.33847434 -53.94448696  72.55484543  21.42010987 222.00000000  -9.70310116	-0.07003388  0.05507757 -0.17536464  0.92161548 -0.34667960  0.03434582 -0.04666049 -0.02965184 -0.04866553  0.75832325 -0.31718114  0.00362786	
0.00397600	0.34823200	0.00695187	 10.99311829  19.16668510 -24.77577019   1.61877239  -0.87241030  -0.09759972	 237.47627258  -38.83790207 -885.38092041    4.59647465  137.01309204   -3.59064364	  4.14361739  16.27167011 -44.10974510  -0.04149577  -0.96130839  -0.79567370	 -205.58446514   -15.44593280 -1015.65320035    17.92005929   126.99032324    -5.19602309	63.72022310	0	0.00000000	0.00000000	0.00000000	 1.00724190 -0.24354529 -0.09636872	 0.32118977 -0.14925217  1.02869102	 20.33739686  45.58949869 -61.51556979 -70.93480527   3.75229918   5.25822406  48.81028871 -52.50127114  68.48392919  11.88377263 219.15904980  -7.29321781	-0.06865329  0.05698738 -0.18136251  0.92871010 -0.35438016  0.03545029 -0.04522322 -0.02995864 -0.04596572  0.75997227 -0.31697404  0.00316767	
0.00400000	0.35818127	0.00685235	 11.36124039  17.35024643 -24.41472435   1.44685352  -1.04256403   0.48554525	 235.29307556  -34.25595474 -799.03546143    4.64021826  122.53644562   -2.17372322	  2.81602472  19.20162411 -46.65163244   0.13763475  -1.18483315  -0.42896539	-155.86707978  -14.85318599 -895.15344294   16.37212960  117.81570094   -3.65890926	64.56460280	0	0.00000000	0.00000000	0.00000000	 1.01388475 -0.25101343 -0.10014981	 0.22713210 -0.16779787  1.06510243	 22.22171875  44.25542834 -55.37242089 -72.03114504   8.13031320   5.10133534  47.66214307 -48.30975420  63.44802671   1.30052485 214.42403003  -4.63802060	-0.06722669  0.05936505 -0.18726833  0.93514520 -0.36230317  0.03654708 -0.04364457 -0.03029611 -0.04299747  0.76186675 -0.31641415  0.00257709	
0.00400800	0.36802441	0.00675560	  6.06605005  11.70349026 -25.44227219   1.15551424  -0.40772977  -0.58884150	 214.67425537  -45.22120667 -707.24108887    4.06575108  107.12046051   -3.51154470	 -0.26331164  17.20949865 -45.83577426  -0.03031626  -1.14172607  -0.77582337	-131.57352345  -22.63605760 -802.08804426   14.45558051  106.13936005   -3.66032800	63.44916605	0	0.00000000	0.00000000	0.00000000	 1.01886743 -0.25276336 -0.10441081	 0.16580168 -0.18327051  0.98859069	 26.02512849  43.02214758 -47.99272696 -72.55606002  11.85049043   5.15754208  46.74172860 -42.25459129  57.82217194 -10.08105521 208.89951551  -2.10106239	-0.06557000  0.06207252 -0.19322018  0.94091296 -0.36987337  0.03763621 -0.04190098 -0.03065660 -0.03968408  0.76392227 -0.31526366  0.00190214	
0.00398400	0.37774667	0.00667979	  0.23422490  13.00708485 -23.62940407   1.12624228   0.16886039  -0.61062962	 215.04536438  -57.44576645 -666.74243164    3.58059549   99.96877289   -5.02183437	 -5.13233354  15.90424146 -47.00655999  -0.11305920  -0.95882086  -0.82903282	-117.03644446  -35.32176815 -747.72209836   13.37205002   98.36140393   -4.74362920	63.25528352	0	0.00000000	0.00000000	0.00000000	 1.02581522 -0.24300157 -0.10931128	 0.16580168 -0.18327051  0.98859069	 26.38412192  42.28172515 -41.95401197 -74.53135662  16.61891372   5.75967703  42.98892079 -34.84889943  53.24595505 -20.38343222 203.83532621  -0.01264007	-0.06368320  0.06497175 -0.19923338  0.94599807 -0.37717512  0.03871767 -0.04007101 -0.03093272 -0.03592582  0.76618487 -0.31331551  0.00120417	
0.00400000	0.38739356	0.00660554	  1.42130637  17.57043839 -21.75596809   1.60993469  -0.26236898  -0.14576320	 216.19590759  -68.00563049 -662.09710693    3.40270925   98.57501221   -5.98047113	 -5.00140753  19.95694810 -43.62568186  -0.08569742  -0.98546032  -0.95873100	-113.33796321  -47.64479311 -720.80557114   12.22303520   94.02427321   -5.82480211	63.38132717	0	0.00000000	0.00000000	0.00000000	 1.03047835 -0.24793701 -0.11953032	 0.12364185 -0.20648085  1.00503379	 28.09025333  42.15005895 -35.39020929 -76.34819431  21.25499027   6.26494267  41.73639762 -27.56874872  48.72815939 -29.70506942 198.68237921   1.10734957	-0.06148961  0.06795534 -0.20524658  0.95030856 -0.38438484  0.03977611 -0.03823318 -0.03102476 -0.03171505  0.76852423 -0.31046999  0.00064427	
0.00400000	0.39695790	0.00644059	  8.48779202  28.08693695 -26.18938828   2.14454961  -0.49876985   0.34484234	 234.74017334  -74.72036743 -698.46575928    4.02759266  102.29263306   -7.80925751	 -1.35030867  28.50077318 -44.93356173  -0.08674289  -0.92286114  -0.71980171	-114.06505945  -55.95494151 -732.49878658   11.60945595   95.00051229   -7.32252441	62.73134237	0	0.00000000	0.00000000	0.00000000	 1.03456178 -0.25844558 -0.13291256	 0.04115555 -0.22818658  1.03668953	 29.58727833  41.29479027 -30.57661304 -80.23011695  26.86443914   6.80295745  41.35537943 -20.71580601  44.58710451 -37.89475672 193.49412816   1.17932411	-0.05895087  0.07095426 -0.21111406  0.95384437 -0.39124173  0.04076553 -0.03647388 -0.03084835 -0.02708242  0.77067947 -0.30676541  0.00025311	
0.00398400	0.40633005	0.00623365	 10.71012306  20.53305435 -26.35140419   1.54201996  -0.81210911   0.29502046	 266.14831543  -77.54970551 -743.14935303    5.39170408  111.09928131   -8.76366425	  2.98722459  27.93970974 -47.10342735  -0.08529611  -1.11283971  -0.59874134	-119.96293882  -60.01799808 -774.05218894   12.36421220  100.66395968   -8.62524290	59.53672772	0	0.00000000	0.00000000	0.00000000	 1.04245602 -0.26711646 -0.15060065	 0.04115555 -0.22818658  1.03668953	 32.63978043  39.53022572 -24.74334469 -82.85687602  30.74759575   7.05187248  43.91365783 -13.87472577  39.03733150 -43.65218919 187.31388697   0.72152303	-0.05605165  0.07393019 -0.21669775  0.95659786 -0.39759240  0.04166291 -0.03482455 -0.03025777 -0.02204330  0.77285004 -0.30230153  0.00006903	
0.00400000	0.41548109	0.00599752	  6.71746922  14.27111816 -26.90677261   1.18237305  -0.21426637  -0.35276890	 293.56826782  -80.65578461 -817.73962402    7.07352829  120.37118530   -9.47748470	  1.40289382  23.89306758 -48.01841649  -0.15254398  -0.86689857  -0.76709455	-131.18428417  -61.70054301 -835.72839631   12.90388565  108.97029052   -9.91422917	57.68157679	0	0.00000000	0.00000000	0.00000000	 1.04131068 -0.27853357 -0.16275402	 0.00285927 -0.19998134  1.06184101	 34.79947400  36.70032758 -19.26013955 -88.28806138  35.88244257   6.57390231  47.47671369  -5.72859507  33.96884540 -48.60961480 178.34835932   0.00441786	-0.05283029  0.07683709 -0.22192863  0.95853835 -0.40334481  0.04252194 -0.03321448 -0.02918398 -0.01668971  0.77482122 -0.29724705  0.00005369	
0.00399200	0.42436525	0.00573206	  2.47848487  13.77267170 -26.05316544   1.12888539  -0.05978570  -0.33414066	 323.53735352  -83.33766937 -879.56774902    8.79255676  129.33004761   -9.88960457	 -2.93002777  19.77710159 -47.07123186  -0.10875111  -0.88028378  -0.74856372	-144.16170355  -61.08294515 -904.06347624   13.72296484  118.56418579  -11.00158974	54.79809417	0	0.00000000	0.00000000	0.00000000	 1.04182821 -0.28939600 -0.17788811	-0.00303976 -0.27821229  1.07962206	 37.41483420  34.37660038 -13.27792914 -91.27896362  38.38709791   5.27820375  52.66968369   0.26908757  28.93010093 -52.11387505 170.84955909  -0.95984224	-0.04926378  0.07965194 -0.22686037  0.95963520 -0.40846065  0.04337330 -0.03159656 -0.02748126 -0.01114437  0.77654696 -0.29183978  0.00013806	
0.00399200	0.43295437	0.00547548	  0.90938359  17.06163216 -20.66692543   1.44111180  -0.27870515  -0.11967131	 347.15414429  -83.43811035 -919.79119873   10.74835968  135.30348206   -9.38860989	 -3.76181472  19.95108087 -43.12595836  -0.09600084  -1.03845159  -0.88341828	-158.70547383  -59.34784954 -960.81801493   15.44078646  126.19782133  -11.59458390	51.63743254	0	0.00000000	0.00000000	0.00000000	 1.04981810 -0.29408221 -0.19835504	-0.00303976 -0.27821229  1.07962206	 38.45594014  31.80752985  -8.52169098 -93.49513367  40.58235007   3.74971326  56.90441449   3.80872229  22.17527175 -55.44162347 162.69690720  -1.13035953	-0.04535213  0.08242077 -0.23149300  0.95979625 -0.41301656  0.04424767 -0.02990796 -0.02509592 -0.00545330  0.77801955 -0.28639415  0.00023777	
0.00399200	0.44125831	0.00523458	 -5.33634520  20.24700356 -20.49795532   1.75827801   0.86644715  -0.16085802	 364.67410278  -74.37558746 -933.80615234   12.71127701  136.34826660   -7.33633184	 -7.31847915  21.59568892 -37.50163425   0.03142593  -0.75826183  -0.75808775	-166.47817016  -52.09879777 -994.46351555   16.82240265  130.69057786  -11.19877091	47.75767940	0	0.00000000	0.00000000	0.00000000	 1.05637334 -0.30369580 -0.21625039	-0.00318047 -0.26919387  1.09308330	 39.21452235  31.06043034  -3.04613171 -92.68582967  40.58332453   2.04261821  61.75388048   4.15775214  13.46530695 -58.05433730 158.43583384  -0.85614513	-0.04108000  0.08522028 -0.23574978  0.95895255 -0.41696656  0.04508369 -0.02810154 -0.02194359  0.00030680  0.77926975 -0.28102523  0.00026078	
0.00399200	0.44929454	0.00505933	 -0.54488438  12.57072258 -17.25376701   1.23951352   0.05851247  -0.06647134	 367.12490845  -56.11940765 -918.81573486   14.51847363  133.37675476   -4.97678280	 -7.73347603  19.63190031 -36.18253793   0.13008249  -0.62700518  -0.68166141	 -166.60219007   -36.93844649 -1001.61302397    17.35308489   131.15429246    -9.84827407	45.79465584	0	0.00000000	0.00000000	0.00000000	 1.06284941 -0.31941208 -0.23147345	-0.05608315 -0.30558322  1.15300970	 42.44591571  30.01323803   1.40303578 -89.46873070  42.52396646   0.63879354  63.72196611   1.86707708   4.02685824 -59.59974508 154.18516418   0.43755256	-0.03649339  0.08816553 -0.23953871  0.95710409 -0.42029530  0.04582767 -0.02615375 -0.01807029  0.00609757  0.78033584 -0.27580968  0.00016874	
0.00399200	0.45713598	0.00481172	  3.81093383   0.94290197 -20.19865227   0.54229301  -0.32056627  -0.41798878	 366.73162842  -35.82645416 -884.74298096   16.11302757  127.79862213   -0.61433023	 -4.32585782  11.68951026 -38.18529767   0.19763697  -0.92592263  -0.74800701	-161.64701732  -16.74711595 -986.20659571   18.17419395  128.52084877   -7.44299846	43.34083433	0	0.00000000	0.00000000	0.00000000	 1.07628309 -0.33181314 -0.23806400	-0.08617094 -0.35723729  1.16881732	 47.02280559  30.68552660   4.95969550 -84.67406366  43.76179215  -1.07985082  65.71434359  -3.03421448  -5.63196051 -59.96891796 152.33673830   2.43234078	-0.03160000  0.09137154 -0.24277543  0.95426625 -0.42301047  0.04645660 -0.02400962 -0.01362175  0.01194204  0.78121793 -0.27077824 -0.00012272	
0.00400000	0.46470666	0.00467962	 -5.05609035  -4.49864578 -23.07732391   0.13246170   0.58960986  -0.39196509	 366.45214844  -22.21942902 -850.14916992   16.99744415  122.18887329    2.52592492	 -8.82233596   3.33574623 -41.94663295   0.29786820  -0.77782201  -0.53913069	-150.07479813    2.50903944 -954.08466950   18.67408984  123.78899441   -4.38558418	41.46499418	0	0.00000000	0.00000000	0.00000000	 1.08438322 -0.34700626 -0.24358401	-0.14415169 -0.38322806  1.19750107	 49.72192579  30.22187855   7.58578095 -78.21279787  45.89800642  -2.25292468  65.21124230  -7.80430371 -15.17258420 -58.36985475 150.35688256   5.18160196	-0.02643048  0.09494572 -0.24540620  0.95083779 -0.42509666  0.04698582 -0.02160630 -0.00885874  0.01778650  0.78197724 -0.26582348 -0.00062126	
0.00399200	0.47212607	0.00459143	  0.49959403  -3.22810578 -21.76380730   0.27639914  -0.27567008  -0.18076047	 348.68331909   -1.59060109 -780.53900146   17.55472374  110.61528778    7.05741644	 -8.44483757   0.37185799 -44.40512009   0.41313341  -0.91487805  -0.38296400	-136.87237596   21.75050224 -903.78591578   18.73944841  116.09907468   -1.13383636	40.50954495	0	0.00000000	0.00000000	0.00000000	 1.09247696 -0.36206863 -0.25415705	-0.15534154 -0.49670244  1.23363559	 52.80007080  31.16853732   8.81654856 -69.70120305  48.30653050  -3.02607936  63.53615561 -13.92011858 -25.90563968 -55.45875260 150.11506966   9.05987258	-0.02105388  0.09895708 -0.24743105  0.94644296 -0.42654628  0.04748436 -0.01892024 -0.00389631  0.02356194  0.78260618 -0.26082271 -0.00138058	
0.00400800	0.47945637	0.00446585	 -6.67884016  10.05409145 -23.82402039   1.05445588   0.27700689  -0.22300903	 320.73602295    3.53759003 -709.33331299   16.71852875  100.90926361    8.53113842	 -7.53336515   5.78420789 -42.07774952   0.39894457  -1.09214551  -0.38764180	-130.05097384   33.06629607 -842.17724123   18.87060699  107.72675151    1.04649630	39.59379331	0	0.00000000	0.00000000	0.00000000	 1.10663431 -0.36827773 -0.26907019	-0.15534154 -0.49670244  1.23363559	 55.47701450  31.32024301  10.80712736 -59.83132105  50.80698941  -3.40153477  61.28972578 -20.34521607 -34.81012208 -52.40518008 148.70261154  13.49319887	-0.01546252  0.10339028 -0.24884999  0.94142681 -0.42734393  0.04787553 -0.01593572  0.00103544  0.02917631  0.78316605 -0.25566086 -0.00237767	
0.00399200	0.48663819	0.00435057	-15.57681561  13.20372105 -21.36827660   1.17407942   2.05056024   0.18273526	 294.83898926   -1.56689262 -670.31243896   15.78267860   94.90184784    8.00181293	-16.99432238  13.48719876 -38.99718388   0.26120773  -0.38346387  -0.32939704	-129.11299311   32.37422879 -774.34773517   17.23712667   98.81693013    1.96120007	42.33244447	0	0.00000000	0.00000000	0.00000000	 1.11528249 -0.37678209 -0.28051695	-0.18292070 -0.56228361  1.22042771	 55.86511215  30.27098395  12.06134185 -48.27876816  52.13666992  -3.29536849  58.68031660 -26.65433945 -41.49853953 -48.21660107 148.48623346  17.70139858	-0.00956437  0.10821465 -0.24991609  0.93591219 -0.42755872  0.04812097 -0.01269989  0.00579845  0.03454524  0.78361857 -0.25016153 -0.00351282	
0.00398400	0.49368745	0.00420089	 -4.64542866  18.26101494 -12.58733654   1.27692139  -0.65214884  -1.01791823	 280.55664062  -15.57342720 -625.97979736   14.18380642   88.75580597    5.73582220	-14.59233985  17.77303364 -36.65284654  -0.05389325  -0.81175396  -1.17637034	-122.53770320   23.18119506 -719.94976931   14.99217209   92.44374598    1.37419652	44.03231661	0	0.00000000	0.00000000	0.00000000	 1.12527633 -0.38689027 -0.29422718	-0.20966553 -0.63832000  1.26519789	 53.89358849  27.50927088  12.79680730 -37.99260529  52.65839272  -2.86481987  55.85365238 -31.70878049 -48.61483815 -46.77438134 144.31935137  21.30336839	-0.00323670  0.11331514 -0.25059104  0.92995262 -0.42719823  0.04818233 -0.00926770  0.01039272  0.03933893  0.78395605 -0.24421737 -0.00465563	
0.00399200	0.50057477	0.00406209	-24.18944359   8.65398407 -15.82161236   0.89434791   1.73739624  -0.57530135	 291.90432739  -18.02726173 -584.62860107   14.09276199   83.82681274    4.10777330	-16.87860776  11.77327786 -30.42440279   0.03416095  -0.89464349  -1.15077640	-110.01921357   15.66622080 -694.14144341   13.94960347   89.07757352    0.39693170	44.57319996	0	0.00000000	0.00000000	0.00000000	 1.14319890 -0.39484786 -0.31197865	-0.20966553 -0.63832000  1.26519789	 51.84665973  24.53597505  15.26892603 -26.97702453  51.42383519  -1.76886147  53.40920381 -36.46465983 -55.48410900 -45.56873646 139.94597500  23.36694092	 0.00361252  0.11873009 -0.25103590  0.92355597 -0.42625481  0.04812097 -0.00568628  0.01471854  0.04422466  0.78427052 -0.23781300 -0.00562971	
0.00399200	0.50730789	0.00400210	-30.56498909   9.82992744 -20.57421303   1.22877586   2.52081537  -0.21391690	 329.20529175  -21.08116913 -606.43359375   14.49484158   82.95340729    3.95731044	-32.00428902  11.49417836 -32.94327959   0.06773863  -0.37524398  -1.03588242	-100.45213656   12.64882910 -688.84881848   12.56173219   86.79256644   -0.14770538	46.28900065	0	0.00000000	0.00000000	0.00000000	 1.14583786 -0.40967196 -0.31569431	-0.33736058 -0.68123933  1.23223106	 48.23195379  21.55991958  17.12631568 -18.47409116  49.78195249  -1.10263368  48.47536198 -38.89348288 -59.74469415 -45.58807309 133.97112129  24.29475367	 0.01045408  0.12439048 -0.25123534  0.91672975 -0.42479753  0.04795990 -0.00219126  0.01843078  0.04894932  0.78469235 -0.23091775 -0.00637369	
0.00400800	0.51398319	0.00399275	 13.53910637   9.48180962 -31.85025597   2.51761103   1.15456188  -0.74558681	 366.80166626  -26.09413910 -634.29400635   14.54055882   82.46786499    1.61704278	-15.27479238  14.51232049 -43.43248034   0.76803187   0.11670245  -0.71131186	 -79.09658928   11.30118511 -727.12636141   11.15890367   88.50974728   -1.63948108	46.16553090	0	0.00000000	0.00000000	0.00000000	 1.14116006 -0.42041008 -0.31570843	-0.38120522 -0.53632242  1.17185276	 44.04141077  18.10499068  15.40569870 -14.52046811  50.54439391  -0.90072541  43.79381211 -41.97665041 -66.21207601 -45.53472958 125.08079187  23.81713289	 0.01806262  0.12970571 -0.25137338  0.90942800 -0.42288005  0.04776815  0.00173573  0.02201262  0.05365097  0.78542870 -0.22365436 -0.00679553	
0.00397600	0.52063030	0.00402061	 102.42350769  -38.52090073 -178.37062073    7.18812227   14.97040081    2.66607666	 423.59521484  -63.06422043 -656.75329590   13.56276703   85.65709686   -2.16230249	  18.09693938   13.10112136 -108.12756929    4.01755860    6.15617016    1.66878189	 -66.97471032   -1.75860419 -768.10139443   10.15938304   91.87642794   -3.36699767	45.56789426	0	0.00000000	0.00000000	0.00000000	 1.13737044 -0.42426153 -0.31895415	-0.38120522 -0.53632242  1.17185276	 38.67073556  14.62621269  13.27797577 -13.75697636  49.04006569  -0.79035965  39.30668915 -42.56425096 -72.82547892 -47.57710035 113.66111740  22.64897642	 0.02589359  0.13524339 -0.25162649  0.90180409 -0.42047173  0.04754572  0.00587478  0.02537204  0.05836796  0.78658682 -0.21599980 -0.00692592	
0.00400800	0.52732617	0.00408868	 380.48361206 -101.54417419 -532.47192383   26.84459877   64.45466614    1.08427596	 419.62994385  -91.97914886 -669.89892578   11.97859001   87.51289368   -8.64439487	 143.91720768   27.58410922 -401.77249921   16.98314172   40.59164731    8.96136913	 -66.40838586  -28.94464738 -795.95075232    7.18510057   95.22600157   -7.11364495	44.95717952	0	0.00000000	0.00000000	0.00000000	 1.10032630 -0.40445776 -0.32043466	-0.30708592 -0.25620384  1.04733029	 35.77725977  12.12526761  12.08632612 -13.33062627  47.99833730  -0.80983891  37.30279871 -42.91012255 -80.08722907 -49.72193068 101.78176115  19.97831613	 0.03387796  0.14052795 -0.25210968  0.89379674 -0.41767988  0.04727728  0.01016305  0.02860874  0.06310029  0.78821284 -0.20809980 -0.00674184	
0.00399200	0.53408879	0.00424781	 543.71478271 -107.34246063 -994.10034180   47.63618851  122.20236969    6.46247959	 428.16476440 -125.02063751 -659.06561279   11.03654671   86.16749573  -12.12941265	 219.20076878  102.66329143 -778.74375129   32.64550432   92.61652227   19.76305354	 -65.41595180  -59.90711488 -812.49156873    4.53899782   97.05434196  -10.53270849	49.96292908	0	0.00000000	0.00000000	0.00000000	 1.07262417 -0.38850515 -0.33331261	-0.35494307 -0.51996343  1.07412150	 30.32348567  10.78758357  10.93092817 -15.26319002  48.75932087  -0.99849616  32.12961211 -41.83457436 -85.84780096 -50.52073104  92.27408375  15.65224612	 0.04196971  0.14540601 -0.25289968  0.88567430 -0.41493404  0.04670203  0.01446703  0.03180708  0.06786329  0.79016870 -0.20003106 -0.00612825	
0.00399200	0.54102832	0.00446345	  816.88702393  -120.42609406 -1083.70642090    43.92138290   141.08691406     8.40051460	 391.57189941 -136.56954956 -456.96533203    9.04320526   76.96126556  -16.43345642	  406.52857439   167.18082411 -1063.97890975    39.34074776   140.40934041    31.15475776	 -50.12616108  -80.34277915 -772.29432141    2.22413854   94.22109239  -12.67226863	52.32245470	0	0.00000000	0.00000000	0.00000000	 1.06576468 -0.37864952 -0.35176317	-0.32032132 -0.51891928  1.02982803	 28.17481656  12.69484391  12.86218737 -17.77864507  52.28577651   0.29185828  32.18909400 -42.82457676 -93.75066496 -51.63242541  80.90490745  10.20575613	 0.04999242  0.14977786 -0.25407317  0.87783569 -0.41312394  0.04532145  0.01862179  0.03502844  0.07265698  0.79273808 -0.19231513 -0.00510815	
0.00399200	0.54820746	0.00479961	  925.78216553  -136.11337280 -1522.25952148    31.08687782   146.69348145    28.53736877	 345.67822266 -104.72147369  463.43844604    6.07353210   60.81648636  -31.99385643	  521.38178784   249.22695594 -1391.50315998    33.28460431   154.92053744    47.52379808	 223.62022185  -87.15892418 -383.52787957   -6.05506094   95.98728312  -18.13944740	55.92150828	0	0.00000000	0.00000000	0.00000000	 1.05480416 -0.36304004 -0.34695615	-0.21504410 -0.36942259  0.89089269	 23.35196098  19.64059730  15.30005073 -20.45112640  59.85582619   4.16140163  31.07087115 -44.28792622 -98.68042692 -48.09724572  74.54213658   3.40727735	 0.05783873  0.15358980 -0.25559950  0.87136227 -0.41270211  0.04271369  0.02258805  0.03828815  0.07742766  0.79573703 -0.18386289 -0.00368922	
0.00400000	0.55576468	0.00524493	  942.58233643  -120.77716827 -1510.29992676    31.83407402   146.14682007    30.85840988	237.79956055 -96.06304169 689.54937744   3.64035583  39.86624527 -30.30443192	  606.23705950   307.40397814 -1619.20434237    27.56389254   159.24204972    59.09855643	513.85055340 -75.59381989  96.63340571 -14.12869575  87.98795789 -21.69680979	55.16341517	0	0.00000000	0.00000000	0.00000000	 1.05020311 -0.33942516 -0.33030166	 0.00091759 -0.58475503  0.53768938	  16.76736106   30.13389053   18.15479059  -23.39294980   68.64637124    9.78500389   29.71970911  -48.68311679 -105.63647634  -44.20145862   66.40518418   -3.66345245	 0.06557000  0.15682650 -0.25712579  0.86721283 -0.41346911  0.03877136  0.02641293  0.04155553  0.08207563  0.79902744 -0.17518824 -0.00195583	
0.00399200	0.56381243	0.00583722	  823.80676270   -60.36531830 -1088.76977539    45.52765656   140.34530640    24.23799896	147.00054932 -61.16273117  33.54961395  -0.03256930  14.79273987  -9.00678921	  590.80430885   311.33687660 -1478.13519354    28.19220633   159.91813253    57.90891420	402.52963541 -58.57366011  97.97487224 -11.17758379  58.20233873 -14.88969285	56.97980537	0	0.00000000	0.00000000	0.00000000	 1.06112382 -0.30577271 -0.28798814	 0.00091759 -0.58475503  0.53768938	   3.46623554   45.81715716   18.17204456  -29.58377343   81.57982578   17.93217851   21.69321464  -55.30664754 -108.85262027  -41.08489306   57.64236086  -10.62815305	 0.07323223  0.15948027 -0.25816125  0.86569422 -0.41485736  0.03353281  0.03015928  0.04458514  0.08643980  0.80240983 -0.16619144 -0.00004602	
0.00398400	0.57251394	0.00649763	 673.61962891    7.69541216 -893.68328857   55.28993225  134.06956482   27.80022430	 79.59353638 -20.42991638  -9.89214230  -1.07080519   0.21715218  -2.44333553	  558.02915754   294.84708188 -1151.94149703    32.19768821   160.30914298    52.01567797	155.42898508 -31.52633553 -67.35245920  -4.31599057  23.97224404  -5.62712390	53.71428855	0	0.00000000	0.00000000	0.00000000	 1.05477578 -0.30138057 -0.21394949	 0.40273650 -0.54012218  0.32511112	  -4.04937550   62.19434659   21.43817539  -38.53811011   93.24230032   28.19710894   21.15858148  -58.62188454 -114.78168521  -35.79721214   44.49769168  -16.41672014	 0.08070271  0.16169688 -0.25806153  0.86624646 -0.41665211  0.02724349  0.03385065  0.04710087  0.09023640  0.80567724 -0.15695688  0.00186379	
0.00400800	0.58196282	0.00718395	 537.40472412   40.71239853 -920.61749268   54.50507355  105.56101227   29.53575516	 28.17954063 -18.75489044 -39.51517105  -1.04566491   1.53044689  -2.04153562	  411.50092318   316.20548352 -1078.16721015    37.23844078   136.52393225    47.29189345	 49.98325675 -17.20146477 -74.03455110  -1.57854755   7.16186307  -2.23154279	55.49360413	0	0.00000000	0.00000000	0.00000000	 1.03269863 -0.31575499 -0.15136005	 0.32028472 -0.16234500  0.58729358	 -17.09813271   81.58635393   13.99947237  -51.29647287  105.95551172   39.14357151   10.84098762  -63.28449070 -120.34069429  -33.54351626   29.97407476  -20.13607028	 0.08786640  0.16395950 -0.25663492  0.86801821 -0.41851589  0.02020252  0.03750275  0.04896466  0.09313563  0.80870682 -0.14738484  0.00353583	
0.00399200	0.59216559	0.00793184	 377.30169678   39.09468460 -666.49407959   39.86452866   73.89486694   24.10386086	 31.24143028 -32.71088028 -24.88280869  -1.93623984   0.51957911  -1.78204834	 298.20136263  274.99520694 -899.03047193   32.88891248  105.32021599   39.82879706	  7.59216846 -21.91759441 -69.54985558  -1.06503332   3.17750443  -1.35414971	54.22332408	0	0.00000000	0.00000000	0.00000000	 0.98137128 -0.34643872 -0.11327001	 0.32028472 -0.16234500  0.58729358	 -14.61610723   97.46390348   14.47409858  -57.97279066  113.04582570   49.53710260   14.28502756  -63.39228449 -128.39641121  -27.78908899   21.19229381  -21.58875042	 0.09463892  0.16683571 -0.25401184  0.87065661 -0.42004219  0.01270903  0.04103705  0.05023019  0.09492271  0.81151402 -0.13755970  0.00478602	
0.00399200	0.60319960	0.00859907	 281.59729004   27.76792526 -495.26205444   28.50230789   53.14124298   18.61930084	 51.63477707 -29.52451515 -13.12229061  -1.49347365  -3.62289834  -2.65910602	 213.61563101  214.75482442 -707.73537023   25.30064041   77.27909314   31.57439844	 19.19495173 -25.06094320 -69.83323345  -0.86914823   0.24124437  -1.47469727	58.41040278	0	0.00000000	0.00000000	0.00000000	 0.92270958 -0.34272230 -0.10658759	 0.05414122 -0.21124008  0.75028949	 -18.68252483  113.38718287    4.27990517  -65.55066061  116.33678997   62.53920328    8.50411089  -68.31005525 -135.57579114  -25.54644331    6.44771463  -21.78976333	 0.10081320  0.17066300 -0.25048366  0.87364024 -0.42086288  0.00515417  0.04438284  0.05087446  0.09542125  0.81412947 -0.12747377  0.00559903	
0.00400800	0.61498410	0.00912739	 202.78750610   61.30044174 -388.26467896   24.82450485   43.12304306   17.69673729	 15.71049786 -21.65624619 -21.88306236  -1.14664567   1.92997706  -1.55562556	 135.38684933  178.73224433 -520.74811621   18.13778219   55.95570371   23.79298039	 11.73557636 -22.14898075 -60.93360556  -0.64752942   0.43720279  -1.04685212	57.22584051	0	0.00000000	0.00000000	0.00000000	 0.87860141 -0.32805120 -0.10174903	 0.21171348 -0.15811145  0.63647002	 -12.00742135  124.01498992    0.40558110  -63.50570431  116.83009400   73.50481310   13.69182111  -70.86106346 -147.47130584  -26.46683679   -8.67405876  -20.47636866	 0.10638154  0.17545669 -0.24630357  0.87699962 -0.42083219 -0.00173340  0.04750087  0.05095883  0.09452388  0.81662220 -0.11701970  0.00595184	
0.00398400	0.62734240	0.00942359	 165.16551208   88.17346191 -360.88775635   25.45080757   42.74788666   18.23575401	 31.95394516 -19.72003555  -0.10919406  -0.87037343  -1.47162211  -2.34469819	  85.52135197  176.58227812 -424.89295228   15.22357229   46.67732975   21.14759043	  7.48353579 -17.21204639 -51.83416790  -0.83775355   1.07340748  -1.11527749	59.27691724	0	0.00000000	0.00000000	0.00000000	 0.86661501 -0.30413932 -0.08991879	 0.21171348 -0.15811145  0.63647002	 -15.49985787  130.29745693  -11.81004756  -67.25656501  114.45742835   81.53072152    7.85715162  -74.60497865 -155.14699695  -33.64104137  -32.81380734  -18.06857166	 0.11146669  0.18124746 -0.24214649  0.88004458 -0.41985813 -0.00750883  0.05027333  0.05053699  0.09226893  0.81897682 -0.10656562  0.00589815	
0.00399200	0.64003432	0.00962499	 145.41052246  104.15602112 -402.15609741   28.32411385   49.10413361   18.77790451	152.49375916 -74.43264008 -65.92491913  -0.18299642   2.00056958  -1.63202059	  43.53593723  185.32602615 -402.64627995   14.45981504   45.21746073   20.82717355	 38.14892423 -25.85891966 -79.62738393  -0.11884815   2.15044760  -1.66737366	56.21738593	0	0.00000000	0.00000000	0.00000000	 0.86127376 -0.30299143 -0.10429488	 0.18258055 -0.03169136  0.49850836	 -11.12072234  131.36119482  -16.05664831  -59.91518886  112.32986072   88.16547806   11.11920564  -76.18869562 -163.42295973  -38.30719745  -48.83390421  -14.46678626	 0.11629873  0.18801232 -0.23776697  0.88255262 -0.41806337 -0.01205709  0.05265308  0.04993873  0.08890184  0.82115507 -0.09653339  0.00545330	
0.00400000	0.65295458	0.00958794	 147.97059631  134.13327026 -497.14746094   35.27408600   65.70447540   19.64087296	 219.74645996  -79.01956177 -130.92079163    1.27972066    7.10141754   -0.25031787	   7.11310632  214.35881129 -449.16527052   15.13044968   52.87624518   21.64506974	  55.67760669  -47.48828159 -194.68435102    2.06917960   12.13934725   -1.94149744	55.00553931	0	0.00000000	0.00000000	0.00000000	 0.85608415 -0.30295698 -0.12259366	 0.18258055 -0.03169136  0.49850836	 -15.66050926  126.67051695  -24.64563127  -56.28259079  105.40784199   93.14723626    9.15575111  -77.36735882 -164.29992612  -54.25780047  -71.73126057  -11.44521320	 0.12096203  0.19513765 -0.23390134  0.88447779 -0.41557065 -0.01533213  0.05450662  0.04937883  0.08472941  0.82323360 -0.08716844  0.00480136	
0.00398400	0.66582477	0.00970660	 171.02491760  152.46528625 -608.06665039   42.87281799   83.77782440   22.77211571	 346.57641602  -89.14477539 -172.91870117    3.69740105    5.25595236    3.29639316	 -16.87314649  256.78752588 -535.25200585   17.27418847   67.65411108   24.68616062	  87.51848221  -42.59681932 -317.74683370    5.24336969   19.61300679   -1.35250990	51.33489998	0	0.00000000	0.00000000	0.00000000	 0.84820801 -0.30222070 -0.13995490	 0.18258055 -0.03169136  0.49850836	 -13.90509385  121.15371774  -23.77253475  -49.05919869  101.17505844   94.43388859   13.60048685  -75.40700649 -159.37364353  -68.56401032  -89.74919592   -9.21112269	 0.12545659  0.20197921 -0.23071833  0.88598877 -0.41264075 -0.01745670  0.05572399  0.04902602  0.08047262  0.82553458 -0.07867786  0.00411107	
0.00400000	0.67883569	0.00972260	 206.17303467  166.49069214 -768.25512695   53.32774353  108.15720367   27.61340904	 422.33386230  -94.67121124 -177.04716492    2.39029050   -0.95555902    7.63439941	 -40.02374189  306.20053842 -664.90483111   20.79826595   87.13425175   30.45641846	 142.43880132  -34.23265701 -441.56551819    8.99522570   24.21231677    0.16182225	48.41784550	0	0.00000000	0.00000000	0.00000000	 0.82562570 -0.29030629 -0.16097633	0.02816559 0.08529140 0.25443577	 -16.78090471  116.05139626  -26.61954885  -49.68017091   93.65894789   94.17500153   14.75389211  -72.14372210 -150.49567091  -83.36752305 -107.19387263   -6.12708613	 0.12977475  0.20826852 -0.22825630  0.88725430 -0.40973386 -0.01859184  0.05618737  0.04894165  0.07587067  0.82828808 -0.07088524  0.00333641	
0.00400000	0.69186443	0.00993600	 254.90997314  184.01864624 -889.49145508   62.62385559  127.95409393   31.84078407	 341.02474976  -98.90193176 -132.85694885   -0.35134089   -5.66862440    4.97707033	 -46.46274309  354.05678640 -789.30201390   24.51429918  106.73371989   36.58988177	 145.21845707  -42.84210770 -411.97799888    9.45571496   18.95284785    1.85233113	51.28932093	0	0.00000000	0.00000000	0.00000000	 0.80282724 -0.27924370 -0.17284174	-0.24808461 -0.03183511  0.09874388	 -20.97071016  114.96685135  -25.85648488  -49.91189770   92.35729318   92.05386428   14.30393206  -65.85225484 -136.60073708  -89.50910869 -116.94602896   -4.04529068	 0.13388582  0.21355309 -0.22646153  0.88838947 -0.40727949 -0.01912107  0.05589677  0.04903369  0.07146815  0.83157080 -0.06375223  0.00256175	
0.00398400	0.70512146	0.01000000	 280.37121582  204.00732422 -784.75756836   62.45812988  135.45878601   35.74539566	 331.67581177 -111.20667267 -148.61645508   -0.13916044   -3.68247247    5.81644678	 -32.07777520  390.12461906 -818.66196146   25.18846531  122.59755827   42.87108234	 133.15858406  -52.34996307 -367.14903763    8.82844410   15.17552577    1.56327898	53.81617531	0	0.00000000	0.00000000	0.00000000	 0.79915526 -0.29602160 -0.15488114	-0.24538209  0.15536499  0.08293728	 -27.93110031  118.31964201  -25.11164632  -56.15804787   91.04239044   91.08343123   13.98656131  -58.54773852 -124.24345100  -93.01318995 -124.73528323   -3.64455312	 0.13770543  0.21859221 -0.22533406  0.88936353 -0.40569949 -0.01934349  0.05490717  0.04921776  0.06757951  0.83528304 -0.05747825  0.00204019	
0.00400000	0.71845847	0.01000000	 298.12963867  202.68629456 -773.57543945   62.45904160  135.63639832   35.66584778	 340.06060791  -93.36693573 -167.19090271    2.52752209    1.97862458    7.83743811	  -4.34317035  400.16311451 -779.56474679   23.49172036  131.17437095   47.00285358	 122.21386061  -53.57078098 -367.64398530    8.88071611   18.19970017    1.68544185	58.21444709	0	0.00000000	0.00000000	0.00000000	 0.79463129 -0.30812448 -0.12365389	-0.37895776  0.39764258  0.22064196	 -31.01493279  122.86971597  -19.12026301  -58.75990336   96.76597315   90.50551002   20.29007431  -51.02819152 -112.26182685  -89.25332656 -124.78837974   -4.18328757	 0.14124125  0.22317114 -0.22475114  0.89015353 -0.40522394 -0.01945087  0.05325784  0.04949388  0.06437349  0.83916402 -0.05230106  0.00174874	
0.00400000	0.73179555	0.01000000	 297.93298340  178.05519104 -858.34545898   62.52516556  131.62593079   34.16606522	 315.39221191  -60.75942230 -125.33168793    2.36148334   -3.79946470    9.22578526	  -9.90948973  399.82018416 -816.35292259   24.32864378  130.30583139   46.59129741	 121.29828026  -35.24856157 -372.24893907   10.43257944   18.33810681    2.73066648	61.13433733	0	0.00000000	0.00000000	0.00000000	 0.78646067 -0.30546724 -0.09410328	-0.35812479  0.45697573 -0.03035689	 -32.74541719  130.38148277  -12.57841195  -60.67927340  105.19208526   90.13686247   27.65974947  -45.73922997 -106.08666820  -81.13919121 -120.43811918   -4.71336962	 0.14444727  0.22725920 -0.22457474  0.89075947 -0.40559977 -0.01951223  0.05115297  0.04986970  0.06175805  0.84295297 -0.04838175  0.00164136	
0.00399200	0.74512815	0.01000000	 335.26599121  160.24116516 -912.21044922   62.42413330  125.47152710   34.38915634	220.09471130 -40.73749542 -93.44618988   1.70373988  -2.90102267   1.56361330	  -4.79936831  401.23962423 -882.74494121   26.41227959  126.75029139   45.66972683	 103.38871974  -14.97913418 -306.09291534    7.56640044   12.22774993    1.48654012	64.00641713	0	0.00000000	0.00000000	0.00000000	 0.75861975 -0.28435053 -0.06729064	-0.35812479  0.45697573 -0.03035689	 -40.21834314  138.71316274   -7.35322727  -62.51369112  116.90026612   90.26880084   29.84704354  -40.27452399  -96.37140907  -73.93942681 -113.23971233   -4.98414783	 0.14719309  0.23078737 -0.22468212  0.89135003 -0.40621337 -0.01951990  0.04884390  0.05026854  0.05947242  0.84664220 -0.04578932  0.00162602	
0.00400000	0.75846517	0.01000000	 371.22607422  151.24827576 -876.92645264   60.82389069  119.30190277   34.52177048	169.57723999 -55.91892624 -79.94178772  -0.09886199  -0.01932657   3.51067781	  23.99162001  401.13200829 -906.89896552   27.49626987  123.43993791   45.34486863	  72.53693699  -22.81300723 -247.96070313    6.10449470    9.83378449    1.21616743	66.00275633	0	0.00000000	0.00000000	0.00000000	 0.73290368 -0.29084165 -0.05995950	-0.18988752  0.47600875 -0.09491342	 -40.81644194  149.04757998   -0.98913327  -65.82664500  125.83623478   91.18031707   34.05728051  -37.83513539  -93.29161318  -64.71938200 -102.43448734   -4.93321965	 0.14940202  0.23388600 -0.22476649  0.89205569 -0.40670425 -0.01951990  0.04649556  0.05056767  0.05724048  0.85023171 -0.04415563  0.00160301	
0.00398400	0.77179331	0.01000000	 331.38314819  142.26763916 -830.87182617   57.77365112  113.95780945   32.70520401	137.35577393 -38.09114456 -56.17497253   0.23593198   0.49852479   1.92785132	  34.05979072  387.32748981 -878.01780574   27.18598080  118.25817526   44.17220468	  60.05932721  -26.42782907 -207.09204241    4.53283413    9.23618734    0.44938462	68.01714204	0	0.00000000	0.00000000	0.00000000	 0.71775277 -0.30940623 -0.05831629	-0.28676290  0.45566661 -0.01422421	-44.28870533 154.56426741   4.33250761 -66.52164837 133.34154076  91.10042304  34.89103038 -34.31558679 -84.74580935 -57.15094947 -89.19659598  -5.02857187	 0.15100504  0.23686193 -0.22468212  0.89290702 -0.40693435 -0.01951990  0.04426503  0.05075174  0.05485514  0.85356808 -0.04364175  0.00161835	
0.00400000	0.78513038	0.01000000	 279.22180176  129.96902466 -772.71929932   53.96171570  109.03514862   27.76449966	 90.74515533 -16.75671005 -43.59112167   0.81135607  -1.24675679   0.98117065	  15.32891507  363.48332790 -826.29922070   25.38029866  112.34889679   40.87484222	  41.40475466  -14.01173233 -149.74867979    3.43722910    6.21203198    0.86203483	68.98245547	0	0.00000000	0.00000000	0.00000000	 0.72295718 -0.33394666 -0.04561853	-0.28676290  0.45566661 -0.01422421	-43.11492207 160.83809111  10.76682973 -65.17622563 137.77798944  91.88827523  36.91089050 -33.66444556 -82.12120710 -47.10809019 -74.56022609  -5.47520573	 0.15229358  0.24004494 -0.22428328  0.89375836 -0.40681928 -0.01951990  0.04219943  0.05079009  0.05208631  0.85647500 -0.04408660  0.00167204	
0.00399200	0.79846293	0.01000000	 264.84713745  110.76207733 -739.17797852   51.21010208  106.15862274   23.18709183	 44.51689911 -16.20452881 -22.99758148  -0.56582057  -0.64808583   1.25561035	  -4.01080368  331.44228368 -779.76785433   23.56111123  107.74485927   36.84604198	 26.46664883  -6.19657074 -98.19225739   1.63521712   3.36069524   0.44277131	70.01363902	0	0.00000000	0.00000000	0.00000000	 0.72175508 -0.35917065 -0.02764952	-0.34779983  0.55686404  0.10820252	-42.33128787 161.03588972  12.81401019 -62.75337123 139.59775537  91.59556976  36.90977439 -33.40475151 -75.45500173 -42.30205087 -60.57072524  -5.30591566	 0.15318330  0.24361144 -0.22349328  0.89454073 -0.40651250 -0.01950456  0.04033019  0.05064436  0.04884961  0.85891402 -0.04539048  0.00167204	
0.00399200	0.81179553	0.01000000	 269.11505127   90.72756958 -722.18176270   48.32725525  101.23293304   19.83972359	136.55801392 -39.35024643 -74.37643433   0.69869053  -0.45558798   1.86716807	  -2.05352182  307.35389142 -753.88237569   21.78854894  104.09002297   32.88212427	  31.89182269  -17.05667341 -134.17796940    2.59542635    5.19366626    0.28682922	71.67685030	0	0.00000000	0.00000000	0.00000000	 0.71659397 -0.37928851 -0.02034417	-0.28911125  0.59937486  0.10487137	-37.51774908 158.58436348  21.45583687 -52.34267106 145.02208879  92.75051353  39.45873449 -34.09759785 -70.03512505 -30.04705516 -44.64974057  -4.55622862	 0.15374319  0.24777620 -0.22216639  0.89519262 -0.40617502 -0.01945854  0.03871227  0.05028388  0.04513738  0.86102325 -0.04738466  0.00160301	
0.00399200	0.82512814	0.01000000	 268.53652954   82.42030334 -707.41949463   46.45007324   97.30630493   17.72069931	119.68493652 -26.66990852 -54.41520691   0.47225857   1.85405135   2.73604870	   4.99050688  292.15146794 -737.22670613   20.52096629  100.33403376   30.21259385	  35.80420783  -13.38848460 -155.75804341    2.49963405    6.88395482    0.10277965	72.41486536	0	0.00000000	0.00000000	0.00000000	 0.70703987 -0.39614118 -0.01830219	-0.28911125  0.59937486  0.10487137	-36.56438800 151.99901766  24.10247799 -43.97414593 147.24403517  92.98366325  37.04905617 -34.66644483 -62.44306757 -25.77687124 -34.44038995  -4.57273451	 0.15408067  0.25262359 -0.22035630  0.89576024 -0.40574551 -0.01936650  0.03740851  0.04975466  0.04100330  0.86280262 -0.04984669  0.00155699	
0.00400800	0.83846962	0.01000000	 238.83511353   83.57074738 -669.24536133   44.69729614   94.12969971   17.34598923	 197.80133057  -30.48435783 -107.41152954    2.45355511    1.39906991    4.08339643	  -6.49490410  277.60868510 -708.54141832   19.49327855   96.22552091   28.13308955	  47.86602025  -15.81000905 -207.44255281    4.69222922   10.62787732    0.59738226	73.25885402	0	0.00000000	0.00000000	0.00000000	 0.69321489 -0.41793330 -0.02297781	-0.34995319  0.52177374  0.10917679	-33.63174536 143.12164319  27.35903701 -33.32291582 150.59203925  94.42453275  33.64843937 -36.01077506 -58.57694482 -21.11315932 -28.69284791  -4.67268863	 0.15424940  0.25800785 -0.21809368  0.89639682 -0.40509355 -0.01916709  0.03642676  0.04912572  0.03664679  0.86470479 -0.05259252  0.00153398	
0.00398400	0.85179776	0.01000000	 196.21200562  104.16492462 -632.93243408   44.92256546   93.22154236   17.59360123	 201.96513367  -43.82316208 -105.33361053    1.80423331    0.84717959    2.35360813	 -31.36555951  273.41155122 -669.45246512   18.84860418   92.86965692   27.12805018	  51.43316053  -13.19138065 -224.72955352    4.55097017   10.87982118    0.26788691	73.37450494	0	0.00000000	0.00000000	0.00000000	 0.68536943 -0.43901646 -0.02069200	-0.34886089  0.52866357  0.11413284	-31.20788654 130.73012659  29.73597915 -27.73122923 151.81365510  93.98979433  28.30097739 -36.84945437 -53.07995127 -19.61541687 -26.05163350  -4.65397403	 0.15427242  0.26367590 -0.21544756  0.89711010 -0.40414250 -0.01884495  0.03571990  0.04844310  0.03236699  0.86672962 -0.05544572  0.00151097	
0.00400000	0.86513478	0.01000000	 175.40715027  119.95783997 -615.93701172   45.42638016   92.84502411   17.34208488	152.09190369 -52.42776489 -66.01876831  -0.31159273   0.44564143   3.07112217	 -62.61878244  275.23802187 -629.42199453   18.42129161   90.27440430   26.79352007	  52.45256998  -25.42726618 -220.70308728    5.04300502   10.79904573    0.61680478	73.21434126	0	0.00000000	0.00000000	0.00000000	 0.69194506 -0.44924216 -0.02420891	-0.36342432  0.50199659  0.11497541	-27.80017713 119.13252316  30.49578962 -21.37392215 154.89278806  92.43381525  24.81258886 -36.20670851 -50.73404369 -22.02869049 -24.87108418  -4.64188624	 0.15419571  0.26933628 -0.21241027  0.89786178 -0.40286162 -0.01841544  0.03515441  0.04776048  0.02832495  0.86896926 -0.05836029  0.00150330	
0.00398400	0.87846297	0.01000000	 164.94599915  102.10076141 -620.83654785   44.31766891   93.18341064   15.81713009	145.82022095 -49.39109421 -84.11573029   0.46047878   1.64338768   0.94150013	 -78.06701847  271.95265102 -618.09748484   18.36682519   89.73928944   26.17835899	  46.70906466  -30.78251938 -191.24893075    3.73591598    8.96617101    0.14133363	72.67608876	0	0.00000000	0.00000000	0.00000000	 0.69697268 -0.45803768 -0.02434647	-0.40728514  0.50268617  0.00110151	-25.73627544 107.05324623  28.46601736 -18.04810771 155.61427922  90.10253971  19.34513945 -35.07244213 -44.92053532 -26.67770884 -24.35355592  -4.71502644	 0.15409601  0.27476659 -0.20930396  0.89852905 -0.40129697 -0.01803961  0.03462034  0.04715456  0.02469709  0.87143129 -0.06129786  0.00151864	
0.00399200	0.89179552	0.01000000	 157.02737427   82.37329865 -605.58776855   42.79436111   93.44825745   11.28761005	152.13656616 -53.04259109 -80.63758850   0.28224397   1.99228728   0.93952912	 -95.21978321  252.73060520 -605.56697880   17.37476213   88.93176873   23.35554555	  47.18910461  -36.26677234 -190.66388064    3.63914655    9.65863702   -0.14341455	71.40185560	0	0.00000000	0.00000000	0.00000000	 0.70004429 -0.47078089 -0.02610966	-0.47667131  0.50877943 -0.03425468	-26.01770255  96.50801219  27.70004034 -14.56144564 156.43712899  87.15238699  14.03253210 -31.82125637 -38.47751314 -29.46616004 -22.60127013  -5.42059623	 0.15399630  0.27995911 -0.20625134  0.89905828 -0.39946386 -0.01763310  0.03402344  0.04670971  0.02156777  0.87404674 -0.06425077  0.00158767	
0.00400800	0.90513700	0.01000000	 140.90150452   61.47086716 -604.88873291   40.24351883   92.26226807    7.00009346	153.24119568 -51.88769150 -73.30570221  -0.26497295   2.52495074   0.26189634	 -97.62579448  231.40460542 -601.76135288   16.09658971   88.94129600   20.52250967	  44.55012373  -35.34940411 -194.46046255    2.72849585   10.14045264   -0.91376980	70.29660614	0	0.00000000	0.00000000	0.00000000	 0.69912670 -0.48810584 -0.03943018	-0.47667131  0.50877943 -0.03425468	-25.35269583  85.72140192  28.35424811 -16.42613678 154.03573246  83.19189199  11.97168658 -27.75851722 -31.99079028 -31.58059739 -19.48684840  -5.80623872	 0.15388125  0.28499055 -0.20348251  0.89941108 -0.39728561 -0.01707320  0.03330088  0.04657165  0.01902136  0.87674654 -0.06725737  0.00167971	
0.00398400	0.91846520	0.01000000	 150.70170593   37.92657852 -595.70391846   38.31831360   90.47358704    4.31750870	146.69512939 -45.07693100 -94.48033142   0.60729271   0.81646526  -0.48886052	-102.27677702  210.05298830 -596.31145232   14.65810681   87.78477575   17.61814337	  39.75368169  -34.34388793 -187.60055785    2.56092964    8.72652211   -0.68577313	68.29628813	0	0.00000000	0.00000000	0.00000000	 0.70082024 -0.47701471 -0.06919796	-0.52715459  0.37870314 -0.22032942	-23.27318386  75.14121993  29.27440412 -17.62506751 148.78383370  78.17711657  12.78454058 -22.38447630 -25.89770670 -34.77231967 -12.26320272  -5.77341167	 0.15370484  0.28983793 -0.20104349  0.89963353 -0.39479288 -0.01618349  0.03245265  0.04671738  0.01701184  0.87950772 -0.07027932  0.00173340	
0.00400000	0.93180221	0.01000000	 153.56394958   29.62738991 -584.27014160   36.97745132   87.80927277    3.54841089	141.26817322 -50.42264557 -94.10150146   0.41397968   2.60107470   0.38043427	 -93.70273529  196.48040753 -595.68900695   14.19424987   86.53125894   15.78525275	  35.27664259  -32.56706196 -185.35710920    2.15789128    9.09271063   -0.96405603	66.54478911	0	0.00000000	0.00000000	0.00000000	 0.70429276 -0.46048026 -0.09711885	-0.39678005  0.30313752 -0.40560424	-26.11851973  65.05946510  28.82179907 -21.55226306 143.85083970  72.92010331  10.49319337 -18.46942037 -16.19364286 -35.96032611  -5.38615261  -5.59718803	 0.15342873  0.29435551 -0.19885756  0.89972556 -0.39192435 -0.01504835  0.03145519  0.04703951  0.01540883  0.88229185 -0.07330126  0.00174874	
0.00399200	0.94513482	0.01000000	 165.67691040   19.92917824 -567.89038086   35.49256134   84.70146179    2.09789991	121.17458344 -43.37095261 -82.13628387   0.50302547   5.64326859  -0.33669537	 -83.62080337  188.11801577 -587.78962626   13.67152794   84.73755382   14.88812975	  26.38851082  -33.44059908 -184.42157831    2.25787433   10.10083255   -1.10992866	64.44903885	0	0.00000000	0.00000000	0.00000000	 0.71280090 -0.45776583 -0.12176304	-0.39678005  0.30313752 -0.40560424	-26.69667836  54.06272902  25.88419251 -24.13132987 136.47372872  67.22528579   9.64738746 -14.38034154  -5.95148832 -38.60849933   4.93537858  -5.49790879	 0.15307590  0.29859698 -0.19683270  0.89974856 -0.38867998 -0.01359874  0.03036349  0.04743068  0.01410495  0.88499171 -0.07624650  0.00174107	
0.00400800	0.95847631	0.01000000	 170.05363464    0.77820808 -563.78027344   33.84519958   83.28546143    0.32327595	 97.58378601 -40.63628387 -82.20332336  -0.49210820   3.78140163  -1.04616284	 -72.64670066  175.72154261 -585.09446109   13.45536494   83.48288486   13.92933798	  16.58884806  -33.88203120 -179.27713400    1.88125176   10.05477280   -1.36420824	63.31518984	0	0.00000000	0.00000000	0.00000000	 0.73093465 -0.47275343 -0.13811795	-0.42406364  0.23872082 -0.33402372	-23.66360006  43.33170270  22.62632246 -25.59619737 127.65741293  61.15345481  10.95300597 -12.01686227   3.15365159 -39.81509488  16.75794373  -4.92597943	 0.15264639  0.30276173 -0.19493824  0.89974856 -0.38505211 -0.01189602  0.02916183  0.04790621  0.01305417  0.88746136 -0.07909203  0.00168738	
0.00399200	0.97180885	0.00961250	 173.17387390  -11.03075981 -559.68292236   32.99684906   83.25083160   -0.61169845	 85.99104309 -37.40807724 -78.42074585  -0.28474665   3.06967974  -2.61390209	 -67.21175801  161.68134893 -584.47146557   13.00318030   83.03151995   12.90706270	   8.52356051  -31.01950988 -155.10527095    0.47005992    7.76201400   -1.75070765	62.06631333	0	0.00000000	0.00000000	0.00000000	 0.74977252 -0.48902462 -0.14996203	-0.45149738  0.24736344 -0.31787275	-17.56719051  29.33250885  16.63641670 -24.80970475 114.55709355  54.03614498  14.07798061  -9.83675697  12.87553850 -42.63550179  31.50744968  -4.99046789	 0.15220921  0.30707222 -0.19285202  0.89974856 -0.38107911 -0.00994019  0.02793661  0.04843543  0.01226417  0.88962430 -0.08173815  0.00164903	
0.00399200	0.98471081	0.00918076	 186.95201111  -24.11014938 -564.80047607   32.80873489   83.87850189   -0.75106394	101.62785339 -36.96819687 -93.97789764  -0.51353478   2.44290042  -1.57671428	 -61.83686700  154.60441493 -587.65451381   12.94476102   83.67077168   13.13979327	   7.96961124  -30.24700797 -149.61339650    0.10265959    6.84831735   -1.53469762	62.13660574	0	0.00000000	0.00000000	0.00000000	 0.76690354 -0.50238003 -0.15413935	-0.45149738  0.24736344 -0.31787275	-14.78643944  15.63447554   8.25837536 -23.29239144 101.23581253  47.96140672  16.06119103  -9.31079223  22.32197248 -45.09866334  45.73579209  -5.12680806	 0.15176436  0.31162813 -0.19060475  0.89980227 -0.37690666 -0.00775427  0.02675066  0.04897233  0.01175029  0.89145744 -0.08407747  0.00164903	
0.00399200	0.99713290	0.00871927	 202.45622253  -37.34253693 -564.75958252   32.45545197   82.98414612   -1.44606841	108.98040771 -32.27893066 -97.81482697   0.49270755   4.20545816  -1.89952183	 -50.88062516  149.28503524 -598.66006076   13.48028212   84.57291253   12.97433556	   4.15075779  -25.83227624 -163.22613575    0.03537531    7.97630496   -1.84228678	61.51039490	0	0.00000000	0.00000000	0.00000000	 0.78129983 -0.49800762 -0.16681787	-0.40981656  0.21016844 -0.32651949	-12.77404490   1.06976851  -1.13559856 -19.81200536  88.60942632  41.60569591  18.76443378  -9.23007861  30.23390812 -47.87689059  60.37146005  -5.15441970	 0.15130417  0.31636813 -0.18815805  0.89991730 -0.37279561 -0.00543029  0.02569037  0.04945553  0.01158155  0.89298373 -0.08594126  0.00164903	
0.00399200	0.00904203	0.00819678	 205.03627014  -50.86304092 -531.26629639   29.54152870   77.28938293   -3.32872009	 160.54826355  -40.72002411 -146.35371399    0.94212890    9.22150040   -1.58284605	 -40.11537062  140.40169855 -593.35765794   13.10519919   82.47087824   12.06312795	   3.92035620  -28.75855558 -207.83264081    0.79444953   12.22942897   -1.86968350	61.81545905	0	0.00000000	0.00000000	0.00000000	 0.78855683 -0.49473318 -0.17287138	-0.41257283  0.27556565 -0.30845176	-11.46254817 -13.60720752 -11.68960403 -16.65228129  78.15595652  34.52448645  19.32049235 -10.32190031  37.18050394 -49.59852413  74.95630980  -5.16288728	 0.15086699  0.32124618 -0.18551193  0.90017807 -0.36878425 -0.00302194  0.02487355  0.04983903  0.01178864  0.89416486 -0.08720679  0.00164903	
0.00399200	0.02037049	0.00775957	 193.30224609  -54.71057129 -492.48687744   26.50178528   69.81803894   -4.19496155	 187.78608704  -53.06877518 -174.84709167    0.79538256   10.88003159   -3.02264357	 -31.92597715  126.41473169 -568.23071899   12.12427052   77.78193387   10.76025556	   0.67733071  -32.86435986 -252.45218880    0.30627739   16.38898699   -2.70630421	61.81443440	0	0.00000000	0.00000000	0.00000000	 0.78984256 -0.49596485 -0.18254083	-0.41257283  0.27556565 -0.30845176	 -8.92940576 -27.23745329 -24.01381121 -11.06849758  67.93511021  27.47801941  18.86329821 -11.25626843  41.03640790 -51.24452808  89.73161005  -4.98494551	 0.15040678  0.32590181 -0.18271242  0.90069962 -0.36483425 -0.00057524  0.02423738  0.05006912  0.01250194  0.89500856 -0.08769766  0.00162602	
0.00400000	0.03121748	0.00743458	 175.03692627  -55.96244049 -457.18688965   23.62282181   64.13990021   -4.35780144	 186.43772888  -52.84653473 -182.71237183    0.62962663   11.96994305   -3.92358708	 -31.76068869  112.36094409 -535.24703268   11.06820288   71.71757441    9.38778681	   1.83611181  -38.81623144 -277.79019181   -0.02873058   18.61370595   -3.01760628	61.93719184	0	0.00000000	0.00000000	0.00000000	 0.79795864 -0.48353382 -0.19924308	-0.39536814  0.24434837 -0.32415761	 -7.73760084 -39.47116453 -36.53137731  -5.05263449  58.77121108  21.20720356  18.43893275 -14.08818861  41.60313422 -52.42609039  98.91282722  -4.91610043	 0.15001562  0.33096397 -0.17991289  0.90148962 -0.36096093  0.00181777  0.02386039  0.05014582  0.01378281  0.89556080 -0.08732951  0.00161068	
0.00398400	0.04169436	0.00705154	 158.97390747  -49.72385406 -398.42877197   21.86887741   58.32411194   -3.17364383	 226.91783142  -61.20286942 -206.23545837    0.57414895   14.02919579   -4.44432735	 -31.39528440  100.48820753 -482.78627410   10.22912956   65.15755186    8.59167717	  -2.89184503  -44.78535142 -303.88113699   -0.82643898   20.66718498   -3.93869424	61.22902411	0	0.00000000	0.00000000	0.00000000	 0.80716802 -0.47112775 -0.21326333	-0.37889665  0.28252067 -0.37617843	 -7.55120505 -49.07865447 -49.07316885  -0.54448612  51.44584915  15.56650577  16.98827379 -18.00372388  40.68910628 -54.87792184 102.48917613  -5.02084061	 0.14970115  0.33583435 -0.17728980  0.90257108 -0.35718736  0.00408806  0.02375044  0.05009980  0.01560825  0.89589828 -0.08601795  0.00161068	
0.00400800	0.05175887	0.00672015	 140.86972046  -54.67190552 -350.59616089   18.69269943   51.28495026   -3.08455777	 192.66505432  -65.92021179 -195.19522095   -0.03975212   14.51190090   -5.31026411	 -27.86670374   85.91627841 -432.15325182    9.53458295   58.87337421    8.19247100	  -4.65221009  -51.37792368 -317.95807963   -1.21487914   22.35954763   -4.41250452	60.72290196	0	0.00000000	0.00000000	0.00000000	 0.81851328 -0.47398992 -0.21786184	-0.37889665  0.28252067 -0.37617843	 -7.52118718 -58.09109577 -61.81423392   1.88745168  44.87186221  10.02424953  14.84498071 -22.66524111  38.71870464 -58.25615610 103.00542904  -5.48201655	 0.14939436  0.34043628 -0.17498115  0.90394402 -0.35355181  0.00618194  0.02385254  0.04990039  0.01793990  0.89602870 -0.08368631  0.00164903	
0.00398400	0.06144173	0.00642363	 116.26373291  -64.17823792 -294.92718506   14.48438263   43.54871368   -3.80741715	 197.96310425  -70.77175140 -203.41300964   -0.23226576   14.74140835   -6.25706339	 -24.08824158   64.96503571 -382.72430357    8.37492778   51.65093914    6.89546458	 -17.46250674  -53.74520591 -297.34417815   -2.10753053   21.15540338   -4.60143037	59.59183374	0	0.00000000	0.00000000	0.00000000	 0.83338628 -0.47215024 -0.23456119	-0.37548327  0.33382256 -0.25299050	 -6.69758254 -64.15148646 -71.40289433   1.04170337  38.43896419   6.46420749  13.17900301 -25.08431575  34.66631277 -61.18836087 100.51444830  -5.67278246	 0.14909524  0.34474677 -0.17312503  0.90554702 -0.35005435  0.00806874  0.02401747  0.04959359  0.02077777  0.89595199 -0.08053397  0.00171039	
0.00398400	0.07079502	0.00616672	 112.91122437  -65.22183990 -251.13854980   12.03349304   36.28539276   -4.31761360	 197.42642212  -87.09649658 -213.03904724   -1.14952397   16.11373329   -6.97379017	 -16.71200636   43.78321774 -332.92852193    6.98762311   43.75350243    5.27343485	 -21.69650896  -68.05268833 -313.59710174   -2.49660451   22.53546990   -5.55552244	58.00821491	0	0.00000000	0.00000000	0.00000000	 0.84443228 -0.46505523 -0.25312592	-0.33158539  0.22598284 -0.26220021	 -4.61783228 -69.78264878 -76.85768116  -3.84712862  33.93652330   3.65756530  14.92938030 -25.83466858  29.37432057 -61.71645386  93.27246501  -6.04394455	 0.14876543  0.34878114 -0.17175213  0.90738010 -0.34672561  0.00977913  0.02410387  0.04919475  0.02399912  0.89565283 -0.07616980  0.00177942	
0.00400000	0.07987168	0.00590003	 106.26404572  -64.83642578 -222.02748108    9.62863350   30.00200462   -4.05076313	 181.32351685  -78.76750183 -215.81494141   -0.27241111   17.64935112   -7.31148052	  -8.02787598   33.11633627 -297.67741424    5.94551209   37.40288815    4.11783428	 -35.16361280  -74.45262353 -305.94421790   -2.63162688   22.91167346   -5.71939144	55.19828072	0	0.00000000	0.00000000	0.00000000	 0.85148002 -0.44829162 -0.28281073	-0.33158539  0.22598284 -0.26220021	 -5.36583234 -73.13278924 -80.90370694 -10.15191286  29.83139334   1.63489901  15.37287955 -25.98128792  23.64249390 -61.22510446  85.65466769  -6.49603909	 0.14845863  0.35253939 -0.17088543  0.90945101 -0.34371901  0.01137447  0.02402532  0.04870388  0.02741223  0.89515430 -0.07080087  0.00187913	
0.00400000	0.08865193	0.00571437	 121.85080719  -69.30163574 -211.90313721    8.91248512   27.77782631   -2.71475482	 181.99118042  -75.49565125 -218.38972473    0.46256992   19.07705688   -5.94171286	   2.04781247   24.04887297 -276.22180264    5.77937219   33.22318178    4.01009343	 -44.66682697  -71.54629365 -306.84405366   -2.45257058   24.10602532   -6.02027107	52.27094287	0	0.00000000	0.00000000	0.00000000	 0.85227703 -0.42726098 -0.29480458	-0.30310205  0.22591658 -0.25545920	 -6.58853301 -75.19528046 -82.24705616 -18.08164615  26.04510864   0.30421442  18.66432113 -26.60431196  17.13533752 -59.82688002  72.45357278  -7.11779234	 0.14821319  0.35603687 -0.17044824  0.91175199 -0.34060502  0.01287010  0.02382112  0.04814398  0.03086369  0.89440262 -0.06456524  0.00200951	
0.00400000	0.09722583	0.00547993	 168.28274536  -76.80544281 -229.91432190    8.90889931   26.51683044   -4.38137293	 159.48396301  -64.53988647 -216.47605896    1.07641137   20.97818375   -6.64294577	  24.47961902   30.51994266 -290.98678325    5.63600763   32.50223946    3.94794706	 -57.57460832  -66.44378107 -292.32364124   -2.29166112   24.66336706   -6.05731253	48.65290068	0	0.00000000	0.00000000	0.00000000	 0.85203129 -0.40791402 -0.30674931	-0.17208264  0.25876166 -0.16390507	-10.23495426 -75.29531855 -83.83961443 -26.35934003  19.71014407   0.33834756  23.40149163 -29.45508170  11.04222135 -59.22487344  58.86959294  -7.16282944	 0.14803678  0.35923523 -0.17036387  0.91432136 -0.33753705  0.01426602  0.02356194  0.04750738  0.03419242  0.89334422 -0.05749359  0.00210922	
0.00398400	0.10553028	0.00530042	 214.78187561 -105.47939301 -249.72706604    8.41051388   27.33119583   -5.47687721	 153.38082886  -66.20748901 -202.57365417    1.10582089   20.28091431   -6.11307240	  57.63665252   35.38828195 -326.38746845    5.65745602   34.92267907    3.95904326	 -62.75444051  -65.31456637 -281.86268034   -2.31441187   24.95352719   -6.24252042	45.21995453	0	0.00000000	0.00000000	0.00000000	 0.85521675 -0.39639480 -0.31410225	-0.17208264  0.25876166 -0.16390507	-12.70225050 -75.07228748 -82.80799409 -34.22216746  13.87334183   0.30007187  30.86350692 -32.08297516   3.72904584 -59.89639613  43.23880397  -7.00949283	 0.14795242  0.36213443 -0.17047125  0.91711324 -0.33447677  0.01556990  0.02332632  0.04678641  0.03729874  0.89195597 -0.04983903  0.00214757	
0.00400800	0.11364856	0.00519366	 219.90621948 -115.91858673 -261.62371826    7.49354601   27.06659126   -7.81639767	 127.65161133  -56.28047180 -170.32632446    0.64277709   17.01906586   -6.05626631	  71.98779988   29.74225178 -358.13645725    5.30812413   36.47116640    3.37065040	 -60.22006445  -59.50937493 -254.60770582   -2.53360608   22.68270582   -5.90408127	41.93203224	0	0.00000000	0.00000000	0.00000000	 0.85803069 -0.38459707 -0.32109143	-0.17208264  0.25876166 -0.16390507	-17.59516176 -74.14981930 -82.24257456 -42.91612789   8.49772932   0.74498697  34.45331410 -33.70479609  -1.71495492 -59.34489887  28.70874438  -6.86707809	 0.14795242  0.36474988 -0.17057863  0.92011219 -0.33146250  0.01682010  0.02319280  0.04595039  0.04009825  0.89019954 -0.04176262  0.00215524	
0.00399200	0.12163929	0.00507160	 232.47402954 -137.90081787 -264.83581543    5.65642500   26.47165489  -12.94699383	 113.77170563  -50.54442215 -132.14755249    0.12732570   12.13967514   -5.01479101	  84.16951345   21.82351979 -379.41029225    3.65672163   37.79490351    0.98974597	 -46.91565862  -53.55880281 -217.62118871   -2.33642113   18.49647675   -5.00884042	39.05966523	0	0.00000000	0.00000000	0.00000000	 0.85918259 -0.36639976 -0.32502205	-0.06648070  0.34361642 -0.15020668	-21.89009637 -72.59026444 -83.21936697 -50.26424267   1.82853112   1.11956813  38.19847300 -36.14171942  -7.94275340 -60.05625518  12.76134603  -6.31349517	 0.14803678  0.36705852 -0.17055562  0.92327982 -0.32855561  0.01810864  0.02322422  0.04497631  0.04257563  0.88803661 -0.03362485  0.00211689	
0.00398400	0.12948991	0.00495323	 223.69223022 -151.96667480 -249.96226501    3.82382846   24.70975876  -15.74415493	  94.84111786  -42.17034912 -108.17320251   -0.22194323    9.18620491   -4.26638651	  87.23641703    4.45963377 -382.45838571    1.72874700   37.31188013   -1.58785915	 -34.77286339  -45.21255830 -182.30908343   -2.11120419   14.15925765   -4.07487678	35.96680586	0	0.00000000	0.00000000	0.00000000	 0.85598632 -0.34807448 -0.33023185	-0.03000282  0.34597070 -0.04169692	-26.74608075 -70.78951596 -84.11454840 -56.24351705  -4.58159573   1.04975414  39.33923647 -39.24153447 -11.19766564 -58.63110824   1.72077501  -6.12125738	 0.14815950  0.36912939 -0.17049426  0.92638612 -0.32579443  0.01951990  0.02339701  0.04380281  0.04477689  0.88548255 -0.02553310  0.00206320	
0.00400000	0.13721788	0.00483953	 210.69905090 -149.87269592 -219.86398315    2.47120357   21.83715820  -18.10262680	 88.15028381 -38.36700439 -98.24629211  -0.79057288   7.91119909  -3.42909980	  87.35950669   -7.53546892 -364.06893795   -0.51408269   35.34266234   -4.31822706	 -28.22954871  -40.24747495 -161.51466204   -1.75500170   11.59856138   -2.99009312	32.99172641	0	0.00000000	0.00000000	0.00000000	 0.85103476 -0.33067893 -0.32902863	0.05632799 0.33505178 0.01580807	-28.90137109 -68.37376859 -84.95208935 -59.89939868 -11.72321536   0.47340424  41.97580842 -43.20624312 -14.54805212 -57.36266842  -8.99400938  -5.76482151	 0.14835125  0.37092414 -0.17049426  0.92979926 -0.32321736  0.02113825  0.02369546  0.04234553  0.04673272  0.88255262 -0.01767145  0.00198650	
0.00398400	0.14481057	0.00469003	 173.27452087 -131.60923767 -182.74955750    1.61053205   17.93950272  -15.75544834	 122.66414642  -59.11622238 -125.11427307    0.08054679   10.42270184   -4.33946991	  79.51413012  -14.04295613 -326.48944000   -1.53332888   31.36415361   -5.17384985	 -24.19623271  -47.83064308 -181.12162334   -1.59005059   13.35091503   -3.84517253	30.53602253	0	0.00000000	0.00000000	0.00000000	 0.84526453 -0.31643912 -0.32348673	0.07100888 0.27580501 0.06489142	-32.14271236 -66.50438247 -85.86361509 -62.76204226 -19.05281955  -0.85703425  41.99391696 -45.92528376 -14.00119176 -56.28676694 -14.46389075  -5.53944898	 0.14866571  0.37246579 -0.17050193  0.93321234 -0.32089338  0.02301738  0.02412743  0.04051242  0.04843543  0.87929296 -0.00996320  0.00190214	
0.00400800	0.15225044	0.00451429	 156.76020813 -111.91488647 -150.29786682    2.05384421   15.48772049  -13.27311611	 101.60877228  -50.73944092 -120.85279846    0.35434917   11.60035324   -3.66296363	  71.92271889  -13.84697347 -284.54699107   -1.30948266   27.34623183   -4.68266840	 -32.17541026  -51.29347237 -181.93272411   -1.19086208   14.39232165   -4.04065788	28.36821427	0	0.00000000	0.00000000	0.00000000	 0.83637464 -0.30630836 -0.31681665	0.07100888 0.27580501 0.06489142	-33.53314555 -64.64775919 -86.78372712 -64.72857726 -25.50730500  -2.13669341  42.26132889 -47.12170867 -13.91141664 -57.37250694 -21.80290570  -5.41292608	 0.14908756  0.37379268 -0.17050193  0.93654877 -0.31889153  0.02509592  0.02469291  0.03830349  0.04993873  0.87571108 -0.00248505  0.00183311	
0.00398400	0.15948166	0.00431949	 134.48867798  -92.36008453 -127.15199280    1.24265194   11.31397915   -9.94618320	 117.27388763  -32.59402847 -100.40279388    1.15780425    7.80027485   -3.61291814	  63.79946920   -9.42639346 -244.36396761   -0.63272737   22.58002757   -3.31133278	 -23.47247054  -40.80533882 -177.87546778   -0.96617638   13.51858949   -3.96011998	27.47645132	0	0.00000000	0.00000000	0.00000000	 0.81715541 -0.29587268 -0.30228783	0.11365749 0.23481246 0.17745441	-35.91498938 -63.22509152 -89.19165698 -67.29994113 -30.55001042  -3.37085700  40.04226673 -46.43676884 -11.24422191 -54.96664239 -23.88607856  -5.37574269	 0.14952475  0.37488949 -0.17050193  0.93976247 -0.31728852  0.02727417  0.02538406  0.03581844  0.05128864  0.87184548  0.00474767  0.00178709	
0.00400800	0.16650970	0.00409788	 118.72798920  -82.44628143 -105.26843262    0.49385899    8.09372044   -8.33617783	128.77871704 -55.94887543 -93.75177765  -0.61892861   7.13796902  -3.71176434	  59.31999956   -7.14617544 -213.26373580   -0.54027243   18.00165119   -2.89391061	 -11.18356393  -43.62783551 -179.15452169   -1.22054723   12.75267540   -3.86618004	28.06964894	0	0.00000000	0.00000000	0.00000000	 0.79357051 -0.28132582 -0.28635453	0.17428364 0.16679897 0.24714276	-35.04601538 -61.60825954 -90.90700301 -68.70080535 -34.72391768  -4.40449793  40.32597405 -46.06087176  -9.64462955 -53.80688353 -27.43518862  -4.86394530	 0.14986989  0.37568715 -0.17051727  0.94274604 -0.31609201  0.02952145  0.02613804  0.03320301  0.05280728  0.86774206  0.01161990  0.00171039	
0.00398400	0.17327812	0.00392377	 98.84003448 -59.37526321 -89.62881470   0.80568773   7.21521378  -7.67559004	171.68305969 -54.88405609 -96.98554993  -0.97539079   4.76248550  -4.69511318	  50.92954030   -5.25966068 -185.47359078   -0.48994770   14.58213221   -2.51722143	   3.93838102  -51.20373956 -198.65494241   -1.49079679   13.03508692   -3.68903093	27.13369314	0	0.00000000	0.00000000	0.00000000	 0.76905438 -0.25511572 -0.26552650	0.17428364 0.16679897 0.24714276	-34.24842083 -60.55397214 -93.29638198 -70.83627964 -36.88624904  -5.31542631  38.75266232 -45.03509659  -6.37524158 -49.34766391 -26.49564990  -5.12631724	 0.15004630  0.37606299 -0.17056330  0.94542283 -0.31540173  0.03178408  0.02697057  0.03072563  0.05461738  0.86355430  0.01815466  0.00167971	
0.00400000	0.17986192	0.00386285	 88.76347351 -38.61642838 -64.97047424   1.09719300   3.37210608  -5.32586002	186.25634766 -57.81729126 -91.69174194  -2.31285620   2.67642331  -4.07489347	  45.69577281    5.02675966 -158.14515078   -0.57212325   11.94875246   -2.42365190	  19.24350649  -51.56515100 -219.55589860   -1.94238095   12.59693604   -3.20836684	26.43652022	0	0.00000000	0.00000000	0.00000000	 0.73710888 -0.22003794 -0.24451641	0.33128305 0.18420535 0.14261987	-32.58763167 -58.97987908 -94.73635369 -71.40484506 -36.39686236  -6.13137642  37.18051265 -43.95120680  -3.03189096 -46.08740228 -26.72641061  -5.41415337	 0.15012300  0.37597862 -0.17067833  0.94767779 -0.31517929  0.03388563  0.02776382  0.02804116  0.05697203  0.85955060  0.02425223  0.00171039	
0.00398400	0.18636912	0.00388535	 64.71825409 -24.92847252 -44.68520355   1.04755557   0.49244037  -3.95624280	177.60804749 -64.73266602 -84.37365723  -2.93434286   1.82323372  -5.35465956	  38.89705826   11.41821358 -121.98772199   -0.49606232    7.88029031   -2.21335828	  27.94613467  -55.36840304 -225.80510436   -2.58889289   12.04926886   -2.92333855	27.09645076	0	0.00000000	0.00000000	0.00000000	 0.70583562 -0.18935072 -0.22390856	0.37894840 0.12079480 0.12114393	-32.90229251 -58.06275884 -98.76833657 -71.60296979 -34.26119974  -6.85916793  33.09796312 -42.25120604   2.02504769 -42.77859939 -22.65776325  -6.52984792	 0.15018436  0.37529600 -0.17091611  0.94944954 -0.31533268  0.03601019  0.02839214  0.02528767  0.06000165  0.85591507  0.02988961  0.00182544	
0.00400000	0.19291021	0.00400717	 59.14727402 -20.63520622 -30.92686844   0.61573368   0.12565459  -2.62161875	145.24441528 -56.17611694 -45.49270248  -3.58991361  -2.58258629  -5.31212759	 35.05829743  10.42170426 -95.55553973  -0.15593020   5.07652366  -1.62510334	  39.10743677  -54.08981468 -197.65336628   -3.11666597    8.44813588   -2.51732319	28.82820550	0	0.00000000	0.00000000	0.00000000	 0.67497400 -0.17280156 -0.19045204	0.37894840 0.12079480 0.12114393	 -32.18609516  -57.14488195 -100.57629015  -70.43558216  -31.51632421   -7.24443858   32.82525524  -40.40832519    5.78215111  -41.55629106  -19.29262703   -7.41256198	 0.15027639  0.37401512 -0.17132261  0.95069975 -0.31590793  0.03794301  0.02883982  0.02240378  0.06379825  0.85264772  0.03522786  0.00200184	
0.00399200	0.19958226	0.00413121	 51.92567444 -23.67304993 -25.11004639   0.31077933   0.01599945  -2.06356359	 81.90607452 -35.18844604 -33.54622650  -2.77991486   0.19552563  -5.48789930	 34.84096562   7.28108992 -82.08834562  -0.01718669   3.94631913  -1.39341545	  29.14728386  -41.05310460 -139.73778027   -4.05196946    5.14882964   -2.17402348	30.23372383	0	0.00000000	0.00000000	0.00000000	 0.64408876 -0.15607186 -0.16326171	0.37804147 0.13035831 0.12080586	 -32.97204937  -56.54713346 -104.82551442  -69.99170500  -29.32025896   -7.52471953   31.39405968  -38.27946142    9.89893008  -40.04293500  -12.63578574   -8.29110291	 0.15037611  0.37210530 -0.17189018  0.95138234 -0.31678230  0.03966874  0.02912256  0.01940485  0.06835417  0.84965646  0.04025932  0.00223194	
0.00400000	0.20639661	0.00426631	 41.25213242 -24.59425735 -27.02232742  -0.16020456   0.02231234  -1.95920491	 74.22552490 -26.14756966 -25.13723373  -2.25429726  -0.41470876  -5.57071161	 26.69583654   0.55249675 -74.62452247   0.34039357   2.91482015  -0.67208867	  19.22815593  -29.39301954 -113.32847091   -4.29487359    4.02417422   -1.92289670	31.97913278	0	0.00000000	0.00000000	0.00000000	 0.61454560 -0.14101603 -0.13572019	0.36485419 0.06125609 0.12842921	 -32.83543140  -55.27450388 -107.43418494  -67.70515938  -26.28313274   -7.76718456   30.90946146  -34.38010568   12.95411153  -38.43761010   -4.38584082   -8.83290526	 0.15039912  0.36958960 -0.17251912  0.95149738 -0.31790212  0.04116436  0.02932676  0.01621417  0.07356203  0.84671122  0.04470019  0.00243903	
0.00398400	0.21335222	0.00442994	 55.80398560 -32.67427826 -22.38811493  -0.35786694  -0.79581225  -1.65301085	 27.13259506 -36.15950012 -10.02710247  -2.46943498  -0.47477728  -4.22674322	 29.83482221  -2.01465725 -74.60455797   0.40241544   2.59056566  -0.74418324	 16.81781110 -30.75022383 -86.73623895  -4.17395371   2.20414877  -2.14308215	33.43298681	0	0.00000000	0.00000000	0.00000000	 0.58181624 -0.13440487 -0.10523085	 0.37233133 -0.02396648  0.13963785	 -32.95586633  -53.55126322 -111.24963346  -65.15045451  -23.93589017   -7.70968121   29.09310089  -29.75702895   16.79802555  -38.07562918    5.25956287   -8.73000537	 0.15030707  0.36653697 -0.17317106  0.95106786 -0.31918299  0.04246058  0.02954667  0.01285476  0.07922242  0.84355885  0.04924844  0.00256942	
0.00400800	0.22050303	0.00460899	 50.98236847 -30.70092010 -24.77202034  -0.12480289  -0.02815413  -2.18173218	  0.86836362 -23.52641296   2.25166750  -1.60044205  -0.24264978  -1.94681203	 34.11602549  -3.83439103 -77.64543789   0.48545382   3.02060299  -0.79039185	  7.38172574 -27.95640085 -43.72854603  -2.16671696   0.32384274  -1.19096848	34.80285316	0	0.00000000	0.00000000	0.00000000	 0.55024893 -0.13832184 -0.07497164	 0.32087006 -0.12018162  0.30629472	 -31.94488948  -50.33189625 -114.70207013  -61.77029566  -20.49246210   -7.99979773   27.25791432  -24.56035698   21.22185869  -39.09532216   14.09651101   -8.48806610	 0.15015368  0.36314687 -0.17386901  0.95026255 -0.32073230  0.04358805  0.02983727  0.00939563  0.08522028  0.84001535  0.05371233  0.00261544	
0.00398400	0.22783950	0.00473886	 57.39725113 -38.81621552 -34.42409134  -0.19900741   1.49993873  -3.24801183	-11.97120476   3.09121037   0.92670923   0.27933142   2.14064407   0.71832174	 30.94270366  -5.42794031 -81.04671799   0.18848597   3.78405546  -1.02998179	  1.10072213 -11.14429231 -21.76346728  -0.48136692  -0.26515221  -0.36338178	36.39677649	0	0.00000000	0.00000000	0.00000000	 0.52536508 -0.13710185 -0.05191688	 0.37438121 -0.27994252  0.41679437	 -29.54516691  -46.80575351 -115.76986972  -57.56059920  -18.90207117   -8.25682473   28.83117353  -20.25177397   23.73872995  -38.58112141   23.60750477   -8.29325056	 0.15000795  0.35952666 -0.17451330  0.94914275 -0.32242736  0.04454679  0.03022997  0.00589815  0.09151728  0.83595031  0.05815320  0.00259243	
0.00400000	0.23532920	0.00491007	 71.84194183 -49.01181030 -46.75058365   0.41705066   3.07898617  -4.44027090	-5.60980368 -0.11294293 -7.11241245  0.01167422 -1.64971912  0.77908707	  38.86160236   -6.59801272 -100.02004729    0.24565296    6.12555462   -1.28342670	 -4.85543172  -2.27842158 -20.48495734   0.49461205  -0.89164135   0.21512562	37.07711253	0	0.00000000	0.00000000	0.00000000	 0.50628047 -0.12413049 -0.04054822	 0.37438121 -0.27994252  0.41679437	 -27.58351268  -43.18399283 -115.11303680  -52.36772223  -18.11095609   -8.15194527   29.45591222  -15.74338978   25.24345050  -36.64852460   32.70300398   -6.06511366	 0.14995426  0.35579142 -0.17513455  0.94780052 -0.32425278  0.04532912  0.03069335  0.00229330  0.09804436  0.83140206  0.06259407  0.00237767	
0.00398400	0.24300030	0.00510021	 83.27481842 -51.69505310 -84.37276459   1.92915571   8.30303669  -5.98037863	  7.43903971 -26.95277405  -8.88045025  -1.63457429  -0.84607577  -1.10687351	  38.56753983   -2.23597555 -125.11569773    0.22363484    9.53501649   -1.12513834	  1.92214944 -11.97104872 -33.95852166   0.10222890  -1.32268065  -0.15378897	37.95230904	0	0.00000000	0.00000000	0.00000000	 0.48241504 -0.10911600 -0.02375296	 0.45284616 -0.39352372  0.50469709	 -28.55126731  -38.53290775 -113.85519714  -47.84086040  -17.34866258   -7.25176284   29.11879315  -10.58844815   27.45172231  -33.57898107   40.42378385   -4.26379117	 0.14996961  0.35202551 -0.17576349  0.94628954 -0.32617027  0.04593505  0.03119601 -0.00145728  0.10477087  0.82675409  0.06722669  0.00203252	
0.00399200	0.25088716	0.00530756	 104.77516174  -71.55083466 -104.57784271    2.23100996   11.46846867   -6.16364956	 -3.60034776 -15.57457447 -11.49529266  -1.14612055   1.68024039  -0.26023990	  36.35334910   -1.09742990 -152.71772296    0.56831725   13.07611494   -0.82506163	 -5.86482836 -22.58727642 -27.88684328   0.12573814  -0.14572901  -0.00445634	38.63177757	0	0.00000000	0.00000000	0.00000000	 0.45762793 -0.09302059 -0.00763156	 0.46509005 -0.49468484  0.54675210	 -27.77313984  -34.06947740 -111.97013956  -42.66012880  -16.90661931   -6.36317862   31.90069802   -4.07943334   26.60885229  -31.18099125   45.91284811   -3.11281459	 0.15003096  0.34828261 -0.17639242  0.94468653 -0.32822579  0.04638757  0.03176149 -0.00529990  0.11175048  0.82142353  0.07216611  0.00165670	
0.00400800	0.25901338	0.00548949	 117.37729645  -73.79590607 -122.40329742    2.91430449   12.68903255   -7.73012161	 6.41807461 -0.89828044 -8.99053955  0.02667430 -2.58952332  0.65113282	  43.94340583    2.35561560 -185.25411231    0.71629618   17.27246291   -1.08848217	 -5.76870209 -10.04385308 -29.74505823   0.46906811  -1.19384681   0.15033576	38.90660449	0	0.00000000	0.00000000	0.00000000	 0.42714714 -0.07526949  0.00666268	 0.46509005 -0.49468484  0.54675210	 -28.23168668  -29.16130331 -108.71542390  -38.49316497  -16.11068529   -4.53582536   33.58751545    2.83825480   26.67368041  -27.87437190   51.46423148   -2.69495846	 0.15006164  0.34460104 -0.17705970  0.94312954 -0.33043474  0.04670203  0.03240552 -0.00914252  0.11889882  0.81590122  0.07743534  0.00135757	
0.00398400	0.26732847	0.00569420	 103.91371918  -69.62279510 -139.78601074    2.51359415   14.38365936   -8.45858669	-10.84701824  -3.23440981 -15.04735470  -0.25091550   2.03101850   0.12478484	  38.53888690    6.88608267 -205.69354065    0.09158383   19.96808715   -1.09308307	 -9.84426243  -0.51430055 -28.57027080   0.37041869  -0.88068277   0.21905596	39.76428771	0	0.00000000	0.00000000	0.00000000	 0.40497578 -0.07292041  0.01327912	 0.52122482 -0.60002261  0.67737063	 -28.08291107  -24.90597288 -104.88094323  -35.86272814  -15.27349586   -2.99449494   34.91525317    9.20469271   25.58276635  -23.59781893   55.44577441   -2.10222819	 0.15007699  0.34095785 -0.17779601  0.94168758 -0.33281240  0.04690912  0.03315165 -0.01285476  0.12607019  0.81008744  0.08318009  0.00111214	
0.00400800	0.27588439	0.00589365	 104.14598846  -60.84084702 -120.47802734    2.65854096   11.80631351   -7.65330791	 33.67754364 -12.14213562 -34.79830933  -1.80831647   3.09340549  -3.41144109	  36.13172144    9.27948115 -201.33430514   -0.17184423   19.17808196   -1.59907294	-13.88036659  -8.93236677 -36.95256453  -1.15810033   1.01761670  -0.14393128	41.17060745	0	0.00000000	0.00000000	0.00000000	 0.38666408 -0.07288344  0.01712810	 0.49241591 -0.76520794  0.69839270	-25.52497529 -20.35051755 -99.78545880 -33.91557228 -14.00464838  -1.24296741  40.35031588  14.89210886  22.24131932 -20.83408233  57.03375261  -1.30909898	 0.15016134  0.33736834 -0.17857833  0.94042975 -0.33534348  0.04704718  0.03406271 -0.01638291  0.13321087  0.80395150  0.08927766  0.00086670	
0.00398400	0.28464866	0.00607909	 114.51278687  -52.69854736 -114.55101013    3.58122897   10.71524334   -7.34323883	 64.19667053 -25.11635971 -45.70981216  -2.80959868   0.49916553  -6.68438959	  44.88293879   15.88295776 -191.51507016    0.06775018   17.63694083   -1.67125375	 -9.97015816 -17.74089349 -78.71722602  -4.46651500   2.32718285  -1.17106572	41.56643712	0	0.00000000	0.00000000	0.00000000	 0.37142324 -0.07022755  0.02030632	 0.49241591 -0.76520794  0.69839270	-25.19783632 -16.58632379 -95.48686400 -34.68073107 -12.16348789   0.21206993  41.75851918  19.37284606  19.29333950 -19.06833914  56.89640835  -1.20939026	 0.15033776  0.33380949 -0.17941436  0.93939430 -0.33802792  0.04714689  0.03518583 -0.01958126  0.14039756  0.79748577  0.09575873  0.00068262	
0.00399200	0.29362348	0.00626579	  82.63796234  -41.34215164 -103.99953461    2.65373540   11.21816158   -5.56069613	 37.76920700 -32.39882660 -42.78017807  -3.08979750   0.99408877  -4.15819168	  35.61185865   17.91638243 -172.60131565   -0.06316193   16.13674349   -1.24641197	 -8.83420256 -30.43767295 -81.64173016  -4.32637566   1.83902766  -1.17882885	41.84058948	0	0.00000000	0.00000000	0.00000000	 0.35474542 -0.07239679  0.02509165	 0.51258190 -0.78578612  0.75019332	-25.06590794 -12.61050483 -90.48039983 -35.64713677  -9.46589115   1.72618395  42.84174709  22.00988124  17.08928869 -16.60895533  55.38370954  -1.86212955	 0.15057552  0.33025834 -0.18034242  0.93855059 -0.34077376  0.04723893  0.03656813 -0.02230408  0.14760727  0.79065955  0.10265397  0.00065194	
0.00400000	0.30281022	0.00648730	 76.61859131 -37.62150574 -66.99006653   1.61303997   5.17046928  -4.66294432	 20.16746521   0.30383772 -31.92586136  -0.37071937   1.92526817  -0.91429126	  32.30299740   13.12974065 -145.54796460    0.11754295   12.43854002   -0.89807488	-16.87605666 -16.28159679 -65.15977899  -2.70807134   1.85031993  -0.52573318	42.45197217	0	0.00000000	0.00000000	0.00000000	 0.33726193 -0.07540948  0.02751409	 0.49369314 -0.86117223  0.84752276	-23.92523873  -8.30395222 -85.54130737 -37.52548063  -7.46446231   2.60310194  44.51680464  23.85053932  12.77738268 -15.46501351  53.91987953  -3.39880988	 0.15081330  0.32676086 -0.18135484  0.93783730 -0.34358093  0.04733097  0.03820176 -0.02448233  0.15487067  0.78352654  0.10993271  0.00079000	
0.00400800	0.31224763	0.00667056	 68.83285522 -34.38887405 -47.62568665   0.53567314   2.71358371  -4.02426529	 17.81198120  -1.96216047 -21.51406288  -0.41136882  -0.17884386  -0.38390183	  40.95715011    8.06201845 -118.76968101   -0.08840537    8.78650851   -1.27572299	-14.39033296  -4.87208677 -54.59368284  -1.28903850   0.74780906  -0.05363282	43.15955337	0	0.00000000	0.00000000	0.00000000	 0.32853585 -0.08327533  0.02116729	 0.43795395 -0.95448514  0.88671136	-21.09078714  -3.49667829 -80.27667486 -39.53101277  -6.15035678   3.36160741  47.40711364  24.44722934   6.95242291 -15.75831230  49.30439738  -3.64559655	 0.15102805  0.32338610 -0.18247464  0.93716234 -0.34643415  0.04747669  0.04004744 -0.02613903  0.16210338  0.77637821  0.11767931  0.00094340	
0.00398400	0.32187536	0.00695098	 38.56191254 -23.45904541 -41.18439102   0.08380756   2.14936399  -2.59769773	  9.95201683 -27.69925499 -23.41301346  -2.11723566   1.32680500  -1.74308610	 29.71929935   5.01964599 -94.65820538  -0.26054712   5.48128498  -1.41210705	-11.62720099 -16.95588632 -45.36903004  -1.04433992   0.28689269  -0.22329100	45.18479509	0	0.00000000	0.00000000	0.00000000	 0.31769116 -0.08751945  0.02202787	 0.37415368 -0.96435209  1.01196810	-18.52079135   0.89893607 -75.44938665 -41.69106367  -4.42273629   3.28483424  48.35835982  23.20225391   1.88587593 -15.02648249  44.99376680  -3.38003402	 0.15121213  0.32023376 -0.18370950  0.93648738 -0.34925666  0.04769912  0.04212090 -0.02727417  0.16930543  0.76906109  0.12590145  0.00100476	
0.00400000	0.33182368	0.00711842	 48.59337616 -12.33102703 -47.37818527   0.92564088   1.53075898  -2.20556355	 28.84879494 -12.07509613 -30.29610252  -1.34882724   1.07788599  -2.45026016	 20.53688561  10.15516859 -85.83814805  -0.19074958   4.20668326  -1.10122621	-10.12965663 -20.99404113 -50.53615253  -1.57020701   0.82877386  -0.35655369	46.86190454	0	0.00000000	0.00000000	0.00000000	 0.30423952 -0.08804125  0.02231555	 0.36879260 -1.00015296  1.03828396	-13.26159919   6.41616914 -71.23401894 -43.81805840  -2.99294153   2.66006221  52.45939685  22.41382277  -5.67938162 -17.30981397  38.93534359  -3.48366947	 0.15137319  0.31737289 -0.18493669  0.93568975 -0.35204852  0.04799825  0.04450851 -0.02792612  0.17633872  0.76173633  0.13464513  0.00104311	
0.00398400	0.34194916	0.00721225	 48.31117249 -11.60860157 -49.27320862   1.31670296   1.67425048  -1.84716153	 48.69836426  -7.25852299 -39.62919998  -1.16419303   0.80767906  -2.68640161	 23.01882683  17.29091801 -85.72509142   0.10291417   3.97331129  -0.81350216	-10.76474533 -12.82496977 -69.35188042  -2.47762033   1.52555776  -0.49992309	48.16040674	0	0.00000000	0.00000000	0.00000000	 0.28712185 -0.08535751  0.01149091	 0.36879260 -1.00015296  1.03828396	 -9.66825932  11.12628219 -68.34633853 -47.00929835  -1.28161677   2.01579653  53.32240367  20.20934823 -12.14853346 -18.62834572  32.85149459  -3.48422174	 0.15151893  0.31478047 -0.18637863  0.93480003 -0.35474831  0.04833572  0.04724169 -0.02814087  0.18313426  0.75442696  0.14382601  0.00107379	
0.00400000	0.35218784	0.00727764	 33.80509186 -13.84319019 -49.82732773   0.77549618   2.86960483  -1.95328677	 58.28306961 -16.69047928 -47.44977951  -1.84942424   0.92038226  -4.30371189	 17.36894003  18.11145376 -84.08213283  -0.05506643   3.77816827  -0.94680119	-12.51016263 -14.52168413 -83.58684427  -3.27568888   2.06361910  -0.69422580	48.85545279	0	0.00000000	0.00000000	0.00000000	 0.27097826 -0.08865138 -0.00179984	 0.35845526 -1.04804069  1.10121060	 -6.11397702  15.19786068 -65.08699425 -50.76782743   1.45781533   1.48094108  53.44960224  18.13455416 -17.11944364 -20.34572890  24.14833272  -3.39316467	 0.15167232  0.31247181 -0.18800464  0.93380296 -0.35732540  0.04865019  0.05035187 -0.02804116  0.18958464  0.74718654  0.15324464  0.00107379	
0.00399200	0.36249477	0.00733762	 52.51135254 -13.50257397 -57.83871078   1.29194093   3.09974146  -2.77340221	 90.10998535 -35.10689163 -51.32060623  -2.23006105  -0.90299106  -4.41835499	 16.81178912  16.78420204 -89.13669541  -0.03313045   4.41127856  -0.75416329	  -5.47195490  -23.94185084 -100.42079890   -3.91350884    2.06114067   -1.18452287	49.24833056	0	0.00000000	0.00000000	0.00000000	 0.25568694 -0.09158543 -0.01368195	 0.25140519 -1.07371698  1.08639192	 -1.80643986  19.21912153 -64.41853950 -56.31693021   2.75346015   0.56080171  53.02363979  15.48752534 -23.78413595 -23.86091944  16.59977452  -3.36297594	 0.15190242  0.31044698 -0.18986844  0.93262178 -0.35978743  0.04893398  0.05390187 -0.02761165  0.19529872  0.73990011  0.16273999  0.00107379	
0.00399200	0.37286833	0.00734635	 51.48282242 -18.80106544 -67.43451691   1.49701238   4.16429996  -2.96022654	165.47247314 -44.54429626 -98.40364075  -0.17749934   3.09334183   2.92697167	 19.92366922  19.07867398 -98.36287028  -0.00745711   5.44131749  -0.90872359	  -6.08290204  -39.11324521 -167.95085835   -0.33477881    7.91289775   -1.04163335	48.85499022	0	0.00000000	0.00000000	0.00000000	 0.24328201 -0.08935971 -0.02544546	 0.25140519 -1.07371698  1.08639192	  0.85482719  23.07093858 -63.54526140 -63.07917906   6.08691179  -0.19612805  50.14719339  14.47981596 -27.85234785 -26.13807376   8.52132118  -3.37923615	 0.15223221  0.30875191 -0.19193931  0.93119520 -0.36211911  0.04918708  0.05763251 -0.02693670  0.20105882  0.73249102  0.17212027  0.00108913	
0.00400000	0.38325605	0.00741081	 69.22184753 -27.37884712 -95.00608826   2.09861040   6.90225410  -3.43380022	131.75241089   7.84690619 -66.29296875   2.90689564  -3.44596028   4.36596727	  19.20375320   20.23046076 -114.97644812    0.08658633    7.08697499   -0.64048198	  -6.10310016  -12.93535510 -155.40543369    3.31404409    5.52281575    0.37918450	48.36470406	0	0.00000000	0.00000000	0.00000000	 0.22888700 -0.10412319 -0.03797307	 0.16901434 -1.08759087  1.19445971	  3.66556695  25.52161799 -63.72268943 -69.77633670   9.20957867  -1.25570790  47.79972222  12.30254275 -31.09580901 -28.07313306   1.98158149  -3.74585756	 0.15267707  0.30735600 -0.19429396  0.92944646 -0.36429736  0.04938650  0.06198361 -0.02613903  0.20642775  0.72505885  0.18156959  0.00111981	
0.00399200	0.39371097	0.00730030	  83.88656616  -39.72526550 -117.08811188    3.06808639   10.54962826   -4.36431360	164.88409424 -29.77136803 -82.82687378   0.98280013  -2.64170289   8.64273930	  29.18378597   23.84362618 -143.72416259    0.39439382   10.79675324   -0.13561183	   2.54618865   -9.47931813 -184.14759890    5.04913751    6.37523373    0.43687995	48.63121741	0	0.00000000	0.00000000	0.00000000	 0.21393157 -0.12149510 -0.05193106	 0.11425443 -1.08594891  1.28205196	  9.69878141  29.15653786 -62.72806770 -76.95296348  14.37245798  -1.66660999  48.78025342  12.03498480 -37.61126559 -34.09777089  -9.24630862  -2.51781407	 0.15326765  0.30632055 -0.19685571  0.92736024 -0.36632988  0.04950155  0.06662531 -0.02510359  0.21145153  0.71781850  0.19119532  0.00104311	
0.00399200	0.40404308	0.00713731	  99.71917725  -46.48844528 -147.69190979    3.88236737   12.07094288   -5.26689672	174.59820557 -41.86221313 -99.24704742   0.98661149  -0.73723793   7.23880863	  34.99093223   27.88438531 -172.24508409    0.50894290   14.26346607   -0.12912356	   5.79830170  -31.06314439 -211.43479083    7.07624569    9.39703299    0.80388614	49.15051905	0	0.00000000	0.00000000	0.00000000	 0.20515918 -0.12365879 -0.07255856	 0.11425443 -1.08594891  1.28205196	 14.80361567  30.18957206 -61.99716116 -83.24585124  19.24859012  -1.54717356  49.35497272  10.47216527 -43.88785397 -40.66985958 -20.10669586  -1.44151219	 0.15404999  0.30553824 -0.19953251  0.92491353 -0.36816299  0.04953223  0.07142410 -0.02387641  0.21629892  0.71086955  0.20096678  0.00086670	
0.00400000	0.41419846	0.00694385	 142.03546143  -67.44642639 -202.39480591    5.64349365   18.12923622   -8.38511276	130.84059143 -27.06028938 -36.83601379  -0.15436859  -4.25658274   2.71877599	  51.34921316   40.69160662 -223.18789039    0.25548909   19.42553533   -0.85789663	  14.07496670  -23.53050792 -173.15716612    4.17130807    5.23414757    0.18152959	49.10754241	0	0.00000000	0.00000000	0.00000000	 0.19431409 -0.12715502 -0.08519711	 0.06911311 -1.11175343  1.30661898	 17.74529831  31.19951773 -59.58470470 -88.72519024  23.52562438  -1.00513173  49.20698956   9.94936113 -48.69117346 -46.21371902 -32.06057978  -1.46900096	 0.15523115  0.30510873 -0.20225532  0.92216772 -0.36976600  0.04953223  0.07627785 -0.02235010  0.22110027  0.70461857  0.21073057  0.00072097	
0.00399200	0.42413437	0.00671342	 146.97554016  -60.68031693 -253.52536011    7.38476324   21.33206749   -9.70356560	206.25131226 -48.70234680 -68.18077087  -0.10383056  -3.83317494   5.52112961	  52.20836254   52.31292372 -274.83977703    0.45075151   24.49403570   -0.69004153	  26.09265782  -29.61037773 -196.30610577    4.21155640    6.59985884   -0.05188480	47.94572336	0	0.00000000	0.00000000	0.00000000	 0.18382476 -0.12945771 -0.09203199	 0.06911311 -1.11175343  1.30661898	 19.66961773  31.27854047 -57.80973684 -97.49974015  27.57438862  -0.69971956  50.02170110   8.73632798 -58.72660630 -48.70821451 -42.07418421  -1.79543210	 0.15691853  0.30496299 -0.20507784  0.91920710 -0.37109289  0.04948621  0.08104522 -0.02029456  0.22605503  0.69851333  0.22008784  0.00065961	
0.00399200	0.43381420	0.00653238	 185.71441650  -81.37010193 -298.23712158    9.96424294   29.44282341   -9.94267941	 281.69909668  -39.75927353 -102.58869171    1.41300833   -7.46585608   10.86793137	  55.65277028   61.78503881 -326.49444291    1.05353797   31.34108307    0.70679425	  36.98181098  -30.89001857 -271.39393480    7.83359010    9.87576430    0.86358115	46.55148684	0	0.00000000	0.00000000	0.00000000	 0.17372098 -0.13236774 -0.09925727	 0.06911311 -1.11175343  1.30661898	  19.03786733   30.73063673  -53.45908309 -103.46365632   30.44867097   -0.29135450   51.92360559    7.37670373  -65.23431194  -46.21250356  -46.68841476   -2.49192061	 0.15917349  0.30495530 -0.20801543  0.91610849 -0.37222803  0.04941718  0.08562409 -0.01781718  0.23137794  0.69317508  0.22846338  0.00069029	
0.00399200	0.44329283	0.00626776	 195.18666077  -90.30751801 -329.93804932   11.69817162   34.57870102  -10.56756210	 301.75735474  -34.88312149 -104.52634430    2.08864427   -8.25897312   10.98869038	  68.57379863   75.29005383 -376.60530867    1.38440577   38.33440079    1.73514342	  40.21234219  -22.17174839 -323.57603462    9.53148993   11.81325942    1.31629783	45.11676272	0	0.00000000	0.00000000	0.00000000	 0.14209210 -0.12726384 -0.10525144	 0.14424767 -0.71626343  1.11141177	  17.69357908   30.42960553  -51.22922537 -111.05711110   33.00484288   -0.46481826   55.31675526    4.20386583  -74.68553599  -42.05315929  -49.62599330   -3.09410001	 0.16191164  0.30496299 -0.21109872  0.91278744 -0.37307939  0.04930213  0.08997519 -0.01494864  0.23687726  0.68867284  0.23689261  0.00079767	
0.00400800	0.45248622	0.00598592	 199.23841858  -93.92015839 -369.11352539   13.28468132   39.76271439   -9.36965561	274.75677490 -40.76267242 -86.60551453   0.73834586  -9.47283077   9.10197926	  67.20259793   85.76596913 -412.82569905    1.80862527   43.15769645    3.48046660	  42.81299735  -23.02915745 -323.99182012    9.74705070   10.57564134    1.63942300	41.47221761	0	0.00000000	0.00000000	0.00000000	 0.11095022 -0.12924626 -0.11339475	 0.13098915 -0.62759403  0.99003318	  11.45525851   29.74628749  -52.65870549 -120.87940671   36.27214748   -0.40104734   55.70823544    2.50831145  -82.41963420  -37.91137951  -52.80260323   -3.01071276	 0.16508698  0.30496299 -0.21437377  0.90913653 -0.37381572  0.04913339  0.09414566 -0.01181932  0.24234590  0.68507570  0.24502270  0.00085903	
0.00397600	0.46134859	0.00582453	 218.41656494  -93.17584229 -383.67239380   15.25240231   41.35367203   -9.92208481	206.16120911 -49.32727051 -64.77136230  -0.60620159  -7.25431681   6.56608295	  73.96731437   95.89391855 -438.30184411    2.53536365   47.21451802    4.48592985	  39.08598660  -34.25595161 -280.74652796    7.91095544    8.42449537    1.03731452	43.26119985	0	0.00000000	0.00000000	0.00000000	 0.08587328 -0.14230131 -0.10226670	 0.04373211 -0.65511868  0.97750617	   5.00520732   29.86387642  -53.66709349 -131.50359685   39.90414950   -0.50552753   56.76577055    0.40914417  -90.79184039  -33.64217987  -54.73145040   -3.08471209	 0.16859980  0.30496299 -0.21782523  0.90502548 -0.37441397  0.04888796  0.09821402 -0.00847524  0.24753076  0.68224549  0.25285366  0.00090505	
0.00400800	0.47004935	0.00573721	 221.26159668  -97.86288452 -394.82339478   15.37580395   42.38144302   -8.86361790	150.04837036 -35.76056671 -53.99952698  -0.25009897  -3.96582985   5.71561718	  81.64409018  103.80480222 -458.60582175    2.74830609   49.32644423    5.92112047	  26.30610842  -29.72837453 -213.07314824    6.28240135    6.60691885    0.94117344	45.66424962	0	0.00000000	0.00000000	0.00000000	 0.07103953 -0.16140339 -0.10118495	 0.00080921 -0.59897148  1.01809067	   1.72158704   32.22504818  -54.11669618 -141.55501083   43.92531416    0.08350784   58.03541013   -1.44152541  -96.64152765  -32.94489470  -60.89964884   -3.54183826	 0.17232737  0.30508572 -0.22149144  0.90038520 -0.37482047  0.04853514  0.10224311 -0.00495476  0.25224009  0.68002886  0.26033184  0.00098942	
0.00400000	0.47864866	0.00576744	 242.85652161  -98.63864899 -419.44668579   16.38224411   42.70661926   -8.08441830	119.49649048 -22.72766113 -45.68450546   0.56797016  -2.38758230   4.80189085	  93.23365582  114.79925607 -479.33681986    3.07194203   50.69272608    6.96202926	  14.22429438  -19.68645074 -171.54550182    4.61033098    6.44352002    0.38738202	48.31267245	0	0.00000000	0.00000000	0.00000000	 0.05808653 -0.17847970 -0.10144149	 0.06565328 -0.53159113  0.97553096	   1.44157409   34.52272713  -53.38025148 -148.49680888   47.78180721    0.84419584   60.64241616   -3.09062277 -103.22028791  -31.45188302  -63.97053968   -3.44341817	 0.17623901  0.30540785 -0.22535707  0.89517730 -0.37503523  0.04806728  0.10628006 -0.00135757  0.25635880  0.67821878  0.26728076  0.00102777	
0.00397600	0.48726821	0.00581240	 259.58038330 -104.28380585 -437.74337769   17.33587646   43.89320755   -7.74701452	159.43727112 -37.40592194 -53.76012421  -0.28107598  -4.92810011   5.36535358	 106.48782135  125.10861640 -497.01201041    3.61713688   52.13575170    8.06634866	  18.91346246  -18.88827697 -175.06251317    4.60022783    5.85068518    0.48034514	50.79846170	0	0.00000000	0.00000000	0.00000000	 0.04265179 -0.17880512 -0.10279518	 0.06565328 -0.53159113  0.97553096	  -0.67118429   37.52344095  -53.39516311 -153.53715936   52.04202711    1.50632550   59.12970289   -5.78143052 -106.56617776  -30.89954632  -65.67613196   -3.27560071	 0.18034242  0.30606747 -0.22927639  0.88944787 -0.37505823  0.04751505  0.11045837  0.00225495  0.25983328  0.67663878  0.27355474  0.00103544	
0.00401600	0.49595994	0.00591585	 271.52963257 -107.97311401 -465.94137573   18.67506981   45.81288528   -7.24620485	153.85334778 -35.14053726 -39.57421875  -0.42671669  -6.38208866   3.91167331	 118.21783402  139.33340635 -525.19576076    4.04812802   54.45171536    9.33735770	  27.97967940  -20.62085019 -181.62948290    4.24713855    4.77020380    0.32636965	53.81440303	0	0.00000000	0.00000000	0.00000000	 0.01697174 -0.17922064 -0.10870547	 0.14196565 -0.52079134  0.88896074	  -1.23400359   41.31145049  -49.64281473 -154.49879362   57.01660385    2.95785013   56.41512903  -10.09077744 -110.01322141  -27.79760228  -64.66620202   -3.19104769	 0.18464524  0.30714890 -0.23301163  0.88377982 -0.37482813  0.04686311  0.11488802  0.00578311  0.26255611  0.67528123  0.27906939  0.00102777	
0.00397600	0.50474447	0.00596378	 299.26361084 -117.71725464 -518.50219727   22.03658485   50.70811844   -5.87296915	206.52490234 -32.68538284 -71.54438019   0.85499704  -6.25779676   7.14648247	 130.78159524  156.62587677 -565.93833366    5.13621929   58.50135601   11.57424902	  24.26072159  -17.97517909 -213.11476152    5.07513675    6.26946972    0.47730344	56.19852223	0	0.00000000	0.00000000	0.00000000	-0.01345387 -0.18267201 -0.11556796	 0.17540925 -0.59580466  0.92081769	  -2.44139851   44.88620890  -51.60082740 -158.93566577   60.55506900    4.37935137   49.00181209  -13.58647934 -117.30369709  -29.65957375  -66.29293370   -3.18883876	 0.18908611  0.30870590 -0.23630202  0.87763625 -0.37432191  0.04611912  0.11961611  0.00921155  0.26446590  0.67433012  0.28388610  0.00102777	
0.00399200	0.51359111	0.00599834	 291.11666870  -98.83444214 -540.40344238   25.15216637   54.60714722   -4.73481226	259.04388428 -31.41624069 -83.26564026   1.49314141  -7.63442612   8.42795563	 128.26266694  174.69450058 -590.72342846    6.14039776   62.02501437   13.52983385	  25.21579338  -12.33009917 -260.82802681    6.69346957    8.44415817    0.82701699	58.58872101	0	0.00000000	0.00000000	0.00000000	-0.04879138 -0.20013483 -0.11769114	 0.20842243 -0.48407250  0.94742675	  -1.13939897   48.16439373  -49.11425963 -158.82694912   64.19860004    6.38143928   43.96933169  -17.23414104 -125.02514947  -28.21767206  -64.74141156   -3.10385621	 0.19368805  0.31083813 -0.23886377  0.87152332 -0.37356260  0.04526776  0.12458768  0.01249427  0.26558572  0.67398500  0.28806618  0.00101243	
0.00399200	0.52247620	0.00595580	 291.02938843  -90.42078400 -555.78521729   27.76176834   57.21583939   -3.96800852	266.47149658 -45.89648056 -89.00547028   0.67659336  -7.90884352   7.42898369	 120.62747170  195.07553163 -604.57218779    6.75401870   65.34037574   15.23987738	  29.32566538  -18.64064133 -293.31234487    6.53971275    9.77954712    0.42444333	60.83243650	0	0.00000000	0.00000000	0.00000000	-0.07597761 -0.22645806 -0.11259810	 0.11658864 -0.39573420  1.11208313	  -0.51751870   49.93654633  -50.56430429 -160.89366607   66.60398810    8.43956135   38.86950320  -18.76832883 -133.62589602  -27.82371559  -64.15220894   -2.71796802	 0.19847406  0.31366065 -0.24121076  0.86520332 -0.37259617  0.04421699  0.12966135  0.01562359  0.26589251  0.67420745  0.29164803  0.00097408	
0.00399200	0.53131396	0.00594132	 275.23281860 -100.79481506 -573.20056152   28.32221794   60.11448288   -4.03065157	258.08050537 -55.48809433 -78.73301697  -0.41788310  -8.21319771   5.98824978	 108.19979289  198.71150696 -615.54443058    6.98871583   67.30053919   16.15019542	  36.04941504  -27.15825520 -292.50149881    6.03800131    9.47607005    0.39529176	62.02935022	0	0.00000000	0.00000000	0.00000000	-0.09841095 -0.25384630 -0.10339240	 0.08077799 -0.36213106  1.14160417	   3.48667160   51.24852584  -48.00451861 -157.41413688   68.09821225   11.05995882   39.16067250  -20.68907129 -142.37291269  -26.41511102  -63.03768612   -2.84148408	 0.20344415  0.31716579 -0.24341202  0.85842311 -0.37145337  0.04293611  0.13471146  0.01859951  0.26555502  0.67497444  0.29469299  0.00095874	
0.00400000	0.54014009	0.00598374	 290.54968262 -109.22585297 -599.75659180   28.64636230   60.46842575   -5.11845398	265.36212158 -51.12244034 -73.50906372  -0.06249994  -9.17255306   8.39679432	 111.65500304  199.70922452 -636.34313619    7.26273128   68.69348533   16.43980463	  39.09428245  -26.06242537 -296.10618398    6.63266020    9.54043456    0.50991942	63.30954291	0	0.00000000	0.00000000	0.00000000	-0.11846195 -0.27807392 -0.08856836	 0.08077799 -0.36213106  1.14160417	   2.65295252   52.36268441  -46.96569524 -156.60995287   69.12948959   13.62639141   37.07793116  -21.72459673 -148.07049257  -26.49762042  -62.80568754   -3.54478355	 0.20851396  0.32123852 -0.24571300  0.85096031 -0.37018016  0.04147883  0.13924322  0.02142204  0.26482639  0.67632431  0.29725474  0.00101243	
0.00400000	0.54901338	0.00609660	 299.06469727  -92.00048828 -612.34973145   30.82633209   60.88038635   -4.26956224	282.13549805 -46.35113907 -82.29120636   0.64548135  -8.83308125   8.47364807	 115.60229032  220.11715607 -652.82086668    6.83484157   69.79168471   17.26516521	  41.50039482  -19.42693984 -310.12254807    7.04176289   10.63287339    0.77727637	64.82505595	0	0.00000000	0.00000000	0.00000000	-0.14397568 -0.28203875 -0.07922014	 0.03668340 -0.27281282  1.08794022	   2.76325465   54.78949688  -43.57678800 -150.14856156   70.25359695   17.10720686   37.19283434  -23.32561423 -152.83364149  -26.09320243  -64.23485237   -3.84090292	 0.21365280  0.32572541 -0.24825940  0.84292996 -0.36875355  0.03993718  0.14378281  0.02398378  0.26394436  0.67823410  0.29937163  0.00108913	
0.00398400	0.55800325	0.00619612	 302.20227051  -76.98346710 -632.61041260   32.81571960   62.46557999   -2.50388741	260.83792114 -49.12302017 -74.65892792   0.29173914  -8.91533756   6.89442873	 114.82014327  243.92874890 -663.63590364    7.01409675   70.73365992   18.74153087	  41.88561461  -18.64262240 -306.82455943    6.59231590    9.93745864    0.46274189	65.90205349	0	0.00000000	0.00000000	0.00000000	-0.16775570 -0.27491806 -0.07068689	 0.05315709 -0.18083533  0.98652952	   0.12061006   58.65404672  -44.06039087 -145.06644015   70.97531708   20.87190896   35.42268778  -24.38463675 -157.31726614  -25.62463135  -67.12135914   -3.85661098	 0.21889134  0.33017397 -0.25100523  0.83455443 -0.36717355  0.03842621  0.14796898  0.02668359  0.26286289  0.68071151  0.30106667  0.00114282	
0.00400000	0.56711257	0.00639279	 301.73010254  -67.81188965 -637.43280029   34.40868378   63.64750290   -0.24685365	243.44229126 -47.89346695 -68.10758209  -0.01810115  -7.39175558   6.47799206	 111.84651233  261.38974175 -664.39990144    7.24324364   71.50428463   20.83033440	  41.27565408  -19.06365820 -285.23197037    5.87258776    9.35596612    0.46730072	67.26602459	0	0.00000000	0.00000000	0.00000000	-0.18902164 -0.26846012 -0.05881408	-0.01096222 -0.12374354  0.82652139	  -3.28509727   63.92292878  -41.88296166 -137.07307808   72.33431362   24.51908972   34.25352059  -25.30012793 -159.95332446  -26.02213961  -69.90488407   -3.75671822	 0.22427562  0.33501366 -0.25388911  0.82594877 -0.36541715  0.03673883  0.15183315  0.02936806  0.26148230  0.68370277  0.30232453  0.00117350	
0.00400000	0.57644045	0.00667309	 299.33929443  -59.71386337 -640.01910400   35.62845993   63.93007660    0.91932356	236.05056763 -48.56057739 -68.69065857   0.01429209  -7.58726120   6.93442488	 108.69090766  277.21934815 -664.36456380    7.54401414   71.84556415   22.72712715	  38.54183142  -20.42537537 -274.85368191    5.93265962    9.16632081    0.53445098	69.23155812	0	0.00000000	0.00000000	0.00000000	-0.20667853 -0.27620538 -0.04864260	-0.03569877 -0.05954419  0.74707013	  -8.33658298   70.84243534  -43.19995180 -132.72383801   71.71668364   28.03594008   31.96481562  -26.58614768 -164.68791637  -28.93327699  -75.12311711   -3.85986313	 0.22977494  0.33989173 -0.25684202  0.81720507 -0.36350736  0.03504378  0.15524963  0.03205252  0.25967222  0.68714654  0.30307618  0.00119650	
0.00400000	0.58607990	0.00697205	 300.06781006  -47.18172836 -646.98986816   37.48618317   64.25805664    1.78426039	197.14872742 -50.22417450 -71.03201294  -0.40321043  -5.96970606   4.55173826	 102.81148966  292.72676617 -663.82391620    7.80841259   71.91982201   23.84795863	  31.92154479  -23.69148627 -249.28614589    4.92131854    7.73924050    0.17729435	70.80046910	0	0.00000000	0.00000000	0.00000000	-0.22372574 -0.29407453 -0.03593637	-0.07452212  0.04481259  0.78062950	 -12.42336314   80.29368152  -40.19485983 -124.11387435   72.55786355   31.48400994   33.37657162  -28.47559981 -167.61891523  -28.60862761  -78.58234360   -3.95760842	 0.23536630  0.34485415 -0.25981793  0.80852276 -0.36144415  0.03327971  0.15816344  0.03474466  0.25726387  0.69100451  0.30329862  0.00121951	
0.00398400	0.59604275	0.00722343	 289.65066528  -42.97366333 -647.62298584   38.09207916   64.32553864    3.13383937	187.99165344 -43.30352783 -62.74255753  -0.15600081  -5.17191362   5.05220366	 100.46222941  300.88144901 -662.42990774    8.21398361   71.83905668   25.21192983	  26.27226370  -24.75400839 -228.12547655    4.43519398    7.31837838    0.17275317	71.60742797	0	0.00000000	0.00000000	0.00000000	-0.24921310 -0.31690650 -0.02638579	-0.10441281  0.07552344  0.78229365	 -17.34592693   89.21765348  -36.26122206 -117.90563114   72.22607090   35.48917961   37.20084627  -31.02631766 -171.54235799  -25.70198186  -81.06926051   -4.13732926	 0.24102668  0.35007736 -0.26277086  0.79996312 -0.35923523  0.03150796  0.16055891  0.03749048  0.25400415  0.69521528  0.30299950  0.00125786	
0.00399200	0.60628939	0.00744654	 283.82971191  -38.22195053 -644.82434082   38.76187134   64.75172424    4.61261225	207.03897095 -50.26278305 -67.22547150  -0.26932737  -6.28983307   5.86487913	  92.90053616  305.70684078 -654.27244347    8.31663779   71.38873194   26.79695110	  28.47901829  -26.25027840 -238.50564739    4.86906663    8.01081330    0.22549683	71.57446702	0	0.00000000	0.00000000	0.00000000	-0.26996470 -0.33456352 -0.02572132	-0.18345575  0.16992351  0.74434411	 -21.22569286   95.03241757  -30.52929084 -109.75889641   70.55056785   38.76808533   41.30881999  -33.61072328 -172.73012829  -23.55350619  -81.63086182   -4.50781634	 0.24668707  0.35563037 -0.26555502  0.79142654 -0.35706463  0.02985893  0.16244386  0.04027466  0.24978571  0.69973284  0.30209443  0.00131922	
0.00400800	0.61679292	0.00767231	 265.42419434   -9.58410263 -637.48315430   40.24078369   63.55741501    6.73927212	206.70921326 -42.46333313 -65.62165833  -0.13242747  -6.70541954   4.89180851	  75.73888543  317.03253170 -639.73513523    8.62842121   69.63653538   27.88288441	  28.09322641  -22.46264975 -244.19960985    4.61239589    7.68909464    0.20449273	71.99417479	0	0.00000000	0.00000000	0.00000000	-0.28579776 -0.35219580 -0.02885240	-0.17075327  0.23976316  0.79819485	 -26.98146632   98.78307233  -25.46639265 -101.99340025   70.35473592   41.65794436   43.41522380  -36.15456170 -172.49371398  -22.71921864  -83.19896990   -4.91530306	 0.25187960  0.36145949 -0.26812443  0.78273654 -0.35463327  0.02833262  0.16389686  0.04305116  0.24442445  0.70458794  0.30065250  0.00140359	
0.00399200	0.62753850	0.00799890	 253.31861877    5.59241772 -622.50579834   40.82798386   61.57788467    7.62540722	245.00247192 -45.46075439 -85.15496063   0.33983284  -6.80022621   6.81469631	  61.89480740  326.78081486 -621.25989876    8.91417060   67.70512677   28.42323292	  26.21249783  -19.74700026 -258.19627938    4.53593733    8.48138373    0.24032408	72.62650495	0	0.00000000	0.00000000	0.00000000	-0.30678498 -0.37014298 -0.01956247	-0.16822872  0.30319409  0.81177317	 -28.15306668   99.82900661  -21.31390721  -93.78877219   69.44723107   44.73082266   47.27620558  -39.24965326 -171.90018469  -24.67144333  -85.69185887   -5.37574246	 0.25721785  0.36758006 -0.27046376  0.77403122 -0.35213289  0.02694437  0.16505924  0.04573563  0.23794338  0.70988780  0.29872736  0.00150330	
0.00399200	0.63864702	0.00826791	 236.85876465   10.15471363 -614.44244385   40.32827759   60.55034256    7.67741823	295.03338623 -50.55429459 -95.39637756   0.72634190  -7.88738203   8.63804531	  45.70333582  325.95337320 -602.08814354    8.82411009   65.28124897   28.20449461	  32.49883187  -17.21223140 -311.37507058    5.80102460   11.43768077    0.58695532	73.64442091	0	0.00000000	0.00000000	0.00000000	-0.32647949 -0.38640043 -0.01810978	-0.24822348  0.38139809  0.77389246	 -29.65117912  101.94323430  -20.15075440  -87.21851771   68.18964419   48.11936277   48.42564603  -42.81243961 -172.40348040  -28.11047490  -89.73565197   -5.42446187	 0.26230299  0.37417617 -0.27264202  0.76538724 -0.34954047  0.02575553  0.16600172  0.04828203  0.23055726  0.71567857  0.29632667  0.00158767	
0.00398400	0.65005010	0.00862449	 217.13031006   11.54830456 -602.92541504   40.41830826   60.66139603    7.87565231	277.26986694 -57.91632462 -76.04280090  -0.18316829 -10.31731606   6.73441076	  31.49345899  318.60762169 -585.69724870    8.73883261   63.74976623   27.92284041	  44.98746688  -16.19288459 -323.44509841    6.12368172   10.54952900    0.50124059	75.07179690	0	0.00000000	0.00000000	0.00000000	-0.34224264 -0.40319420 -0.01796127	-0.26497349  0.45503141  0.78189618	 -30.03615142  102.82752197  -18.58930765  -79.69885203   65.88245714   50.94279979   48.63256760  -45.49462205 -170.95660712  -33.71831264  -93.82577818   -5.32904798	 0.26711202  0.38110977 -0.27474356  0.75679696 -0.34691736  0.02480446  0.16676356  0.05062903  0.22256522  0.72157675  0.29355016  0.00161835	
0.00400000	0.66185838	0.00896549	 215.04798889   32.43010330 -618.78472900   42.98371506   63.07439423    9.40502644	268.74444580 -61.99853516 -76.20008850  -0.78133959  -6.94803238   7.01114893	  19.49146129  331.95605357 -582.29650658    8.95695404   64.06606009   29.21096065	  46.56492928  -22.06226795 -310.52419993    5.36908438   10.81350310    0.58758685	77.50315933	0	0.00000000	0.00000000	0.00000000	-0.35109162 -0.42297289 -0.00552333	-0.26497349  0.45503141  0.78189618	 -31.39234931  105.13853796  -17.88653074  -73.24215771   63.19193338   54.63622362   48.24709183  -47.46156071 -169.54576859  -37.47909632  -96.87954241   -5.24437230	 0.27162191  0.38818911 -0.27691415  0.74820662 -0.34430960  0.02409116  0.16734475  0.05269223  0.21426639  0.72842598  0.29039785  0.00164136	
0.00400000	0.67404562	0.00923752	 209.18919373   45.78408432 -633.29797363   45.61839676   65.36985016    9.27256107	302.41186523 -57.56193542 -83.99597931   0.40207493  -9.37813377   8.17895603	   0.95306415  351.32042278 -587.83114769    9.07720740   65.70312736   30.27427155	  50.66499533  -19.16996060 -323.07006971    5.97900511   11.69904712    0.75800156	79.62438895	0	0.00000000	0.00000000	0.00000000	-0.36657388 -0.43141179 -0.00067302	-0.31300272  0.63906325  0.65602662	 -31.47780365  107.56657097  -17.26274833  -66.88544740   61.74044222   59.07719707   48.03576167  -48.29139632 -168.42720800  -42.28955191 -101.18004955   -5.64099837	 0.27574065  0.39527610 -0.27917677  0.73978508 -0.34175551  0.02356961  0.16775316  0.05445631  0.20592920  0.73572004  0.28677765  0.00168738	
0.00398400	0.68652636	0.00952895	 177.75793457   37.09408188 -630.15026855   44.59057236   66.32504272    7.22334623	264.91021729 -37.83644104 -64.11057281  -0.33307022 -10.99407482   6.01786184	 -17.37947100  347.54834283 -586.83284626    8.79917960   66.21258290   29.83276508	  51.16115584   -6.68818467 -302.75018504    5.57274639    9.13497660    0.82577859	80.53631735	0	0.00000000	0.00000000	0.00000000	-0.38102239 -0.43942190 -0.00201835	-0.38247924  0.69006967  0.59380495	 -34.52744375  110.32384258  -16.08440771  -59.89346403   62.40066496   63.28113867   45.69396657  -47.34682038 -166.94505266  -45.13708638 -104.20149271   -5.52085708	 0.27941453  0.40228638 -0.28159279  0.73144794 -0.33933181  0.02323213  0.16798092  0.05592893  0.19766872  0.74335158  0.28265890  0.00171039	
0.00399200	0.69933540	0.00980172	 154.86907959   26.06930161 -608.38684082   42.66247559   65.25833893    6.77906752	336.56311035 -68.35036469 -91.25791931  -0.28510833 -12.86815453  10.78086948	 -27.54987316  328.41908409 -576.38584045    8.50396971   65.14042569   29.28779191	  56.04140319  -12.97120596 -345.04333394    7.03612942   11.08487077    1.51667940	82.20847798	0	0.00000000	0.00000000	0.00000000	-0.39656394 -0.44972519  0.00636952	-0.41431145  0.73969826  0.53472883	 -34.74596169  114.28910465  -16.12857802  -52.96920685   61.48001919   66.77923263   43.43729711  -45.95275110 -166.36652840  -48.24209820 -106.70508719   -5.41703728	 0.28258222  0.40928134 -0.28419289  0.72298801 -0.33707687  0.02315544  0.16807517  0.05710242  0.18940824  0.75125927  0.27806464  0.00171039	
0.00400000	0.71245205	0.01000000	 146.48202515   37.30546570 -592.17504883   42.43112564   63.82458115    6.77763414	287.72180176 -42.55884933 -63.57508850  -0.03806168 -11.20588112   6.90159798	 -39.22608830  317.52956780 -555.39812010    8.20930484   63.10000536   28.52056822	  61.21090470   -3.77961641 -327.54922662    6.36664525    9.43283678    1.24097030	83.39106390	0	0.00000000	0.00000000	0.00000000	-0.41039976 -0.46316564  0.00418745	-0.43576537  0.83619553  0.36889005	 -35.38763206  116.53820620  -15.36202894  -46.36936017   62.45814331   70.09793024   41.30044970  -44.29146791 -164.88614563  -49.82573343 -107.28505538   -5.39697282	 0.28518999  0.41632998 -0.28696173  0.71432871 -0.33499834  0.02337019  0.16803591  0.05800747  0.18098669  0.75957346  0.27301785  0.00171039	
0.00399200	0.72578466	0.01000000	 135.62255859   61.11875534 -550.81860352   41.38273621   59.69197464    7.29955578	227.30715942 -71.72804260 -93.73736572  -1.52844167  -5.28112173   8.18269539	 -49.36591236  319.30285060 -518.66049865    7.85199873   59.91291717   27.68037283	  37.26817098  -32.98368402 -293.36019293    5.90447139   10.99358086    1.06014214	84.07404580	0	0.00000000	0.00000000	0.00000000	-0.41976262 -0.48371777 -0.00318354	-0.46455474  0.84095794  0.41616170	 -36.66882593  116.57990519  -14.82709098  -41.09356791   63.96549466   72.41988007   36.99089926  -42.27430492 -161.58559145  -51.63198782 -107.02106111   -5.38979379	 0.28724551  0.42334026 -0.28990698  0.70557731 -0.33307317  0.02367699  0.16789453  0.05865941  0.17231202  0.76829410  0.26741114  0.00171039	
0.00400000	0.73912168	0.01000000	 113.43728638   53.50096130 -509.54000854   38.00024796   55.14217758    6.02595139	250.60729980 -49.05666733 -78.66981506   0.85375720  -8.25282478   5.47858286	 -55.02279396  303.42637382 -481.13109043    7.54552524   55.63364749   26.27455330	  38.31035156  -25.42587069 -276.72772606    5.72638629    9.39769724    0.57692373	84.44868265	0	0.00000000	0.00000000	0.00000000	-0.42971254 -0.49870903  0.00018873	-0.45303711  0.88168843  0.39820913	 -34.57454875  115.93058494  -13.34449776  -37.10697863   65.55541982   74.49802080   35.47110359  -41.01720880 -159.07679741  -51.50026378 -105.00081455   -5.76715302	 0.28885618  0.43025851 -0.29294425  0.69692570 -0.33124006  0.02399912  0.16762750  0.05916563  0.16334590  0.77733696  0.26117551  0.00174107	
0.00399200	0.75245428	0.01000000	 106.11980438   36.21407700 -488.16619873   35.31133652   52.87445831    4.87371349	263.82727051 -65.45591736 -89.03663635  -1.00602710  -6.90769196   8.56550884	 -51.37394381  276.89099468 -455.22031629    6.99797747   51.87370145   24.21362198	  41.59392523  -29.91487102 -297.45031481    6.25859997   11.00581666    1.04584150	85.77786187	0	0.00000000	0.00000000	0.00000000	-0.43209655 -0.51282013 -0.00399787	-0.50156696  0.93098464  0.32523648	 -33.98903386  113.01890811  -12.55333421  -33.63762219   65.62114460   76.38793921   32.93354810  -39.67109332 -155.76769659  -55.25108823 -104.18235919   -5.60639191	 0.29010639  0.43736085 -0.29595086  0.68841207 -0.32945299  0.02447466  0.16718768  0.05956446  0.15424174  0.78641045  0.25435698  0.00174874	
0.00399200	0.76578689	0.01000000	 104.92696381   51.67620850 -460.02487183   33.73796082   48.10929489    5.93693972	216.03471375 -50.84412003 -73.80889130   0.26257235  -5.98480129   4.00087881	 -49.52010066  270.01964105 -427.57297415    6.84996479   47.90559574   22.94711780	  35.18426966  -28.89302994 -267.41824595    4.64525923    9.36129851    0.18016459	86.38488158	0	0.00000000	0.00000000	0.00000000	-0.43324725 -0.52459982 -0.00833926	-0.47669613  0.94414965  0.28343848	 -34.22107625  106.90251218   -9.18169183  -27.68218996   67.77294806   77.45095334   29.72001424  -38.53133605 -150.55006089  -56.43853964 -102.22406130   -5.56908552	 0.29098842  0.44453219 -0.29885009  0.68074220 -0.32760453  0.02527233  0.16661434  0.05993262  0.14502251  0.79537654  0.24701688  0.00176408	
0.00400800	0.77912837	0.00981077	  90.98368835   63.39821243 -409.22360229   31.39676094   43.17115402    6.21742678	194.68684387 -56.04959106 -71.72739410  -0.98571807  -6.31007433   5.52138281	 -50.63581524  264.34989705 -389.01378650    6.56026079   43.57013067   21.95587781	  34.20871290  -29.42981580 -245.95787964    4.59027825    7.87196177    0.34442089	86.06816345	0	0.00000000	0.00000000	0.00000000	-0.44461683 -0.54064578 -0.00934952	-0.45042413  1.01814594  0.27848843	 -34.34421676   97.82653278   -6.87700588  -25.39098079   67.56604184   75.99910631   27.38823759  -36.06480891 -144.61374441  -59.06435924  -98.85583110   -5.59896747	 0.29153299  0.45172656 -0.30148086  0.67290354 -0.32565638  0.02655320  0.16586035  0.06032378  0.13585699  0.80412024  0.23914756  0.00176408	
0.00397600	0.79224175	0.00936565	  75.54307556   46.90745926 -365.58227539   27.91493034   38.78233719    4.36677265	 276.99725342  -62.68330002 -111.09214783    0.56068933   -4.44163942    7.54553986	 -50.40994854  235.36449572 -344.93990990    6.15146728   38.61956147   19.18288372	  33.29797480  -32.84546848 -293.84483702    4.92944980   11.78242990    0.30166279	86.00548656	0	0.00000000	0.00000000	0.00000000	-0.45135863 -0.55202273 -0.02142481	-0.47275057  0.99502146  0.29861713	 -32.83969742   86.01579753   -3.73480960  -23.74956649   66.59290347   73.53413953   27.08504519  -33.49919043 -137.92978781  -59.87479170  -94.41727222   -5.57117175	 0.29177076  0.45892093 -0.30362076  0.66534102 -0.32348579  0.02833262  0.16491787  0.06079165  0.12677582  0.81263381  0.23077969  0.00176408	
0.00400000	0.80487376	0.00887010	  56.29242706   36.99444962 -322.76428223   24.33478737   34.79845047    2.64591956	247.14218140 -47.66730881 -88.98090363   0.44344226  -7.35827780   8.62992764	 -48.43398888  202.05948503 -309.09712688    5.43137130   34.22700040   16.53246149	  36.95054703  -26.38287866 -304.47367451    6.65853710   11.71281614    1.00898143	85.55193290	0	0.00000000	0.00000000	0.00000000	-0.45630293 -0.56188785 -0.02760167	-0.50101284  1.03932425  0.29634376	 -30.36260631   72.11262810   -1.18135824  -24.09417880   62.76983001   68.99981829   27.38476497  -29.34640170 -128.77520759  -61.50967480  -89.60370042   -5.56270417	 0.29179376  0.46608463 -0.30555356  0.65774012 -0.32107747  0.03065660  0.16377120  0.06134388  0.11757960  0.82110137  0.22193630  0.00176408	
0.00400000	0.81695503	0.00839592	  60.01489258   41.60062027 -333.08682251   25.35482216   35.73812866    2.94360232	186.69519043 -58.00304031 -83.81881714  -0.58736455  -3.70309019   3.68177533	 -50.39738266  195.78729192 -297.06840536    5.47035607   32.97896003   15.89298173	  33.26071817  -32.80981692 -258.13899787    4.98186636    9.29615770    0.26118156	85.24224994	0	0.00000000	0.00000000	0.00000000	-0.46045329 -0.57061623 -0.03777092	-0.51407631  1.03710968  0.31125045	 -25.83852512   58.48350133   -0.53089288  -24.13390925   59.28740249   63.64065945   28.88179833  -26.55529309 -119.61426087  -63.61555974  -84.72182134   -5.53300630	 0.29166338  0.47327900 -0.30718726  0.65003955 -0.31840834  0.03358650  0.16239674  0.06200349  0.10875922  0.82956898  0.21261737  0.00175641	
0.00400000	0.82850921	0.00796605	  49.24017334   45.71147537 -337.94125366   26.10210228   37.54220581    2.42996264	 251.53942871  -77.24793243 -103.66700745   -0.61216211   -4.64021206    6.81763792	 -59.38375288  202.56448854 -294.24801836    5.50738813   33.31423477   16.45179768	  34.18113747  -46.61403283 -275.11995966    3.82930401   11.44093964   -0.05870757	84.42623366	0	0.00000000	0.00000000	0.00000000	-0.46438410 -0.57964916 -0.04613561	-0.51407631  1.03710968  0.31125045	 -22.09570007   46.81334111   -0.99545118  -24.96273345   55.02060577   57.41492261   30.04027400  -24.34228724 -109.63669610  -66.42739283  -80.11222567   -5.52048901	 0.29137191  0.48044267 -0.30860618  0.64228529 -0.31558579  0.03692291  0.16095161  0.06282417  0.09914882  0.83809024  0.20283057  0.00175641	
0.00398400	0.83957684	0.00741385	  41.25534439   15.25677681 -334.16174316   23.56137085   37.40676880    0.65263152	234.38407898 -31.73343086 -74.69522858   1.42149472  -8.33972073   6.89147806	 -59.50075273  190.94256954 -300.25312792    5.56750495   33.57761644   16.25154827	  42.38330984  -22.19071401 -276.03287333    5.61929518    9.98719993    0.78044804	84.40142652	0	0.00000000	0.00000000	0.00000000	-0.46913117 -0.58703833 -0.05592532	-0.55747273  1.05105563  0.33676862	 -18.67098590   36.39747537   -2.06863140  -24.29730944   51.92261957   51.75215978   31.82298860  -22.40743443 -100.27976634  -72.31969581  -75.95824124   -6.06020442	 0.29088104  0.48732260 -0.30989474  0.63456935 -0.31267890  0.04045874  0.15931799  0.06374456  0.08951543  0.84645045  0.19292872  0.00180243	
0.00400800	0.85004401	0.00685241	  39.41683197   -2.05492067 -331.91082764   22.78916931   37.26996613   -1.49152231	202.11219788 -38.83159256 -93.89575195   1.11788106  -2.69072628   6.52032471	 -52.93963358  168.83598867 -307.27979443    5.58997942   33.95369481   15.13016819	  27.27994953  -15.24880420 -255.44733709    4.62393575   10.15195009    0.52065136	85.00614567	0	0.00000000	0.00000000	0.00000000	-0.46891045 -0.57586353 -0.07107066	-0.58829620  1.02878260  0.18896926	-14.98817272  23.93620785  -2.25319411 -24.53895784  49.23969333  44.93944059  33.90057194 -21.16268660 -90.32658825 -77.11902326 -72.13714330  -5.75948291	 0.29013705  0.49345085 -0.31112191  0.62683809 -0.30978736  0.04413262  0.15766865  0.06481835  0.07993572  0.85457283  0.18308824  0.00180243	
0.00398400	0.85987383	0.00618241	  45.93275452    4.27852821 -329.59896851   23.02754021   36.70471954   -2.56023335	223.89497375 -60.79805374 -89.16371155   0.00729330  -2.72548389   5.75020170	 -49.27044091  167.06847840 -306.28672445    5.35664534   34.35962729   14.16891047	  33.89016484  -29.41834685 -262.84455395    4.51332998   11.83647991    0.52381803	85.59992856	0	0.00000000	0.00000000	0.00000000	-0.46598811 -0.56307626 -0.07595395	-0.59166844  1.05184707  0.03938554	-13.96566411  11.37255653  -1.80478402 -24.17950597  48.74233410  39.30780968  32.55087357 -20.63652945 -80.09089666 -81.33939807 -68.89710756  -4.60869093	 0.28920901  0.49990124 -0.31232610  0.61916822 -0.30690348  0.04799058  0.15608214  0.06599184  0.07057844  0.86229646  0.17325543  0.00168738	
0.00399200	0.86896348	0.00557942	  42.52485657   -1.87395108 -330.67965698   22.57249069   35.72087860   -3.29155874	187.91525269 -46.76647186 -64.33058167   0.03846452  -4.03686714   4.10347652	 -48.42688308  168.74304417 -306.14298416    5.46715805   34.15645552   13.10712635	  41.65342579  -24.68755709 -239.71295399    3.75965898    9.16578880    0.27643494	86.34622277	0	0.00000000	0.00000000	0.00000000	-0.46548624 -0.55989358 -0.08304843	-0.64191770  1.04263993  0.05862101	-13.23168394  -0.50504828  -0.65154622 -24.56483445  48.07113110  33.43954774  30.11830861 -20.52885213 -69.87257205 -84.28598581 -65.66930546  -4.82584104	 0.28818890  0.50609851 -0.31353027  0.61153668 -0.30402726  0.05191757  0.15462130  0.06721135  0.06145126  0.86913031  0.16343795  0.00162602	
0.00399200	0.87738293	0.00445569	  24.84350014  -23.70060730 -333.01071167   20.84428787   35.38228226   -3.51222682	 252.19787598  -48.36028290 -100.87252045    1.41657007   -0.35761285    8.89321136	 -46.81848089  155.98050974 -306.95817861    5.81243830   33.15108180   12.61269390	  39.55013866  -20.89134392 -261.68891338    3.87667096   12.22978582    0.90967988	87.02651754	0	0.00000000	0.00000000	0.00000000	-0.47093792 -0.56028974 -0.07956894	-0.66730265  1.06140442  0.05358238	-11.40007043  -8.88087372   2.83710186 -23.61622460  49.03691220  28.16250077  29.66626487 -21.06762339 -62.39584023 -86.75238989 -61.77210007  -5.01777266	 0.28708443  0.50890571 -0.31474978  0.60389745 -0.30112037  0.05585223  0.15331754  0.06836951  0.05243912  0.87598723  0.15343639  0.00161835	
0.00400000	0.88455796	0.00353438	  25.09673882  -67.90004730 -363.29141235   19.84544563   39.16471863   -6.11459780	 319.52304077  -47.38035583 -118.35232544    1.66339970   -4.03800726   11.40796089	 -40.01271821  133.02658105 -343.87617570    6.30840599   34.91444936   12.55842413	  50.73436972  -16.18483103 -330.99987560    6.32114252   16.00431042    1.91786401	85.32706253	0	0.00000000	0.00000000	0.00000000	-0.47797711 -0.55007385 -0.07949896	-0.59066629  1.10159836  0.02187610	 -9.65940717 -14.13763953   6.83829923 -24.97494326  51.43103975  16.85487724  27.61197980 -16.30475338 -52.05002259 -87.68627455 -51.14869068  -5.05385188	 0.28596464  0.50727969 -0.31601530  0.59602809 -0.29820579  0.05980990  0.15214731  0.06938194  0.04379514  0.88259101  0.14391805  0.00161835	
0.00399200	0.89070451	0.00272846	  74.05397034 -133.98348999 -402.06481934   23.36971664   47.76573181   -7.62984657	 244.94348145  -57.44465637 -116.29375458   -0.02584985   -4.90385151    6.21723175	   3.37987910  120.05948780 -402.37160391    8.11791069   42.89203773   16.28335552	  45.78256500  -22.72758379 -328.51232889    5.83922386   12.93293510    1.30954525	84.83606697	0	0.00000000	0.00000000	0.00000000	-0.48288358 -0.54069777 -0.07587582	-0.60496760  1.06361190  0.06518438	 -7.59956787 -18.18721328  11.10302871 -23.57200062  60.64702011   5.81991816  24.81035401 -11.53103157 -40.67115038 -85.75813935 -41.76089603  -5.06379208	 0.28479880  0.50353676 -0.31719649  0.58797473 -0.29551366  0.06388262  0.15110272  0.07016426  0.03559602  0.88901836  0.13392417  0.00161835	
0.00398400	0.89595091	0.00249203	  91.06513214 -152.03952026 -489.55538940   27.15574074   55.23143005  -10.52780056	 286.20535278  -84.60222626 -146.08372498   -0.63530946   -0.15905157    5.89205694	  17.72207956  139.95930221 -470.24358346    9.56616720   50.08034937   18.51189501	  40.75944313  -45.03085750 -322.06715865    3.75472954   14.38876710    0.64990382	86.74233436	0	0.00000000	0.00000000	0.00000000	-0.52049779 -0.54994042  0.01437904	-0.39889420  1.24252870  0.13911224	 -7.89666577 -14.65713885  12.20104839 -27.55693324  59.78406089  -5.08344619  22.29056444  -3.92481483 -30.21264528 -85.35430324 -36.02222704  -5.06820994	 0.28365600  0.50126648 -0.31798649  0.57983696 -0.29269880  0.06787863  0.15020737  0.07070883  0.02796446  0.89543045  0.12416038  0.00162602	
0.00400000	0.90094346	0.00243704	 104.64693451 -188.09840393 -545.88311768   29.15144157   60.54084015  -14.80273151	 346.76947021  -59.46718597 -152.38897705    0.48995781   -2.14195824    6.75806904	  32.45111095  155.21805366 -548.69745255   11.01268249   58.82459542   19.04936366	  50.86949408  -35.23601133 -378.93975756    2.68285886   17.99967986    0.78899976	88.50460120	0	0.00000000	0.00000000	0.00000000	-0.53462747 -0.50067227  0.01051697	-0.19614280  1.10060928  0.15887819	 -9.14361137 -14.60045945  15.39993199 -27.23110157  61.61491600  -8.81397652  22.19987528  -0.27232419 -24.71734127 -80.67933498 -32.14633395  -6.25544970	 0.28265890  0.50109005 -0.31854638  0.57169920 -0.28997600  0.07147582  0.14939840  0.07096960  0.02103087  0.90177345  0.11464970  0.00174107	
0.00399200	0.90587044	0.00244925	 123.57073212 -270.09902954 -639.89044189   30.49247551   67.70701599  -26.99086189	 234.24867249  -60.84156036 -156.05488586   -1.04449832    2.28732920   -0.79934573	  57.15972644  156.53570363 -645.87127680   12.24746688   68.89540715   16.76979486	  29.44665008  -35.67058619 -353.00862428   -1.20186977   16.16779294   -0.76740122	87.58674715	0	0.00000000	0.00000000	0.00000000	-0.52618260 -0.44447524 -0.04076560	0.08022886 0.90191533 0.20395616	-12.63769905 -12.92240935  19.58353776 -29.42962167  61.96907129 -11.25551855  21.69959424  -1.46609357 -20.58273169 -71.80480239 -29.01556284  -6.10763511	 0.28182289  0.50155795 -0.31883785  0.56356907 -0.28746027  0.07442873  0.14869155  0.07070116  0.01481058  0.90782499  0.10541514  0.00182544	
0.00399200	0.91081095	0.00229849	 129.79882812 -345.09490967 -721.16699219   29.88781357   66.72802734  -34.55357361	172.91514587 -55.41726303 -90.13998413  -2.57356095   1.86189187  -3.84928441	  76.35626962  151.71850983 -743.08346110   14.72047314   74.63347334   12.21766730	  22.99309858  -44.34927700 -272.34551215   -3.76854970   12.28869502   -1.09733827	90.02591300	0	0.00000000	0.00000000	0.00000000	-0.53376486 -0.40584028 -0.00750638	0.06695839 0.99482573 0.25462044	-12.66981919 -14.42445334  24.28273351 -24.40695041  69.30698298 -11.15039550  21.83947380  -3.18711295 -17.91569453 -65.13700395 -27.09458790  -5.79568487	 0.28120163  0.50159627 -0.31906793  0.55563074 -0.28526667  0.07683709  0.14814177  0.07000320  0.00918854  0.91365409  0.09625728  0.00182544	
0.00400800	0.91559285	0.00214401	  39.68063354 -459.45864868 -778.70306396   25.67655373   53.38930130  -37.44828033	 92.83576965 -34.29043198 -34.14454651  -2.77649260  -1.08044147  -5.07316446	  70.13596187   99.06850449 -844.93546833   21.73306970   70.83975100    5.68015064	  33.53497467  -32.23936023 -203.52445060   -5.26918461    7.38364755   -1.99629214	91.08835069	0	0.00000000	0.00000000	0.00000000	-0.54629658 -0.36368626  0.03567638	0.11932335 1.01092383 0.23925888	-15.34526516 -13.62397075  30.80594736 -21.22763544  77.37237706 -13.40984685  21.41124425  -4.37780926 -15.06126133 -55.03857259 -24.78933218  -6.02786822	 0.28078747  0.50144285 -0.31926736  0.54784578 -0.28334922  0.07886960  0.14785117  0.06888339  0.00418777  0.91906136  0.08694601  0.00186379	
0.00399200	0.92019415	0.00195126	 -84.19923401 -504.57217407 -751.44195557   19.59288025   34.57553101  -34.29103088	 11.54417992 -14.70047188 -19.05385017  -1.33570147   2.25980163  -1.02138484	   9.08295671    2.67669095 -919.51026979   33.43314221   53.27633297   -4.80221583	 13.94370554 -23.36978607 -97.23521457  -3.07523291   3.39328393  -0.64476924	93.54961883	0	0.00000000	0.00000000	0.00000000	-0.55488181 -0.32483878  0.07111731	0.13744607 0.92447158 0.22860453	-17.24542576 -15.27389031  36.30209280 -14.72381516  88.83864948 -15.30084433  19.89941674  -3.45449195 -11.76043959 -48.60147152 -22.28985743  -6.06505195	 0.28069541  0.50145823 -0.31938240  0.54066676 -0.28160813  0.08082543  0.14784332  0.06734941 -0.00028379  0.92381674  0.07751203  0.00187913	
0.00399200	0.92458117	0.00182263	 -75.92274475 -443.34750366 -648.30340576   16.28292274   26.78503227  -31.29766083	15.82596588  3.30490375  0.10577491  0.10387013 -0.32042292 -0.77904034	 -24.73898312  -44.28211390 -854.98896461   35.58198660   38.41285599  -11.12598058	  7.33216390  -3.54032779 -51.24552660  -1.72844406   1.14095553  -0.41306354	94.13662889	0	0.00000000	0.00000000	0.00000000	-0.53909978 -0.32073456  0.08468443	0.15057988 0.66359681 0.38295349	-20.12956911 -14.61552049  44.63259363 -13.14418099  99.15683055 -20.07987617  17.01575928  -0.34488263  -6.83858933 -40.18616024 -17.33861721  -5.52220690	 0.28092551  0.50143522 -0.31938240  0.53291249 -0.27980572  0.08292698  0.14811821  0.06543194 -0.00434883  0.92789710  0.06810106  0.00184845	
0.00399200	0.92882532	0.00167154	 -57.71360397 -286.93914795 -444.11032104   10.15164185   17.21312141  -18.01259232	 9.30259037 -2.61265659 -2.78811097 -0.27076253 -1.09816468 -0.90213883	 -30.44661401  -34.91628625 -660.65670357   27.67161924   26.29863350   -9.30320504	  7.51348656   2.58854667 -38.29550127  -0.51751969  -0.55406531  -0.20252186	96.20124909	0	0.00000000	0.00000000	0.00000000	-0.53350626 -0.30444120  0.09589873	0.18818531 0.54056673 0.24486640	-18.62626411 -15.02331074  51.31586864  -7.74853528 107.49413501 -23.46506048  15.06052172   2.68282689  -2.98256657 -32.17218158 -12.24424724  -3.76997171	 0.28127065  0.50142753 -0.31913698  0.52515823 -0.27761978  0.08508990  0.14862871  0.06333038 -0.00807641  0.93129486  0.05877446  0.00164136	
0.00400000	0.93290591	0.00154447	 -40.70238113 -275.25714111 -362.01455688    6.70978403    6.40945244   -7.34789228	 -0.08294183  -0.60566974 -23.49395180  -0.36901894   0.74923760  -3.98933792	 -17.11146308  -39.05510235 -541.06902185   25.53539579   14.58548143   -5.25392431	 -5.28565099  -5.97160386 -34.16564831  -1.91369960  -0.79085656  -0.91155969	97.84422555	0	0.00000000	0.00000000	0.00000000	-0.53647004 -0.29412722  0.10374726	0.18311402 0.46520189 0.24798855	-22.62889626 -13.81375874  57.23993967  -7.74912324 107.15110051 -26.12103844   8.17952592   5.33173051   1.92259089 -22.23566457  -5.57639924  -2.84393860	 0.28155443  0.50140452 -0.31852338  0.51751131 -0.27473590  0.08706106  0.14940625  0.06118281 -0.01149718  0.93409437  0.04963194  0.00137291	
0.00399200	0.93684083	0.00140144	 -51.06473541 -280.81192017 -326.37219238    2.59532452    1.80575955    0.21900013	26.69701004 21.17841339  0.61730552  0.90167528 -2.36830091 -1.91933084	  -6.62440914  -60.29794489 -481.15181625   26.08430131    3.81267934   -0.85124990	 -0.19937437   7.90724129 -40.20659646  -2.54048373  -1.46732692  -1.27132013	100.94057489	0	0.00000000	0.00000000	0.00000000	-0.53957603 -0.26321990  0.10962797	0.20882349 0.41749215 0.21109805	-22.52226855 -15.54729301  59.94274548  -2.20484194 103.34750863 -27.11842751   3.86512553   5.52161960   4.04710259 -15.68017367   0.28012947  -2.29391447	 0.28166184  0.50133550 -0.31744960  0.51010984 -0.27095464  0.08877145  0.15071002  0.05915029 -0.01443476  0.93644136  0.04061213  0.00114282	
0.00399200	0.94061685	0.00131118	 -57.21236038 -261.71414185 -309.96435547    1.90530109    3.12740707    0.61098063	 27.70142555  45.46722794 -16.20827675   2.65585494   0.79110456  -2.01991653	 -10.29410565  -69.35132182 -443.09164634   24.56953120   -0.60822962    1.48127086	-10.73792225  33.79391759 -49.99915001  -3.22734486  -0.25515952  -1.26183431	102.02537831	0	0.00000000	0.00000000	0.00000000	-0.53255472 -0.24019151  0.11539602	0.28086483 0.30912729 0.25107847	-24.92763398 -16.39105183  62.20446854  -3.00760034  94.60625671 -26.91147327  -2.62368376   4.64960444   6.95349174  -9.24562185   5.28321088  -0.68151700	 0.28143939  0.50122046 -0.31593862  0.50282347 -0.26619163  0.09024407  0.15246145  0.05724048 -0.01723427  0.93847394  0.03163835  0.00083602	
0.00399200	0.94429249	0.00123348	 -49.47546005 -228.80970764 -280.41955566    3.27347541    5.72806787   -1.68407834	 48.63047791  -5.25939608 -37.34519958  -1.16039789   1.32268250  -4.06250048	 -15.55941144  -60.78083806 -404.73379976   21.76656287    0.61928211    2.05683777	-10.09878022  16.73722850 -69.13921205  -4.49469988   1.13575300  -1.35004825	103.28631099	0	0.00000000	0.00000000	0.00000000	-0.51900586 -0.22691838  0.11942778	0.34252755 0.32000676 0.45830629	-21.55808710 -18.24050770  64.22659166   0.70400510  84.92057693 -25.62527162  -7.90788689   3.46149831   8.91730986  -4.71917637  11.16308511   1.81979180	 0.28075677  0.50098270 -0.31405950  0.49575180 -0.26052359  0.09145591  0.15480980  0.05541505 -0.01963495  0.94027632  0.02264155  0.00035282	
0.00399200	0.94788182	0.00122156	 -48.69753265 -222.06483459 -257.84078979    1.92743301    7.51603413   -6.36874485	 49.29625320 -31.60937881 -31.89388466  -2.76468134   1.39326000  -5.83252239	 -12.90639447  -60.27172531 -379.35391719   19.02228088    3.21838101    0.27575994	  5.47504770 -10.17683665 -80.66226041  -5.16859307   1.29589543  -1.86086464	104.92238208	0	0.00000000	0.00000000	0.00000000	-0.50977594 -0.19905612  0.12711970	0.30049646 0.18385052 0.45868399	-17.06779211 -20.29225382  65.31860246  -1.03207586  70.68022717 -23.68757871 -12.63770320   3.43372719   8.67643726  -0.90994822  16.20758779   3.07998736	 0.27969834  0.50069892 -0.31182754  0.48884889 -0.25405017  0.09234563  0.15745659  0.05334417 -0.02153709  0.94192535  0.01374447 -0.00013806	
0.00400000	0.95146233	0.00117444	 -52.75682831 -204.25428772 -242.15187073    1.46423626   13.14705563  -11.49335384	 41.59528732 -27.80448151 -31.61001778  -2.69108772   1.77915943  -3.04394293	 -18.26490533  -60.62182098 -350.07690092   13.76432001    8.57037067   -1.99317332	  9.03231332 -22.56307004 -77.99667582  -4.23015144   1.83084875  -1.05034273	106.15137143	0	0.00000000	0.00000000	0.00000000	-0.50218975 -0.16430613  0.13046488	0.17313831 0.10368191 0.29031019	-12.35185371 -24.01016585  65.12714197   2.41732424  57.82722578 -21.60219257 -17.52567837   3.19255806   8.55956346   0.85613323  21.52590427   2.34735820	 0.27844048  0.50030774 -0.30924278  0.48202267 -0.24715494  0.09306660  0.16011909  0.05104320 -0.02290233  0.94342870  0.00523087 -0.00037583	
0.00399200	0.95498604	0.00126278	 -57.61072922 -197.57562256 -246.22171021    2.77017212   22.90220833  -20.69237518	 42.31847000   9.16103077 -28.04541969  -0.20781031   1.43815315  -1.52547073	 -22.69485021  -53.85904952 -339.19042846    8.28845130   17.80095617   -4.27529215	  0.62227566  -2.69234201 -74.72846948  -3.64509163   2.15196920  -0.51130347	106.00363250	0	0.00000000	0.00000000	0.00000000	-0.49311468 -0.13335389  0.13432649	0.26446212 0.10915571 0.29936435	-11.46638051 -26.72950318  65.36759693   2.18769368  47.39496162 -21.93889644 -22.92110173   3.97201137  11.36425988   3.51934305  27.01234161   1.50771877	 0.27707523  0.49993956 -0.30636659  0.47514278 -0.24006027  0.09359582  0.16258524  0.04835873 -0.02366932  0.94487059 -0.00283786 -0.00039883	
0.00399200	0.95860785	0.00134681	 -55.28874588 -212.24246216 -257.11062622    2.29000926   27.46249962  -25.90241241	 28.13856888  -6.62543821 -23.45026207  -1.03690612   0.45166272  -0.82443446	 -27.41186066  -56.27973083 -346.54180186    4.83276530   24.43043144   -6.30530840	  0.23602000  -0.32160647 -66.43949327  -2.42806251   1.24921552  -0.15366618	106.05905118	0	0.00000000	0.00000000	0.00000000	-0.47508334 -0.13596512  0.12673096	0.26883712 0.01511518 0.35804311	 -7.89351343 -29.09571285  63.03963539   7.32087642  40.50977624 -21.51892655 -23.34261022   2.25270634  14.04416642   4.90842917  32.71174624   0.47792693	 0.27566397  0.49970180 -0.30325261  0.46792540 -0.23281989  0.09391795  0.16477650  0.04526009 -0.02387641  0.94628954 -0.01036971 -0.00030680	
0.00399200	0.96232313	0.00152973	 -44.12327194 -210.26325989 -248.94538879    2.05307961   30.61169434  -31.21282959	 13.26021576  -9.08520889 -26.75616455  -1.20617485   1.56476045  -2.00925159	 -22.52500525  -57.29043845 -348.62557860    1.45844304   30.57637948   -8.72483415	 -4.22619189 -11.55179055 -53.78755002  -1.96081839   0.61816733  -0.30976659	105.74685084	0	0.00000000	0.00000000	0.00000000	-0.46417253 -0.12552624  0.11707794	 0.29513907 -0.05217816  0.35268163	 -6.21998318 -31.15907520  58.96619594   9.26354571  33.39944046 -20.61187118 -24.48704429   1.62648542  17.96478215   7.38076069  36.78989035  -0.50885197	 0.27432173  0.49975550 -0.29994687  0.46041656 -0.22562551  0.09413271  0.16666931  0.04180097 -0.02360796  0.94772381 -0.01696582 -0.00014573	
0.00399200	0.96624172	0.00171183	 -52.52664566 -191.26387024 -251.13098145    2.29995203   32.49208832  -32.74904251	 39.90429306   2.69358993 -37.57179642  -0.89043593   2.09231067  -3.05474877	 -25.43104586  -53.85676840 -341.37570214   -1.32810800   34.03063537   -9.94579568	 -6.98900945  -8.54147643 -62.48179536  -3.02648132   1.03278141  -0.61066092	105.93147151	0	0.00000000	0.00000000	0.00000000	-0.45667632 -0.10850614  0.10828108	 0.23741246 -0.19561473  0.22773637	 -4.20659123 -34.40980823  52.40716082  15.05279244  29.18238831 -19.88449695 -25.38015799   1.72461150  20.91157380   7.11995895  42.00704475  -1.41844108	 0.27314824  0.49982452 -0.29654142  0.45270830 -0.21909843  0.09424009  0.16832650  0.03814242 -0.02295602  0.94920409 -0.02350058  0.00007670	
0.00400800	0.97037154	0.00196965	 -51.70124817 -185.67362976 -225.06864929    1.68394077   30.38672447  -31.38602257	 33.03659439   4.60196829 -49.19683838  -1.16685617   4.23727083  -5.16251802	 -25.98534166  -52.84497541 -327.67753857   -2.38070476   34.67369906  -10.37309304	-13.42902397  -1.88990302 -78.26414656  -5.53766552   1.70202358  -1.36121679	104.54317539	0	0.00000000	0.00000000	0.00000000	-0.44097896 -0.10764173  0.08562347	 0.27915524 -0.24393769  0.27662903	 -4.32542977 -37.56550598  45.99637531  23.38741814  28.64505231 -19.32064925 -26.24585098   4.37811496  25.01730530   5.02754524  47.22196431  -1.72468490	 0.27223551  0.49974015 -0.29308230  0.44500774 -0.21255600  0.09426310  0.16981091  0.03437650 -0.02195893  0.95066905 -0.02961349  0.00026845	
0.00399200	0.97477907	0.00220984	 -47.75737000 -169.35238647 -207.01948547    1.02725863   27.64299202  -29.10840034	 25.46302032 -10.40338135 -42.81863785  -1.74139428   4.28090763  -5.12914753	 -26.14326700  -49.87403775 -302.42297342   -2.98919551   31.94368828  -10.28479218	-14.68209768 -12.33725033 -72.45272939  -6.14537800   1.87876200  -1.85563209	103.20046124	0	0.00000000	0.00000000	0.00000000	-0.42088380 -0.11079995  0.06406705	 0.30545470 -0.43538396  0.44003080	 -1.28815504 -41.10541619  39.52812931  36.19234344  33.25634110 -18.75057065 -22.42530837   8.31445620  27.35076421   1.85513300  54.04483547  -1.60797965	 0.27146852  0.49974015 -0.28960016  0.43737617 -0.20627436  0.09426310  0.17121677  0.03052621 -0.02063971  0.95197296 -0.03527388  0.00036816	
0.00398400	0.97944903	0.00247575	 -36.13874817 -120.00895691 -164.32772827    0.92597681   20.72021103  -21.90493774	 16.08701706   4.58451176 -30.83669090  -0.78428787   1.92425776  -3.28515387	 -24.68861824  -36.45671097 -259.27760324   -2.82816121   26.66614897   -9.19221776	-10.04392790  -9.74141370 -61.70783371  -5.12148160   0.75752193  -1.74031488	102.02487414	0	0.00000000	0.00000000	0.00000000	-0.40147458 -0.11056647  0.04590278	 0.34713439 -0.50572684  0.45690401	  3.41878035 -43.53166381  33.32207558  46.91705435  37.74664745 -18.43048373 -16.82588335  11.90708427  27.75664411  -2.70976586  57.88623615  -1.70848609	 0.27088562  0.49979386 -0.28611803  0.43005911 -0.20020746  0.09421708  0.17261477  0.02669893 -0.01892932  0.95306206 -0.04038971  0.00043718	
0.00400000	0.98442352	0.00270563	 -30.14112663  -93.86693573 -129.55288696    1.25911140   16.86298180  -17.15386200	 13.08517456  14.61791515 -46.89835358   0.01737182   4.08817530  -2.10406876	 -23.54145526  -26.85574157 -212.23479664   -2.38519690   21.31012095   -7.21485278	-24.78727497  -3.86116339 -57.89432426  -4.00226959   0.95721646  -1.04335074	101.52904887	0	0.00000000	0.00000000	0.00000000	-0.38692649 -0.10875903  0.02553228	 0.34677461 -0.52023661  0.47232641	  6.68399814 -46.78096184  25.81788546  56.10978759  41.87112101 -18.48961646 -13.98076698  15.17440534  29.24076335  -6.88823392  63.89997480  -1.47912529	 0.27047911  0.49979386 -0.28263590  0.42315617 -0.19422494  0.09409436  0.17402063  0.02293301 -0.01699650  0.95392108 -0.04490728  0.00045252	
0.00400000	0.98965341	0.00297115	 -39.27775192  -80.18345642 -120.47303772    1.27823853   15.91752052  -13.83270645	 45.20448303   9.36232567 -60.27599716  -1.05111897   4.01055956  -4.18505049	 -29.00361185  -21.13503554 -180.59350942   -1.81489939   17.28838861   -5.25677334	-25.56210829  -0.88383748 -80.08573313  -5.49395009   1.95574035  -1.16605713	99.28241759	0	0.00000000	0.00000000	0.00000000	-0.37316961 -0.10602882  0.00280793	 0.39849580 -0.65011021  0.48947834	  9.68670977 -48.70500719  19.82079226  62.01397496  42.03170750 -19.08080590 -11.31209691  17.28623346  30.50933595 -11.15731838  67.69075599  -0.64108109	 0.27024901  0.49979386 -0.27914611  0.41674414 -0.18829611  0.09384125  0.17540294  0.01935883 -0.01471854  0.95470345 -0.04874223  0.00039883	
0.00399200	0.99517399	0.00326846	 -38.25948334  -57.90832520 -117.43554688    2.58694220   15.34867859  -12.06369877	 63.75765991 -38.99192429 -83.12210846  -4.77258921   7.04336023  -7.73544455	 -38.78014988  -12.21706365 -160.37877607   -1.50285883   15.14375938   -3.84749963	 -12.12997275  -22.74034977 -109.94958954   -8.07293330    3.21921929   -1.80970915	98.43251580	0	0.00000000	0.00000000	0.00000000	-0.36070482 -0.10422230 -0.01879501	 0.41573358 -0.67685139  0.47288594	 12.57967983 -51.09704403  11.82661335  67.87275462  43.12032377 -19.18367752  -7.92067355  18.69929900  31.38075490 -16.05223736  72.51403584  -0.51038595	 0.27014163  0.49983218 -0.27565628  0.41073093 -0.18250532  0.09335805  0.17669885  0.01595340 -0.01208777  0.95535535 -0.05175650  0.00031447	
0.00400000	0.00102948	0.00357151	 -31.04529953  -50.42061234 -117.12838745    3.10573268   14.83759499  -10.77576733	 104.64490509  -27.87489510 -117.30039978   -5.29604864    9.90402508  -10.59725761	 -37.90678207   -2.61166809 -152.75360011   -1.12449813   14.44441780   -3.15018472	 -13.00414380  -39.68923513 -143.05071999  -11.77350625    5.48709787   -2.54139459	96.58573521	0	0.00000000	0.00000000	0.00000000	-0.34704642 -0.10940689 -0.04630884	 0.39879217 -0.70051870  0.50683788	 14.68806826 -53.04017860   3.23250252  74.24865776  42.15910004 -18.49982855  -5.77870757  17.61497957  34.49023540 -21.09256308  75.80923692  -1.09544612	 0.27011862  0.49981686 -0.27231222  0.40515491 -0.17666087  0.09256038  0.17787693  0.01280107 -0.00907349  0.95582324 -0.05390408  0.00035282	
0.00399200	0.00721733	0.00392405	 -31.21462822  -41.70978928 -114.76879120    3.69796062   14.72281837  -10.29294968	 128.91806030  -16.45136642 -147.35671997   -5.20479059   11.42003345  -11.40465069	 -39.88631747    4.97826538 -145.02322123   -1.01764216   14.02814878   -2.67096658	 -22.28668144  -33.99321149 -191.54804920  -15.56251903    7.66989820   -3.07664205	94.91471493	0	0.00000000	0.00000000	0.00000000	-0.33823954 -0.11346418 -0.07518672	 0.39334602 -0.73041435  0.44306723	 17.57527517 -55.65628586  -3.94970742  79.02414250  39.12415613 -17.59067895  -2.10532071  15.84190248  35.64839791 -28.40656226  78.96447934  -3.56871362	 0.27017230  0.49975550 -0.26922125  0.40013880 -0.17072436  0.09145591  0.17892937  0.00997854 -0.00564505  0.95614535 -0.05520029  0.00062126	
0.00398400	0.01379254	0.00433832	 -31.00148010  -39.27603531 -121.44570923    4.38128948   15.80205631   -9.53878593	 165.19496155  -34.06679535 -187.10450745   -7.41301107   15.25323391  -13.87478065	 -43.10103228   10.05140840 -143.89831864   -0.84382215   14.23572962   -1.99754130	 -28.91675425  -45.44496983 -233.73673392  -18.49193100   10.21633401   -3.11932569	92.92063311	0	0.00000000	0.00000000	0.00000000	-0.33107821 -0.11975889 -0.10689719	 0.42045907 -0.71128894  0.42653415	 16.71314331 -59.11302398 -13.36621275  80.97366713  34.44664369 -15.24094415   0.67240292  14.90570577  37.87018430 -39.21877567  78.99902504  -5.63897352	 0.27031037  0.49999326 -0.26646775  0.39582065 -0.16465746  0.09002165  0.17988756  0.00746281 -0.00182544  0.95646751 -0.05558378  0.00102010	
0.00400800	0.02084153	0.00455691	 -44.93217468  -38.32304001 -127.39820099    4.92585468   17.76946640   -8.25035763	 193.85945129  -44.75203323 -224.03179932   -9.21524429   20.40301895  -16.36448479	 -51.73468698    9.30305627 -145.68662390   -0.58942658   14.48577170   -0.85301671	 -33.95137621  -60.26521704 -284.37439304  -23.07614489   13.69057620   -3.84465902	90.65416537	0	0.00000000	0.00000000	0.00000000	-0.31414626 -0.12934263 -0.13512234	 0.36054312 -0.78239527  0.41797269	 15.61103489 -61.91026888 -22.03669874  82.08597617  29.06136054 -12.02095786   5.08257681  11.75127887  39.41280116 -49.10716473  79.68519228  -8.20280695	 0.27050212  0.50019270 -0.26412842  0.39226949 -0.15853688  0.08824990  0.18079862  0.00526155  0.00237000  0.95682031 -0.05510058  0.00157233	
0.00399200	0.02812457	0.00474901	 -43.80388641  -39.81277847 -135.68296814    5.75509596   19.15633392   -9.01531029	 203.61970520  -48.31956863 -247.19041443   -9.74030876   24.82901573  -17.05567932	 -57.51057300   10.78214346 -153.42801579   -0.46647138   15.61126695   -0.05739959	 -42.11930109  -72.37799551 -319.14748997  -27.12620440   17.86685237   -4.00457454	88.18246424	0	0.00000000	0.00000000	0.00000000	-0.29128416 -0.14706831 -0.15907877	 0.29305767 -0.82047911  0.52892996	 12.85191496 -64.44249670 -28.71370679  80.36369797  22.62537091  -8.90457715   9.84714243  11.36205994  37.11751841 -59.31887758  77.02502516 -11.71905827	 0.27067852  0.50028473 -0.26228765  0.38951600 -0.15254669  0.08620203  0.18170968  0.00339010  0.00700262  0.95710409 -0.05376602  0.00230864	
0.00399200	0.03562111	0.00480544	 -30.08686256  -37.94042206 -150.64865112    7.36843061   20.09779739   -9.96834755	 227.63452148  -33.85591507 -270.91464233   -8.94724464   29.29591751  -15.16585350	 -54.34597051   18.93248052 -162.62362282   -0.22497229   17.56666504    0.07558432	 -61.32598600  -77.02514495 -350.55554753  -29.27351961   21.81987046   -3.54582863	86.36862684	0	0.00000000	0.00000000	0.00000000	-0.26240543 -0.17197681 -0.18147721	 0.29305767 -0.82047911  0.52892996	 12.71631377 -65.88069469 -33.97650235  78.03923249  16.55245505  -5.59394277  17.74593508   9.90343803  30.77035806 -70.19811450  71.62736669 -15.03865355	 0.27083960  0.50033075 -0.26103747  0.38755250 -0.14668688  0.08392407  0.18271498  0.00177175  0.01208777  0.95718849 -0.05173349  0.00317534	
0.00400000	0.04318481	0.00480467	 -27.08910942  -39.87822723 -155.65010071    7.63331079   20.81929398   -9.21121502	 239.80987549  -35.73768234 -314.60800171   -8.01709461   32.39230728  -13.85193348	 -52.75725838   25.64918218 -170.06179182   -0.08727960   18.61814608    0.65053643	 -77.77812143  -81.59872305 -381.59793643  -30.03565756   26.00360216   -3.08612679	84.83058850	0	0.00000000	0.00000000	0.00000000	-0.23344829 -0.19656679 -0.20390503	 0.29305767 -0.82047911  0.52892996	 10.16307179 -67.14910132 -37.13506436  74.13573349   9.75696516  -3.54885433  21.27423151   8.25899505  28.47830673 -79.39964476  65.87653570 -17.73980945	 0.27104667  0.50039208 -0.26039317  0.38640967 -0.14097281  0.08163077  0.18386167  0.00042184  0.01754874  0.95699674 -0.04905669  0.00405738	
0.00400000	0.05074766	0.00482845	 -14.74086571  -44.28187943 -167.76730347    7.77870226   20.66279221   -8.83472729	 273.77539062  -44.25989532 -343.59695435   -6.27628899   35.99810028  -12.50231457	 -46.64130534   33.16560981 -180.94006874    0.09265473   19.09527599    1.37759293	 -84.22633721  -88.63997693 -420.79617405  -30.33880761   30.75539629   -3.35968913	83.53458468	0	0.00000000	0.00000000	0.00000000	-0.21368650 -0.21442641 -0.22620033	 0.20444895 -0.86657984  0.62843105	  8.64386991 -68.48749199 -39.87023177  71.09971430   4.80665423  -1.34771886  26.16239041   6.85279305  24.73360246 -89.53237311  59.86500648 -19.57076871	 0.27135348  0.50056851 -0.26033184  0.38611054 -0.13550417  0.07908437  0.18523611 -0.00060592  0.02337019  0.95657486 -0.04585835  0.00483971	
0.00397600	0.05832360	0.00479756	  -9.42572212  -44.98397827 -166.07516479    7.73015690   20.31147385   -7.31955147	 297.11102295  -42.44350815 -367.04260254   -4.33041525   38.61859512  -10.13856220	 -41.49205953   38.60986981 -187.25132191    0.30974455   18.94519302    2.26078200	 -88.51690146  -95.08874396 -455.07891131  -29.94964754   35.14952325   -3.46865754	81.49004194	0	0.00000000	0.00000000	0.00000000	-0.19543252 -0.22124907 -0.25736945	 0.20275451 -0.98078529  0.69731454	  7.58933066 -69.04044903 -42.33387069  65.14596478  -1.13504549   0.61736388  32.40597499   4.38595822  16.77162395 -99.16815042  52.28056195 -19.95328170	 0.27177531  0.50078326 -0.26083803  0.38654006 -0.13034999  0.07647660  0.18683833 -0.00121184  0.02955980  0.95597661 -0.04223048  0.00540728	
0.00400000	0.06587854	0.00473905	 -10.11683655  -33.95400238 -167.23336792    8.18561554   20.21075821   -6.74389887	 314.31195068  -39.18697739 -380.70806885   -2.74024773   39.54763031   -7.23380661	 -41.05720149   41.10721023 -181.13488753    0.29547847   18.52862416    2.82673600	 -95.85031883  -95.52939728 -483.04436748  -28.96826834   38.64887140   -3.40958830	79.67361654	0	0.00000000	0.00000000	0.00000000	-0.17508609 -0.22516079 -0.27812144	 0.28364927 -1.03395584  0.77656168	   5.25372946  -68.55253676  -44.88638484   58.11167691   -7.30871920    2.43204922   37.99731957    0.90650704    8.13943692 -107.62435819   43.98470334  -19.37221059	 0.27233523  0.50094432 -0.26175076  0.38774425 -0.12564068  0.07387650  0.18866046 -0.00148029  0.03604854  0.95524800 -0.03827281  0.00569874	
0.00400000	0.07336846	0.00466317	   3.92291451  -33.44717789 -160.82817078    8.82781315   19.46154594   -6.24279499	 323.54470825  -33.35570526 -385.93478394   -1.02496517   40.13489914   -6.48773670	 -34.83092800   47.92422482 -177.09702118    0.47006622   18.54311381    3.44915011	-101.10933564  -92.15137126 -501.58329138  -28.10947423   41.10389803   -3.52631171	79.03076183	0	0.00000000	0.00000000	0.00000000	-0.15836546 -0.22439187 -0.29708265	 0.30882210 -1.02322760  0.83907211	   3.22005319  -68.00462846  -45.72104335   50.43600442  -12.09862190    3.67449358   41.73211354   -2.29582201   -2.46285860 -113.47772631   35.94737910  -18.26528885	 0.27306387  0.50096732 -0.26298562  0.38959268 -0.12147591  0.07129941  0.19072606 -0.00151097  0.04237621  0.95440429 -0.03412339  0.00569107	
0.00398400	0.08076515	0.00462804	  25.19813156  -27.28298187 -158.26020813    8.40950680   16.65399742   -4.43766069	 322.27777100  -40.16042709 -380.13925171    0.58404315   38.84075928   -3.41007924	 -25.05627653   59.23008638 -173.83044803    0.70979788   17.62277553    3.72871965	-103.24716425  -93.36724702 -508.37253261  -26.34485178   42.71389844   -3.61927473	78.85344413	0	0.00000000	0.00000000	0.00000000	-0.14442562 -0.22045354 -0.31652909	 0.32541523 -0.97638292  0.89386144	   0.61083761  -67.28045410  -47.66183011   42.10493879  -16.99443654    5.33774286   43.97491576   -4.42850210  -13.13676082 -118.92176632   29.47672432  -14.57668030	 0.27400726  0.50086761 -0.26445055  0.39205474 -0.11783271  0.06873766  0.19293302 -0.00133456  0.04918708  0.95337653 -0.02986660  0.00536126	
0.00399200	0.08812724	0.00457389	  25.19335747  -26.75188065 -148.09359741    7.43463850   14.47640038   -3.49579287	 325.50213623  -30.23826408 -397.64163208    4.19363880   35.88856125   -2.98630285	 -17.38329637   62.29326638 -168.79042407    1.06783550   15.74433039    4.05235180	-103.91918799  -90.16053516 -494.46155314  -23.63705418   41.85664801   -4.18136244	78.40872630	0	0.00000000	0.00000000	0.00000000	-0.13047503 -0.22929119 -0.32093809	 0.25715549 -1.06356398  0.94985231	  -3.14881642  -65.00263076  -49.33987785   32.39201864  -23.89715855    5.89534747   44.95029022   -6.77442045  -23.93166741 -123.44607154   23.92692747  -11.07760984	 0.27505803  0.50074494 -0.26613793  0.39509967 -0.11465737  0.06629863  0.19561908 -0.00110447  0.05589825  0.95211101 -0.02557145  0.00473233	
0.00400000	0.09543359	0.00451069	  34.36790085  -26.80558395 -135.14871216    6.66943550   12.47584534   -2.77476716	 303.12838745  -33.43317413 -363.19488525    3.79467201   34.54197693    0.04489274	  -7.00590388   61.65834990 -157.20948467    1.11788059   13.72788708    4.13485591	-101.60002972  -89.73191507 -481.59015235  -20.37862366   40.95302437   -4.05747429	77.74255243	0	0.00000000	0.00000000	0.00000000	-0.12102995 -0.23722545 -0.33112316	 0.27850605 -1.07614270  1.11240278	  -6.45177536  -62.79189755  -51.81174432   23.33503755  -30.71548026    6.35330454   45.86201317   -8.28918487  -33.13850087 -126.86689706   20.41032248   -6.92966509	 0.27632356  0.50066823 -0.26806310  0.39865085 -0.11193456  0.06400534  0.19865857 -0.00080534  0.06239466  0.95061535 -0.02131466  0.00385029	
0.00400000	0.10266970	0.00445407	  36.07637787  -14.79237175 -112.54711151    5.95494461    9.37366676   -1.72218037	 325.97909546  -26.85068130 -373.29907227    7.03863382   36.70430374    1.51968694	  -0.13709431   59.85993404 -138.59718023    1.06633795   11.70696306    3.57699831	 -99.03103792  -83.53508904 -493.40856462  -19.82183431   43.43562537   -4.63042615	77.68441333	0	0.00000000	0.00000000	0.00000000	-0.11247648 -0.24282247 -0.34659318	 0.26429677 -1.07904546  1.13699331	  -7.44878895  -60.32650184  -53.16851695   15.08590029  -33.79988405    6.66181622   48.47988696   -9.05721807  -45.43383327 -131.78146327   13.71403681   -2.14585435	 0.27769649  0.50061452 -0.27018765  0.40255481 -0.10971028  0.06191145  0.20206720 -0.00048320  0.06859194  0.94888961 -0.01706553  0.00278417	
0.00398400	0.10983399	0.00441695	  35.63252258  -10.97402573 -115.50075531    5.81372166    8.14482880   -1.20882583	 337.62316895  -51.80135727 -370.11230469    8.40246105   38.28921509    8.46625328	  -1.65988235   61.36213301 -127.67802391    1.34839400    9.80793796    3.46146626	 -89.21975742  -88.40015361 -521.35567617  -17.44510498   47.56662456   -4.60169335	76.29239930	0	0.00000000	0.00000000	0.00000000	-0.10885630 -0.23370407 -0.35337891	 0.25629116 -1.07559913  1.14089085	 -10.38752435  -58.85976731  -55.05248116    8.29288616  -34.69770234    6.45784045   47.34743674   -7.99689698  -54.71849867 -134.55960397    9.45026599    3.14281918	 0.27916911  0.50059921 -0.27256531  0.40672725 -0.10801523  0.06000932  0.20568003 -0.00023777  0.07458980  0.94697219 -0.01287777  0.00144961	
0.00400000	0.11696591	0.00434199	  47.40518570  -18.54806900 -105.51750946    5.11974287    7.50709343   -2.07882166	 375.66052246  -76.43516541 -411.43713379   10.84406185   41.61990738    8.33123398	   7.79111743   61.54795221 -122.95984618    1.02633849    9.33014695    2.93203991	 -82.92879748 -115.51018800 -543.92572177  -14.81866962   53.33194086   -5.66395261	75.86551715	0	0.00000000	0.00000000	0.00000000	-0.10590348 -0.23087796 -0.36423101	 0.17344081 -1.03896397  1.22530313	 -13.29588462  -55.94229398  -55.32859079    2.13103821  -35.80844166    5.86152858   47.72194267   -6.78628793  -64.61483279 -138.70371086    4.28200696    7.98737461	 0.28074911  0.50059921 -0.27520376  0.41100705 -0.10684174  0.05828359  0.20896299 -0.00002301  0.08052631  0.94501632 -0.00881272  0.00003068	
0.00399200	0.12401008	0.00433599	 51.24636078 -17.22253799 -93.21509552   5.26122332   6.46994305  -3.70036912	 512.00653076  -92.15224457 -564.68823242   19.38357735   60.96744537    8.30727577	  14.60013207   60.73699253 -114.53729073    0.67029966    9.56489076    1.54631990	 -95.63601964 -153.43985487 -658.49791208  -17.35484914   67.79496897   -9.86053135	75.09145348	0	0.00000000	0.00000000	0.00000000	-0.10145321 -0.22613329 -0.37749343	 0.20354389 -0.98524763  1.19260308	 -14.55920386  -53.78402800  -57.93445269   -2.43923523  -36.32217063    4.35565984   52.85037002   -4.47043935  -75.87437432 -142.85825191    3.63526157   11.93344787	 0.28246716  0.50061452 -0.27814135  0.41529453 -0.10618213  0.05674194  0.21144485  0.00029146  0.08656251  0.94304520 -0.00519252 -0.00134223	
0.00398400	0.13104312	0.00427502	  48.64072800  -36.99114990 -107.25484467    3.71353316    7.69605637   -1.74155283	 599.02215576  -72.17990875 -685.40960693   28.30186272   80.29911041    9.78863811	  20.07452518   53.62654777 -124.10586149    0.84595649    9.11172019    2.97457117	-154.73750501 -172.62725887 -809.27654164  -25.21777775   87.65011601  -16.45945517	75.70446027	0	0.00000000	0.00000000	0.00000000	-0.11183140 -0.19447436 -0.37678525	 0.20354389 -0.98524763  1.19260308	 -18.55580445  -52.12718533  -61.17613869   -6.12064784  -35.22725820    2.06135617   58.47673444   -4.61516692  -85.60274068 -144.47583123    5.36214782   16.19729969	 0.28433096  0.50063753 -0.28132436  0.41962802 -0.10603640  0.05539203  0.21314916  0.00091272  0.09270611  0.94148821 -0.00159534 -0.00268447	
0.00401600	0.13802619	0.00413170	  53.57783890  -50.95165253 -113.32573700    2.19072223    5.59687901   -0.11709405	 730.25134277  -79.75588989 -890.47711182   38.83365631  110.70744324    9.38864613	  29.65870433   48.92592016 -134.51009146    1.47896517    7.76614260    3.92780852	-223.05348412 -216.12657728 -998.59969837  -36.54856790  114.38008982  -23.47823977	79.70254051	0	0.00000000	0.00000000	0.00000000	-0.12671030 -0.16388598 -0.37316995	 0.06421062 -0.77335112  0.65506945	 -20.67322513  -50.23443617  -62.95787452   -8.74356198  -34.04247193   -0.07837402   65.00330198   -5.21624985  -95.97930476 -146.29468941    7.37366929   21.99188048	 0.28611803  0.50066823 -0.28479880  0.42399988 -0.10641222  0.05425689  0.21439795  0.00206320  0.09889572  0.94062912  0.00147262 -0.00417243	
0.00397600	0.14482775	0.00404892	 45.99861526 -27.61286545 -57.26787186   2.37132645   1.69962132  -1.07147789	 790.96990967  -93.84970856 -993.57733154   45.01322937  127.95263672    8.52352524	  32.89048688   42.19064854 -119.54675714    1.55635249    6.06285695    3.29323265	 -286.81791338  -255.61475759 -1131.35718444   -46.08011700   133.75595180   -30.15960104	79.72028271	0	0.00000000	0.00000000	0.00000000	-0.13896135 -0.17112343 -0.35346109	 0.20577859 -0.69379603  0.78588135	 -30.47067316  -49.65669866  -70.18529870  -13.08349204  -31.68936423   -1.62472640   58.08643332   -4.27342333 -104.09281002 -149.26963058   12.06675320   29.03377158	 0.28760600  0.50064522 -0.28866443  0.42841774 -0.10721757  0.05336718  0.21549751  0.00389631  0.10507766  0.94055247  0.00373524 -0.00590582	
0.00400800	0.15155508	0.00398077	 24.17915344  -3.33172870 -46.34640884   2.44053078   2.42428803  -1.06246769	  875.01312256  -114.37773132 -1004.51916504    44.13018799   137.02288818     0.59209740	 23.23481191  35.80670412 -83.95849140   0.91869006   4.67837629   1.51131245	 -305.34031003  -278.53464328 -1230.60639097   -56.79473234   148.21079987   -35.65367846	81.23193931	0	0.00000000	0.00000000	0.00000000	-0.14831370 -0.17002956 -0.32224061	 0.26150377 -0.71331296  0.94058839	 -28.96641613  -46.66072905  -69.34748826  -13.30609142  -30.09764841   -3.68188896   64.21263335   -7.98173731 -113.64642748 -150.29469483   19.73120810   36.93223685	 0.28887922  0.50051481 -0.29294425  0.43277425 -0.10831436  0.05266155  0.21664418  0.00645806  0.11095281  0.94092828  0.00495476 -0.00791534	
0.00399200	0.15819778	0.00395541	 23.29073906   1.67042708 -35.10557556   2.41452885   2.51138401  -0.66171080	  909.26080322  -161.99703979 -1088.21093750    40.74142838   138.07388306    -2.02858019	  9.56273456  33.40063528 -61.07439831   0.12377852   3.85883864   1.04811408	 -301.36980682  -326.06357075 -1323.13005259   -65.67906390   154.34884920   -37.45537191	81.76305497	0	0.00000000	0.00000000	0.00000000	-0.14675246 -0.16233397 -0.30527205	 0.15649490 -0.73448455  0.96471894	 -29.83188120  -43.24589123  -71.05543964  -14.93735893  -27.60049339   -5.16413435   66.03018731  -13.93935260 -121.89853643 -151.34917097   29.39575612   43.94590169	 0.29005268  0.50041509 -0.29759222  0.43697736 -0.10973329  0.05200194  0.21768877  0.00979447  0.11626805  0.94130409  0.00510815 -0.01001689	
0.00398400	0.16480786	0.00399504	 44.15831375 -12.27315140 -31.49272728   1.19957113  -1.84578192   0.32416344	  955.59808350  -193.60304260 -1052.74401855    41.41998291   136.76895142    -2.98959708	 21.08548485  32.44334695 -56.38624989   0.89215861   1.99178293   1.15187165	 -274.80280298  -342.61198686 -1379.72602186   -70.91708318   156.69271835   -39.33919210	80.74909884	0	0.00000000	0.00000000	0.00000000	-0.13179242 -0.15554444 -0.30388477	 0.18181235 -0.78640793  1.15323633	 -29.08714338  -38.26582330  -71.40673942  -14.01625672  -26.11212955   -6.58096233   69.43151527  -20.96677285 -127.70109533 -150.33229199   40.02127387   48.63061792	 0.29117250  0.50025403 -0.30236289  0.44111910 -0.11143601  0.05129631  0.21850558  0.01379048  0.12085465  0.94167227  0.00434116 -0.01192670	
0.00400800	0.17147529	0.00411760	 32.11339951 -14.66880608 -23.97694206   0.48297915  -0.99415421  -0.60916179	  907.51983643  -150.71324158 -1035.70812988    42.42658997   120.62386322     4.43207359	 27.76013753  29.75307944 -51.10644643   1.13956862   1.17929865   0.73488807	 -267.33377052  -343.29524548 -1370.53754668   -65.72947985   154.50436196   -37.95390095	79.43224252	0	0.00000000	0.00000000	0.00000000	-0.11325678 -0.17708436 -0.27830862	 0.18009690 -0.80430729  1.30003108	 -27.23432035  -34.36609665  -70.63873287  -13.47620548  -24.34908501   -7.75696786   74.92290494  -28.58364101 -132.10884395 -152.97631771   47.06319466   50.52569586	 0.29227698  0.50020802 -0.30705687  0.44525316 -0.11334582  0.05056000  0.21894540  0.01831573  0.12461291  0.94216311  0.00304495 -0.01340699	
0.00398400	0.17826563	0.00426167	 24.26925278 -23.35965538 -30.56086540  -0.15724957  -1.38677955   0.02611462	 886.01641846 -117.22193146 -948.12817383   40.94054413  103.60334778   14.73966599	 23.51066427  19.14551145 -56.44752623   1.36269255   0.33940642   0.49650061	 -249.30156337  -281.57481167 -1309.13171478   -52.40251507   141.95171956   -30.78550942	80.13098043	0	0.00000000	0.00000000	0.00000000	-0.09667151 -0.18987494 -0.25541009	-0.03377339 -0.72075857  1.43979406	 -26.03781205  -30.80638946  -65.14143190  -12.19968329  -21.35683528   -8.82325158   83.02982439  -36.81757761 -134.40897619 -155.20797695   50.26804340   50.58963388	 0.29352716  0.50035375 -0.31144404  0.44921085 -0.11540135  0.04982369  0.21903180  0.02326281  0.12761950  0.94283807  0.00154932 -0.01434272	
0.00400800	0.18522944	0.00446749	   6.31356192 -110.93764496 -151.40611267    1.42445517  -11.53654575    9.04999542	 792.95013428  -61.30882263 -752.36248779   35.87878799   75.79152679   28.41430092	  21.59376336    4.44382285 -131.16099854   10.51156314   -5.00530409    1.40093139	 -205.99805769  -199.75514001 -1187.07103717   -35.91345608   126.61047687   -20.06832463	79.23408558	0	0.00000000	0.00000000	0.00000000	-0.07951710 -0.19832317 -0.23618563	-0.13999984 -0.74579725  1.56779820	 -25.30555505  -26.56492986  -61.42168967  -10.77076999  -18.85618327   -9.52132991   90.84600013  -43.72860998 -138.71679250 -161.78997807   47.28193305   49.08577895	 0.29496911  0.50053781 -0.31527135  0.45352900 -0.11760261  0.04912572  0.21887471  0.02860107  0.13005087  0.94372779  0.00016874 -0.01477223	
0.00398400	0.19240864	0.00465248	  22.86743736  -96.19885254 -159.20129395    3.50326943  -15.35259151   11.93948650	 793.70184326  -72.47078705 -690.80291748   32.09346771   63.98391342   30.94785309	  21.59170134   10.22755272 -190.20686006   18.75935307   -9.81598354    2.23493326	 -163.05437241  -143.57071574 -1110.63290144   -24.75780964   115.48580610   -13.05426211	78.58890355	0	0.00000000	0.00000000	0.00000000	-0.06741643 -0.20225706 -0.21205192	-0.06372492 -0.73639333  1.64935880	 -24.69921490  -21.81585311  -56.59051214   -9.71818964  -16.80747624   -9.93348089   99.07969727  -51.60935553 -142.34897443 -168.43629089   40.40632222   47.37643386	 0.29660279  0.50058383 -0.31918299  0.45790851 -0.11983456  0.04855048  0.21871763  0.03410805  0.13206805  0.94488597 -0.00084369 -0.01476456	
0.00399200	0.19979790	0.00483345	  28.63187408  -77.85353851 -161.19886780    4.19866037  -15.23081493   13.25030422	 739.46832275  -83.85317993 -646.68432617   28.47213364   57.86337662   27.64566803	  18.98277697   30.50141967 -197.32582201   21.51844323  -11.66751277    3.42364822	 -125.05231285  -121.96861080 -1035.23175189   -19.65092800   103.72694202    -9.44307081	76.33836654	0	0.00000000	0.00000000	0.00000000	-0.07460729 -0.18062751 -0.18437690	-0.01049744 -0.69317714  1.56273183	 -25.39927782  -17.25938948  -52.90695864  -10.99586221  -12.81846421  -10.08463701  104.00897416  -57.90011099 -148.52825653 -177.67975897   28.07657279   43.41483659	 0.29820579  0.50051481 -0.32310230  0.46238774 -0.12200513  0.04800592  0.21866266  0.03966874  0.13361737  0.94628185 -0.00138058 -0.01437340	
0.00400000	0.20739272	0.00495017	  22.08878326  -89.79614258 -176.55780029    4.54057741  -15.85899258   14.98414898	 693.15582275 -116.49184418 -601.82037354   24.16365242   54.42047119   17.05551338	  14.07247493   37.44436213 -206.47658714   23.13592968  -12.40752188    4.32694845	 -92.57502386 -125.50459469 -983.72510284  -20.56180914   95.24523143   -9.86690283	73.97857747	0	0.00000000	0.00000000	0.00000000	-0.09199188 -0.14322457 -0.15350930	-0.08584063 -0.59304991  1.34016952	 -27.67879086  -11.24704146  -50.59457161  -12.49302421   -8.62999080   -9.53345703  105.95664801  -63.01513281 -154.94184136 -189.41426206   13.29011558   38.94426543	 0.29950202  0.50041509 -0.32711366  0.46703568 -0.12406067  0.04738466  0.21875690  0.04516039  0.13492125  0.94783884 -0.00149563 -0.01361408	
0.00400000	0.21511728	0.00509953	  13.64713669 -103.75747681 -165.15275574    4.13051653  -16.52286911   12.81040668	 656.00573730 -130.31828308 -572.96038818   22.02457809   53.79263306   10.46950054	  15.55650868   27.57812558 -214.70229091   24.84996299  -13.17102705    3.95246441	 -79.86036161 -136.78201927 -925.47664784  -23.19316138   87.71814667  -11.63743595	73.84471181	0	0.00000000	0.00000000	0.00000000	-0.10873172 -0.10779169 -0.13203327	-0.08584063 -0.59304991  1.34016952	 -32.22577651   -4.99529663  -48.29342196  -15.39360429   -4.32222491   -8.55291204  101.80633864  -64.07335839 -160.72640851 -200.90124118   -0.08296111   32.46927327	 0.30036104  0.50040746 -0.33128610  0.47181404 -0.12593213  0.04665602  0.21889828  0.05032223  0.13581863  0.94935751 -0.00134990 -0.01241757	
0.00398400	0.22299895	0.00523029	   3.00979638  -73.65573120 -125.06581879    2.76363349  -10.78931999    8.68192577	 673.52362061 -148.24990845 -571.35363770   21.16251755   53.57284164    6.32828331	  13.96520072   17.82358123 -192.51620095   21.64021564  -11.11569314    2.96730899	 -62.52974844 -143.64618486 -907.14831847  -27.47380075   83.79976606  -13.83366553	74.84466503	0	0.00000000	0.00000000	0.00000000	-0.11998757 -0.09293298 -0.10813524	-0.10463615 -0.45256362  1.17136066	 -32.06947342    1.51420961  -43.38582635  -17.84927402   -2.84712010   -7.59739875  103.86514230  -67.06519476 -164.90044519 -211.39481779  -14.19080701   24.53914791	 0.30080590  0.50056082 -0.33567327  0.47653869 -0.12761183  0.04595039  0.21914960  0.05470174  0.13627115  0.95065373 -0.00111981 -0.01074553	
0.00400000	0.23103483	0.00533472	  2.17140174 -38.57950974 -76.77175903   1.72239602  -5.66105127   4.44027901	 686.70562744 -152.74328613 -577.09167480   20.78529549   51.82894516    5.98220778	   5.29599577   13.61234034 -149.32502920   15.17189067   -7.56524936    1.79168084	 -54.29631314 -146.17026959 -907.13892134  -29.09957042   81.78258816  -14.54131762	75.32997233	0	0.00000000	0.00000000	0.00000000	-0.12768610 -0.09971148 -0.08412800	-0.05296217 -0.30662788  1.16634806	 -34.49731828    7.65482447  -40.15874473  -21.55138088    0.35341683   -6.67668520   98.49962284  -66.14560425 -170.64257950 -223.39675375  -26.74313255   16.61086053	 0.30082124  0.50082928 -0.34033659  0.48106393 -0.12909213  0.04524475  0.21962084  0.05898155  0.13625582  0.95162010 -0.00100476 -0.00883573	
0.00400000	0.23918678	0.00542856	 -0.85633397 -25.97359276 -55.09999466   1.20105720  -3.72461653   2.62499690	 749.30718994 -161.97798157 -602.56781006   21.55916977   51.22038269    8.18856144	   1.72077527    9.74129332 -106.51263981    9.67027451   -4.88398831    0.97063899	 -47.44481005 -142.11120440 -944.71768812  -29.39539806   82.81895225  -14.40943652	76.47639508	0	0.00000000	0.00000000	0.00000000	-0.14317817 -0.10903228 -0.07099317	-0.03576238 -0.28283098  1.18941011	 -33.17127473   15.10193413  -33.50178661  -23.90625449    2.46141401   -5.79097942   98.55965084  -65.02007639 -172.74790819 -231.89971249  -37.82731324    8.28913993	 0.30044541  0.50112075 -0.34526831  0.48540512 -0.13041902  0.04456213  0.22039053  0.06282417  0.13604106  0.95226437 -0.00110447 -0.00658078	
0.00398400	0.24743414	0.00550377	-10.16045952 -19.10918045 -46.99057388   1.02201736  -2.40183401   1.69108355	 782.09875488 -171.21885681 -622.78314209   21.82507324   51.83206558   11.75998592	 -5.81833909   5.32870833 -82.51215687   6.40557675  -3.21134107   0.01983738	 -38.15013912 -139.81122070 -999.47786528  -28.63450702   86.76383259  -13.08228832	77.48700691	0	0.00000000	0.00000000	0.00000000	-0.15870281 -0.10819821 -0.05794640	 0.00063244 -0.22055501  1.17710878	 -32.35606396   21.09731827  -29.70378034  -27.79072040    4.08221694   -3.97829223   96.61783769  -62.89133475 -175.94132525 -238.96456914  -44.68265518    0.45669645	 0.29976279  0.50122809 -0.35048386  0.48947015 -0.13163087  0.04390252  0.22132516  0.06628329  0.13603339  0.95256352 -0.00157233 -0.00422612	
0.00400000	0.25577399	0.00551584	-12.05904388  -9.86481762 -25.06955528   0.99388510  -1.43680763   0.99904746	 809.49291992 -164.27388000 -626.09484863   22.78027916   49.85251236   17.06490135	 -9.98114719   0.33410619 -64.90776803   4.57685706  -2.32440773  -0.03853641	  -33.89909198  -130.11334001 -1049.18244053   -26.77716155    90.90456937   -11.22133949	78.89581262	0	0.00000000	0.00000000	0.00000000	-0.17197354 -0.10244640 -0.04439302	 0.06804516 -0.13463856  1.21250372	 -30.51941012   27.99220536  -23.53163488  -30.04395900    6.24759702   -3.45215459   96.01539065  -58.75857675 -177.32459924 -242.30891131  -49.37323260   -5.73119581	 0.29875803  0.50111306 -0.35601386  0.49316704 -0.13271232  0.04328126  0.22214197  0.06942796  0.13606407  0.95258653 -0.00226262 -0.00198650	
0.00398400	0.26411834	0.00546153	-12.85601044  -5.15786743 -19.92595482   0.87364310  -0.30030710  -0.28920618	 819.02673340 -166.52590942 -635.38012695   22.73325729   49.05139923   19.26016617	-10.22850151  -1.69728487 -48.95698124   3.03261342  -1.49043338  -0.52830660	  -33.91720064  -121.65196646 -1054.35932138   -23.95799013    91.49433337    -9.10426919	79.61941431	0	0.00000000	0.00000000	0.00000000	-0.17701930 -0.10440584 -0.02521661	 0.08440638 -0.10131186  1.25445159	 -29.82114179   32.14657670  -19.99390025  -31.71915280    7.76670257   -3.18658055   97.23661646  -52.08925726 -179.47333587 -244.51132445  -50.05102498  -10.08702602	 0.29750785  0.50087529 -0.36178929  0.49643442 -0.13360202  0.04272903  0.22257394  0.07241154  0.13605639  0.95254821 -0.00325204 -0.00004602	
0.00400000	0.27241123	0.00540708	 -6.25852585   0.61877906 -12.15525532   0.51996160  -0.36812031  -0.98593372	 833.81878662 -172.98760986 -640.26934814   23.24852943   50.11231232   16.94440460	 -9.40959507   0.73789552 -38.80370938   1.47157573  -0.63866780  -1.04039591	  -28.78306530  -117.51368852 -1074.14035927   -24.95021611    92.63653249    -9.10071892	81.33416714	0	0.00000000	0.00000000	0.00000000	-0.17859526 -0.09738626 -0.00789889	 0.07175206 -0.01519855  1.25441298	 -27.35568176   35.30398340  -15.23728509  -33.20149019    8.69865901   -3.82724215  101.15369597  -46.88939601 -180.45058402 -244.86980577  -50.46766635  -12.16176517	 0.29618096  0.50072193 -0.36774880  0.49922627 -0.13442270  0.04223815  0.22253467  0.07536446  0.13605639  0.95254821 -0.00456359  0.00144194	
0.00399200	0.28063917	0.00538915	-10.39017773  -3.46390629 -21.12350082   0.10485868   0.71614641  -1.04108286	 798.47601318 -189.80361938 -635.70324707   21.25038910   52.58306503   10.27432251	-10.10930175   1.93326102 -39.35400422   0.66804953  -0.25609453  -1.18922787	  -27.41253345  -128.39807038 -1062.14100983   -27.91767071    91.10481635   -10.34824233	83.05969450	0	0.00000000	0.00000000	0.00000000	-0.17819176 -0.08284063  0.01036897	0.12897651 0.04528785 1.20652424	 -26.39838641   38.22503062  -11.66158351  -35.05896368   10.59655440   -4.65012553  103.59055659  -41.35113202 -182.58113517 -244.83963269  -50.43352969  -11.95351225	 0.29473901  0.50067586 -0.37368530  0.50147355 -0.13505931  0.04180097  0.22230691  0.07846310  0.13605639  0.95254821 -0.00619728  0.00238534	
0.00400800	0.28885606	0.00533830	 -5.46195745  -0.35896719 -20.13833427   0.25288400   0.39199799  -0.53540844	 765.16918945 -201.13575745 -623.21765137   20.01454163   52.66767883    4.81858492	 -7.93876234  -0.58634507 -39.94608596   0.51483995  -0.22809724  -0.78418794	  -23.45059092  -140.64156347 -1046.24187615   -31.22641374    89.01507365   -12.19187779	84.96530606	0	0.00000000	0.00000000	0.00000000	-0.17730184 -0.06197351  0.03026424	0.16181707 0.05648232 1.18352741	 -24.92824891   42.07233033   -8.58629697  -36.01701649   11.36125091   -5.73628432  103.04559766  -38.02776615 -182.91568113 -244.43217506  -50.18883750  -10.74197456	 0.29323572  0.50067586 -0.37942240  0.50322229 -0.13555786  0.04144815  0.22223622  0.08172281  0.13605639  0.95254052 -0.00819146  0.00281485	
0.00398400	0.29700309	0.00532030	  3.13053417   7.80074024 -22.75106812   0.83548713  -1.16934359  -0.01472791	 725.93566895 -201.93284607 -596.84918213   18.69902802   51.75469971    1.92351258	 -8.46063148  11.08482739 -38.19754475   0.79394885  -0.68706607  -0.90438264	 -21.42866303 -147.00191372 -998.09887276  -33.94394374   83.89908673  -13.65595824	87.00587702	0	0.00000000	0.00000000	0.00000000	-0.18272880 -0.04619213  0.05162598	0.22484674 0.20145317 1.14089133	 -23.19470883   46.14397884   -7.52756640  -36.54685710   12.33463985   -6.68298990  100.69956719  -35.92542714 -183.51119970 -244.32787297  -50.31356654   -9.25321534	 0.29163268  0.50062984 -0.38499841  0.50459522 -0.13587999  0.04111835  0.22235402  0.08524329  0.13604873  0.95254052 -0.01058447  0.00288388	
0.00400000	0.30513903	0.00531422	 -3.71029282  -3.67596316 -44.55791855   1.44777524  -2.01044416   1.56334484	 656.22247314 -194.03216553 -542.50811768   16.27013779   47.33160782    1.79382932	 -9.98182376  17.00689816 -45.38094369   2.01872086  -1.30200690  -0.84603181	 -15.95597341 -146.36459076 -940.45219376  -33.39774330   78.89710295  -13.30329853	89.32580685	0	0.00000000	0.00000000	0.00000000	-0.19354924 -0.03804358  0.07285005	0.18926209 0.25956847 1.12664620	 -21.44923135   51.23203328   -6.97490205  -37.22767508   12.79367945   -7.01317630   96.74022073  -35.58170101 -184.03550870 -242.12361484  -48.81901469   -6.94960657	 0.28990698  0.50049949 -0.39037502  0.50554627 -0.13598737  0.04075019  0.22247183  0.08908591  0.13603339  0.95252520 -0.01336864  0.00267680	
0.00398400	0.31325930	0.00529044	-10.17150211 -28.31298828 -69.33201599   1.87592304  -5.18194151   4.07701731	 586.88574219 -169.29411316 -476.90899658   14.61562157   40.82037354    3.52015233	-12.44023339  11.56772535 -74.84532582   5.62784005  -3.01117381  -0.10671013	 -13.20976251 -132.02205044 -858.31156801  -30.37463252   71.76931222  -11.59746002	91.47779676	0	0.00000000	0.00000000	0.00000000	-0.19869471 -0.03033343  0.08377044	0.16430065 0.31872386 1.06807457	 -17.96868912   55.57434142   -6.82470353  -37.63375098   13.57505001   -7.28891877   94.38257355  -36.05061710 -185.28140908 -240.22639842  -46.20606719   -4.89622038	 0.28808922  0.50033844 -0.39559054  0.50608319 -0.13588765  0.04029767  0.22250326  0.09322000  0.13598737  0.95248681 -0.01656699  0.00228563	
0.00400000	0.32136205	0.00521573	 -4.53846169 -38.88226700 -83.48623657   2.14593577  -7.22259998   5.79804850	 541.08685303 -143.30787659 -430.95797729   13.36637402   34.55577469    6.88580894	 -6.68174131  10.24902086 -98.88853548   9.53452136  -5.16038233   0.60967267	  -9.79802409 -104.89451814 -773.56883170  -24.64980860   64.33815780   -8.42915395	93.60262225	0	0.00000000	0.00000000	0.00000000	-0.20314498 -0.02451379  0.09542188	0.16430065 0.31872386 1.06807457	 -15.67294689   59.23248941   -5.96189282  -38.71874750   13.30492175   -7.17089877   91.60558636  -38.05396575 -185.62375722 -236.80803203  -41.78903871   -2.62310645	 0.28620240  0.50019270 -0.40063736  0.50621355 -0.13557319  0.03979912  0.22246398  0.09756116  0.13583396  0.95244080 -0.02011815  0.00178709	
0.00400000	0.32938176	0.00504935	  -2.22030210  -35.69907379 -103.07180023    2.98672223   -7.64097691    7.72786999	 484.76760864 -107.48255157 -366.88354492   12.17839909   26.71098709    9.26983738	  -6.05702629   15.75737486 -116.73566094   11.82313796   -6.57624749    1.90011541	 -10.21040637  -72.61808958 -687.86528312  -18.86064455   56.17032519   -5.30624663	95.37891023	0	0.00000000	0.00000000	0.00000000	-0.20734157 -0.01853252  0.10637670	0.17571971 0.34737741 1.05711951	 -13.02353141   61.75143577   -5.36302183  -38.28717563   13.55601774   -6.80735529   90.46679773  -41.03792560 -185.79661415 -234.46850570  -37.65777375   -0.51768781	 0.28421590  0.50015432 -0.40547705  0.50588375 -0.13506699  0.03928524  0.22247183  0.10205572  0.13543513  0.95233345 -0.02397612  0.00121184	
0.00399200	0.33721209	0.00484806	   3.05188012  -45.63693619 -121.46813202    3.56138730  -10.21188831    8.90129471	 448.91204834  -96.11436462 -345.16043091   11.88291550   25.18112755   10.73517609	  -6.99872886   24.15399898 -133.57628725   13.98039578   -7.60344566    2.20803661	 -10.70186791  -52.57286477 -630.60192677  -15.44661601   51.30967426   -3.27594452	97.28808044	0	0.00000000	0.00000000	0.00000000	-0.20975405 -0.01477107  0.11119629	0.17793936 0.50787870 1.00094595	 -11.46021744   63.29319218   -3.39493726  -37.33823917   12.68015526   -5.85025820   88.16710512  -45.11778587 -183.00754195 -229.68337666  -31.94460478    1.89692044	 0.28206065  0.50023103 -0.41012502  0.50527018 -0.13436136  0.03871767  0.22255038  0.10672669  0.13458377  0.95211869 -0.02805650  0.00058291	
0.00399200	0.34481871	0.00462868	   7.82152033  -65.13587952 -140.59869385    4.04389858  -13.58502007    9.81953144	 432.46597290  -93.73104858 -344.75912476   12.19401836   26.82896423    8.69385147	  -0.02315029   28.22998455 -155.84877080   17.38259480   -9.13617654    2.15736489	 -14.18389003  -46.62151825 -596.14980319  -14.75704040   49.09115769   -2.73474597	98.72905412	0	0.00000000	0.00000000	0.00000000	-0.21670941 -0.01708743  0.10925992	0.14471669 0.55189660 0.93264857	 -11.59401508   63.62081865   -1.86893602  -35.63322912   11.96029647   -4.20344910   84.26371202  -48.80000966 -179.75639690 -224.99966068  -26.94333846    4.34294406	 0.27972901  0.50040746 -0.41465026  0.50442648 -0.13340262  0.03808106  0.22275458  0.11138999  0.13316484  0.95171219 -0.03233631 -0.00010738	
